_time,_value
2026-01-01T00:01:24.469Z,10.78
2026-01-01T00:06:24.458Z,10.89
2026-01-01T00:11:24.603Z,10.89
2026-01-01T00:16:24.393Z,10.92
2026-01-01T00:21:24.476Z,11.01
2026-01-01T00:26:24.364Z,10.96
2026-01-01T00:31:24.622Z,10.86
2026-01-01T00:36:24.404Z,10.78
2026-01-01T00:41:24.336Z,10.7
2026-01-01T00:46:24.598Z,10.63
2026-01-01T00:51:24.428Z,10.52
2026-01-01T00:56:24.404Z,10.32
2026-01-01T01:01:24.64Z,10.12
2026-01-01T01:06:24.637Z,10.06
2026-01-01T01:11:24.362Z,10.12
2026-01-01T01:16:24.404Z,10.21
2026-01-01T01:21:24.483Z,10.24
2026-01-01T01:26:24.599Z,10.21
2026-01-01T01:31:24.441Z,10.26
2026-01-01T01:36:24.399Z,10.26
2026-01-01T01:41:24.337Z,10.35
2026-01-01T01:46:24.608Z,10.24
2026-01-01T01:51:24.453Z,10.12
2026-01-01T01:56:24.34Z,10.06
2026-01-01T02:01:24.601Z,9.91
2026-01-01T02:06:24.348Z,9.77
2026-01-01T02:11:24.421Z,9.6
2026-01-01T02:16:24.608Z,9.4
2026-01-01T02:21:24.733Z,9.31
2026-01-01T02:26:24.367Z,9.28
2026-01-01T02:31:24.608Z,9.17
2026-01-01T02:36:24.508Z,9.08
2026-01-01T02:41:24.584Z,9.05
2026-01-01T02:46:24.449Z,9.03
2026-01-01T02:51:24.416Z,8.88
2026-01-01T02:56:24.446Z,8.71
2026-01-01T03:01:24.608Z,8.65
2026-01-01T03:06:24.525Z,8.56
2026-01-01T03:11:24.492Z,8.51
2026-01-01T03:16:24.522Z,8.56
2026-01-01T03:21:24.338Z,8.59
2026-01-01T03:26:24.392Z,8.62
2026-01-01T03:31:24.367Z,8.71
2026-01-01T03:36:24.473Z,8.77
2026-01-01T03:41:24.501Z,8.85
2026-01-01T03:46:24.569Z,8.94
2026-01-01T03:51:24.369Z,9.14
2026-01-01T03:56:24.527Z,9.14
2026-01-01T04:01:24.407Z,9.19
2026-01-01T04:06:24.32Z,9.23
2026-01-01T04:11:24.32Z,9.26
2026-01-01T04:16:24.443Z,9.19
2026-01-01T04:21:24.507Z,9.11
2026-01-01T04:26:24.328Z,9.14
2026-01-01T04:31:24.541Z,9.05
2026-01-01T04:36:24.329Z,9.03
2026-01-01T04:41:24.481Z,9.05
2026-01-01T04:46:24.418Z,9.05
2026-01-01T04:51:24.405Z,9.11
2026-01-01T04:56:24.572Z,9.19
2026-01-01T05:01:24.37Z,9.23
2026-01-01T05:06:24.361Z,9.19
2026-01-01T05:11:24.584Z,9.23
2026-01-01T05:16:24.522Z,9.31
2026-01-01T05:21:24.464Z,9.28
2026-01-01T05:26:24.353Z,9.28
2026-01-01T05:31:24.471Z,9.17
2026-01-01T05:36:24.326Z,8.97
2026-01-01T05:41:24.329Z,8.82
2026-01-01T05:46:24.533Z,8.74
2026-01-01T05:51:24.349Z,8.45
2026-01-01T05:56:24.416Z,8.33
2026-01-01T06:01:24.529Z,8.16
2026-01-01T06:06:24.395Z,7.96
2026-01-01T06:11:24.376Z,7.93
2026-01-01T06:16:24.587Z,7.87
2026-01-01T06:21:24.361Z,7.76
2026-01-01T06:26:24.429Z,8.02
2026-01-01T06:31:24.332Z,8.22
2026-01-01T06:36:24.35Z,8.45
2026-01-01T06:41:24.576Z,8.51
2026-01-01T06:46:24.442Z,8.56
2026-01-01T06:51:24.46Z,8.71
2026-01-01T06:56:24.321Z,8.59
2026-01-01T07:01:24.558Z,8.59
2026-01-01T07:06:24.672Z,8.65
2026-01-01T07:11:24.743Z,8.65
2026-01-01T07:16:24.39Z,8.68
2026-01-01T07:21:24.366Z,8.74
2026-01-01T07:26:24.434Z,8.79
2026-01-01T07:31:24.295Z,8.85
2026-01-01T07:36:24.313Z,8.85
2026-01-01T07:41:24.568Z,8.91
2026-01-01T07:46:24.403Z,9.05
2026-01-01T07:51:24.426Z,9.17
2026-01-01T07:56:24.414Z,9.28
2026-01-01T08:01:24.422Z,9.31
2026-01-01T08:06:24.3Z,9.42
2026-01-01T08:11:24.293Z,9.57
2026-01-01T08:16:24.385Z,9.6
2026-01-01T08:21:24.5Z,9.68
2026-01-01T08:26:24.29Z,9.77
2026-01-01T08:31:24.431Z,9.86
2026-01-01T08:36:24.426Z,9.83
2026-01-01T08:41:24.29Z,9.83
2026-01-01T08:46:24.434Z,9.89
2026-01-01T08:51:24.488Z,10.03
2026-01-01T08:56:24.351Z,10.06
2026-01-01T09:01:24.501Z,10.17
2026-01-01T09:06:24.392Z,10.24
2026-01-01T09:11:24.483Z,10.43
2026-01-01T09:16:24.497Z,10.55
2026-01-01T09:21:24.366Z,10.58
2026-01-01T09:26:24.296Z,10.58
2026-01-01T09:31:24.512Z,10.61
2026-01-01T09:36:24.296Z,10.72
2026-01-01T09:41:24.351Z,10.84
2026-01-01T09:46:24.337Z,11.04
2026-01-01T09:51:24.57Z,11.35
2026-01-01T09:56:24.502Z,11.24
2026-01-01T10:01:24.298Z,11.24
2026-01-01T10:06:24.487Z,11.19
2026-01-01T10:11:24.379Z,11.33
2026-01-01T10:16:24.563Z,11.33
2026-01-01T10:21:24.321Z,11.56
2026-01-01T10:26:24.543Z,11.56
2026-01-01T10:31:24.408Z,11.87
2026-01-01T10:36:24.475Z,12.22
2026-01-01T10:41:24.425Z,12.65
2026-01-01T10:46:24.478Z,13.0
2026-01-01T10:51:24.317Z,13.23
2026-01-01T10:56:24.273Z,13.43
2026-01-01T11:01:24.388Z,13.8
2026-01-01T11:06:24.55Z,14.09
2026-01-01T11:11:24.273Z,14.35
2026-01-01T11:16:24.326Z,14.52
2026-01-01T11:21:24.433Z,14.72
2026-01-01T11:26:24.281Z,14.72
2026-01-01T11:31:24.418Z,14.84
2026-01-01T11:36:24.329Z,15.04
2026-01-01T11:41:24.474Z,14.9
2026-01-01T11:46:24.295Z,14.95
2026-01-01T11:51:24.362Z,14.84
2026-01-01T11:56:24.413Z,14.52
2026-01-01T12:01:24.485Z,14.44
2026-01-01T12:06:24.329Z,14.26
2026-01-01T12:11:24.281Z,14.44
2026-01-01T12:16:24.296Z,14.81
2026-01-01T12:21:24.312Z,15.12
2026-01-01T12:26:24.268Z,15.24
2026-01-01T12:31:24.415Z,15.3
2026-01-01T12:36:24.347Z,15.53
2026-01-01T12:41:24.441Z,15.58
2026-01-01T12:46:24.386Z,15.42
2026-01-01T12:51:24.514Z,15.44
2026-01-01T12:56:24.508Z,15.5
2026-01-01T13:01:24.418Z,15.3
2026-01-01T13:06:24.458Z,15.24
2026-01-01T13:11:24.508Z,15.21
2026-01-01T13:16:24.276Z,15.27
2026-01-01T13:21:24.265Z,15.21
2026-01-01T13:26:24.698Z,15.19
2026-01-01T13:31:24.261Z,15.27
2026-01-01T13:36:24.508Z,15.33
2026-01-01T13:41:24.39Z,15.24
2026-01-01T13:46:24.314Z,15.33
2026-01-01T13:51:24.269Z,15.47
2026-01-01T13:56:24.492Z,15.56
2026-01-01T14:01:24.331Z,15.21
2026-01-01T14:06:24.272Z,15.3
2026-01-01T14:11:24.258Z,15.33
2026-01-01T14:16:24.387Z,15.27
2026-01-01T14:21:24.485Z,15.47
2026-01-01T14:26:24.329Z,15.58
2026-01-01T14:31:24.455Z,15.53
2026-01-01T14:36:24.479Z,15.47
2026-01-01T14:41:24.325Z,15.39
2026-01-01T14:46:24.447Z,15.39
2026-01-01T14:51:24.259Z,15.24
2026-01-01T14:56:24.337Z,15.16
2026-01-01T15:01:24.289Z,15.16
2026-01-01T15:06:24.452Z,15.04
2026-01-01T15:11:24.31Z,15.09
2026-01-01T15:16:24.342Z,15.07
2026-01-01T15:21:24.38Z,15.16
2026-01-01T15:26:24.286Z,15.09
2026-01-01T15:31:24.319Z,15.16
2026-01-01T15:36:24.347Z,15.07
2026-01-01T15:41:24.319Z,15.04
2026-01-01T15:46:24.356Z,15.04
2026-01-01T15:51:24.271Z,15.01
2026-01-01T15:56:24.316Z,14.98
2026-01-01T16:01:24.272Z,14.93
2026-01-01T16:06:24.284Z,14.84
2026-01-01T16:11:24.385Z,14.86
2026-01-01T16:16:24.479Z,14.95
2026-01-01T16:21:24.402Z,14.78
2026-01-01T16:26:24.369Z,14.75
2026-01-01T16:31:24.423Z,14.55
2026-01-01T16:36:24.455Z,14.49
2026-01-01T16:41:24.443Z,14.47
2026-01-01T16:46:24.322Z,14.35
2026-01-01T16:51:24.471Z,14.26
2026-01-01T16:56:24.385Z,14.03
2026-01-01T17:01:24.251Z,13.89
2026-01-01T17:06:24.324Z,13.74
2026-01-01T17:11:24.464Z,13.49
2026-01-01T17:16:24.483Z,13.31
2026-01-01T17:21:24.484Z,13.28
2026-01-01T17:26:24.398Z,13.23
2026-01-01T17:31:24.425Z,13.28
2026-01-01T17:36:24.348Z,13.31
2026-01-01T17:41:24.436Z,13.31
2026-01-01T17:46:24.481Z,13.37
2026-01-01T17:51:24.373Z,13.28
2026-01-01T17:56:24.493Z,13.17
2026-01-01T18:01:24.283Z,13.05
2026-01-01T18:06:24.424Z,12.94
2026-01-01T18:11:24.403Z,12.85
2026-01-01T18:16:24.348Z,12.82
2026-01-01T18:21:24.236Z,12.77
2026-01-01T18:26:24.482Z,12.77
2026-01-01T18:31:24.384Z,12.71
2026-01-01T18:36:24.41Z,12.56
2026-01-01T18:41:24.359Z,12.45
2026-01-01T18:46:24.418Z,12.33
2026-01-01T18:51:24.291Z,12.25
2026-01-01T18:56:24.507Z,12.22
2026-01-01T19:01:24.424Z,12.19
2026-01-01T19:06:24.244Z,12.13
2026-01-01T19:11:24.469Z,12.19
2026-01-01T19:16:24.291Z,12.19
2026-01-01T19:21:24.387Z,12.25
2026-01-01T19:26:24.338Z,12.22
2026-01-01T19:31:24.387Z,12.16
2026-01-01T19:36:24.315Z,12.13
2026-01-01T19:41:24.369Z,12.19
2026-01-01T19:46:24.409Z,11.99
2026-01-01T19:51:24.312Z,11.84
2026-01-01T19:56:24.256Z,11.67
2026-01-01T20:01:24.308Z,11.59
2026-01-01T20:06:24.32Z,11.53
2026-01-01T20:11:24.317Z,11.44
2026-01-01T20:16:24.263Z,11.33
2026-01-01T20:21:24.356Z,11.27
2026-01-01T20:26:24.406Z,11.24
2026-01-01T20:31:24.379Z,11.19
2026-01-01T20:36:24.254Z,11.12
2026-01-01T20:41:24.467Z,11.07
2026-01-01T20:46:24.432Z,11.1
2026-01-01T20:51:24.282Z,11.07
2026-01-01T20:56:24.261Z,11.04
2026-01-01T21:01:24.661Z,11.04
2026-01-01T21:06:24.366Z,10.98
2026-01-01T21:11:24.418Z,11.07
2026-01-01T21:16:24.344Z,11.07
2026-01-01T21:21:24.456Z,11.07
2026-01-01T21:26:24.281Z,11.07
2026-01-01T21:31:24.418Z,11.04
2026-01-01T21:36:24.229Z,11.1
2026-01-01T21:41:24.454Z,11.1
2026-01-01T21:46:24.246Z,11.01
2026-01-01T21:51:24.224Z,11.07
2026-01-01T21:56:24.299Z,11.07
2026-01-01T22:01:24.405Z,11.07
2026-01-01T22:06:24.352Z,11.12
2026-01-01T22:11:24.462Z,11.07
2026-01-01T22:16:24.355Z,11.1
2026-01-01T22:21:24.31Z,11.19
2026-01-01T22:26:24.334Z,11.27
2026-01-01T22:31:24.234Z,11.24
2026-01-01T22:36:24.374Z,11.24
2026-01-01T22:41:24.407Z,11.27
2026-01-01T22:46:24.281Z,11.24
2026-01-01T22:51:24.329Z,11.27
2026-01-01T22:56:24.286Z,11.33
2026-01-01T23:01:24.305Z,11.3
2026-01-01T23:06:24.43Z,11.3
2026-01-01T23:11:24.23Z,11.21
2026-01-01T23:16:24.413Z,11.19
2026-01-01T23:21:24.228Z,11.07
2026-01-01T23:26:24.314Z,11.04
2026-01-01T23:31:24.303Z,10.81
2026-01-01T23:36:24.444Z,10.66
2026-01-01T23:41:24.458Z,10.58
2026-01-01T23:46:24.245Z,10.38
2026-01-01T23:51:24.413Z,10.26
2026-01-01T23:56:24.455Z,10.12
2026-01-02T00:01:24.327Z,10.03
2026-01-02T00:06:24.256Z,9.89
2026-01-02T00:11:24.274Z,9.86
2026-01-02T00:16:24.27Z,9.77
2026-01-02T00:21:24.458Z,9.72
2026-01-02T00:26:24.368Z,9.72
2026-01-02T00:31:24.431Z,9.8
2026-01-02T00:36:24.425Z,9.98
2026-01-02T00:41:24.307Z,10.17
2026-01-02T00:46:24.262Z,10.21
2026-01-02T00:51:24.358Z,10.26
2026-01-02T00:56:24.335Z,10.24
2026-01-02T01:01:24.316Z,10.15
2026-01-02T01:06:24.595Z,10.17
2026-01-02T01:11:24.567Z,10.15
2026-01-02T01:16:24.324Z,10.06
2026-01-02T01:21:24.383Z,10.12
2026-01-02T01:26:24.434Z,10.09
2026-01-02T01:31:24.425Z,10.06
2026-01-02T01:36:24.215Z,9.94
2026-01-02T01:41:24.367Z,9.86
2026-01-02T01:46:24.46Z,9.8
2026-01-02T01:51:24.469Z,9.86
2026-01-02T01:56:24.337Z,9.91
2026-01-02T02:01:24.424Z,9.94
2026-01-02T02:06:24.301Z,10.0
2026-01-02T02:11:24.408Z,10.09
2026-01-02T02:16:24.218Z,10.09
2026-01-02T02:21:24.395Z,10.06
2026-01-02T02:26:24.285Z,9.91
2026-01-02T02:31:24.467Z,9.94
2026-01-02T02:36:24.389Z,9.91
2026-01-02T02:41:24.295Z,9.75
2026-01-02T02:46:24.346Z,9.68
2026-01-02T02:51:24.3Z,9.63
2026-01-02T02:56:24.279Z,9.49
2026-01-02T03:01:24.38Z,9.45
2026-01-02T03:06:24.236Z,9.4
2026-01-02T03:11:24.447Z,9.26
2026-01-02T03:16:24.223Z,9.23
2026-01-02T03:21:24.296Z,9.26
2026-01-02T03:26:24.413Z,9.11
2026-01-02T03:31:24.386Z,9.03
2026-01-02T03:36:24.226Z,8.97
2026-01-02T03:41:24.407Z,8.88
2026-01-02T03:46:24.402Z,8.74
2026-01-02T03:51:24.425Z,8.68
2026-01-02T03:56:24.254Z,8.59
2026-01-02T04:01:24.366Z,8.65
2026-01-02T04:06:24.286Z,8.65
2026-01-02T04:11:24.373Z,8.62
2026-01-02T04:16:24.409Z,8.68
2026-01-02T04:21:24.394Z,8.79
2026-01-02T04:26:24.219Z,8.77
2026-01-02T04:31:24.211Z,8.74
2026-01-02T04:36:24.28Z,8.68
2026-01-02T04:41:24.482Z,8.62
2026-01-02T04:46:24.417Z,8.68
2026-01-02T04:51:24.458Z,8.71
2026-01-02T04:56:24.23Z,8.68
2026-01-02T05:01:24.341Z,8.71
2026-01-02T05:06:24.326Z,8.71
2026-01-02T05:11:24.387Z,8.88
2026-01-02T05:16:24.246Z,8.82
2026-01-02T05:21:24.235Z,8.94
2026-01-02T05:26:24.232Z,8.97
2026-01-02T05:31:24.413Z,8.97
2026-01-02T05:36:24.402Z,8.94
2026-01-02T05:41:24.358Z,9.0
2026-01-02T05:46:24.265Z,9.05
2026-01-02T05:51:24.262Z,9.05
2026-01-02T05:56:24.374Z,9.0
2026-01-02T06:01:24.319Z,9.0
2026-01-02T06:06:24.301Z,8.97
2026-01-02T06:11:24.328Z,9.0
2026-01-02T06:16:24.31Z,9.05
2026-01-02T06:21:24.366Z,9.03
2026-01-02T06:26:24.291Z,9.05
2026-01-02T06:31:24.359Z,8.97
2026-01-02T06:36:24.307Z,8.85
2026-01-02T06:41:24.216Z,8.79
2026-01-02T06:46:24.248Z,8.68
2026-01-02T06:51:24.391Z,8.56
2026-01-02T06:56:24.447Z,8.56
2026-01-02T07:01:24.436Z,8.51
2026-01-02T07:06:24.635Z,8.56
2026-01-02T07:11:24.585Z,8.48
2026-01-02T07:16:24.299Z,8.45
2026-01-02T07:21:24.376Z,8.51
2026-01-02T07:26:24.252Z,8.48
2026-01-02T07:31:24.376Z,8.59
2026-01-02T07:36:24.249Z,8.65
2026-01-02T07:41:24.208Z,8.74
2026-01-02T07:46:24.279Z,8.77
2026-01-02T07:51:24.278Z,8.79
2026-01-02T07:56:24.323Z,8.79
2026-01-02T08:01:24.447Z,8.85
2026-01-02T08:06:24.216Z,8.88
2026-01-02T08:11:24.369Z,9.0
2026-01-02T08:16:24.265Z,9.14
2026-01-02T08:21:24.386Z,9.23
2026-01-02T08:26:24.314Z,9.31
2026-01-02T08:31:24.238Z,9.34
2026-01-02T08:36:24.415Z,9.42
2026-01-02T08:41:24.2Z,9.6
2026-01-02T08:46:24.239Z,9.75
2026-01-02T08:51:24.307Z,9.89
2026-01-02T08:56:24.443Z,10.09
2026-01-02T09:01:24.486Z,10.35
2026-01-02T09:06:24.286Z,10.38
2026-01-02T09:11:24.265Z,10.61
2026-01-02T09:16:24.269Z,10.61
2026-01-02T09:21:24.262Z,10.63
2026-01-02T09:26:24.267Z,10.52
2026-01-02T09:31:24.389Z,10.55
2026-01-02T09:36:24.208Z,10.63
2026-01-02T09:41:24.432Z,10.66
2026-01-02T09:46:24.204Z,10.7
2026-01-02T09:51:24.271Z,10.84
2026-01-02T09:56:24.215Z,10.89
2026-01-02T10:01:24.222Z,11.01
2026-01-02T10:06:24.209Z,11.1
2026-01-02T10:11:24.257Z,11.19
2026-01-02T10:16:24.274Z,11.21
2026-01-02T10:21:24.345Z,11.41
2026-01-02T10:26:24.423Z,11.64
2026-01-02T10:31:24.344Z,11.9
2026-01-02T10:36:24.265Z,11.9
2026-01-02T10:41:24.38Z,12.05
2026-01-02T10:46:24.268Z,12.19
2026-01-02T10:51:24.168Z,12.36
2026-01-02T10:56:24.213Z,12.51
2026-01-02T11:01:24.159Z,12.48
2026-01-02T11:06:24.218Z,12.51
2026-01-02T11:11:24.185Z,12.68
2026-01-02T11:16:24.337Z,12.88
2026-01-02T11:21:24.367Z,12.97
2026-01-02T11:26:24.329Z,13.11
2026-01-02T11:31:24.422Z,13.31
2026-01-02T11:36:24.331Z,13.46
2026-01-02T11:41:24.397Z,13.57
2026-01-02T11:46:24.379Z,13.77
2026-01-02T11:51:24.361Z,13.95
2026-01-02T11:56:24.245Z,13.98
2026-01-02T12:01:24.299Z,14.09
2026-01-02T12:06:24.341Z,14.0
2026-01-02T12:11:24.334Z,14.06
2026-01-02T12:16:24.272Z,14.18
2026-01-02T12:21:24.353Z,14.29
2026-01-02T12:26:24.177Z,14.55
2026-01-02T12:31:24.368Z,14.55
2026-01-02T12:36:24.393Z,14.75
2026-01-02T12:41:24.397Z,14.75
2026-01-02T12:46:24.343Z,14.98
2026-01-02T12:51:24.279Z,15.07
2026-01-02T12:56:24.379Z,15.12
2026-01-02T13:01:24.386Z,15.39
2026-01-02T13:06:24.382Z,15.24
2026-01-02T13:11:24.354Z,15.27
2026-01-02T13:16:24.242Z,15.3
2026-01-02T13:21:24.298Z,15.16
2026-01-02T13:26:24.211Z,15.35
2026-01-02T13:31:24.164Z,15.42
2026-01-02T13:36:24.229Z,15.58
2026-01-02T13:41:24.341Z,15.67
2026-01-02T13:46:24.271Z,15.61
2026-01-02T13:51:24.365Z,15.79
2026-01-02T13:56:24.139Z,15.76
2026-01-02T14:01:24.401Z,15.88
2026-01-02T14:06:24.172Z,15.99
2026-01-02T14:11:24.424Z,16.02
2026-01-02T14:16:24.326Z,15.96
2026-01-02T14:21:24.39Z,16.07
2026-01-02T14:26:24.159Z,15.96
2026-01-02T14:31:24.192Z,15.84
2026-01-02T14:36:24.228Z,16.1
2026-01-02T14:41:24.176Z,16.07
2026-01-02T14:46:24.314Z,16.14
2026-01-02T14:51:24.255Z,16.19
2026-01-02T14:56:24.354Z,16.16
2026-01-02T15:01:24.146Z,16.19
2026-01-02T15:06:24.137Z,16.19
2026-01-02T15:11:24.237Z,16.02
2026-01-02T15:16:24.169Z,15.99
2026-01-02T15:21:24.223Z,15.93
2026-01-02T15:26:24.201Z,15.93
2026-01-02T15:31:24.41Z,15.99
2026-01-02T15:36:24.367Z,15.88
2026-01-02T15:41:24.23Z,15.84
2026-01-02T15:46:24.31Z,15.81
2026-01-02T15:51:24.365Z,15.7
2026-01-02T15:56:24.289Z,15.61
2026-01-02T16:01:24.357Z,15.47
2026-01-02T16:06:24.148Z,15.33
2026-01-02T16:11:24.264Z,15.24
2026-01-02T16:16:24.233Z,15.07
2026-01-02T16:21:24.17Z,14.81
2026-01-02T16:26:24.157Z,14.61
2026-01-02T16:31:24.123Z,14.37
2026-01-02T16:36:24.136Z,14.12
2026-01-02T16:41:24.196Z,13.89
2026-01-02T16:46:24.198Z,13.72
2026-01-02T16:51:24.801Z,13.54
2026-01-02T16:56:24.318Z,13.31
2026-01-02T17:01:24.347Z,13.11
2026-01-02T17:06:24.334Z,12.88
2026-01-02T17:11:24.315Z,12.71
2026-01-02T17:16:24.247Z,12.62
2026-01-02T17:21:24.164Z,12.42
2026-01-02T17:26:24.301Z,12.28
2026-01-02T17:31:24.303Z,12.07
2026-01-02T17:36:24.279Z,12.02
2026-01-02T17:41:24.387Z,11.99
2026-01-02T17:46:24.245Z,11.79
2026-01-02T17:51:24.17Z,11.67
2026-01-02T17:56:24.253Z,11.64
2026-01-02T18:01:24.331Z,11.47
2026-01-02T18:06:24.258Z,11.44
2026-01-02T18:11:24.351Z,11.35
2026-01-02T18:16:24.329Z,11.21
2026-01-02T18:21:24.314Z,11.19
2026-01-02T18:26:24.194Z,11.1
2026-01-02T18:31:24.118Z,11.1
2026-01-02T18:36:24.308Z,11.01
2026-01-02T18:41:24.3Z,10.98
2026-01-02T18:46:24.152Z,10.92
2026-01-02T18:51:24.204Z,10.96
2026-01-02T18:56:24.244Z,10.92
2026-01-02T19:01:24.262Z,10.84
2026-01-02T19:06:24.45Z,10.86
2026-01-02T19:11:24.228Z,10.86
2026-01-02T19:16:24.291Z,10.96
2026-01-02T19:21:24.151Z,10.92
2026-01-02T19:26:24.205Z,11.07
2026-01-02T19:31:24.281Z,11.19
2026-01-02T19:36:24.125Z,11.27
2026-01-02T19:41:24.18Z,11.27
2026-01-02T19:46:24.163Z,11.19
2026-01-02T19:51:24.384Z,11.15
2026-01-02T19:56:24.33Z,11.12
2026-01-02T20:01:24.115Z,11.07
2026-01-02T20:06:24.234Z,11.01
2026-01-02T20:11:24.306Z,11.12
2026-01-02T20:16:24.39Z,11.27
2026-01-02T20:21:24.368Z,11.33
2026-01-02T20:26:24.332Z,11.41
2026-01-02T20:31:24.371Z,11.3
2026-01-02T20:36:24.235Z,11.3
2026-01-02T20:41:24.39Z,11.19
2026-01-02T20:46:24.202Z,11.12
2026-01-02T20:51:24.25Z,11.07
2026-01-02T20:56:24.282Z,10.96
2026-01-02T21:01:24.139Z,10.89
2026-01-02T21:06:24.233Z,10.86
2026-01-02T21:11:24.229Z,10.78
2026-01-02T21:16:24.206Z,10.75
2026-01-02T21:21:24.337Z,10.84
2026-01-02T21:26:24.291Z,11.01
2026-01-02T21:31:24.362Z,11.1
2026-01-02T21:36:24.313Z,11.15
2026-01-02T21:41:24.284Z,11.24
2026-01-02T21:46:24.166Z,11.27
2026-01-02T21:51:24.329Z,11.33
2026-01-02T21:56:24.295Z,11.3
2026-01-02T22:01:24.292Z,11.24
2026-01-02T22:06:24.333Z,11.3
2026-01-02T22:11:24.362Z,11.33
2026-01-02T22:16:24.377Z,11.38
2026-01-02T22:21:24.275Z,11.47
2026-01-02T22:26:24.371Z,11.5
2026-01-02T22:31:24.364Z,11.47
2026-01-02T22:36:24.237Z,11.5
2026-01-02T22:41:24.298Z,11.47
2026-01-02T22:46:24.385Z,11.5
2026-01-02T22:51:24.168Z,11.5
2026-01-02T22:56:24.321Z,11.53
2026-01-02T23:01:24.247Z,11.64
2026-01-02T23:06:24.188Z,11.7
2026-01-02T23:11:24.228Z,11.61
2026-01-02T23:16:24.379Z,11.56
2026-01-02T23:21:24.314Z,11.61
2026-01-02T23:26:24.143Z,11.53
2026-01-02T23:31:24.18Z,11.47
2026-01-02T23:36:24.126Z,11.47
2026-01-02T23:41:24.253Z,11.41
2026-01-02T23:46:24.272Z,11.3
2026-01-02T23:51:24.123Z,11.33
2026-01-02T23:56:24.229Z,11.38
2026-01-03T00:01:24.274Z,11.38
2026-01-03T00:06:24.163Z,11.41
2026-01-03T00:11:24.356Z,11.33
2026-01-03T00:16:24.136Z,11.12
2026-01-03T00:21:24.143Z,11.07
2026-01-03T00:26:24.357Z,11.01
2026-01-03T00:31:24.274Z,10.96
2026-01-03T00:36:24.283Z,11.01
2026-01-03T00:41:24.397Z,11.07
2026-01-03T00:46:24.164Z,11.1
2026-01-03T00:51:24.297Z,11.12
2026-01-03T00:56:24.183Z,11.19
2026-01-03T01:01:24.304Z,11.1
2026-01-03T01:06:24.401Z,11.12
2026-01-03T01:11:24.208Z,11.15
2026-01-03T01:16:24.171Z,11.15
2026-01-03T01:21:24.568Z,11.15
2026-01-03T01:26:24.269Z,11.12
2026-01-03T01:31:24.343Z,11.04
2026-01-03T01:36:24.192Z,11.04
2026-01-03T01:41:24.345Z,11.04
2026-01-03T01:46:24.323Z,11.1
2026-01-03T01:51:24.126Z,11.24
2026-01-03T01:56:24.354Z,11.27
2026-01-03T02:01:24.143Z,11.35
2026-01-03T02:06:24.34Z,11.35
2026-01-03T02:11:24.096Z,11.35
2026-01-03T02:16:24.222Z,11.24
2026-01-03T02:21:24.127Z,11.19
2026-01-03T02:26:24.118Z,11.19
2026-01-03T02:31:24.244Z,11.1
2026-01-03T02:36:24.22Z,10.98
2026-01-03T02:41:24.204Z,10.89
2026-01-03T02:46:24.242Z,10.84
2026-01-03T02:51:24.271Z,11.04
2026-01-03T02:56:24.229Z,11.3
2026-01-03T03:01:24.15Z,11.47
2026-01-03T03:06:24.354Z,11.59
2026-01-03T03:11:24.309Z,11.61
2026-01-03T03:16:24.252Z,11.5
2026-01-03T03:21:24.259Z,11.27
2026-01-03T03:26:24.1Z,11.12
2026-01-03T03:31:24.208Z,10.92
2026-01-03T03:36:24.202Z,10.96
2026-01-03T03:41:24.288Z,10.86
2026-01-03T03:46:24.313Z,10.75
2026-01-03T03:51:24.345Z,10.72
2026-01-03T03:56:24.291Z,10.78
2026-01-03T04:01:24.227Z,10.55
2026-01-03T04:06:24.324Z,10.52
2026-01-03T04:11:24.197Z,10.58
2026-01-03T04:16:24.236Z,10.61
2026-01-03T04:21:24.329Z,10.66
2026-01-03T04:26:24.274Z,10.7
2026-01-03T04:31:24.276Z,10.75
2026-01-03T04:36:24.328Z,10.86
2026-01-03T04:41:24.188Z,10.84
2026-01-03T04:46:24.223Z,10.89
2026-01-03T04:51:24.148Z,10.86
2026-01-03T04:56:24.335Z,10.72
2026-01-03T05:01:24.273Z,10.55
2026-01-03T05:06:24.123Z,10.43
2026-01-03T05:11:24.281Z,10.24
2026-01-03T05:16:24.174Z,10.0
2026-01-03T05:21:24.095Z,10.0
2026-01-03T05:26:24.312Z,10.03
2026-01-03T05:31:24.075Z,10.15
2026-01-03T05:36:24.075Z,10.17
2026-01-03T05:41:24.14Z,10.12
2026-01-03T05:46:24.158Z,10.03
2026-01-03T05:51:24.206Z,9.8
2026-01-03T05:56:24.152Z,9.66
2026-01-03T06:01:24.105Z,9.49
2026-01-03T06:06:24.179Z,9.37
2026-01-03T06:11:24.143Z,9.31
2026-01-03T06:16:24.138Z,9.17
2026-01-03T06:21:24.292Z,9.11
2026-01-03T06:26:24.1Z,9.11
2026-01-03T06:31:24.326Z,9.28
2026-01-03T06:36:24.192Z,9.28
2026-01-03T06:41:24.271Z,9.4
2026-01-03T06:46:24.257Z,9.51
2026-01-03T06:51:24.31Z,9.63
2026-01-03T06:56:24.158Z,9.6
2026-01-03T07:01:24.134Z,9.72
2026-01-03T07:06:24.302Z,9.83
2026-01-03T07:11:24.24Z,9.91
2026-01-03T07:16:24.259Z,10.0
2026-01-03T07:21:24.178Z,10.06
2026-01-03T07:26:24.298Z,10.15
2026-01-03T07:31:24.071Z,10.15
2026-01-03T07:36:24.45Z,10.21
2026-01-03T07:41:24.073Z,10.17
2026-01-03T07:46:24.325Z,10.24
2026-01-03T07:51:24.074Z,10.26
2026-01-03T07:56:24.3Z,10.24
2026-01-03T08:01:24.237Z,10.24
2026-01-03T08:06:24.271Z,10.32
2026-01-03T08:11:24.308Z,10.38
2026-01-03T08:16:24.174Z,10.4
2026-01-03T08:21:24.251Z,10.58
2026-01-03T08:26:24.164Z,10.89
2026-01-03T08:31:24.255Z,11.1
2026-01-03T08:36:24.306Z,11.33
2026-01-03T08:41:24.296Z,11.5
2026-01-03T08:46:24.207Z,11.7
2026-01-03T08:51:24.144Z,11.76
2026-01-03T08:56:24.087Z,12.02
2026-01-03T09:01:24.214Z,12.13
2026-01-03T09:06:24.145Z,11.93
2026-01-03T09:11:24.281Z,11.73
2026-01-03T09:16:24.138Z,11.7
2026-01-03T09:21:24.242Z,11.5
2026-01-03T09:26:24.158Z,11.53
2026-01-03T09:31:24.307Z,11.67
2026-01-03T09:36:24.084Z,11.79
2026-01-03T09:41:24.31Z,11.73
2026-01-03T09:46:24.105Z,11.47
2026-01-03T09:51:24.133Z,11.5
2026-01-03T09:56:24.188Z,11.7
2026-01-03T10:01:24.157Z,11.76
2026-01-03T10:06:24.13Z,11.96
2026-01-03T10:11:24.074Z,11.96
2026-01-03T10:16:24.12Z,12.05
2026-01-03T10:21:24.085Z,12.1
2026-01-03T10:26:24.145Z,12.16
2026-01-03T10:31:24.165Z,12.36
2026-01-03T10:36:24.264Z,12.56
2026-01-03T10:41:24.163Z,12.65
2026-01-03T10:46:24.105Z,12.71
2026-01-03T10:51:24.235Z,12.82
2026-01-03T10:56:24.047Z,12.97
2026-01-03T11:01:24.029Z,13.08
2026-01-03T11:06:24.134Z,13.26
2026-01-03T11:11:24.206Z,13.28
2026-01-03T11:16:24.286Z,13.26
2026-01-03T11:21:24.058Z,13.26
2026-01-03T11:26:24.046Z,13.26
2026-01-03T11:31:24.151Z,13.34
2026-01-03T11:36:24.089Z,13.6
2026-01-03T11:41:24.257Z,13.46
2026-01-03T11:46:24.18Z,13.6
2026-01-03T11:51:24.106Z,13.54
2026-01-03T11:56:24.292Z,13.4
2026-01-03T12:01:24.214Z,13.57
2026-01-03T12:06:24.141Z,13.74
2026-01-03T12:11:24.056Z,13.74
2026-01-03T12:16:24.068Z,13.92
2026-01-03T12:21:24.28Z,14.03
2026-01-03T12:26:24.059Z,14.12
2026-01-03T12:31:24.292Z,14.32
2026-01-03T12:36:24.271Z,14.44
2026-01-03T12:41:24.122Z,14.52
2026-01-03T12:46:24.105Z,14.75
2026-01-03T12:51:24.284Z,14.84
2026-01-03T12:56:24.148Z,14.98
2026-01-03T13:01:24.013Z,15.07
2026-01-03T13:06:24.053Z,15.21
2026-01-03T13:11:24.274Z,15.35
2026-01-03T13:16:24.051Z,15.65
2026-01-03T13:21:24.216Z,15.81
2026-01-03T13:26:24.36Z,15.96
2026-01-03T13:31:24.048Z,16.02
2026-01-03T13:36:24.271Z,15.99
2026-01-03T13:41:24.243Z,16.05
2026-01-03T13:46:24.238Z,16.1
2026-01-03T13:51:24.167Z,16.14
2026-01-03T13:56:24.007Z,16.16
2026-01-03T14:01:24.01Z,16.05
2026-01-03T14:06:24.085Z,16.02
2026-01-03T14:11:24.061Z,15.99
2026-01-03T14:16:24.041Z,16.07
2026-01-03T14:21:24.165Z,16.22
2026-01-03T14:26:24.043Z,16.28
2026-01-03T14:31:24.021Z,16.33
2026-01-03T14:36:24.199Z,16.3
2026-01-03T14:41:24.019Z,16.39
2026-01-03T14:46:24.149Z,16.42
2026-01-03T14:51:24.123Z,16.33
2026-01-03T14:56:24.145Z,16.45
2026-01-03T15:01:24.095Z,16.37
2026-01-03T15:06:24.109Z,16.39
2026-01-03T15:11:24.052Z,16.42
2026-01-03T15:16:24.055Z,16.33
2026-01-03T15:21:24.034Z,16.33
2026-01-03T15:26:24.056Z,16.22
2026-01-03T15:31:24.174Z,16.16
2026-01-03T15:36:24.236Z,16.19
2026-01-03T15:41:24.225Z,16.22
2026-01-03T15:46:24.053Z,16.22
2026-01-03T15:51:24.159Z,16.28
2026-01-03T15:56:24.122Z,16.16
2026-01-03T16:01:24.185Z,16.16
2026-01-03T16:06:24.04Z,16.07
2026-01-03T16:11:24.224Z,16.07
2026-01-03T16:16:23.99Z,15.76
2026-01-03T16:21:24.043Z,15.7
2026-01-03T16:26:24.055Z,15.44
2026-01-03T16:31:24.108Z,15.3
2026-01-03T16:36:24.57Z,15.33
2026-01-03T16:41:24.09Z,15.19
2026-01-03T16:46:24.167Z,15.09
2026-01-03T16:51:24.082Z,15.07
2026-01-03T16:56:24.116Z,14.9
2026-01-03T17:01:24.125Z,14.86
2026-01-03T17:06:24.176Z,14.81
2026-01-03T17:11:24.05Z,14.64
2026-01-03T17:16:24.123Z,14.52
2026-01-03T17:21:24.022Z,14.47
2026-01-03T17:26:24.088Z,14.44
2026-01-03T17:31:24.135Z,14.44
2026-01-03T17:36:24.024Z,14.41
2026-01-03T17:41:24.041Z,14.37
2026-01-03T17:46:24.038Z,14.44
2026-01-03T17:51:24.143Z,14.37
2026-01-03T17:56:23.977Z,14.35
2026-01-03T18:01:24.1Z,14.32
2026-01-03T18:06:24.154Z,14.29
2026-01-03T18:11:24.181Z,14.44
2026-01-03T18:16:23.985Z,14.41
2026-01-03T18:21:24.18Z,14.49
2026-01-03T18:26:24.168Z,14.47
2026-01-03T18:31:24.149Z,14.55
2026-01-03T18:36:23.99Z,14.55
2026-01-03T18:41:24.156Z,14.49
2026-01-03T18:46:24.054Z,14.37
2026-01-03T18:51:24.087Z,14.35
2026-01-03T18:56:24.099Z,14.35
2026-01-03T19:01:24.075Z,14.41
2026-01-03T19:06:24.146Z,14.37
2026-01-03T19:11:24.025Z,14.35
2026-01-03T19:16:24.141Z,14.26
2026-01-03T19:21:24.232Z,14.15
2026-01-03T19:26:24.051Z,14.06
2026-01-03T19:31:24.248Z,13.95
2026-01-03T19:36:24.261Z,13.89
2026-01-03T19:41:23.991Z,13.72
2026-01-03T19:46:24.019Z,13.6
2026-01-03T19:51:24.113Z,13.57
2026-01-03T19:56:24.17Z,13.51
2026-01-03T20:01:24.036Z,13.49
2026-01-03T20:06:24.229Z,13.54
2026-01-03T20:11:24.035Z,13.54
2026-01-03T20:16:24.248Z,13.63
2026-01-03T20:21:24.207Z,13.69
2026-01-03T20:26:24.1Z,13.57
2026-01-03T20:31:24.251Z,13.49
2026-01-03T20:36:23.973Z,13.46
2026-01-03T20:41:24.165Z,13.31
2026-01-03T20:46:24.039Z,13.23
2026-01-03T20:51:24.135Z,13.31
2026-01-03T20:56:24.077Z,13.4
2026-01-03T21:01:24.102Z,13.49
2026-01-03T21:06:24.012Z,13.63
2026-01-03T21:11:24.012Z,13.63
2026-01-03T21:16:24.203Z,13.57
2026-01-03T21:21:24.195Z,13.63
2026-01-03T21:26:24.193Z,13.57
2026-01-03T21:31:24.169Z,13.54
2026-01-03T21:36:24.135Z,13.57
2026-01-03T21:41:24.043Z,13.46
2026-01-03T21:46:24.144Z,13.43
2026-01-03T21:51:24.123Z,13.51
2026-01-03T21:56:24.199Z,13.46
2026-01-03T22:01:24.168Z,13.46
2026-01-03T22:06:24.033Z,13.26
2026-01-03T22:11:24.17Z,13.31
2026-01-03T22:16:24.004Z,13.23
2026-01-03T22:21:24.186Z,13.2
2026-01-03T22:26:24.056Z,13.14
2026-01-03T22:31:23.992Z,13.08
2026-01-03T22:36:24.068Z,13.03
2026-01-03T22:41:24.003Z,12.97
2026-01-03T22:46:24.045Z,12.94
2026-01-03T22:51:24.107Z,12.97
2026-01-03T22:56:24.122Z,13.03
2026-01-03T23:01:24.04Z,13.0
2026-01-03T23:06:24.171Z,13.03
2026-01-03T23:11:24.2Z,12.97
2026-01-03T23:16:24.135Z,12.91
2026-01-03T23:21:24.02Z,12.85
2026-01-03T23:26:24.038Z,12.71
2026-01-03T23:31:24.094Z,12.65
2026-01-03T23:36:24.13Z,12.48
2026-01-03T23:41:24.002Z,12.39
2026-01-03T23:46:24.049Z,12.33
2026-01-03T23:51:24.003Z,12.31
2026-01-03T23:56:23.952Z,12.31
2026-01-04T00:01:24.212Z,12.22
2026-01-04T00:06:24.043Z,12.13
2026-01-04T00:11:24.111Z,12.13
2026-01-04T00:16:24.125Z,12.31
2026-01-04T00:21:24.18Z,12.33
2026-01-04T00:26:24.085Z,12.36
2026-01-04T00:31:23.995Z,12.42
2026-01-04T00:36:24.139Z,12.45
2026-01-04T00:41:24.025Z,12.45
2026-01-04T00:46:24.183Z,12.48
2026-01-04T00:51:24.122Z,12.39
2026-01-04T00:56:24.1Z,12.39
2026-01-04T01:01:24.193Z,12.31
2026-01-04T01:06:24.212Z,12.28
2026-01-04T01:11:24.172Z,12.19
2026-01-04T01:16:24.026Z,11.93
2026-01-04T01:21:24.155Z,11.84
2026-01-04T01:26:24.101Z,11.64
2026-01-04T01:31:24.047Z,11.53
2026-01-04T01:36:24.009Z,11.38
2026-01-04T01:41:24.069Z,11.21
2026-01-04T01:46:23.941Z,11.24
2026-01-04T01:51:24.068Z,11.38
2026-01-04T01:56:24.01Z,11.5
2026-01-04T02:01:24.109Z,11.41
2026-01-04T02:06:24.057Z,11.35
2026-01-04T02:11:24.094Z,11.44
2026-01-04T02:16:24.11Z,11.38
2026-01-04T02:21:24.093Z,11.44
2026-01-04T02:26:24.186Z,11.38
2026-01-04T02:31:24.005Z,11.38
2026-01-04T02:36:24.019Z,11.27
2026-01-04T02:41:24.125Z,11.27
2026-01-04T02:46:23.997Z,11.27
2026-01-04T02:51:24.078Z,11.24
2026-01-04T02:56:24.093Z,11.24
2026-01-04T03:01:24.154Z,11.38
2026-01-04T03:06:24.117Z,11.44
2026-01-04T03:11:23.96Z,11.47
2026-01-04T03:16:24.009Z,11.53
2026-01-04T03:21:24.058Z,11.61
2026-01-04T03:26:24.187Z,11.64
2026-01-04T03:31:24.039Z,11.61
2026-01-04T03:36:24.088Z,11.61
2026-01-04T03:41:23.939Z,11.56
2026-01-04T03:46:24.035Z,11.5
2026-01-04T03:51:24.156Z,11.44
2026-01-04T03:56:24.08Z,11.35
2026-01-04T04:01:24.151Z,11.21
2026-01-04T04:06:24.152Z,11.15
2026-01-04T04:11:24.002Z,10.98
2026-01-04T04:16:24.107Z,10.98
2026-01-04T04:21:24.137Z,10.84
2026-01-04T04:26:24.131Z,10.75
2026-01-04T04:31:23.991Z,10.75
2026-01-04T04:36:23.914Z,10.61
2026-01-04T04:41:23.957Z,10.58
2026-01-04T04:46:24.087Z,10.52
2026-01-04T04:51:23.983Z,10.49
2026-01-04T04:56:24.174Z,10.43
2026-01-04T05:01:24.032Z,10.38
2026-01-04T05:06:24.077Z,10.29
2026-01-04T05:11:24.148Z,10.17
2026-01-04T05:16:24.052Z,10.15
2026-01-04T05:21:24.06Z,10.0
2026-01-04T05:26:24.011Z,9.94
2026-01-04T05:31:24.148Z,10.0
2026-01-04T05:36:23.938Z,9.94
2026-01-04T05:41:23.998Z,9.89
2026-01-04T05:46:23.945Z,9.94
2026-01-04T05:51:23.943Z,9.91
2026-01-04T05:56:24.002Z,9.89
2026-01-04T06:01:23.907Z,9.8
2026-01-04T06:06:24.11Z,9.75
2026-01-04T06:11:24Z,9.91
2026-01-04T06:16:24.109Z,9.98
2026-01-04T06:21:24.054Z,10.03
2026-01-04T06:26:23.998Z,10.0
2026-01-04T06:31:24.148Z,10.15
2026-01-04T06:36:24.094Z,10.35
2026-01-04T06:41:23.997Z,10.63
2026-01-04T06:46:24.076Z,10.81
2026-01-04T06:51:24.049Z,10.89
2026-01-04T06:56:24.083Z,10.98
2026-01-04T07:01:23.954Z,10.98
2026-01-04T07:06:24.06Z,11.01
2026-01-04T07:11:24.105Z,11.12
2026-01-04T07:16:24.044Z,11.33
2026-01-04T07:21:24.225Z,11.35
2026-01-04T07:26:23.932Z,11.47
2026-01-04T07:31:24Z,11.53
2026-01-04T07:36:23.899Z,11.64
2026-01-04T07:41:23.937Z,11.67
2026-01-04T07:46:23.977Z,11.79
2026-01-04T07:51:24.119Z,11.93
2026-01-04T07:56:24.008Z,11.93
2026-01-04T08:01:24.036Z,11.96
2026-01-04T08:06:23.929Z,12.02
2026-01-04T08:11:23.921Z,12.02
2026-01-04T08:16:24.096Z,12.05
2026-01-04T08:21:24.014Z,12.05
2026-01-04T08:26:23.986Z,12.02
2026-01-04T08:31:23.926Z,12.13
2026-01-04T08:36:23.943Z,12.13
2026-01-04T08:41:24.089Z,12.19
2026-01-04T08:46:24.016Z,12.22
2026-01-04T08:51:23.949Z,12.36
2026-01-04T08:56:23.894Z,12.36
2026-01-04T09:01:24.127Z,12.36
2026-01-04T09:06:24.081Z,12.59
2026-01-04T09:11:23.884Z,12.54
2026-01-04T09:16:24.059Z,12.48
2026-01-04T09:21:24.067Z,12.39
2026-01-04T09:26:23.993Z,12.33
2026-01-04T09:31:24.025Z,12.36
2026-01-04T09:36:23.978Z,12.39
2026-01-04T09:41:23.869Z,12.36
2026-01-04T09:46:23.909Z,12.39
2026-01-04T09:51:24.065Z,12.31
2026-01-04T09:56:24.062Z,12.31
2026-01-04T10:01:23.927Z,12.31
2026-01-04T10:06:23.925Z,12.33
2026-01-04T10:11:24.062Z,12.45
2026-01-04T10:16:23.902Z,12.51
2026-01-04T10:21:23.939Z,12.59
2026-01-04T10:26:24.012Z,12.71
2026-01-04T10:31:23.939Z,12.74
2026-01-04T10:36:23.865Z,12.79
2026-01-04T10:41:24.013Z,12.82
2026-01-04T10:46:23.906Z,12.62
2026-01-04T10:51:24.031Z,12.74
2026-01-04T10:56:23.852Z,12.71
2026-01-04T11:01:23.984Z,12.79
2026-01-04T11:06:23.963Z,12.74
2026-01-04T11:11:24Z,12.68
2026-01-04T11:16:24.033Z,12.65
2026-01-04T11:21:24.051Z,12.65
2026-01-04T11:26:24.018Z,12.54
2026-01-04T11:31:24.02Z,12.62
2026-01-04T11:36:23.968Z,12.65
2026-01-04T11:41:24.046Z,12.68
2026-01-04T11:46:24.214Z,12.82
2026-01-04T11:51:24.024Z,12.88
2026-01-04T11:56:23.956Z,12.91
2026-01-04T12:01:23.937Z,12.97
2026-01-04T12:06:23.879Z,13.08
2026-01-04T12:11:24.051Z,13.11
2026-01-04T12:16:24.035Z,13.14
2026-01-04T12:21:24.056Z,13.34
2026-01-04T12:26:23.918Z,13.31
2026-01-04T12:31:24.106Z,13.4
2026-01-04T12:36:24.039Z,13.4
2026-01-04T12:41:23.905Z,13.43
2026-01-04T12:46:24.068Z,13.46
2026-01-04T12:51:24.035Z,13.43
2026-01-04T12:56:23.918Z,13.63
2026-01-04T13:01:24.071Z,13.8
2026-01-04T13:06:23.945Z,13.86
2026-01-04T13:11:24.04Z,13.86
2026-01-04T13:16:24.014Z,13.92
2026-01-04T13:21:24.042Z,14.0
2026-01-04T13:26:23.967Z,14.06
2026-01-04T13:31:23.921Z,14.12
2026-01-04T13:36:23.855Z,14.21
2026-01-04T13:41:23.874Z,14.09
2026-01-04T13:46:24.098Z,14.29
2026-01-04T13:51:24.106Z,14.23
2026-01-04T13:56:23.857Z,14.29
2026-01-04T14:01:23.954Z,14.52
2026-01-04T14:06:24.076Z,14.41
2026-01-04T14:11:23.931Z,14.49
2026-01-04T14:16:23.919Z,14.64
2026-01-04T14:21:23.952Z,14.75
2026-01-04T14:26:24.038Z,14.72
2026-01-04T14:31:23.865Z,14.61
2026-01-04T14:36:24.01Z,14.7
2026-01-04T14:41:23.837Z,14.67
2026-01-04T14:46:23.95Z,14.61
2026-01-04T14:51:24.031Z,14.49
2026-01-04T14:56:23.931Z,14.37
2026-01-04T15:01:23.954Z,14.26
2026-01-04T15:06:24.021Z,14.23
2026-01-04T15:11:23.952Z,14.18
2026-01-04T15:16:24.068Z,14.18
2026-01-04T15:21:24.093Z,14.23
2026-01-04T15:26:23.895Z,14.18
2026-01-04T15:31:24.13Z,14.09
2026-01-04T15:36:23.959Z,14.09
2026-01-04T15:41:23.897Z,14.12
2026-01-04T15:46:24.103Z,14.09
2026-01-04T15:51:23.86Z,14.06
2026-01-04T15:56:24.086Z,14.09
2026-01-04T16:01:23.872Z,14.0
2026-01-04T16:06:23.978Z,13.95
2026-01-04T16:11:24.013Z,13.92
2026-01-04T16:16:23.885Z,13.92
2026-01-04T16:21:24.071Z,13.83
2026-01-04T16:26:24Z,13.8
2026-01-04T16:31:24.019Z,13.83
2026-01-04T16:36:24.015Z,13.8
2026-01-04T16:41:24.005Z,13.74
2026-01-04T16:46:23.97Z,13.66
2026-01-04T16:51:23.88Z,13.72
2026-01-04T16:56:24.044Z,13.69
2026-01-04T17:01:23.972Z,13.63
2026-01-04T17:06:24.077Z,13.57
2026-01-04T17:11:24.053Z,13.57
2026-01-04T17:16:23.89Z,13.49
2026-01-04T17:21:23.908Z,13.57
2026-01-04T17:26:23.957Z,13.51
2026-01-04T17:31:23.983Z,13.57
2026-01-04T17:36:23.971Z,13.51
2026-01-04T17:41:24.117Z,13.49
2026-01-04T17:46:24.049Z,13.49
2026-01-04T17:51:24.004Z,13.49
2026-01-04T17:56:23.966Z,13.49
2026-01-04T18:01:23.853Z,13.46
2026-01-04T18:06:23.925Z,13.4
2026-01-04T18:11:23.817Z,13.37
2026-01-04T18:16:24.011Z,13.37
2026-01-04T18:21:23.863Z,13.34
2026-01-04T18:26:23.898Z,13.23
2026-01-04T18:31:24.036Z,13.26
2026-01-04T18:36:23.82Z,13.23
2026-01-04T18:41:23.892Z,13.2
2026-01-04T18:46:23.984Z,13.28
2026-01-04T18:51:24.054Z,13.26
2026-01-04T18:56:23.891Z,13.2
2026-01-04T19:01:23.879Z,13.17
2026-01-04T19:06:23.86Z,13.11
2026-01-04T19:11:23.883Z,13.08
2026-01-04T19:16:24.028Z,13.05
2026-01-04T19:21:24.043Z,13.08
2026-01-04T19:26:24.077Z,13.11
2026-01-04T19:31:23.967Z,13.11
2026-01-04T19:36:23.828Z,13.05
2026-01-04T19:41:23.852Z,13.05
2026-01-04T19:46:24.036Z,12.97
2026-01-04T19:51:23.918Z,12.94
2026-01-04T19:56:23.797Z,12.91
2026-01-04T20:01:24.122Z,12.97
2026-01-04T20:06:24.003Z,12.94
2026-01-04T20:11:23.895Z,12.91
2026-01-04T20:16:23.999Z,12.91
2026-01-04T20:21:23.892Z,12.97
2026-01-04T20:26:23.883Z,13.0
2026-01-04T20:31:23.903Z,12.97
2026-01-04T20:36:23.787Z,12.97
2026-01-04T20:41:23.878Z,13.05
2026-01-04T20:46:23.903Z,12.97
2026-01-04T20:51:23.892Z,13.0
2026-01-04T20:56:23.881Z,13.03
2026-01-04T21:01:23.954Z,12.97
2026-01-04T21:06:23.954Z,12.94
2026-01-04T21:11:23.881Z,12.94
2026-01-04T21:16:23.788Z,12.88
2026-01-04T21:21:23.963Z,12.74
2026-01-04T21:26:23.877Z,12.79
2026-01-04T21:31:24.018Z,12.74
2026-01-04T21:36:23.875Z,12.71
2026-01-04T21:41:23.817Z,12.68
2026-01-04T21:46:23.771Z,12.62
2026-01-04T21:51:23.809Z,12.51
2026-01-04T21:56:24.027Z,12.51
2026-01-04T22:01:23.993Z,12.48
2026-01-04T22:06:23.858Z,12.54
2026-01-04T22:11:24.003Z,12.48
2026-01-04T22:16:23.99Z,12.33
2026-01-04T22:21:23.769Z,12.31
2026-01-04T22:26:24.062Z,12.33
2026-01-04T22:31:23.78Z,12.31
2026-01-04T22:36:23.867Z,12.22
2026-01-04T22:41:23.881Z,12.25
2026-01-04T22:46:23.962Z,12.25
2026-01-04T22:51:23.805Z,12.31
2026-01-04T22:56:23.947Z,12.33
2026-01-04T23:01:23.859Z,12.28
2026-01-04T23:06:23.933Z,12.31
2026-01-04T23:11:23.852Z,12.31
2026-01-04T23:16:23.996Z,12.36
2026-01-04T23:21:23.959Z,12.33
2026-01-04T23:26:23.8Z,12.36
2026-01-04T23:31:23.885Z,12.33
2026-01-04T23:36:23.931Z,12.36
2026-01-04T23:41:23.822Z,12.36
2026-01-04T23:46:23.889Z,12.31
2026-01-04T23:51:23.911Z,12.16
2026-01-04T23:56:23.999Z,12.16
2026-01-05T00:01:24.008Z,12.1
2026-01-05T00:06:23.941Z,12.1
2026-01-05T00:11:23.976Z,11.9
2026-01-05T00:16:23.899Z,11.9
2026-01-05T00:21:23.795Z,11.93
2026-01-05T00:26:23.824Z,11.87
2026-01-05T00:31:23.996Z,11.93
2026-01-05T00:36:23.864Z,11.87
2026-01-05T00:41:24.024Z,11.79
2026-01-05T00:46:23.835Z,11.76
2026-01-05T00:51:24.019Z,11.84
2026-01-05T00:56:23.959Z,11.73
2026-01-05T01:01:23.972Z,11.76
2026-01-05T01:06:23.874Z,11.76
2026-01-05T01:11:23.82Z,11.73
2026-01-05T01:16:23.999Z,11.59
2026-01-05T01:21:23.932Z,11.41
2026-01-05T01:26:23.895Z,11.47
2026-01-05T01:31:24.124Z,11.41
2026-01-05T01:36:23.955Z,11.38
2026-01-05T01:41:23.783Z,11.41
2026-01-05T01:46:23.955Z,11.33
2026-01-05T01:51:23.951Z,11.3
2026-01-05T01:56:23.797Z,11.35
2026-01-05T02:01:23.861Z,11.35
2026-01-05T02:06:23.934Z,11.27
2026-01-05T02:11:23.847Z,11.24
2026-01-05T02:16:23.914Z,11.24
2026-01-05T02:21:23.928Z,11.21
2026-01-05T02:26:24.025Z,11.21
2026-01-05T02:31:23.809Z,11.21
2026-01-05T02:36:23.783Z,11.19
2026-01-05T02:41:23.854Z,11.15
2026-01-05T02:46:23.799Z,11.07
2026-01-05T02:51:23.855Z,11.07
2026-01-05T02:56:23.799Z,11.01
2026-01-05T03:01:23.979Z,10.96
2026-01-05T03:06:23.829Z,11.04
2026-01-05T03:11:23.783Z,11.07
2026-01-05T03:16:23.829Z,10.92
2026-01-05T03:21:23.998Z,10.84
2026-01-05T03:26:23.915Z,10.86
2026-01-05T03:31:23.765Z,10.81
2026-01-05T03:36:24.013Z,10.92
2026-01-05T03:41:23.784Z,10.81
2026-01-05T03:46:24.006Z,10.81
2026-01-05T03:51:23.839Z,10.78
2026-01-05T03:56:23.837Z,10.78
2026-01-05T04:01:23.941Z,10.78
2026-01-05T04:06:23.854Z,10.75
2026-01-05T04:11:24Z,10.72
2026-01-05T04:16:23.877Z,10.78
2026-01-05T04:21:23.909Z,10.7
2026-01-05T04:26:23.798Z,10.7
2026-01-05T04:31:23.949Z,10.72
2026-01-05T04:36:23.858Z,10.63
2026-01-05T04:41:23.911Z,10.61
2026-01-05T04:46:23.923Z,10.61
2026-01-05T04:51:23.827Z,10.7
2026-01-05T04:56:23.742Z,10.75
2026-01-05T05:01:23.77Z,10.66
2026-01-05T05:06:23.888Z,10.7
2026-01-05T05:11:23.812Z,10.75
2026-01-05T05:16:23.937Z,10.78
2026-01-05T05:21:23.88Z,10.78
2026-01-05T05:26:23.894Z,10.78
2026-01-05T05:31:23.981Z,10.72
2026-01-05T05:36:23.953Z,10.75
2026-01-05T05:41:23.866Z,10.72
2026-01-05T05:46:23.789Z,10.72
2026-01-05T05:51:24.314Z,10.72
2026-01-05T05:56:23.786Z,10.66
2026-01-05T06:01:23.84Z,10.75
2026-01-05T06:06:23.783Z,10.72
2026-01-05T06:11:23.851Z,10.7
2026-01-05T06:16:24.01Z,10.72
2026-01-05T06:21:23.958Z,10.81
2026-01-05T06:26:23.894Z,10.7
2026-01-05T06:31:23.923Z,10.63
2026-01-05T06:36:23.856Z,10.52
2026-01-05T06:41:23.811Z,10.58
2026-01-05T06:46:23.804Z,10.55
2026-01-05T06:51:23.949Z,10.61
2026-01-05T06:56:23.819Z,10.52
2026-01-05T07:01:23.763Z,10.61
2026-01-05T07:06:23.789Z,10.58
2026-01-05T07:11:23.92Z,10.52
2026-01-05T07:16:23.877Z,10.47
2026-01-05T07:21:23.998Z,10.49
2026-01-05T07:26:23.993Z,10.49
2026-01-05T07:31:23.784Z,10.49
2026-01-05T07:36:23.857Z,10.49
2026-01-05T07:41:23.927Z,10.52
2026-01-05T07:46:23.992Z,10.55
2026-01-05T07:51:23.976Z,10.55
2026-01-05T07:56:23.763Z,10.49
2026-01-05T08:01:23.815Z,10.52
2026-01-05T08:06:23.776Z,10.52
2026-01-05T08:11:24.06Z,10.52
2026-01-05T08:16:23.882Z,10.49
2026-01-05T08:21:23.905Z,10.61
2026-01-05T08:26:23.881Z,10.47
2026-01-05T08:31:23.958Z,10.49
2026-01-05T08:36:23.936Z,10.52
2026-01-05T08:41:23.732Z,10.52
2026-01-05T08:46:23.714Z,10.58
2026-01-05T08:51:23.86Z,10.49
2026-01-05T08:56:23.766Z,10.63
2026-01-05T09:01:23.933Z,10.66
2026-01-05T09:06:23.909Z,10.66
2026-01-05T09:11:23.712Z,10.72
2026-01-05T09:16:23.809Z,10.81
2026-01-05T09:21:23.824Z,10.96
2026-01-05T09:26:23.865Z,11.01
2026-01-05T09:31:23.797Z,11.01
2026-01-05T09:36:23.841Z,10.89
2026-01-05T09:41:23.75Z,11.04
2026-01-05T09:46:23.783Z,11.21
2026-01-05T09:51:23.897Z,11.27
2026-01-05T09:56:23.777Z,11.33
2026-01-05T10:01:23.854Z,11.38
2026-01-05T10:06:23.851Z,11.47
2026-01-05T10:11:23.797Z,11.56
2026-01-05T10:16:23.844Z,11.59
2026-01-05T10:21:23.953Z,11.61
2026-01-05T10:26:23.714Z,11.61
2026-01-05T10:31:23.732Z,11.67
2026-01-05T10:36:23.778Z,11.64
2026-01-05T10:41:23.919Z,11.67
2026-01-05T10:46:23.745Z,11.59
2026-01-05T10:51:23.939Z,11.64
2026-01-05T10:56:23.851Z,11.67
2026-01-05T11:01:23.812Z,11.7
2026-01-05T11:06:23.9Z,11.7
2026-01-05T11:11:23.816Z,11.7
2026-01-05T11:16:23.958Z,11.64
2026-01-05T11:21:23.743Z,11.56
2026-01-05T11:26:23.743Z,11.59
2026-01-05T11:31:23.879Z,11.53
2026-01-05T11:36:23.75Z,11.64
2026-01-05T11:41:23.935Z,11.79
2026-01-05T11:46:23.862Z,11.73
2026-01-05T11:51:23.732Z,11.87
2026-01-05T11:56:23.767Z,11.79
2026-01-05T12:01:23.921Z,11.79
2026-01-05T12:06:23.903Z,11.79
2026-01-05T12:11:23.883Z,11.79
2026-01-05T12:16:23.769Z,11.82
2026-01-05T12:21:23.945Z,11.79
2026-01-05T12:26:23.812Z,11.84
2026-01-05T12:31:23.945Z,11.84
2026-01-05T12:36:23.914Z,11.84
2026-01-05T12:41:23.714Z,11.73
2026-01-05T12:46:23.902Z,11.76
2026-01-05T12:51:23.859Z,11.73
2026-01-05T12:56:23.926Z,11.76
2026-01-05T13:01:23.758Z,11.79
2026-01-05T13:06:23.791Z,11.7
2026-01-05T13:11:23.932Z,11.67
2026-01-05T13:16:23.874Z,11.64
2026-01-05T13:21:23.902Z,11.59
2026-01-05T13:26:23.989Z,11.59
2026-01-05T13:31:24.026Z,11.53
2026-01-05T13:36:23.828Z,11.5
2026-01-05T13:41:23.701Z,11.59
2026-01-05T13:46:23.963Z,11.59
2026-01-05T13:51:23.749Z,11.56
2026-01-05T13:56:23.884Z,11.53
2026-01-05T14:01:23.791Z,11.47
2026-01-05T14:06:23.825Z,11.53
2026-01-05T14:11:23.909Z,11.47
2026-01-05T14:16:23.866Z,11.5
2026-01-05T14:21:23.718Z,11.47
2026-01-05T14:26:23.832Z,11.53
2026-01-05T14:31:23.673Z,11.56
2026-01-05T14:36:23.834Z,11.5
2026-01-05T14:41:23.708Z,11.61
2026-01-05T14:46:23.905Z,11.61
2026-01-05T14:51:23.968Z,11.59
2026-01-05T14:56:23.936Z,11.64
2026-01-05T15:01:23.687Z,11.61
2026-01-05T15:06:23.836Z,11.61
2026-01-05T15:11:23.937Z,11.47
2026-01-05T15:16:23.881Z,11.53
2026-01-05T15:21:23.747Z,11.53
2026-01-05T15:26:23.734Z,11.44
2026-01-05T15:31:23.756Z,11.41
2026-01-05T15:36:23.773Z,11.3
2026-01-05T15:41:23.774Z,11.38
2026-01-05T15:46:23.866Z,11.38
2026-01-05T15:51:23.899Z,11.33
2026-01-05T15:56:23.692Z,11.27
2026-01-05T16:01:23.882Z,11.27
2026-01-05T16:06:23.97Z,11.21
2026-01-05T16:11:23.854Z,11.19
2026-01-05T16:16:23.884Z,11.19
2026-01-05T16:21:23.974Z,11.24
2026-01-05T16:26:23.94Z,11.24
2026-01-05T16:31:23.927Z,11.12
2026-01-05T16:36:23.838Z,11.12
2026-01-05T16:41:23.83Z,11.19
2026-01-05T16:46:23.795Z,11.12
2026-01-05T16:51:23.843Z,11.12
2026-01-05T16:56:23.71Z,11.01
2026-01-05T17:01:23.75Z,11.07
2026-01-05T17:06:23.754Z,10.98
2026-01-05T17:11:23.753Z,10.98
2026-01-05T17:16:23.736Z,10.96
2026-01-05T17:21:23.665Z,10.89
2026-01-05T17:26:23.653Z,10.86
2026-01-05T17:31:23.796Z,10.84
2026-01-05T17:36:23.668Z,10.81
2026-01-05T17:41:23.896Z,10.75
2026-01-05T17:46:23.727Z,10.81
2026-01-05T17:51:23.882Z,10.72
2026-01-05T17:56:23.864Z,10.63
2026-01-05T18:01:23.744Z,10.7
2026-01-05T18:06:23.849Z,10.7
2026-01-05T18:11:23.763Z,10.55
2026-01-05T18:16:23.667Z,10.55
2026-01-05T18:21:23.65Z,10.47
2026-01-05T18:26:23.697Z,10.38
2026-01-05T18:31:23.805Z,10.24
2026-01-05T18:36:23.645Z,10.17
2026-01-05T18:41:23.649Z,10.15
2026-01-05T18:46:23.855Z,10.06
2026-01-05T18:51:23.948Z,9.98
2026-01-05T18:56:23.738Z,9.94
2026-01-05T19:01:23.786Z,9.89
2026-01-05T19:06:23.733Z,9.89
2026-01-05T19:11:23.804Z,9.91
2026-01-05T19:16:23.721Z,9.8
2026-01-05T19:21:23.781Z,9.8
2026-01-05T19:26:23.752Z,9.72
2026-01-05T19:31:23.909Z,9.68
2026-01-05T19:36:23.724Z,9.75
2026-01-05T19:41:23.802Z,9.68
2026-01-05T19:46:23.823Z,9.63
2026-01-05T19:51:23.893Z,9.68
2026-01-05T19:56:23.711Z,9.57
2026-01-05T20:01:23.65Z,9.51
2026-01-05T20:06:23.843Z,9.57
2026-01-05T20:11:24.101Z,9.57
2026-01-05T20:16:23.85Z,9.54
2026-01-05T20:21:23.768Z,9.57
2026-01-05T20:26:23.698Z,9.6
2026-01-05T20:31:23.666Z,9.6
2026-01-05T20:36:23.762Z,9.51
2026-01-05T20:41:23.636Z,9.51
2026-01-05T20:46:23.654Z,9.6
2026-01-05T20:51:23.902Z,9.49
2026-01-05T20:56:23.726Z,9.45
2026-01-05T21:01:23.726Z,9.49
2026-01-05T21:06:23.846Z,9.37
2026-01-05T21:11:23.791Z,9.51
2026-01-05T21:16:23.628Z,9.54
2026-01-05T21:21:23.884Z,9.49
2026-01-05T21:26:23.71Z,9.51
2026-01-05T21:31:23.75Z,9.51
2026-01-05T21:36:23.803Z,9.4
2026-01-05T21:41:23.923Z,9.49
2026-01-05T21:46:23.864Z,9.49
2026-01-05T21:51:23.802Z,9.42
2026-01-05T21:56:23.701Z,9.45
2026-01-05T22:01:23.679Z,9.49
2026-01-05T22:06:23.69Z,9.51
2026-01-05T22:11:23.884Z,9.49
2026-01-05T22:16:23.698Z,9.51
2026-01-05T22:21:23.763Z,9.45
2026-01-05T22:26:23.88Z,9.4
2026-01-05T22:31:23.755Z,9.37
2026-01-05T22:36:23.727Z,9.34
2026-01-05T22:41:23.829Z,9.31
2026-01-05T22:46:23.694Z,9.31
2026-01-05T22:51:23.758Z,9.31
2026-01-05T22:56:23.666Z,9.26
2026-01-05T23:01:23.8Z,9.28
2026-01-05T23:06:23.677Z,9.19
2026-01-05T23:11:23.879Z,9.11
2026-01-05T23:16:23.65Z,9.17
2026-01-05T23:21:23.792Z,9.05
2026-01-05T23:26:23.771Z,9.05
2026-01-05T23:31:23.844Z,9.11
2026-01-05T23:36:23.81Z,9.08
2026-01-05T23:41:23.743Z,9.11
2026-01-05T23:46:23.822Z,9.05
2026-01-05T23:51:23.739Z,9.05
2026-01-05T23:56:23.713Z,9.05
2026-01-06T00:01:23.696Z,9.0
2026-01-06T00:06:23.665Z,8.97
2026-01-06T00:11:23.714Z,9.0
2026-01-06T00:16:23.602Z,9.03
2026-01-06T00:21:23.691Z,9.03
2026-01-06T00:26:23.698Z,9.08
2026-01-06T00:31:23.745Z,9.05
2026-01-06T00:36:23.781Z,9.05
2026-01-06T00:41:23.705Z,8.97
2026-01-06T00:46:23.77Z,9.0
2026-01-06T00:51:23.817Z,8.94
2026-01-06T00:56:23.761Z,8.94
2026-01-06T01:01:23.789Z,8.79
2026-01-06T01:06:23.729Z,8.56
2026-01-06T01:11:23.777Z,8.54
2026-01-06T01:16:23.792Z,8.45
2026-01-06T01:21:23.754Z,8.45
2026-01-06T01:26:23.791Z,8.54
2026-01-06T01:31:23.956Z,8.45
2026-01-06T01:36:23.847Z,8.48
2026-01-06T01:41:23.646Z,8.42
2026-01-06T01:46:23.676Z,8.39
2026-01-06T01:51:23.701Z,8.33
2026-01-06T01:56:23.699Z,8.31
2026-01-06T02:01:23.644Z,8.31
2026-01-06T02:06:23.679Z,8.16
2026-01-06T02:11:23.769Z,8.16
2026-01-06T02:16:23.677Z,8.08
2026-01-06T02:21:23.814Z,7.99
2026-01-06T02:26:23.667Z,8.05
2026-01-06T02:31:23.577Z,7.96
2026-01-06T02:36:23.702Z,7.96
2026-01-06T02:41:23.754Z,7.9
2026-01-06T02:46:23.799Z,7.76
2026-01-06T02:51:24.019Z,7.84
2026-01-06T02:56:23.61Z,7.7
2026-01-06T03:01:23.8Z,7.61
2026-01-06T03:06:23.753Z,7.53
2026-01-06T03:11:23.755Z,7.56
2026-01-06T03:16:23.814Z,7.53
2026-01-06T03:21:23.784Z,7.47
2026-01-06T03:26:23.772Z,7.5
2026-01-06T03:31:23.793Z,7.38
2026-01-06T03:36:23.631Z,7.3
2026-01-06T03:41:23.761Z,7.24
2026-01-06T03:46:23.821Z,7.24
2026-01-06T03:51:23.78Z,7.24
2026-01-06T03:56:23.758Z,7.27
2026-01-06T04:01:23.739Z,7.24
2026-01-06T04:06:23.729Z,7.18
2026-01-06T04:11:23.601Z,7.12
2026-01-06T04:16:23.806Z,7.15
2026-01-06T04:21:23.578Z,7.12
2026-01-06T04:26:23.633Z,7.15
2026-01-06T04:31:23.765Z,7.07
2026-01-06T04:36:23.843Z,7.01
2026-01-06T04:41:23.675Z,7.04
2026-01-06T04:46:23.597Z,7.1
2026-01-06T04:51:23.625Z,7.01
2026-01-06T04:56:23.73Z,7.04
2026-01-06T05:01:23.797Z,6.95
2026-01-06T05:06:23.635Z,6.84
2026-01-06T05:11:23.575Z,6.72
2026-01-06T05:16:23.688Z,6.43
2026-01-06T05:21:23.763Z,6.23
2026-01-06T05:26:23.629Z,6.0
2026-01-06T05:31:23.687Z,5.89
2026-01-06T05:36:23.622Z,5.71
2026-01-06T05:41:23.723Z,5.54
2026-01-06T05:46:23.578Z,5.4
2026-01-06T05:51:23.57Z,5.28
2026-01-06T05:56:23.767Z,5.22
2026-01-06T06:01:23.656Z,5.14
2026-01-06T06:06:23.688Z,5.08
2026-01-06T06:11:23.704Z,4.99
2026-01-06T06:16:23.621Z,4.85
2026-01-06T06:21:23.654Z,4.82
2026-01-06T06:26:23.692Z,4.71
2026-01-06T06:31:23.66Z,4.65
2026-01-06T06:36:23.569Z,4.59
2026-01-06T06:41:23.636Z,4.47
2026-01-06T06:46:23.777Z,4.45
2026-01-06T06:51:23.554Z,4.36
2026-01-06T06:56:23.559Z,4.39
2026-01-06T07:01:23.702Z,4.39
2026-01-06T07:06:23.564Z,4.27
2026-01-06T07:11:23.744Z,4.31
2026-01-06T07:16:23.693Z,4.31
2026-01-06T07:21:23.558Z,4.33
2026-01-06T07:26:23.715Z,4.27
2026-01-06T07:31:23.587Z,4.31
2026-01-06T07:36:23.697Z,4.36
2026-01-06T07:41:23.772Z,4.36
2026-01-06T07:46:23.649Z,4.36
2026-01-06T07:51:23.881Z,4.31
2026-01-06T07:56:23.576Z,4.31
2026-01-06T08:01:23.643Z,4.36
2026-01-06T08:06:23.703Z,4.5
2026-01-06T08:11:23.797Z,4.59
2026-01-06T08:16:23.738Z,4.68
2026-01-06T08:21:23.687Z,4.76
2026-01-06T08:26:23.62Z,4.88
2026-01-06T08:31:23.62Z,4.88
2026-01-06T08:36:23.743Z,4.99
2026-01-06T08:41:23.682Z,5.03
2026-01-06T08:46:23.523Z,5.05
2026-01-06T08:51:23.529Z,5.17
2026-01-06T08:56:23.689Z,5.25
2026-01-06T09:01:23.708Z,5.31
2026-01-06T09:06:23.648Z,5.37
2026-01-06T09:11:23.754Z,5.37
2026-01-06T09:16:23.583Z,5.43
2026-01-06T09:21:23.563Z,5.57
2026-01-06T09:26:23.646Z,5.6
2026-01-06T09:31:23.643Z,5.68
2026-01-06T09:36:23.593Z,5.74
2026-01-06T09:41:23.586Z,5.71
2026-01-06T09:46:23.624Z,5.86
2026-01-06T09:51:23.748Z,5.97
2026-01-06T09:56:23.679Z,6.06
2026-01-06T10:01:23.723Z,6.12
2026-01-06T10:06:23.678Z,6.09
2026-01-06T10:11:23.55Z,6.15
2026-01-06T10:16:23.641Z,6.35
2026-01-06T10:21:23.622Z,6.52
2026-01-06T10:26:23.537Z,6.64
2026-01-06T10:31:23.662Z,6.72
2026-01-06T10:36:23.591Z,6.75
2026-01-06T10:41:23.734Z,6.87
2026-01-06T10:46:23.688Z,6.84
2026-01-06T10:51:23.719Z,6.78
2026-01-06T10:56:23.504Z,6.92
2026-01-06T11:01:23.663Z,6.95
2026-01-06T11:06:23.644Z,7.1
2026-01-06T11:11:23.505Z,7.33
2026-01-06T11:16:23.749Z,7.35
2026-01-06T11:21:23.749Z,7.59
2026-01-06T11:26:23.704Z,7.67
2026-01-06T11:31:23.593Z,7.9
2026-01-06T11:36:23.693Z,8.16
2026-01-06T11:41:23.751Z,8.19
2026-01-06T11:46:23.701Z,8.13
2026-01-06T11:51:23.53Z,8.16
2026-01-06T11:56:23.603Z,8.22
2026-01-06T12:01:23.605Z,8.25
2026-01-06T12:06:23.721Z,8.42
2026-01-06T12:11:23.596Z,8.59
2026-01-06T12:16:23.576Z,8.68
2026-01-06T12:21:23.624Z,8.71
2026-01-06T12:26:23.69Z,8.74
2026-01-06T12:31:23.675Z,8.82
2026-01-06T12:36:23.529Z,8.85
2026-01-06T12:41:23.553Z,9.05
2026-01-06T12:46:23.703Z,9.14
2026-01-06T12:51:23.523Z,9.03
2026-01-06T12:56:23.546Z,9.11
2026-01-06T13:01:23.489Z,9.26
2026-01-06T13:06:23.511Z,9.37
2026-01-06T13:11:23.715Z,9.51
2026-01-06T13:16:23.536Z,9.6
2026-01-06T13:21:23.517Z,9.86
2026-01-06T13:26:23.65Z,9.98
2026-01-06T13:31:23.505Z,9.86
2026-01-06T13:36:23.636Z,10.12
2026-01-06T13:41:23.613Z,10.29
2026-01-06T13:46:23.634Z,10.24
2026-01-06T13:51:23.541Z,10.32
2026-01-06T13:56:23.696Z,10.52
2026-01-06T14:01:23.886Z,10.72
2026-01-06T14:06:23.548Z,10.81
2026-01-06T14:11:23.666Z,10.81
2026-01-06T14:16:23.494Z,10.78
2026-01-06T14:21:23.705Z,10.81
2026-01-06T14:26:23.609Z,10.66
2026-01-06T14:31:23.514Z,10.72
2026-01-06T14:36:23.674Z,10.89
2026-01-06T14:41:23.544Z,10.96
2026-01-06T14:46:23.512Z,10.84
2026-01-06T14:51:23.585Z,10.78
2026-01-06T14:56:23.572Z,10.92
2026-01-06T15:01:23.605Z,10.86
2026-01-06T15:06:23.708Z,10.86
2026-01-06T15:11:23.665Z,10.96
2026-01-06T15:16:23.589Z,11.07
2026-01-06T15:21:23.52Z,11.1
2026-01-06T15:26:23.632Z,11.04
2026-01-06T15:31:23.573Z,10.86
2026-01-06T15:36:23.64Z,10.72
2026-01-06T15:41:23.557Z,10.75
2026-01-06T15:46:23.594Z,10.72
2026-01-06T15:51:23.718Z,10.61
2026-01-06T15:56:23.602Z,10.35
2026-01-06T16:01:23.667Z,10.26
2026-01-06T16:06:23.703Z,10.21
2026-01-06T16:11:23.483Z,10.24
2026-01-06T16:16:23.486Z,10.29
2026-01-06T16:21:23.713Z,10.4
2026-01-06T16:26:23.538Z,10.4
2026-01-06T16:31:23.753Z,10.29
2026-01-06T16:36:23.676Z,10.26
2026-01-06T16:41:23.532Z,10.17
2026-01-06T16:46:23.58Z,10.15
2026-01-06T16:51:23.573Z,10.06
2026-01-06T16:56:23.527Z,9.98
2026-01-06T17:01:23.625Z,9.98
2026-01-06T17:06:23.567Z,9.8
2026-01-06T17:11:23.656Z,9.75
2026-01-06T17:16:23.615Z,9.75
2026-01-06T17:21:23.523Z,9.72
2026-01-06T17:26:23.474Z,9.57
2026-01-06T17:31:23.528Z,9.57
2026-01-06T17:36:23.699Z,9.51
2026-01-06T17:41:23.673Z,9.51
2026-01-06T17:46:23.618Z,9.42
2026-01-06T17:51:23.462Z,9.34
2026-01-06T17:56:23.532Z,9.37
2026-01-06T18:01:23.549Z,9.17
2026-01-06T18:06:23.703Z,9.17
2026-01-06T18:11:23.706Z,9.31
2026-01-06T18:16:23.712Z,9.34
2026-01-06T18:21:23.601Z,9.34
2026-01-06T18:26:23.608Z,9.17
2026-01-06T18:31:23.616Z,8.97
2026-01-06T18:36:23.642Z,8.74
2026-01-06T18:41:23.59Z,8.48
2026-01-06T18:46:23.702Z,8.31
2026-01-06T18:51:23.704Z,8.05
2026-01-06T18:56:23.663Z,7.9
2026-01-06T19:01:23.515Z,7.73
2026-01-06T19:06:23.473Z,7.56
2026-01-06T19:11:23.643Z,7.53
2026-01-06T19:16:23.517Z,7.59
2026-01-06T19:21:23.47Z,7.47
2026-01-06T19:26:23.764Z,7.41
2026-01-06T19:31:23.703Z,7.44
2026-01-06T19:36:23.465Z,7.33
2026-01-06T19:41:23.576Z,7.18
2026-01-06T19:46:23.61Z,7.07
2026-01-06T19:51:23.663Z,6.98
2026-01-06T19:56:23.453Z,6.84
2026-01-06T20:01:23.677Z,6.75
2026-01-06T20:06:23.601Z,6.66
2026-01-06T20:11:23.662Z,6.61
2026-01-06T20:16:23.739Z,6.66
2026-01-06T20:21:23.588Z,6.55
2026-01-06T20:26:23.468Z,6.58
2026-01-06T20:31:23.609Z,6.66
2026-01-06T20:36:23.668Z,6.52
2026-01-06T20:41:23.497Z,6.35
2026-01-06T20:46:23.456Z,6.43
2026-01-06T20:51:23.662Z,6.43
2026-01-06T20:56:23.621Z,6.15
2026-01-06T21:01:23.427Z,5.94
2026-01-06T21:06:23.656Z,5.74
2026-01-06T21:11:23.68Z,5.63
2026-01-06T21:16:23.632Z,5.66
2026-01-06T21:21:23.495Z,5.71
2026-01-06T21:26:23.572Z,5.54
2026-01-06T21:31:23.431Z,5.45
2026-01-06T21:36:23.641Z,5.25
2026-01-06T21:41:23.501Z,5.25
2026-01-06T21:46:23.527Z,5.22
2026-01-06T21:51:23.492Z,5.43
2026-01-06T21:56:23.602Z,5.48
2026-01-06T22:01:23.47Z,5.34
2026-01-06T22:06:23.489Z,5.19
2026-01-06T22:11:23.649Z,5.05
2026-01-06T22:16:23.419Z,5.05
2026-01-06T22:21:23.656Z,4.99
2026-01-06T22:26:23.614Z,4.91
2026-01-06T22:31:23.583Z,5.17
2026-01-06T22:36:23.418Z,5.05
2026-01-06T22:41:23.63Z,4.91
2026-01-06T22:46:23.514Z,4.85
2026-01-06T22:51:23.432Z,4.62
2026-01-06T22:56:23.453Z,4.45
2026-01-06T23:01:23.425Z,4.36
2026-01-06T23:06:23.443Z,4.19
2026-01-06T23:11:23.466Z,4.08
2026-01-06T23:16:23.498Z,3.99
2026-01-06T23:21:23.423Z,3.93
2026-01-06T23:26:23.437Z,3.84
2026-01-06T23:31:23.559Z,3.87
2026-01-06T23:36:23.693Z,3.79
2026-01-06T23:41:23.592Z,3.67
2026-01-06T23:46:23.418Z,3.52
2026-01-06T23:51:23.475Z,3.38
2026-01-06T23:56:23.446Z,3.47
2026-01-07T00:01:23.636Z,3.99
2026-01-07T00:06:23.454Z,4.59
2026-01-07T00:11:23.437Z,5.14
2026-01-07T00:16:23.46Z,5.57
2026-01-07T00:21:23.778Z,5.6
2026-01-07T00:26:23.504Z,5.34
2026-01-07T00:31:23.561Z,5.86
2026-01-07T00:36:23.439Z,6.03
2026-01-07T00:41:23.628Z,6.15
2026-01-07T00:46:23.615Z,6.26
2026-01-07T00:51:23.642Z,6.23
2026-01-07T00:56:23.468Z,6.03
2026-01-07T01:01:23.551Z,5.91
2026-01-07T01:06:23.414Z,5.71
2026-01-07T01:11:23.462Z,5.57
2026-01-07T01:16:23.576Z,5.34
2026-01-07T01:21:23.438Z,5.11
2026-01-07T01:26:23.497Z,5.03
2026-01-07T01:31:23.529Z,4.88
2026-01-07T01:36:23.557Z,5.22
2026-01-07T01:41:23.489Z,5.4
2026-01-07T01:46:23.61Z,5.66
2026-01-07T01:51:23.606Z,5.86
2026-01-07T01:56:23.637Z,5.86
2026-01-07T02:01:23.748Z,5.97
2026-01-07T02:06:23.572Z,6.06
2026-01-07T02:11:23.569Z,6.12
2026-01-07T02:16:23.434Z,6.2
2026-01-07T02:21:23.443Z,6.12
2026-01-07T02:26:23.397Z,6.26
2026-01-07T02:31:23.666Z,6.49
2026-01-07T02:36:23.625Z,6.69
2026-01-07T02:41:23.4Z,6.84
2026-01-07T02:46:23.493Z,6.78
2026-01-07T02:51:23.516Z,6.75
2026-01-07T02:56:23.426Z,6.78
2026-01-07T03:01:23.601Z,6.75
2026-01-07T03:06:23.604Z,6.81
2026-01-07T03:11:23.45Z,6.78
2026-01-07T03:16:23.489Z,6.69
2026-01-07T03:21:23.51Z,6.35
2026-01-07T03:26:23.715Z,6.12
2026-01-07T03:31:23.488Z,6.09
2026-01-07T03:36:23.578Z,5.94
2026-01-07T03:41:23.698Z,5.63
2026-01-07T03:46:23.385Z,5.22
2026-01-07T03:51:23.511Z,4.88
2026-01-07T03:56:23.563Z,4.68
2026-01-07T04:01:23.363Z,4.27
2026-01-07T04:06:23.382Z,4.08
2026-01-07T04:11:23.463Z,3.82
2026-01-07T04:16:23.387Z,3.61
2026-01-07T04:21:23.602Z,3.5
2026-01-07T04:26:23.501Z,3.9
2026-01-07T04:31:23.554Z,4.68
2026-01-07T04:36:23.363Z,5.71
2026-01-07T04:41:23.437Z,5.97
2026-01-07T04:46:23.592Z,6.06
2026-01-07T04:51:23.483Z,6.15
2026-01-07T04:56:23.357Z,6.15
2026-01-07T05:01:23.66Z,6.49
2026-01-07T05:06:23.423Z,6.49
2026-01-07T05:11:23.507Z,6.55
2026-01-07T05:16:23.549Z,6.75
2026-01-07T05:21:23.535Z,6.75
2026-01-07T05:26:23.531Z,6.55
2026-01-07T05:31:23.385Z,6.46
2026-01-07T05:36:23.426Z,6.4
2026-01-07T05:41:23.575Z,6.15
2026-01-07T05:46:23.591Z,6.03
2026-01-07T05:51:23.533Z,5.71
2026-01-07T05:56:23.464Z,5.57
2026-01-07T06:01:23.399Z,5.37
2026-01-07T06:06:23.392Z,5.17
2026-01-07T06:11:23.569Z,4.96
2026-01-07T06:16:23.563Z,5.05
2026-01-07T06:21:23.549Z,4.99
2026-01-07T06:26:23.414Z,4.96
2026-01-07T06:31:23.637Z,5.03
2026-01-07T06:36:23.602Z,4.99
2026-01-07T06:41:23.374Z,4.88
2026-01-07T06:46:23.582Z,4.73
2026-01-07T06:51:23.466Z,4.54
2026-01-07T06:56:23.458Z,4.33
2026-01-07T07:01:23.358Z,4.05
2026-01-07T07:06:23.529Z,4.01
2026-01-07T07:11:23.525Z,4.33
2026-01-07T07:16:23.545Z,4.68
2026-01-07T07:21:23.382Z,5.19
2026-01-07T07:26:23.524Z,6.0
2026-01-07T07:31:23.446Z,6.49
2026-01-07T07:36:23.607Z,6.55
2026-01-07T07:41:23.567Z,6.66
2026-01-07T07:46:23.44Z,6.84
2026-01-07T07:51:23.542Z,7.01
2026-01-07T07:56:23.376Z,7.1
2026-01-07T08:01:23.476Z,7.01
2026-01-07T08:06:23.403Z,7.1
2026-01-07T08:11:23.552Z,7.15
2026-01-07T08:16:23.432Z,7.27
2026-01-07T08:21:23.598Z,7.35
2026-01-07T08:26:23.429Z,7.33
2026-01-07T08:31:23.587Z,7.59
2026-01-07T08:36:23.349Z,7.7
2026-01-07T08:41:23.32Z,7.79
2026-01-07T08:46:23.601Z,7.84
2026-01-07T08:51:23.389Z,8.02
2026-01-07T08:56:23.393Z,8.05
2026-01-07T09:01:23.556Z,8.25
2026-01-07T09:06:23.564Z,8.36
2026-01-07T09:11:23.354Z,8.36
2026-01-07T09:16:23.571Z,8.31
2026-01-07T09:21:23.44Z,8.45
2026-01-07T09:26:23.384Z,8.62
2026-01-07T09:31:23.444Z,8.62
2026-01-07T09:36:23.386Z,8.85
2026-01-07T09:41:23.514Z,9.03
2026-01-07T09:46:23.464Z,9.31
2026-01-07T09:51:23.396Z,9.45
2026-01-07T09:56:23.516Z,9.68
2026-01-07T10:01:23.559Z,9.72
2026-01-07T10:06:23.371Z,9.83
2026-01-07T10:11:23.517Z,10.06
2026-01-07T10:16:23.456Z,10.55
2026-01-07T10:21:23.559Z,11.07
2026-01-07T10:26:23.339Z,11.12
2026-01-07T10:31:23.415Z,11.1
2026-01-07T10:36:23.485Z,10.89
2026-01-07T10:41:23.476Z,10.96
2026-01-07T10:46:23.331Z,11.27
2026-01-07T10:51:23.455Z,11.44
2026-01-07T10:56:23.471Z,11.41
2026-01-07T11:01:23.328Z,11.33
2026-01-07T11:06:23.408Z,11.33
2026-01-07T11:11:23.445Z,11.33
2026-01-07T11:16:23.53Z,11.76
2026-01-07T11:21:23.551Z,12.13
2026-01-07T11:26:23.329Z,12.51
2026-01-07T11:31:23.396Z,12.54
2026-01-07T11:36:23.505Z,12.68
2026-01-07T11:41:23.516Z,12.65
2026-01-07T11:46:23.554Z,12.85
2026-01-07T11:51:23.494Z,12.97
2026-01-07T11:56:23.478Z,12.91
2026-01-07T12:01:23.567Z,12.94
2026-01-07T12:06:23.431Z,13.23
2026-01-07T12:11:23.338Z,13.23
2026-01-07T12:16:23.495Z,13.23
2026-01-07T12:21:23.354Z,13.23
2026-01-07T12:26:23.53Z,13.26
2026-01-07T12:31:23.43Z,13.31
2026-01-07T12:36:23.5Z,13.4
2026-01-07T12:41:23.449Z,13.31
2026-01-07T12:46:23.508Z,13.4
2026-01-07T12:51:23.497Z,13.72
2026-01-07T12:56:23.454Z,14.26
2026-01-07T13:01:23.522Z,14.35
2026-01-07T13:06:23.518Z,14.21
2026-01-07T13:11:23.485Z,13.95
2026-01-07T13:16:23.518Z,14.0
2026-01-07T13:21:23.299Z,14.06
2026-01-07T13:26:23.427Z,14.18
2026-01-07T13:31:23.502Z,14.03
2026-01-07T13:36:23.35Z,14.35
2026-01-07T13:41:23.344Z,14.26
2026-01-07T13:46:23.485Z,14.35
2026-01-07T13:51:23.293Z,14.49
2026-01-07T13:56:23.483Z,14.44
2026-01-07T14:01:23.421Z,14.23
2026-01-07T14:06:23.769Z,14.21
2026-01-07T14:11:23.404Z,14.47
2026-01-07T14:16:23.321Z,14.44
2026-01-07T14:21:23.544Z,14.35
2026-01-07T14:26:23.375Z,14.37
2026-01-07T14:31:23.591Z,14.32
2026-01-07T14:36:23.49Z,14.29
2026-01-07T14:41:23.492Z,14.37
2026-01-07T14:46:23.298Z,14.44
2026-01-07T14:51:23.548Z,14.37
2026-01-07T14:56:23.383Z,14.49
2026-01-07T15:01:23.379Z,14.55
2026-01-07T15:06:23.359Z,14.7
2026-01-07T15:11:23.346Z,14.64
2026-01-07T15:16:23.372Z,14.32
2026-01-07T15:21:23.448Z,14.44
2026-01-07T15:26:23.362Z,14.64
2026-01-07T15:31:23.39Z,14.49
2026-01-07T15:36:23.419Z,14.49
2026-01-07T15:41:23.297Z,14.49
2026-01-07T15:46:23.369Z,14.41
2026-01-07T15:51:23.402Z,14.47
2026-01-07T15:56:23.421Z,14.23
2026-01-07T16:01:23.34Z,14.0
2026-01-07T16:06:23.45Z,13.95
2026-01-07T16:11:23.365Z,13.98
2026-01-07T16:16:23.371Z,14.09
2026-01-07T16:21:23.4Z,14.0
2026-01-07T16:26:23.378Z,13.8
2026-01-07T16:31:23.3Z,13.54
2026-01-07T16:36:23.479Z,13.34
2026-01-07T16:41:23.495Z,13.23
2026-01-07T16:46:23.424Z,13.11
2026-01-07T16:51:23.397Z,13.0
2026-01-07T16:56:23.26Z,12.82
2026-01-07T17:01:23.349Z,12.79
2026-01-07T17:06:23.351Z,12.62
2026-01-07T17:11:23.39Z,12.68
2026-01-07T17:16:23.473Z,12.74
2026-01-07T17:21:23.352Z,12.68
2026-01-07T17:26:23.448Z,12.68
2026-01-07T17:31:23.296Z,12.56
2026-01-07T17:36:23.536Z,12.54
2026-01-07T17:41:23.467Z,12.42
2026-01-07T17:46:23.472Z,12.31
2026-01-07T17:51:23.275Z,12.16
2026-01-07T17:56:23.413Z,11.93
2026-01-07T18:01:23.487Z,11.56
2026-01-07T18:06:23.241Z,11.12
2026-01-07T18:11:23.279Z,10.81
2026-01-07T18:16:23.243Z,10.75
2026-01-07T18:21:23.481Z,10.81
2026-01-07T18:26:23.313Z,11.19
2026-01-07T18:31:23.413Z,11.61
2026-01-07T18:36:23.336Z,11.73
2026-01-07T18:41:23.481Z,11.64
2026-01-07T18:46:23.309Z,11.64
2026-01-07T18:51:23.469Z,11.47
2026-01-07T18:56:23.288Z,11.53
2026-01-07T19:01:23.283Z,11.5
2026-01-07T19:06:23.261Z,11.5
2026-01-07T19:11:23.307Z,11.3
2026-01-07T19:16:23.231Z,11.04
2026-01-07T19:21:23.231Z,10.78
2026-01-07T19:26:23.262Z,10.7
2026-01-07T19:31:23.267Z,10.92
2026-01-07T19:36:23.35Z,10.92
2026-01-07T19:41:23.238Z,10.7
2026-01-07T19:46:23.364Z,10.58
2026-01-07T19:51:23.468Z,10.43
2026-01-07T19:56:23.456Z,10.55
2026-01-07T20:01:23.345Z,10.32
2026-01-07T20:06:23.214Z,10.09
2026-01-07T20:11:23.42Z,9.91
2026-01-07T20:16:23.472Z,9.75
2026-01-07T20:21:23.224Z,9.51
2026-01-07T20:26:23.397Z,9.28
2026-01-07T20:31:23.283Z,9.37
2026-01-07T20:36:23.424Z,9.49
2026-01-07T20:41:23.447Z,9.63
2026-01-07T20:46:23.45Z,9.68
2026-01-07T20:51:23.329Z,9.75
2026-01-07T20:56:23.232Z,10.06
2026-01-07T21:01:23.241Z,10.17
2026-01-07T21:06:23.368Z,10.15
2026-01-07T21:11:23.233Z,10.15
2026-01-07T21:16:23.311Z,10.24
2026-01-07T21:21:23.309Z,10.38
2026-01-07T21:26:23.305Z,10.52
2026-01-07T21:31:23.326Z,10.7
2026-01-07T21:36:23.238Z,10.66
2026-01-07T21:41:23.444Z,10.52
2026-01-07T21:46:23.382Z,10.38
2026-01-07T21:51:23.293Z,10.26
2026-01-07T21:56:23.426Z,10.15
2026-01-07T22:01:23.28Z,9.98
2026-01-07T22:06:23.216Z,9.8
2026-01-07T22:11:23.365Z,9.45
2026-01-07T22:16:23.307Z,9.17
2026-01-07T22:21:23.258Z,8.77
2026-01-07T22:26:23.216Z,8.45
2026-01-07T22:31:23.402Z,8.28
2026-01-07T22:36:23.452Z,7.99
2026-01-07T22:41:23.394Z,7.82
2026-01-07T22:46:23.413Z,7.87
2026-01-07T22:51:23.264Z,7.79
2026-01-07T22:56:23.436Z,7.79
2026-01-07T23:01:23.318Z,7.61
2026-01-07T23:06:23.369Z,7.67
2026-01-07T23:11:23.393Z,7.73
2026-01-07T23:16:23.194Z,8.02
2026-01-07T23:21:23.345Z,8.28
2026-01-07T23:26:23.275Z,9.23
2026-01-07T23:31:23.302Z,9.51
2026-01-07T23:36:23.405Z,9.75
2026-01-07T23:41:23.362Z,9.72
2026-01-07T23:46:23.227Z,9.63
2026-01-07T23:51:23.336Z,9.49
2026-01-07T23:56:23.362Z,9.17
2026-01-08T00:01:23.408Z,9.0
2026-01-08T00:06:23.28Z,8.77
2026-01-08T00:11:23.233Z,8.68
2026-01-08T00:16:23.484Z,8.48
2026-01-08T00:21:23.441Z,8.25
2026-01-08T00:26:23.244Z,8.05
2026-01-08T00:31:23.339Z,8.08
2026-01-08T00:36:23.298Z,7.99
2026-01-08T00:41:23.229Z,7.93
2026-01-08T00:46:23.243Z,7.7
2026-01-08T00:51:23.435Z,7.53
2026-01-08T00:56:23.266Z,7.56
2026-01-08T01:01:23.249Z,7.38
2026-01-08T01:06:23.187Z,7.38
2026-01-08T01:11:23.286Z,7.47
2026-01-08T01:16:23.322Z,7.44
2026-01-08T01:21:23.424Z,7.3
2026-01-08T01:26:23.395Z,7.21
2026-01-08T01:31:23.28Z,7.15
2026-01-08T01:36:23.312Z,7.1
2026-01-08T01:41:23.419Z,7.1
2026-01-08T01:46:23.335Z,6.87
2026-01-08T01:51:23.202Z,6.81
2026-01-08T01:56:23.369Z,6.75
2026-01-08T02:01:23.562Z,6.81
2026-01-08T02:06:23.413Z,6.69
2026-01-08T02:11:23.286Z,6.61
2026-01-08T02:16:23.338Z,6.52
2026-01-08T02:21:23.228Z,6.38
2026-01-08T02:26:23.272Z,6.17
2026-01-08T02:31:23.175Z,6.06
2026-01-08T02:36:23.331Z,5.91
2026-01-08T02:41:23.386Z,5.8
2026-01-08T02:46:23.322Z,5.68
2026-01-08T02:51:23.195Z,5.91
2026-01-08T02:56:23.253Z,6.81
2026-01-08T03:01:23.303Z,7.59
2026-01-08T03:06:23.416Z,7.9
2026-01-08T03:11:23.378Z,7.96
2026-01-08T03:16:23.337Z,8.02
2026-01-08T03:21:23.231Z,7.96
2026-01-08T03:26:23.311Z,7.76
2026-01-08T03:31:23.178Z,7.64
2026-01-08T03:36:23.291Z,7.47
2026-01-08T03:41:23.279Z,7.21
2026-01-08T03:46:23.396Z,7.18
2026-01-08T03:51:23.363Z,7.12
2026-01-08T03:56:23.388Z,7.04
2026-01-08T04:01:23.212Z,6.87
2026-01-08T04:06:23.273Z,6.95
2026-01-08T04:11:23.27Z,7.1
2026-01-08T04:16:23.391Z,7.44
2026-01-08T04:21:23.356Z,7.99
2026-01-08T04:26:23.353Z,8.31
2026-01-08T04:31:23.471Z,8.62
2026-01-08T04:36:23.356Z,8.94
2026-01-08T04:41:23.185Z,8.91
2026-01-08T04:46:23.369Z,8.85
2026-01-08T04:51:23.169Z,8.79
2026-01-08T04:56:23.159Z,8.74
2026-01-08T05:01:23.187Z,8.79
2026-01-08T05:06:23.284Z,8.88
2026-01-08T05:11:23.17Z,9.0
2026-01-08T05:16:23.231Z,8.97
2026-01-08T05:21:23.141Z,9.08
2026-01-08T05:26:23.208Z,9.03
2026-01-08T05:31:23.157Z,9.03
2026-01-08T05:36:23.204Z,9.37
2026-01-08T05:41:23.184Z,9.37
2026-01-08T05:46:23.353Z,9.34
2026-01-08T05:51:23.244Z,9.31
2026-01-08T05:56:23.162Z,9.11
2026-01-08T06:01:23.248Z,8.97
2026-01-08T06:06:23.259Z,8.85
2026-01-08T06:11:23.158Z,8.56
2026-01-08T06:16:23.275Z,8.13
2026-01-08T06:21:23.189Z,7.87
2026-01-08T06:26:23.271Z,7.67
2026-01-08T06:31:23.166Z,7.59
2026-01-08T06:36:23.197Z,7.67
2026-01-08T06:41:23.32Z,7.9
2026-01-08T06:46:23.337Z,7.96
2026-01-08T06:51:23.155Z,8.02
2026-01-08T06:56:23.213Z,7.96
2026-01-08T07:01:23.237Z,7.9
2026-01-08T07:06:23.167Z,7.82
2026-01-08T07:11:23.281Z,7.64
2026-01-08T07:16:23.25Z,7.73
2026-01-08T07:21:23.313Z,7.73
2026-01-08T07:26:23.163Z,7.73
2026-01-08T07:31:23.328Z,7.79
2026-01-08T07:36:23.343Z,7.99
2026-01-08T07:41:23.236Z,8.1
2026-01-08T07:46:23.144Z,8.28
2026-01-08T07:51:23.371Z,8.42
2026-01-08T07:56:23.186Z,8.51
2026-01-08T08:01:23.302Z,8.56
2026-01-08T08:06:23.304Z,8.65
2026-01-08T08:11:23.446Z,8.85
2026-01-08T08:16:23.215Z,9.08
2026-01-08T08:21:23.282Z,9.26
2026-01-08T08:26:23.193Z,9.34
2026-01-08T08:31:23.332Z,9.54
2026-01-08T08:36:23.127Z,9.8
2026-01-08T08:41:23.303Z,10.12
2026-01-08T08:46:23.33Z,10.4
2026-01-08T08:51:23.353Z,10.75
2026-01-08T08:56:23.171Z,10.98
2026-01-08T09:01:23.362Z,11.33
2026-01-08T09:06:23.26Z,11.35
2026-01-08T09:11:23.194Z,11.41
2026-01-08T09:16:23.409Z,11.47
2026-01-08T09:21:23.231Z,11.59
2026-01-08T09:26:23.173Z,11.47
2026-01-08T09:31:23.351Z,11.61
2026-01-08T09:36:23.257Z,11.64
2026-01-08T09:41:23.173Z,12.02
2026-01-08T09:46:23.32Z,12.39
2026-01-08T09:51:23.155Z,12.13
2026-01-08T09:56:23.255Z,12.25
2026-01-08T10:01:23.784Z,12.42
2026-01-08T10:06:23.348Z,12.79
2026-01-08T10:11:23.355Z,12.94
2026-01-08T10:16:23.254Z,13.14
2026-01-08T10:21:23.219Z,13.08
2026-01-08T10:26:23.345Z,12.94
2026-01-08T10:31:23.224Z,13.23
2026-01-08T10:36:23.183Z,13.34
2026-01-08T10:41:23.117Z,13.63
2026-01-08T10:46:23.248Z,13.83
2026-01-08T10:51:23.241Z,14.0
2026-01-08T10:56:23.211Z,13.89
2026-01-08T11:01:23.299Z,14.18
2026-01-08T11:06:23.122Z,14.41
2026-01-08T11:11:23.174Z,14.18
2026-01-08T11:16:23.325Z,14.12
2026-01-08T11:21:23.085Z,14.41
2026-01-08T11:26:23.327Z,14.75
2026-01-08T11:31:23.13Z,14.93
2026-01-08T11:36:23.32Z,15.42
2026-01-08T11:41:23.354Z,15.5
2026-01-08T11:46:23.298Z,15.53
2026-01-08T11:51:23.254Z,15.47
2026-01-08T11:56:23.141Z,15.47
2026-01-08T12:01:23.269Z,15.47
2026-01-08T12:06:23.163Z,15.39
2026-01-08T12:11:23.139Z,15.65
2026-01-08T12:16:23.28Z,15.76
2026-01-08T12:21:23.143Z,15.9
2026-01-08T12:26:23.266Z,16.1
2026-01-08T12:31:23.116Z,16.1
2026-01-08T12:36:23.17Z,16.05
2026-01-08T12:41:23.293Z,16.14
2026-01-08T12:46:23.315Z,16.19
2026-01-08T12:51:23.085Z,16.3
2026-01-08T12:56:23.08Z,16.28
2026-01-08T13:01:23.165Z,16.48
2026-01-08T13:06:23.214Z,16.77
2026-01-08T13:11:23.3Z,17.14
2026-01-08T13:16:23.095Z,17.31
2026-01-08T13:21:23.118Z,17.08
2026-01-08T13:26:23.537Z,17.23
2026-01-08T13:31:23.312Z,17.2
2026-01-08T13:36:23.207Z,17.69
2026-01-08T13:41:23.146Z,17.86
2026-01-08T13:46:23.076Z,17.89
2026-01-08T13:51:23.313Z,18.06
2026-01-08T13:56:23.26Z,18.21
2026-01-08T14:01:23.319Z,18.29
2026-01-08T14:06:23.325Z,18.44
2026-01-08T14:11:23.173Z,18.52
2026-01-08T14:16:23.261Z,18.69
2026-01-08T14:21:23.07Z,18.95
2026-01-08T14:26:23.536Z,19.21
2026-01-08T14:31:23.52Z,19.1
2026-01-08T14:36:23.107Z,19.42
2026-01-08T14:41:23.301Z,19.44
2026-01-08T14:46:23.256Z,19.42
2026-01-08T14:51:23.196Z,19.5
2026-01-08T14:56:23.194Z,19.62
2026-01-08T15:01:23.279Z,19.5
2026-01-08T15:06:23.304Z,19.59
2026-01-08T15:11:23.238Z,19.27
2026-01-08T15:16:23.073Z,19.13
2026-01-08T15:21:23.216Z,19.04
2026-01-08T15:26:23.21Z,18.93
2026-01-08T15:31:23.227Z,18.9
2026-01-08T15:36:23.078Z,18.81
2026-01-08T15:41:23.201Z,18.72
2026-01-08T15:46:23.054Z,18.49
2026-01-08T15:51:23.118Z,18.46
2026-01-08T15:56:23.159Z,18.41
2026-01-08T16:01:23.053Z,18.32
2026-01-08T16:06:23.051Z,18.15
2026-01-08T16:11:23.209Z,17.95
2026-01-08T16:16:23.084Z,17.77
2026-01-08T16:21:23.12Z,17.63
2026-01-08T16:26:23.162Z,17.66
2026-01-08T16:31:23.202Z,17.54
2026-01-08T16:36:23.174Z,17.02
2026-01-08T16:41:23.25Z,16.79
2026-01-08T16:46:23.203Z,16.48
2026-01-08T16:51:23.24Z,16.3
2026-01-08T16:56:23.574Z,16.05
2026-01-08T17:01:23.183Z,15.7
2026-01-08T17:06:23.125Z,15.35
2026-01-08T17:11:23.255Z,15.04
2026-01-08T17:16:23.143Z,14.67
2026-01-08T17:21:23.086Z,14.44
2026-01-08T17:26:23.086Z,14.26
2026-01-08T17:31:23.077Z,14.15
2026-01-08T17:36:23.033Z,14.15
2026-01-08T17:41:23.276Z,14.26
2026-01-08T17:46:23.163Z,14.23
2026-01-08T17:51:23.174Z,14.18
2026-01-08T17:56:23.111Z,14.18
2026-01-08T18:01:23.088Z,14.03
2026-01-08T18:06:23.082Z,13.89
2026-01-08T18:11:23.069Z,13.83
2026-01-08T18:16:23.155Z,13.69
2026-01-08T18:21:23.121Z,13.51
2026-01-08T18:26:23.233Z,13.2
2026-01-08T18:31:23.047Z,13.14
2026-01-08T18:36:23.057Z,12.97
2026-01-08T18:41:23.174Z,12.77
2026-01-08T18:46:23.23Z,12.54
2026-01-08T18:51:23.04Z,12.74
2026-01-08T18:56:23.211Z,12.74
2026-01-08T19:01:23.033Z,12.82
2026-01-08T19:06:23.18Z,12.85
2026-01-08T19:11:23.114Z,12.82
2026-01-08T19:16:23.062Z,12.77
2026-01-08T19:21:23.189Z,12.77
2026-01-08T19:26:23.08Z,12.65
2026-01-08T19:31:23.054Z,12.65
2026-01-08T19:36:23.165Z,12.54
2026-01-08T19:41:23.16Z,12.45
2026-01-08T19:46:23.103Z,12.31
2026-01-08T19:51:23.21Z,12.19
2026-01-08T19:56:23.156Z,11.99
2026-01-08T20:01:23.192Z,11.79
2026-01-08T20:06:23.077Z,11.7
2026-01-08T20:11:23.155Z,11.96
2026-01-08T20:16:23.38Z,12.39
2026-01-08T20:21:23.019Z,12.33
2026-01-08T20:26:23.11Z,12.19
2026-01-08T20:31:23.024Z,11.93
2026-01-08T20:36:23.156Z,11.7
2026-01-08T20:41:23.013Z,11.47
2026-01-08T20:46:23.216Z,11.21
2026-01-08T20:51:23.156Z,10.98
2026-01-08T20:56:23.208Z,11.01
2026-01-08T21:01:23.051Z,11.15
2026-01-08T21:06:23.08Z,11.3
2026-01-08T21:11:23.251Z,11.3
2026-01-08T21:16:23.014Z,11.27
2026-01-08T21:21:23.233Z,11.27
2026-01-08T21:26:23.126Z,11.38
2026-01-08T21:31:23.155Z,11.7
2026-01-08T21:36:23.222Z,11.79
2026-01-08T21:41:23.266Z,11.7
2026-01-08T21:46:23.23Z,11.59
2026-01-08T21:51:23.004Z,11.41
2026-01-08T21:56:23.122Z,11.35
2026-01-08T22:01:23.151Z,11.33
2026-01-08T22:06:23.088Z,11.24
2026-01-08T22:11:23.223Z,11.01
2026-01-08T22:16:23.146Z,10.75
2026-01-08T22:21:23.058Z,10.55
2026-01-08T22:26:22.988Z,10.7
2026-01-08T22:31:23.197Z,10.81
2026-01-08T22:36:22.996Z,10.89
2026-01-08T22:41:23.222Z,10.86
2026-01-08T22:46:23.127Z,10.81
2026-01-08T22:51:23.018Z,10.84
2026-01-08T22:56:23.021Z,10.66
2026-01-08T23:01:23.197Z,10.61
2026-01-08T23:06:23.228Z,10.66
2026-01-08T23:11:23.086Z,10.61
2026-01-08T23:16:23.185Z,10.63
2026-01-08T23:21:23.046Z,10.61
2026-01-08T23:26:23.094Z,10.72
2026-01-08T23:31:23.034Z,10.7
2026-01-08T23:36:23.074Z,10.61
2026-01-08T23:41:23.212Z,10.63
2026-01-08T23:46:23.024Z,10.61
2026-01-08T23:51:23.194Z,10.63
2026-01-08T23:56:23.196Z,10.43
2026-01-09T00:01:23.12Z,10.35
2026-01-09T00:06:23.147Z,10.24
2026-01-09T00:11:23.187Z,10.12
2026-01-09T00:16:23.096Z,9.83
2026-01-09T00:21:23.193Z,9.75
2026-01-09T00:26:23.2Z,9.63
2026-01-09T00:31:23.213Z,9.51
2026-01-09T00:36:23.01Z,9.45
2026-01-09T00:41:23.022Z,9.45
2026-01-09T00:46:23.162Z,9.57
2026-01-09T00:51:23.139Z,9.66
2026-01-09T00:56:23.069Z,9.77
2026-01-09T01:01:23.22Z,9.86
2026-01-09T01:06:23.025Z,10.0
2026-01-09T01:11:23.023Z,10.0
2026-01-09T01:16:23.199Z,10.0
2026-01-09T01:21:23.215Z,9.83
2026-01-09T01:26:23.143Z,9.6
2026-01-09T01:31:22.977Z,9.34
2026-01-09T01:36:23.184Z,9.14
2026-01-09T01:41:22.969Z,9.08
2026-01-09T01:46:23.062Z,9.05
2026-01-09T01:51:23.033Z,9.0
2026-01-09T01:56:23.073Z,8.71
2026-01-09T02:01:23.062Z,8.56
2026-01-09T02:06:23.01Z,8.48
2026-01-09T02:11:23.227Z,8.33
2026-01-09T02:16:22.971Z,8.19
2026-01-09T02:21:23.049Z,8.08
2026-01-09T02:26:22.981Z,8.28
2026-01-09T02:31:23.174Z,8.51
2026-01-09T02:36:23.105Z,8.68
2026-01-09T02:41:23.171Z,8.68
2026-01-09T02:46:23.136Z,8.77
2026-01-09T02:51:23.162Z,8.62
2026-01-09T02:56:23.038Z,8.45
2026-01-09T03:01:23.127Z,8.33
2026-01-09T03:06:23.121Z,8.25
2026-01-09T03:11:23.045Z,7.93
2026-01-09T03:16:23.025Z,7.76
2026-01-09T03:21:23.175Z,7.73
2026-01-09T03:26:23.181Z,7.53
2026-01-09T03:31:23.125Z,7.38
2026-01-09T03:36:23.026Z,7.27
2026-01-09T03:41:23.014Z,7.27
2026-01-09T03:46:23.186Z,7.24
2026-01-09T03:51:23.144Z,7.79
2026-01-09T03:56:23.078Z,8.82
2026-01-09T04:01:23.082Z,9.8
2026-01-09T04:06:23.197Z,10.49
2026-01-09T04:11:22.958Z,10.92
2026-01-09T04:16:23.103Z,11.3
2026-01-09T04:21:23.092Z,11.47
2026-01-09T04:26:23.156Z,11.01
2026-01-09T04:31:23.212Z,10.4
2026-01-09T04:36:23.106Z,10.09
2026-01-09T04:41:23.117Z,10.03
2026-01-09T04:46:22.981Z,9.94
2026-01-09T04:51:23.104Z,9.8
2026-01-09T04:56:23.193Z,9.68
2026-01-09T05:01:23.021Z,9.77
2026-01-09T05:06:23.035Z,9.68
2026-01-09T05:11:23.08Z,9.68
2026-01-09T05:16:23.07Z,9.54
2026-01-09T05:21:23.092Z,9.57
2026-01-09T05:26:23.013Z,9.72
2026-01-09T05:31:23.021Z,9.63
2026-01-09T05:36:23.207Z,9.51
2026-01-09T05:41:22.948Z,9.4
2026-01-09T05:46:23.051Z,9.34
2026-01-09T05:51:23.166Z,9.26
2026-01-09T05:56:23.181Z,9.26
2026-01-09T06:01:23.036Z,9.14
2026-01-09T06:06:23.093Z,9.05
2026-01-09T06:11:23.095Z,8.91
2026-01-09T06:16:22.921Z,8.88
2026-01-09T06:21:22.943Z,8.88
2026-01-09T06:26:23.15Z,8.77
2026-01-09T06:31:23.123Z,8.68
2026-01-09T06:36:22.947Z,8.85
2026-01-09T06:41:22.954Z,8.94
2026-01-09T06:46:23.096Z,9.05
2026-01-09T06:51:23.078Z,9.17
2026-01-09T06:56:23.024Z,9.34
2026-01-09T07:01:23.163Z,9.4
2026-01-09T07:06:23.078Z,9.37
2026-01-09T07:11:23.101Z,9.34
2026-01-09T07:16:23.054Z,9.34
2026-01-09T07:21:23.148Z,9.34
2026-01-09T07:26:23.181Z,9.28
2026-01-09T07:31:23.182Z,9.34
2026-01-09T07:36:23.012Z,9.34
2026-01-09T07:41:23.182Z,9.49
2026-01-09T07:46:23.021Z,9.34
2026-01-09T07:51:23.011Z,9.37
2026-01-09T07:56:23.03Z,9.45
2026-01-09T08:01:23.124Z,9.4
2026-01-09T08:06:23.168Z,9.34
2026-01-09T08:11:23.213Z,9.31
2026-01-09T08:16:23.288Z,9.37
2026-01-09T08:21:22.932Z,9.34
2026-01-09T08:26:23.113Z,9.42
2026-01-09T08:31:23.083Z,9.89
2026-01-09T08:36:23.041Z,10.29
2026-01-09T08:41:23.135Z,10.78
2026-01-09T08:46:23.153Z,11.07
2026-01-09T08:51:22.955Z,11.41
2026-01-09T08:56:23.143Z,11.79
2026-01-09T09:01:22.971Z,12.19
2026-01-09T09:06:22.898Z,12.33
2026-01-09T09:11:23.058Z,12.62
2026-01-09T09:16:22.957Z,13.03
2026-01-09T09:21:23.132Z,13.72
2026-01-09T09:26:22.94Z,14.09
2026-01-09T09:31:22.929Z,14.41
2026-01-09T09:36:23.106Z,14.75
2026-01-09T09:41:22.89Z,14.95
2026-01-09T09:46:22.913Z,15.12
2026-01-09T09:51:22.961Z,15.7
2026-01-09T09:56:22.925Z,16.1
2026-01-09T10:01:22.944Z,16.62
2026-01-09T10:06:23.045Z,16.79
2026-01-09T10:11:23.118Z,16.74
2026-01-09T10:16:23.013Z,16.62
2026-01-09T10:21:23.115Z,16.22
2026-01-09T10:26:23.036Z,16.1
2026-01-09T10:31:22.926Z,16.28
2026-01-09T10:36:22.91Z,16.53
2026-01-09T10:41:22.918Z,16.88
2026-01-09T10:46:23.093Z,17.08
2026-01-09T10:51:22.997Z,17.46
2026-01-09T10:56:23.109Z,17.54
2026-01-09T11:01:23.041Z,17.14
2026-01-09T11:06:23.116Z,17.31
2026-01-09T11:11:22.987Z,17.37
2026-01-09T11:16:23.028Z,17.46
2026-01-09T11:21:23.102Z,17.77
2026-01-09T11:26:23.08Z,18.21
2026-01-09T11:31:23.086Z,18.46
2026-01-09T11:36:23.019Z,18.55
2026-01-09T11:41:22.904Z,19.04
2026-01-09T11:46:22.933Z,19.39
2026-01-09T11:51:23.213Z,19.5
2026-01-09T11:56:22.967Z,19.76
2026-01-09T12:01:23.11Z,19.88
2026-01-09T12:06:23.013Z,20.16
2026-01-09T12:11:22.899Z,20.11
2026-01-09T12:16:22.889Z,20.31
2026-01-09T12:21:23.097Z,20.6
2026-01-09T12:26:22.907Z,20.86
2026-01-09T12:31:22.958Z,21.09
2026-01-09T12:36:23.058Z,21.25
2026-01-09T12:41:23.065Z,21.2
2026-01-09T12:46:22.978Z,20.94
2026-01-09T12:51:22.937Z,20.62
2026-01-09T12:56:22.897Z,20.53
2026-01-09T13:01:22.917Z,20.68
2026-01-09T13:06:23.008Z,20.83
2026-01-09T13:11:22.907Z,20.79
2026-01-09T13:16:22.98Z,21.25
2026-01-09T13:21:23.038Z,21.37
2026-01-09T13:26:23.03Z,21.63
2026-01-09T13:31:23.131Z,21.6
2026-01-09T13:36:22.935Z,21.66
2026-01-09T13:41:23.071Z,21.92
2026-01-09T13:46:22.965Z,21.92
2026-01-09T13:51:23.011Z,21.89
2026-01-09T13:56:23.059Z,21.74
2026-01-09T14:01:23.073Z,21.86
2026-01-09T14:06:22.919Z,21.89
2026-01-09T14:11:23.014Z,21.95
2026-01-09T14:16:23.082Z,21.95
2026-01-09T14:21:23.071Z,21.92
2026-01-09T14:26:23.202Z,22.04
2026-01-09T14:31:22.953Z,21.92
2026-01-09T14:36:23.097Z,21.92
2026-01-09T14:41:22.91Z,21.89
2026-01-09T14:46:23.111Z,21.77
2026-01-09T14:51:23.095Z,21.74
2026-01-09T14:56:23.014Z,21.77
2026-01-09T15:01:23.01Z,21.6
2026-01-09T15:06:23.011Z,20.97
2026-01-09T15:11:23.003Z,20.19
2026-01-09T15:16:22.969Z,19.65
2026-01-09T15:21:22.912Z,19.18
2026-01-09T15:26:23.006Z,18.98
2026-01-09T15:31:22.963Z,19.01
2026-01-09T15:36:23.101Z,19.1
2026-01-09T15:41:23.036Z,19.33
2026-01-09T15:46:23.11Z,19.33
2026-01-09T15:51:22.972Z,19.3
2026-01-09T15:56:23.006Z,19.24
2026-01-09T16:01:23.118Z,19.21
2026-01-09T16:06:23.049Z,19.04
2026-01-09T16:11:22.882Z,18.98
2026-01-09T16:16:23.097Z,18.9
2026-01-09T16:21:23.058Z,18.72
2026-01-09T16:26:23.054Z,18.69
2026-01-09T16:31:22.861Z,18.52
2026-01-09T16:36:22.99Z,18.26
2026-01-09T16:41:22.99Z,18.06
2026-01-09T16:46:23.11Z,17.97
2026-01-09T16:51:23.059Z,17.74
2026-01-09T16:56:23.118Z,17.51
2026-01-09T17:01:22.993Z,17.46
2026-01-09T17:06:23.041Z,17.26
2026-01-09T17:11:22.936Z,17.14
2026-01-09T17:16:23.083Z,17.0
2026-01-09T17:21:22.933Z,16.85
2026-01-09T17:26:23.084Z,16.77
2026-01-09T17:31:23.033Z,16.71
2026-01-09T17:36:22.978Z,16.65
2026-01-09T17:41:22.941Z,16.51
2026-01-09T17:46:23.048Z,16.45
2026-01-09T17:51:23.095Z,16.28
2026-01-09T17:56:23.015Z,16.02
2026-01-09T18:01:23.054Z,15.76
2026-01-09T18:06:23.081Z,15.7
2026-01-09T18:11:23.079Z,15.7
2026-01-09T18:16:22.985Z,15.65
2026-01-09T18:21:22.962Z,15.7
2026-01-09T18:26:22.862Z,15.73
2026-01-09T18:31:22.925Z,15.61
2026-01-09T18:36:23.054Z,15.5
2026-01-09T18:41:22.89Z,15.39
2026-01-09T18:46:23.084Z,15.16
2026-01-09T18:51:22.948Z,15.09
2026-01-09T18:56:23.034Z,15.04
2026-01-09T19:01:23.074Z,15.01
2026-01-09T19:06:23.044Z,14.78
2026-01-09T19:11:22.951Z,14.72
2026-01-09T19:16:22.934Z,14.58
2026-01-09T19:21:23.024Z,14.32
2026-01-09T19:26:23.107Z,14.03
2026-01-09T19:31:23.04Z,13.92
2026-01-09T19:36:22.97Z,13.74
2026-01-09T19:41:22.952Z,13.74
2026-01-09T19:46:23.061Z,13.95
2026-01-09T19:51:23.038Z,14.18
2026-01-09T19:56:22.929Z,14.29
2026-01-09T20:01:23.109Z,14.52
2026-01-09T20:06:23.114Z,14.7
2026-01-09T20:11:22.927Z,14.75
2026-01-09T20:16:23.129Z,14.81
2026-01-09T20:21:22.897Z,14.7
2026-01-09T20:26:22.948Z,14.58
2026-01-09T20:31:22.981Z,14.35
2026-01-09T20:36:22.908Z,14.15
2026-01-09T20:41:23.047Z,14.03
2026-01-09T20:46:22.975Z,13.92
2026-01-09T20:51:22.984Z,13.83
2026-01-09T20:56:22.864Z,13.69
2026-01-09T21:01:22.982Z,13.37
2026-01-09T21:06:23.053Z,13.14
2026-01-09T21:11:23.061Z,12.74
2026-01-09T21:16:22.911Z,12.28
2026-01-09T21:21:23.154Z,11.9
2026-01-09T21:26:23.025Z,11.47
2026-01-09T21:31:22.986Z,11.3
2026-01-09T21:36:22.918Z,10.96
2026-01-09T21:41:22.919Z,10.78
2026-01-09T21:46:23.003Z,10.49
2026-01-09T21:51:22.915Z,10.29
2026-01-09T21:56:23.005Z,10.12
2026-01-09T22:01:23.006Z,10.0
2026-01-09T22:06:23.105Z,9.86
2026-01-09T22:11:22.985Z,10.0
2026-01-09T22:16:23.019Z,10.12
2026-01-09T22:21:23.021Z,10.26
2026-01-09T22:26:23.103Z,10.26
2026-01-09T22:31:22.984Z,10.12
2026-01-09T22:36:23.093Z,9.89
2026-01-09T22:41:22.932Z,9.68
2026-01-09T22:46:23.015Z,9.45
2026-01-09T22:51:23.279Z,9.37
2026-01-09T22:56:22.99Z,9.31
2026-01-09T23:01:23.119Z,9.26
2026-01-09T23:06:22.937Z,9.28
2026-01-09T23:11:23.051Z,9.49
2026-01-09T23:16:23.076Z,9.86
2026-01-09T23:21:23.096Z,9.98
2026-01-09T23:26:23.092Z,10.03
2026-01-09T23:31:23.056Z,10.24
2026-01-09T23:36:22.879Z,10.32
2026-01-09T23:41:22.94Z,10.35
2026-01-09T23:46:22.942Z,10.29
2026-01-09T23:51:22.966Z,10.21
2026-01-09T23:56:22.87Z,9.89
2026-01-10T00:01:22.982Z,9.68
2026-01-10T00:06:23.065Z,9.49
2026-01-10T00:11:23.004Z,9.26
2026-01-10T00:16:23.037Z,9.08
2026-01-10T00:21:22.911Z,9.0
2026-01-10T00:26:23.068Z,8.91
2026-01-10T00:31:22.843Z,8.91
2026-01-10T00:36:22.911Z,9.05
2026-01-10T00:41:23.083Z,9.28
2026-01-10T00:46:22.874Z,9.51
2026-01-10T00:51:22.849Z,9.6
2026-01-10T00:56:22.876Z,9.77
2026-01-10T01:01:23.09Z,10.09
2026-01-10T01:06:22.906Z,10.24
2026-01-10T01:11:22.89Z,10.35
2026-01-10T01:16:22.858Z,10.47
2026-01-10T01:21:22.832Z,10.55
2026-01-10T01:26:23.068Z,10.4
2026-01-10T01:31:22.873Z,10.35
2026-01-10T01:36:22.995Z,10.32
2026-01-10T01:41:22.959Z,10.43
2026-01-10T01:46:23.034Z,10.52
2026-01-10T01:51:23.019Z,10.66
2026-01-10T01:56:23.08Z,10.75
2026-01-10T02:01:23.063Z,10.66
2026-01-10T02:06:22.915Z,10.75
2026-01-10T02:11:23.047Z,10.75
2026-01-10T02:16:23.184Z,10.7
2026-01-10T02:21:23.039Z,10.49
2026-01-10T02:26:23.06Z,10.29
2026-01-10T02:31:22.86Z,10.09
2026-01-10T02:36:22.896Z,9.94
2026-01-10T02:41:23.041Z,9.86
2026-01-10T02:46:23.005Z,9.68
2026-01-10T02:51:23.014Z,9.63
2026-01-10T02:56:22.871Z,9.54
2026-01-10T03:01:22.919Z,9.6
2026-01-10T03:06:23.06Z,9.75
2026-01-10T03:11:22.857Z,10.17
2026-01-10T03:16:22.881Z,10.78
2026-01-10T03:21:22.843Z,11.1
2026-01-10T03:26:23.066Z,11.38
2026-01-10T03:31:23.027Z,11.56
2026-01-10T03:36:23.006Z,11.56
2026-01-10T03:41:22.869Z,11.56
2026-01-10T03:46:23.038Z,11.56
2026-01-10T03:51:22.853Z,11.47
2026-01-10T03:56:23.13Z,11.35
2026-01-10T04:01:23.031Z,11.27
2026-01-10T04:06:22.841Z,11.21
2026-01-10T04:11:23.093Z,11.12
2026-01-10T04:16:23.035Z,11.12
2026-01-10T04:21:22.968Z,11.1
2026-01-10T04:26:23.019Z,11.04
2026-01-10T04:31:22.97Z,10.98
2026-01-10T04:36:22.873Z,10.75
2026-01-10T04:41:22.837Z,10.63
2026-01-10T04:46:22.839Z,10.55
2026-01-10T04:51:22.864Z,10.66
2026-01-10T04:56:23.027Z,10.61
2026-01-10T05:01:22.997Z,10.66
2026-01-10T05:06:22.829Z,10.81
2026-01-10T05:11:23.046Z,10.84
2026-01-10T05:16:23.026Z,10.96
2026-01-10T05:21:22.972Z,11.1
2026-01-10T05:26:23.042Z,11.1
2026-01-10T05:31:22.902Z,11.07
2026-01-10T05:36:23.084Z,11.07
2026-01-10T05:41:23.063Z,10.81
2026-01-10T05:46:22.892Z,10.21
2026-01-10T05:51:23.029Z,10.29
2026-01-10T05:56:23.034Z,10.75
2026-01-10T06:01:22.875Z,11.12
2026-01-10T06:06:22.89Z,11.35
2026-01-10T06:11:23.066Z,11.38
2026-01-10T06:16:23.078Z,11.35
2026-01-10T06:21:22.837Z,11.07
2026-01-10T06:26:22.853Z,10.43
2026-01-10T06:31:22.921Z,10.0
2026-01-10T06:36:22.966Z,9.86
2026-01-10T06:41:22.955Z,10.03
2026-01-10T06:46:22.847Z,10.4
2026-01-10T06:51:22.816Z,10.63
2026-01-10T06:56:22.99Z,10.86
2026-01-10T07:01:22.96Z,11.12
2026-01-10T07:06:22.946Z,11.3
2026-01-10T07:11:22.809Z,11.35
2026-01-10T07:16:22.954Z,11.41
2026-01-10T07:21:23.012Z,11.41
2026-01-10T07:26:23.037Z,11.47
2026-01-10T07:31:22.862Z,11.35
2026-01-10T07:36:22.923Z,11.35
2026-01-10T07:41:22.996Z,11.33
2026-01-10T07:46:22.955Z,11.41
2026-01-10T07:51:22.837Z,11.56
2026-01-10T07:56:23.055Z,11.56
2026-01-10T08:01:22.897Z,11.56
2026-01-10T08:06:22.98Z,11.61
2026-01-10T08:11:23.056Z,11.64
2026-01-10T08:16:23.035Z,11.7
2026-01-10T08:21:23.146Z,11.7
2026-01-10T08:26:22.931Z,11.82
2026-01-10T08:31:23.001Z,11.93
2026-01-10T08:36:22.925Z,12.05
2026-01-10T08:41:22.804Z,12.19
2026-01-10T08:46:22.827Z,12.33
2026-01-10T08:51:23.389Z,12.45
2026-01-10T08:56:22.834Z,12.48
2026-01-10T09:01:22.828Z,12.59
2026-01-10T09:06:22.948Z,12.68
2026-01-10T09:11:22.946Z,12.68
2026-01-10T09:16:22.836Z,12.77
2026-01-10T09:21:22.93Z,12.82
2026-01-10T09:26:22.827Z,12.91
2026-01-10T09:31:23.049Z,13.0
2026-01-10T09:36:22.943Z,13.14
2026-01-10T09:41:22.92Z,13.17
2026-01-10T09:46:22.83Z,13.26
2026-01-10T09:51:22.973Z,13.34
2026-01-10T09:56:22.892Z,13.57
2026-01-10T10:01:23.04Z,13.69
2026-01-10T10:06:22.963Z,13.77
2026-01-10T10:11:23.029Z,13.86
2026-01-10T10:16:23.051Z,14.0
2026-01-10T10:21:23.031Z,14.29
2026-01-10T10:26:23.045Z,14.47
2026-01-10T10:31:22.992Z,14.52
2026-01-10T10:36:23.02Z,14.49
2026-01-10T10:41:22.958Z,14.64
2026-01-10T10:46:22.994Z,14.64
2026-01-10T10:51:22.88Z,14.81
2026-01-10T10:56:22.951Z,14.93
2026-01-10T11:01:22.9Z,15.09
2026-01-10T11:06:23.047Z,15.19
2026-01-10T11:11:22.903Z,15.12
2026-01-10T11:16:22.964Z,15.21
2026-01-10T11:21:22.816Z,15.35
2026-01-10T11:26:22.958Z,15.24
2026-01-10T11:31:22.987Z,15.27
2026-01-10T11:36:23.005Z,15.44
2026-01-10T11:41:22.814Z,15.33
2026-01-10T11:46:22.988Z,15.42
2026-01-10T11:51:22.927Z,15.56
2026-01-10T11:56:22.923Z,15.56
2026-01-10T12:01:23.004Z,15.67
2026-01-10T12:06:22.912Z,15.81
2026-01-10T12:11:22.938Z,15.84
2026-01-10T12:16:22.947Z,15.79
2026-01-10T12:21:23.01Z,15.7
2026-01-10T12:26:23.079Z,15.73
2026-01-10T12:31:22.859Z,15.93
2026-01-10T12:36:22.959Z,16.1
2026-01-10T12:41:22.942Z,16.16
2026-01-10T12:46:22.937Z,16.19
2026-01-10T12:51:23Z,16.3
2026-01-10T12:56:23.466Z,16.3
2026-01-10T13:01:22.808Z,16.37
2026-01-10T13:06:23.002Z,16.51
2026-01-10T13:11:22.962Z,16.53
2026-01-10T13:16:22.897Z,16.42
2026-01-10T13:21:22.941Z,16.48
2026-01-10T13:26:22.924Z,16.51
2026-01-10T13:31:23.052Z,16.53
2026-01-10T13:36:22.92Z,16.62
2026-01-10T13:41:22.836Z,16.53
2026-01-10T13:46:23.023Z,16.59
2026-01-10T13:51:23.033Z,16.74
2026-01-10T13:56:23.072Z,16.91
2026-01-10T14:01:22.873Z,16.59
2026-01-10T14:06:23.309Z,16.71
2026-01-10T14:11:22.865Z,16.68
2026-01-10T14:16:22.808Z,16.71
2026-01-10T14:21:22.839Z,16.79
2026-01-10T14:26:22.902Z,16.71
2026-01-10T14:31:22.924Z,16.56
2026-01-10T14:36:22.819Z,16.48
2026-01-10T14:41:22.831Z,16.62
2026-01-10T14:46:22.791Z,16.97
2026-01-10T14:51:23.037Z,16.82
2026-01-10T14:56:23.03Z,16.82
2026-01-10T15:01:22.943Z,16.74
2026-01-10T15:06:22.987Z,16.77
2026-01-10T15:11:22.989Z,16.94
2026-01-10T15:16:22.981Z,16.91
2026-01-10T15:21:22.823Z,16.85
2026-01-10T15:26:22.959Z,16.77
2026-01-10T15:31:22.925Z,16.77
2026-01-10T15:36:22.878Z,16.82
2026-01-10T15:41:22.793Z,16.91
2026-01-10T15:46:22.975Z,16.77
2026-01-10T15:51:22.948Z,16.85
2026-01-10T15:56:22.906Z,16.94
2026-01-10T16:01:22.885Z,16.97
2026-01-10T16:06:22.93Z,16.97
2026-01-10T16:11:23.012Z,16.71
2026-01-10T16:16:23.027Z,16.74
2026-01-10T16:21:22.827Z,16.71
2026-01-10T16:26:22.984Z,16.48
2026-01-10T16:31:22.947Z,16.42
2026-01-10T16:36:22.923Z,16.25
2026-01-10T16:41:23.007Z,16.02
2026-01-10T16:46:22.916Z,15.84
2026-01-10T16:51:22.978Z,15.56
2026-01-10T16:56:22.954Z,15.33
2026-01-10T17:01:22.896Z,14.9
2026-01-10T17:06:22.988Z,14.52
2026-01-10T17:11:22.772Z,13.95
2026-01-10T17:16:22.821Z,13.46
2026-01-10T17:21:22.91Z,13.28
2026-01-10T17:26:22.914Z,13.0
2026-01-10T17:31:22.887Z,12.79
2026-01-10T17:36:22.922Z,12.62
2026-01-10T17:41:23.024Z,12.51
2026-01-10T17:46:22.816Z,12.91
2026-01-10T17:51:22.893Z,12.94
2026-01-10T17:56:22.957Z,12.71
2026-01-10T18:01:22.955Z,12.79
2026-01-10T18:06:22.882Z,12.88
2026-01-10T18:11:22.883Z,13.14
2026-01-10T18:16:22.906Z,13.43
2026-01-10T18:21:22.988Z,13.49
2026-01-10T18:26:22.829Z,13.66
2026-01-10T18:31:22.931Z,13.95
2026-01-10T18:36:22.913Z,14.09
2026-01-10T18:41:22.945Z,14.12
2026-01-10T18:46:22.986Z,14.12
2026-01-10T18:51:22.992Z,14.09
2026-01-10T18:56:22.95Z,14.03
2026-01-10T19:01:22.793Z,13.89
2026-01-10T19:06:22.805Z,13.8
2026-01-10T19:11:22.956Z,13.69
2026-01-10T19:16:23.005Z,13.72
2026-01-10T19:21:22.849Z,13.72
2026-01-10T19:26:22.868Z,13.77
2026-01-10T19:31:22.792Z,13.8
2026-01-10T19:36:22.926Z,13.72
2026-01-10T19:41:22.991Z,13.66
2026-01-10T19:46:22.913Z,13.4
2026-01-10T19:51:22.856Z,13.17
2026-01-10T19:56:22.814Z,12.88
2026-01-10T20:01:22.938Z,12.68
2026-01-10T20:06:22.82Z,12.82
2026-01-10T20:11:22.897Z,12.85
2026-01-10T20:16:22.946Z,12.79
2026-01-10T20:21:22.867Z,12.88
2026-01-10T20:26:23.06Z,13.08
2026-01-10T20:31:22.776Z,13.03
2026-01-10T20:36:22.986Z,13.11
2026-01-10T20:41:22.843Z,13.28
2026-01-10T20:46:22.901Z,13.66
2026-01-10T20:51:22.946Z,13.86
2026-01-10T20:56:22.917Z,13.69
2026-01-10T21:01:22.795Z,13.69
2026-01-10T21:06:22.925Z,13.83
2026-01-10T21:11:23.004Z,13.8
2026-01-10T21:16:22.918Z,13.72
2026-01-10T21:21:23.004Z,13.6
2026-01-10T21:26:22.792Z,13.63
2026-01-10T21:31:22.961Z,13.4
2026-01-10T21:36:22.975Z,13.31
2026-01-10T21:41:23.011Z,13.17
2026-01-10T21:46:22.874Z,13.08
2026-01-10T21:51:22.793Z,13.0
2026-01-10T21:56:22.989Z,12.88
2026-01-10T22:01:22.913Z,12.82
2026-01-10T22:06:23.028Z,12.77
2026-01-10T22:11:22.82Z,12.68
2026-01-10T22:16:22.935Z,12.59
2026-01-10T22:21:22.847Z,12.42
2026-01-10T22:26:22.981Z,12.05
2026-01-10T22:31:22.934Z,11.61
2026-01-10T22:36:23.007Z,11.3
2026-01-10T22:41:22.857Z,10.92
2026-01-10T22:46:22.868Z,10.7
2026-01-10T22:51:23.069Z,10.38
2026-01-10T22:56:22.883Z,10.03
2026-01-10T23:01:22.814Z,9.68
2026-01-10T23:06:22.769Z,9.31
2026-01-10T23:11:22.856Z,9.14
2026-01-10T23:16:22.943Z,8.94
2026-01-10T23:21:22.902Z,8.65
2026-01-10T23:26:22.881Z,8.48
2026-01-10T23:31:22.765Z,8.36
2026-01-10T23:36:22.954Z,8.45
2026-01-10T23:41:22.992Z,8.48
2026-01-10T23:46:22.935Z,8.45
2026-01-10T23:51:22.997Z,8.39
2026-01-10T23:56:22.848Z,8.42
2026-01-11T00:01:22.984Z,8.62
2026-01-11T00:06:22.983Z,9.19
2026-01-11T00:11:22.978Z,9.4
2026-01-11T00:16:22.933Z,9.77
2026-01-11T00:21:22.809Z,10.0
2026-01-11T00:26:22.846Z,10.21
2026-01-11T00:31:22.881Z,10.29
2026-01-11T00:36:23.009Z,10.32
2026-01-11T00:41:22.784Z,10.29
2026-01-11T00:46:22.827Z,10.12
2026-01-11T00:51:23.019Z,9.89
2026-01-11T00:56:22.818Z,9.6
2026-01-11T01:01:22.793Z,9.23
2026-01-11T01:06:22.851Z,8.97
2026-01-11T01:11:22.759Z,8.71
2026-01-11T01:16:22.804Z,8.48
2026-01-11T01:21:22.755Z,8.39
2026-01-11T01:26:22.836Z,8.39
2026-01-11T01:31:22.909Z,8.22
2026-01-11T01:36:22.945Z,8.31
2026-01-11T01:41:22.82Z,8.56
2026-01-11T01:46:22.965Z,8.62
2026-01-11T01:51:22.844Z,8.62
2026-01-11T01:56:22.829Z,8.42
2026-01-11T02:01:22.993Z,8.45
2026-01-11T02:06:22.949Z,8.45
2026-01-11T02:11:22.889Z,8.42
2026-01-11T02:16:22.966Z,8.45
2026-01-11T02:21:22.812Z,8.42
2026-01-11T02:26:22.83Z,8.36
2026-01-11T02:31:23.026Z,8.39
2026-01-11T02:36:22.936Z,8.56
2026-01-11T02:41:22.79Z,8.59
2026-01-11T02:46:22.902Z,8.68
2026-01-11T02:51:22.781Z,8.65
2026-01-11T02:56:22.878Z,8.62
2026-01-11T03:01:22.962Z,8.56
2026-01-11T03:06:22.984Z,8.48
2026-01-11T03:11:22.899Z,8.48
2026-01-11T03:16:22.997Z,8.39
2026-01-11T03:21:22.979Z,8.22
2026-01-11T03:26:22.758Z,8.22
2026-01-11T03:31:22.792Z,8.19
2026-01-11T03:36:22.891Z,8.48
2026-01-11T03:41:22.783Z,8.68
2026-01-11T03:46:22.781Z,8.79
2026-01-11T03:51:22.866Z,8.82
2026-01-11T03:56:22.931Z,8.77
2026-01-11T04:01:22.761Z,8.59
2026-01-11T04:06:22.787Z,8.42
2026-01-11T04:11:22.783Z,8.28
2026-01-11T04:16:22.876Z,8.05
2026-01-11T04:21:22.769Z,8.02
2026-01-11T04:26:22.926Z,8.19
2026-01-11T04:31:22.747Z,8.56
2026-01-11T04:36:22.767Z,8.74
2026-01-11T04:41:22.994Z,8.97
2026-01-11T04:46:22.854Z,9.03
2026-01-11T04:51:22.903Z,9.57
2026-01-11T04:56:22.911Z,9.51
2026-01-11T05:01:22.891Z,9.4
2026-01-11T05:06:22.744Z,9.57
2026-01-11T05:11:22.767Z,9.83
2026-01-11T05:16:22.835Z,9.89
2026-01-11T05:21:22.902Z,9.89
2026-01-11T05:26:22.973Z,9.89
2026-01-11T05:31:22.78Z,10.09
2026-01-11T05:36:22.96Z,9.86
2026-01-11T05:41:22.807Z,9.89
2026-01-11T05:46:22.775Z,9.75
2026-01-11T05:51:22.878Z,9.66
2026-01-11T05:56:22.831Z,9.51
2026-01-11T06:01:22.913Z,9.54
2026-01-11T06:06:22.979Z,9.49
2026-01-11T06:11:22.889Z,9.66
2026-01-11T06:16:22.86Z,9.86
2026-01-11T06:21:22.839Z,10.06
2026-01-11T06:26:22.959Z,10.26
2026-01-11T06:31:22.917Z,10.15
2026-01-11T06:36:22.869Z,10.21
2026-01-11T06:41:22.862Z,10.26
2026-01-11T06:46:22.799Z,10.21
2026-01-11T06:51:22.964Z,10.21
2026-01-11T06:56:22.978Z,10.17
2026-01-11T07:01:22.743Z,10.26
2026-01-11T07:06:22.733Z,10.17
2026-01-11T07:11:22.842Z,10.09
2026-01-11T07:16:22.995Z,9.94
2026-01-11T07:21:22.768Z,10.17
2026-01-11T07:26:22.824Z,10.12
2026-01-11T07:31:22.855Z,10.06
2026-01-11T07:36:22.878Z,9.8
2026-01-11T07:41:22.978Z,9.91
2026-01-11T07:46:22.977Z,9.86
2026-01-11T07:51:22.833Z,10.06
2026-01-11T07:56:22.935Z,10.38
2026-01-11T08:01:22.921Z,10.35
2026-01-11T08:06:22.967Z,10.17
2026-01-11T08:11:22.818Z,10.21
2026-01-11T08:16:22.918Z,10.35
2026-01-11T08:21:22.948Z,10.49
2026-01-11T08:26:22.932Z,10.75
2026-01-11T08:31:22.76Z,10.96
2026-01-11T08:36:22.849Z,11.15
2026-01-11T08:41:22.718Z,11.27
2026-01-11T08:46:22.973Z,11.21
2026-01-11T08:51:22.934Z,11.15
2026-01-11T08:56:22.939Z,11.12
2026-01-11T09:01:22.954Z,11.33
2026-01-11T09:06:22.91Z,11.59
2026-01-11T09:11:22.875Z,11.82
2026-01-11T09:16:22.831Z,12.05
2026-01-11T09:21:22.897Z,12.33
2026-01-11T09:26:22.851Z,12.48
2026-01-11T09:31:22.793Z,12.54
2026-01-11T09:36:22.985Z,12.59
2026-01-11T09:41:22.887Z,12.68
2026-01-11T09:46:22.741Z,12.82
2026-01-11T09:51:22.86Z,12.94
2026-01-11T09:56:22.726Z,13.08
2026-01-11T10:01:22.795Z,13.26
2026-01-11T10:06:22.726Z,13.31
2026-01-11T10:11:22.782Z,13.54
2026-01-11T10:16:23.012Z,13.63
2026-01-11T10:21:22.815Z,13.86
2026-01-11T10:26:22.723Z,13.66
2026-01-11T10:31:22.728Z,13.83
2026-01-11T10:36:22.959Z,13.92
2026-01-11T10:41:23.05Z,13.89
2026-01-11T10:46:22.787Z,14.12
2026-01-11T10:51:22.828Z,14.52
2026-01-11T10:56:22.796Z,14.61
2026-01-11T11:01:22.822Z,14.72
2026-01-11T11:06:22.797Z,14.86
2026-01-11T11:11:22.914Z,14.86
2026-01-11T11:16:22.802Z,15.01
2026-01-11T11:21:22.885Z,15.16
2026-01-11T11:26:22.889Z,15.42
2026-01-11T11:31:22.781Z,15.56
2026-01-11T11:36:22.954Z,15.73
2026-01-11T11:41:23.322Z,16.25
2026-01-11T11:46:22.774Z,16.28
2026-01-11T11:51:22.736Z,16.16
2026-01-11T11:56:22.945Z,16.25
2026-01-11T12:01:22.955Z,16.51
2026-01-11T12:06:22.715Z,16.71
2026-01-11T12:11:22.739Z,16.79
2026-01-11T12:16:22.891Z,16.71
2026-01-11T12:21:22.942Z,16.65
2026-01-11T12:26:22.882Z,16.82
2026-01-11T12:31:22.851Z,16.71
2026-01-11T12:36:22.885Z,16.85
2026-01-11T12:41:22.883Z,17.02
2026-01-11T12:46:22.787Z,17.05
2026-01-11T12:51:22.703Z,17.31
2026-01-11T12:56:22.936Z,17.4
2026-01-11T13:01:22.839Z,17.43
2026-01-11T13:06:22.922Z,17.31
2026-01-11T13:11:22.874Z,17.66
2026-01-11T13:16:22.829Z,17.57
2026-01-11T13:21:22.781Z,17.51
2026-01-11T13:26:22.94Z,17.54
2026-01-11T13:31:22.847Z,17.8
2026-01-11T13:36:22.72Z,18.0
2026-01-11T13:41:22.874Z,18.29
2026-01-11T13:46:22.76Z,18.49
2026-01-11T13:51:22.807Z,18.78
2026-01-11T13:56:22.681Z,18.72
2026-01-11T14:01:22.887Z,18.69
2026-01-11T14:06:22.687Z,18.69
2026-01-11T14:11:22.885Z,18.78
2026-01-11T14:16:22.848Z,18.93
2026-01-11T14:21:22.699Z,19.27
2026-01-11T14:26:22.899Z,19.33
2026-01-11T14:31:22.733Z,19.3
2026-01-11T14:36:22.856Z,19.36
2026-01-11T14:41:22.725Z,19.18
2026-01-11T14:46:22.712Z,19.1
2026-01-11T14:51:22.871Z,19.07
2026-01-11T14:56:22.77Z,19.13
2026-01-11T15:01:22.845Z,19.53
2026-01-11T15:06:22.764Z,19.79
2026-01-11T15:11:22.717Z,19.9
2026-01-11T15:16:22.833Z,19.88
2026-01-11T15:21:22.684Z,19.73
2026-01-11T15:26:22.812Z,19.21
2026-01-11T15:31:23.289Z,18.98
2026-01-11T15:36:22.775Z,19.16
2026-01-11T15:41:22.697Z,19.33
2026-01-11T15:46:22.765Z,19.3
2026-01-11T15:51:22.788Z,19.33
2026-01-11T15:56:22.717Z,19.07
2026-01-11T16:01:22.695Z,19.04
2026-01-11T16:06:22.763Z,19.01
2026-01-11T16:11:22.831Z,19.1
2026-01-11T16:16:22.788Z,19.1
2026-01-11T16:21:22.916Z,18.95
2026-01-11T16:26:22.93Z,19.01
2026-01-11T16:31:22.882Z,18.84
2026-01-11T16:36:22.71Z,18.52
2026-01-11T16:41:22.916Z,18.15
2026-01-11T16:46:22.878Z,17.2
2026-01-11T16:51:22.675Z,16.65
2026-01-11T16:56:22.762Z,16.25
2026-01-11T17:01:22.924Z,16.02
2026-01-11T17:06:22.69Z,15.73
2026-01-11T17:11:22.826Z,15.53
2026-01-11T17:16:22.692Z,15.39
2026-01-11T17:21:22.809Z,15.16
2026-01-11T17:26:22.708Z,15.01
2026-01-11T17:31:22.904Z,14.78
2026-01-11T17:36:22.793Z,14.61
2026-01-11T17:41:22.68Z,14.32
2026-01-11T17:46:22.821Z,14.06
2026-01-11T17:51:22.913Z,13.98
2026-01-11T17:56:22.885Z,13.92
2026-01-11T18:01:22.701Z,13.8
2026-01-11T18:06:22.66Z,13.72
2026-01-11T18:11:22.701Z,13.49
2026-01-11T18:16:22.77Z,13.4
2026-01-11T18:21:22.734Z,13.4
2026-01-11T18:26:22.904Z,13.28
2026-01-11T18:31:22.735Z,12.97
2026-01-11T18:36:22.878Z,12.68
2026-01-11T18:41:22.739Z,12.45
2026-01-11T18:46:22.891Z,12.22
2026-01-11T18:51:22.837Z,11.99
2026-01-11T18:56:22.808Z,11.79
2026-01-11T19:01:22.768Z,11.61
2026-01-11T19:06:22.71Z,11.41
2026-01-11T19:11:22.815Z,11.19
2026-01-11T19:16:22.906Z,11.07
2026-01-11T19:21:22.832Z,11.15
2026-01-11T19:26:22.914Z,11.41
2026-01-11T19:31:22.827Z,11.61
2026-01-11T19:36:22.878Z,11.56
2026-01-11T19:41:22.808Z,11.47
2026-01-11T19:46:22.697Z,11.24
2026-01-11T19:51:22.736Z,11.07
2026-01-11T19:56:22.67Z,10.92
2026-01-11T20:01:22.664Z,10.84
2026-01-11T20:06:22.682Z,10.58
2026-01-11T20:11:22.765Z,10.49
2026-01-11T20:16:22.817Z,10.26
2026-01-11T20:21:22.728Z,10.24
2026-01-11T20:26:22.83Z,10.24
2026-01-11T20:31:22.913Z,10.17
2026-01-11T20:36:22.994Z,10.32
2026-01-11T20:41:23.057Z,10.29
2026-01-11T20:46:22.704Z,10.63
2026-01-11T20:51:22.985Z,10.81
2026-01-11T20:56:22.876Z,11.01
2026-01-11T21:01:22.756Z,11.01
2026-01-11T21:06:22.844Z,10.98
2026-01-11T21:11:22.67Z,10.98
2026-01-11T21:16:22.732Z,10.81
2026-01-11T21:21:22.811Z,10.7
2026-01-11T21:26:22.856Z,10.78
2026-01-11T21:31:22.75Z,10.84
2026-01-11T21:36:22.784Z,10.78
2026-01-11T21:41:22.668Z,10.58
2026-01-11T21:46:22.869Z,10.52
2026-01-11T21:51:22.645Z,10.49
2026-01-11T21:56:22.949Z,10.4
2026-01-11T22:01:22.863Z,10.26
2026-01-11T22:06:22.733Z,9.86
2026-01-11T22:11:22.842Z,9.83
2026-01-11T22:16:22.666Z,9.91
2026-01-11T22:21:22.773Z,9.8
2026-01-11T22:26:22.862Z,9.72
2026-01-11T22:31:22.856Z,9.68
2026-01-11T22:36:22.763Z,9.51
2026-01-11T22:41:22.758Z,9.51
2026-01-11T22:46:22.81Z,9.51
2026-01-11T22:51:22.711Z,9.42
2026-01-11T22:56:22.728Z,9.23
2026-01-11T23:01:22.85Z,9.14
2026-01-11T23:06:22.725Z,9.19
2026-01-11T23:11:22.698Z,9.23
2026-01-11T23:16:22.839Z,9.14
2026-01-11T23:21:22.779Z,9.11
2026-01-11T23:26:22.717Z,9.23
2026-01-11T23:31:22.8Z,9.11
2026-01-11T23:36:22.63Z,8.97
2026-01-11T23:41:22.73Z,9.08
2026-01-11T23:46:22.735Z,9.26
2026-01-11T23:51:22.838Z,9.37
2026-01-11T23:56:22.827Z,9.37
2026-01-12T00:01:22.733Z,9.37
2026-01-12T00:06:22.759Z,9.37
2026-01-12T00:11:22.81Z,9.37
2026-01-12T00:16:22.773Z,9.37
2026-01-12T00:21:22.635Z,9.49
2026-01-12T00:26:22.779Z,9.45
2026-01-12T00:31:22.818Z,9.42
2026-01-12T00:36:22.86Z,9.14
2026-01-12T00:41:22.637Z,8.85
2026-01-12T00:46:22.741Z,8.62
2026-01-12T00:51:22.734Z,8.56
2026-01-12T00:56:22.685Z,8.54
2026-01-12T01:01:22.802Z,8.39
2026-01-12T01:06:22.638Z,8.39
2026-01-12T01:11:22.874Z,8.45
2026-01-12T01:16:22.839Z,8.65
2026-01-12T01:21:22.771Z,8.74
2026-01-12T01:26:22.63Z,8.62
2026-01-12T01:31:22.828Z,8.39
2026-01-12T01:36:22.671Z,8.39
2026-01-12T01:41:22.86Z,8.51
2026-01-12T01:46:22.638Z,8.45
2026-01-12T01:51:22.647Z,8.51
2026-01-12T01:56:22.878Z,8.71
2026-01-12T02:01:22.742Z,8.79
2026-01-12T02:06:22.899Z,8.79
2026-01-12T02:11:22.735Z,8.74
2026-01-12T02:16:22.684Z,8.71
2026-01-12T02:21:22.82Z,8.59
2026-01-12T02:26:22.715Z,8.51
2026-01-12T02:31:22.615Z,8.54
2026-01-12T02:36:22.974Z,8.56
2026-01-12T02:41:22.684Z,8.74
2026-01-12T02:46:22.79Z,8.79
2026-01-12T02:51:22.786Z,8.94
2026-01-12T02:56:22.863Z,8.97
2026-01-12T03:01:22.786Z,8.97
2026-01-12T03:06:22.817Z,8.91
2026-01-12T03:11:22.681Z,8.68
2026-01-12T03:16:22.86Z,8.68
2026-01-12T03:21:22.831Z,8.68
2026-01-12T03:26:22.714Z,8.62
2026-01-12T03:31:22.768Z,8.79
2026-01-12T03:36:22.646Z,9.08
2026-01-12T03:41:22.712Z,9.05
2026-01-12T03:46:22.746Z,9.08
2026-01-12T03:51:22.695Z,9.0
2026-01-12T03:56:22.702Z,8.88
2026-01-12T04:01:22.742Z,8.62
2026-01-12T04:06:22.737Z,8.48
2026-01-12T04:11:22.699Z,8.28
2026-01-12T04:16:22.78Z,8.16
2026-01-12T04:21:22.701Z,8.02
2026-01-12T04:26:22.772Z,7.79
2026-01-12T04:31:22.834Z,7.73
2026-01-12T04:36:22.841Z,7.64
2026-01-12T04:41:22.69Z,7.53
2026-01-12T04:46:22.67Z,7.5
2026-01-12T04:51:22.721Z,7.41
2026-01-12T04:56:22.751Z,7.24
2026-01-12T05:01:22.773Z,7.27
2026-01-12T05:06:22.639Z,7.3
2026-01-12T05:11:22.772Z,7.33
2026-01-12T05:16:22.793Z,7.38
2026-01-12T05:21:22.645Z,7.33
2026-01-12T05:26:22.787Z,7.27
2026-01-12T05:31:22.68Z,7.5
2026-01-12T05:36:22.615Z,7.61
2026-01-12T05:41:22.726Z,7.64
2026-01-12T05:46:22.86Z,7.64
2026-01-12T05:51:22.747Z,7.59
2026-01-12T05:56:22.644Z,7.41
2026-01-12T06:01:22.665Z,7.21
2026-01-12T06:06:22.689Z,7.27
2026-01-12T06:11:22.756Z,7.21
2026-01-12T06:16:22.796Z,7.24
2026-01-12T06:21:22.634Z,7.15
2026-01-12T06:26:22.846Z,7.1
2026-01-12T06:31:22.612Z,7.04
2026-01-12T06:36:22.828Z,7.01
2026-01-12T06:41:22.713Z,7.12
2026-01-12T06:46:22.703Z,7.01
2026-01-12T06:51:22.803Z,7.1
2026-01-12T06:56:22.627Z,7.33
2026-01-12T07:01:22.777Z,7.61
2026-01-12T07:06:22.759Z,7.73
2026-01-12T07:11:22.783Z,7.82
2026-01-12T07:16:22.776Z,7.76
2026-01-12T07:21:22.726Z,7.67
2026-01-12T07:26:22.734Z,7.64
2026-01-12T07:31:22.647Z,7.61
2026-01-12T07:36:22.734Z,7.5
2026-01-12T07:41:22.832Z,7.5
2026-01-12T07:46:22.696Z,7.35
2026-01-12T07:51:22.67Z,7.33
2026-01-12T07:56:22.87Z,7.3
2026-01-12T08:01:22.703Z,7.73
2026-01-12T08:06:22.709Z,7.99
2026-01-12T08:11:22.775Z,8.28
2026-01-12T08:16:22.624Z,8.65
2026-01-12T08:21:22.616Z,8.85
2026-01-12T08:26:22.753Z,9.11
2026-01-12T08:31:22.731Z,9.4
2026-01-12T08:36:22.783Z,9.68
2026-01-12T08:41:22.861Z,10.15
2026-01-12T08:46:22.9Z,10.47
2026-01-12T08:51:22.828Z,10.58
2026-01-12T08:56:23Z,10.72
2026-01-12T09:01:22.9Z,10.89
2026-01-12T09:06:22.755Z,11.01
2026-01-12T09:11:22.757Z,11.01
2026-01-12T09:16:22.611Z,11.07
2026-01-12T09:21:22.659Z,11.19
2026-01-12T09:26:22.617Z,11.3
2026-01-12T09:31:22.671Z,11.5
2026-01-12T09:36:22.819Z,11.64
2026-01-12T09:41:22.725Z,11.82
2026-01-12T09:46:22.778Z,12.07
2026-01-12T09:51:22.656Z,12.13
2026-01-12T09:56:22.709Z,12.33
2026-01-12T10:01:22.774Z,12.65
2026-01-12T10:06:22.795Z,12.65
2026-01-12T10:11:22.757Z,12.68
2026-01-12T10:16:22.578Z,12.91
2026-01-12T10:21:22.656Z,13.28
2026-01-12T10:26:22.656Z,13.37
2026-01-12T10:31:22.725Z,13.54
2026-01-12T10:36:22.768Z,13.57
2026-01-12T10:41:22.707Z,13.72
2026-01-12T10:46:22.744Z,14.0
2026-01-12T10:51:22.743Z,14.29
2026-01-12T10:56:22.69Z,14.84
2026-01-12T11:01:22.564Z,15.39
2026-01-12T11:06:22.644Z,15.56
2026-01-12T11:11:22.74Z,15.65
2026-01-12T11:16:22.68Z,15.61
2026-01-12T11:21:22.8Z,15.47
2026-01-12T11:26:22.661Z,15.56
2026-01-12T11:31:22.698Z,15.84
2026-01-12T11:36:22.622Z,16.14
2026-01-12T11:41:22.557Z,16.28
2026-01-12T11:46:22.714Z,16.79
2026-01-12T11:51:22.596Z,17.14
2026-01-12T11:56:23.344Z,17.31
2026-01-12T12:01:22.579Z,17.14
2026-01-12T12:06:22.583Z,17.49
2026-01-12T12:11:22.596Z,17.17
2026-01-12T12:16:22.598Z,17.63
2026-01-12T12:21:22.71Z,17.63
2026-01-12T12:26:22.631Z,17.69
2026-01-12T12:31:22.58Z,18.15
2026-01-12T12:36:22.752Z,18.58
2026-01-12T12:41:22.554Z,18.72
2026-01-12T12:46:22.705Z,18.49
2026-01-12T12:51:22.687Z,18.64
2026-01-12T12:56:22.579Z,18.81
2026-01-12T13:01:22.62Z,18.58
2026-01-12T13:06:22.706Z,18.78
2026-01-12T13:11:22.787Z,18.95
2026-01-12T13:16:22.731Z,18.98
2026-01-12T13:21:22.769Z,19.27
2026-01-12T13:26:22.761Z,19.33
2026-01-12T13:31:22.691Z,19.44
2026-01-12T13:36:22.742Z,19.59
2026-01-12T13:41:22.542Z,19.73
2026-01-12T13:46:22.653Z,19.62
2026-01-12T13:51:22.618Z,19.59
2026-01-12T13:56:22.799Z,19.65
2026-01-12T14:01:22.777Z,19.53
2026-01-12T14:06:22.628Z,19.56
2026-01-12T14:11:22.659Z,19.62
2026-01-12T14:16:22.789Z,19.5
2026-01-12T14:21:22.642Z,19.47
2026-01-12T14:26:22.645Z,19.44
2026-01-12T14:31:22.661Z,19.56
2026-01-12T14:36:22.726Z,19.73
2026-01-12T14:41:22.781Z,19.88
2026-01-12T14:46:22.696Z,20.16
2026-01-12T14:51:23.101Z,19.88
2026-01-12T14:56:22.792Z,19.73
2026-01-12T15:01:22.774Z,19.67
2026-01-12T15:06:22.786Z,19.59
2026-01-12T15:11:22.542Z,19.5
2026-01-12T15:16:22.77Z,19.76
2026-01-12T15:21:22.755Z,19.82
2026-01-12T15:26:22.575Z,19.88
2026-01-12T15:31:22.613Z,19.82
2026-01-12T15:36:22.524Z,19.79
2026-01-12T15:41:22.74Z,19.73
2026-01-12T15:46:22.661Z,19.7
2026-01-12T15:51:22.648Z,19.62
2026-01-12T15:56:22.613Z,19.59
2026-01-12T16:01:22.677Z,19.5
2026-01-12T16:06:22.7Z,19.5
2026-01-12T16:11:22.715Z,19.33
2026-01-12T16:16:22.787Z,19.33
2026-01-12T16:21:22.669Z,19.33
2026-01-12T16:26:22.582Z,19.27
2026-01-12T16:31:22.567Z,19.01
2026-01-12T16:36:22.628Z,18.78
2026-01-12T16:41:22.537Z,18.46
2026-01-12T16:46:22.662Z,18.18
2026-01-12T16:51:22.63Z,18.03
2026-01-12T16:56:22.575Z,17.63
2026-01-12T17:01:22.717Z,17.34
2026-01-12T17:06:22.659Z,17.02
2026-01-12T17:11:22.636Z,16.42
2026-01-12T17:16:22.53Z,16.07
2026-01-12T17:21:22.682Z,15.81
2026-01-12T17:26:22.729Z,15.67
2026-01-12T17:31:22.67Z,15.53
2026-01-12T17:36:22.711Z,15.33
2026-01-12T17:41:22.752Z,15.12
2026-01-12T17:46:22.508Z,14.98
2026-01-12T17:51:22.569Z,15.19
2026-01-12T17:56:22.679Z,15.33
2026-01-12T18:01:22.645Z,15.3
2026-01-12T18:06:22.701Z,15.12
2026-01-12T18:11:22.682Z,15.09
2026-01-12T18:16:22.677Z,15.07
2026-01-12T18:21:22.614Z,14.93
2026-01-12T18:26:22.544Z,14.61
2026-01-12T18:31:22.547Z,14.41
2026-01-12T18:36:22.719Z,14.12
2026-01-12T18:41:22.555Z,13.92
2026-01-12T18:46:22.624Z,13.8
2026-01-12T18:51:22.63Z,13.63
2026-01-12T18:56:22.728Z,13.51
2026-01-12T19:01:22.687Z,13.4
2026-01-12T19:06:22.703Z,13.26
2026-01-12T19:11:22.602Z,13.03
2026-01-12T19:16:22.58Z,12.79
2026-01-12T19:21:22.758Z,12.51
2026-01-12T19:26:22.7Z,12.19
2026-01-12T19:31:22.664Z,11.96
2026-01-12T19:36:22.772Z,11.73
2026-01-12T19:41:22.514Z,11.7
2026-01-12T19:46:22.503Z,11.59
2026-01-12T19:51:22.619Z,11.53
2026-01-12T19:56:22.561Z,11.3
2026-01-12T20:01:22.61Z,11.24
2026-01-12T20:06:22.624Z,11.04
2026-01-12T20:11:22.735Z,11.04
2026-01-12T20:16:22.719Z,10.81
2026-01-12T20:21:22.565Z,10.72
2026-01-12T20:26:22.615Z,10.7
2026-01-12T20:31:22.523Z,10.49
2026-01-12T20:36:22.752Z,10.32
2026-01-12T20:41:22.667Z,10.26
2026-01-12T20:46:22.698Z,10.12
2026-01-12T20:51:22.838Z,10.0
2026-01-12T20:56:22.545Z,9.94
2026-01-12T21:01:22.835Z,9.91
2026-01-12T21:06:22.637Z,9.89
2026-01-12T21:11:22.629Z,9.86
2026-01-12T21:16:22.545Z,9.72
2026-01-12T21:21:22.57Z,9.68
2026-01-12T21:26:22.706Z,9.63
2026-01-12T21:31:22.539Z,9.54
2026-01-12T21:36:22.519Z,9.45
2026-01-12T21:41:22.622Z,9.4
2026-01-12T21:46:22.702Z,9.26
2026-01-12T21:51:22.718Z,9.23
2026-01-12T21:56:22.66Z,9.11
2026-01-12T22:01:22.563Z,9.11
2026-01-12T22:06:22.504Z,9.23
2026-01-12T22:11:22.537Z,9.37
2026-01-12T22:16:22.483Z,9.37
2026-01-12T22:21:22.553Z,9.37
2026-01-12T22:26:22.686Z,9.26
2026-01-12T22:31:22.648Z,9.26
2026-01-12T22:36:22.481Z,9.28
2026-01-12T22:41:22.522Z,9.34
2026-01-12T22:46:22.618Z,9.19
2026-01-12T22:51:22.55Z,9.08
2026-01-12T22:56:22.507Z,9.0
2026-01-12T23:01:22.493Z,8.91
2026-01-12T23:06:22.572Z,8.91
2026-01-12T23:11:22.496Z,8.88
2026-01-12T23:16:22.516Z,8.91
2026-01-12T23:21:22.475Z,8.82
2026-01-12T23:26:22.521Z,8.91
2026-01-12T23:31:22.649Z,8.88
2026-01-12T23:36:22.677Z,8.79
2026-01-12T23:41:22.659Z,8.65
2026-01-12T23:46:22.723Z,8.54
2026-01-12T23:51:22.729Z,8.59
2026-01-12T23:56:22.609Z,8.56
2026-01-13T00:01:22.615Z,8.42
2026-01-13T00:06:22.566Z,8.39
2026-01-13T00:11:22.474Z,8.31
2026-01-13T00:16:22.601Z,8.31
2026-01-13T00:21:22.539Z,8.39
2026-01-13T00:26:22.528Z,8.48
2026-01-13T00:31:22.602Z,8.48
2026-01-13T00:36:22.558Z,9.08
2026-01-13T00:41:22.652Z,9.08
2026-01-13T00:46:22.518Z,8.88
2026-01-13T00:51:22.621Z,8.74
2026-01-13T00:56:22.596Z,8.65
2026-01-13T01:01:22.517Z,8.68
2026-01-13T01:06:22.555Z,8.79
2026-01-13T01:11:22.563Z,8.85
2026-01-13T01:16:22.477Z,8.79
2026-01-13T01:21:22.65Z,8.88
2026-01-13T01:26:22.476Z,8.77
2026-01-13T01:31:22.55Z,8.71
2026-01-13T01:36:22.47Z,8.71
2026-01-13T01:41:22.685Z,8.71
2026-01-13T01:46:22.528Z,8.68
2026-01-13T01:51:22.608Z,8.77
2026-01-13T01:56:22.7Z,8.71
2026-01-13T02:01:22.699Z,8.54
2026-01-13T02:06:22.987Z,8.36
2026-01-13T02:11:22.563Z,8.13
2026-01-13T02:16:22.558Z,7.9
2026-01-13T02:21:22.675Z,7.73
2026-01-13T02:26:22.492Z,7.67
2026-01-13T02:31:22.522Z,7.64
2026-01-13T02:36:22.723Z,7.61
2026-01-13T02:41:22.688Z,7.73
2026-01-13T02:46:22.644Z,7.82
2026-01-13T02:51:22.76Z,7.9
2026-01-13T02:56:22.695Z,8.05
2026-01-13T03:01:22.55Z,8.13
2026-01-13T03:06:22.724Z,8.25
2026-01-13T03:11:22.464Z,8.31
2026-01-13T03:16:22.59Z,8.31
2026-01-13T03:21:22.65Z,8.33
2026-01-13T03:26:22.571Z,8.42
2026-01-13T03:31:22.729Z,8.45
2026-01-13T03:36:22.556Z,8.45
2026-01-13T03:41:22.613Z,8.48
2026-01-13T03:46:22.617Z,8.54
2026-01-13T03:51:22.498Z,8.65
2026-01-13T03:56:22.466Z,8.74
2026-01-13T04:01:22.684Z,8.82
2026-01-13T04:06:22.684Z,8.97
2026-01-13T04:11:22.6Z,9.0
2026-01-13T04:16:22.827Z,8.85
2026-01-13T04:21:22.549Z,8.65
2026-01-13T04:26:22.695Z,8.59
2026-01-13T04:31:22.684Z,8.59
2026-01-13T04:36:22.545Z,8.59
2026-01-13T04:41:22.578Z,8.65
2026-01-13T04:46:22.457Z,8.56
2026-01-13T04:51:22.605Z,8.62
2026-01-13T04:56:22.562Z,8.56
2026-01-13T05:01:22.646Z,8.62
2026-01-13T05:06:22.549Z,8.62
2026-01-13T05:11:22.465Z,8.74
2026-01-13T05:16:22.705Z,8.77
2026-01-13T05:21:22.588Z,8.77
2026-01-13T05:26:22.509Z,8.79
2026-01-13T05:31:22.597Z,8.85
2026-01-13T05:36:22.516Z,8.91
2026-01-13T05:41:22.637Z,8.85
2026-01-13T05:46:22.463Z,8.82
2026-01-13T05:51:22.659Z,8.88
2026-01-13T05:56:22.551Z,8.94
2026-01-13T06:01:22.531Z,8.85
2026-01-13T06:06:22.579Z,9.0
2026-01-13T06:11:22.632Z,8.97
2026-01-13T06:16:22.649Z,9.05
2026-01-13T06:21:22.633Z,9.11
2026-01-13T06:26:22.594Z,9.05
2026-01-13T06:31:22.581Z,9.08
2026-01-13T06:36:22.527Z,9.11
2026-01-13T06:41:22.6Z,9.14
2026-01-13T06:46:22.566Z,9.14
2026-01-13T06:51:22.49Z,9.23
2026-01-13T06:56:22.544Z,9.31
2026-01-13T07:01:22.489Z,9.23
2026-01-13T07:06:22.521Z,9.26
2026-01-13T07:11:22.595Z,9.28
2026-01-13T07:16:22.602Z,9.26
2026-01-13T07:21:22.459Z,9.17
2026-01-13T07:26:22.495Z,9.11
2026-01-13T07:31:22.518Z,9.05
2026-01-13T07:36:22.472Z,9.14
2026-01-13T07:41:22.591Z,9.05
2026-01-13T07:46:22.522Z,8.97
2026-01-13T07:51:22.691Z,8.88
2026-01-13T07:56:22.571Z,8.79
2026-01-13T08:01:22.435Z,8.85
2026-01-13T08:06:22.643Z,8.91
2026-01-13T08:11:22.441Z,8.88
2026-01-13T08:16:22.642Z,8.94
2026-01-13T08:21:22.695Z,8.85
2026-01-13T08:26:22.502Z,8.79
2026-01-13T08:31:22.591Z,8.77
2026-01-13T08:36:22.709Z,8.74
2026-01-13T08:41:22.585Z,8.56
2026-01-13T08:46:22.627Z,8.51
2026-01-13T08:51:22.694Z,8.59
2026-01-13T08:56:22.447Z,8.51
2026-01-13T09:01:22.834Z,8.59
2026-01-13T09:06:22.645Z,8.68
2026-01-13T09:11:22.458Z,8.59
2026-01-13T09:16:22.67Z,8.71
2026-01-13T09:21:22.595Z,8.68
2026-01-13T09:26:22.61Z,8.71
2026-01-13T09:31:22.5Z,8.77
2026-01-13T09:36:22.596Z,8.85
2026-01-13T09:41:22.526Z,8.97
2026-01-13T09:46:22.594Z,8.97
2026-01-13T09:51:22.521Z,9.08
2026-01-13T09:56:22.608Z,9.0
2026-01-13T10:01:22.485Z,9.08
2026-01-13T10:06:22.511Z,9.14
2026-01-13T10:11:22.472Z,9.08
2026-01-13T10:16:22.499Z,9.08
2026-01-13T10:21:22.657Z,8.88
2026-01-13T10:26:22.558Z,9.0
2026-01-13T10:31:22.637Z,8.97
2026-01-13T10:36:22.607Z,9.0
2026-01-13T10:41:22.441Z,9.28
2026-01-13T10:46:22.689Z,9.42
2026-01-13T10:51:22.681Z,9.66
2026-01-13T10:56:22.551Z,9.45
2026-01-13T11:01:22.798Z,9.75
2026-01-13T11:06:22.494Z,10.0
2026-01-13T11:11:22.587Z,10.29
2026-01-13T11:16:22.642Z,10.58
2026-01-13T11:21:22.646Z,10.89
2026-01-13T11:26:22.66Z,11.24
2026-01-13T11:31:22.616Z,11.47
2026-01-13T11:36:22.499Z,11.87
2026-01-13T11:41:22.486Z,12.25
2026-01-13T11:46:22.472Z,12.45
2026-01-13T11:51:22.502Z,12.62
2026-01-13T11:56:22.487Z,13.05
2026-01-13T12:01:22.579Z,13.34
2026-01-13T12:06:22.599Z,13.6
2026-01-13T12:11:22.847Z,13.89
2026-01-13T12:16:22.694Z,13.8
2026-01-13T12:21:22.69Z,14.0
2026-01-13T12:26:22.465Z,14.29
2026-01-13T12:31:22.6Z,14.55
2026-01-13T12:36:22.617Z,14.61
2026-01-13T12:41:22.488Z,14.67
2026-01-13T12:46:22.575Z,14.9
2026-01-13T12:51:22.498Z,15.09
2026-01-13T12:56:22.424Z,15.16
2026-01-13T13:01:22.504Z,15.3
2026-01-13T13:06:22.484Z,15.39
2026-01-13T13:11:22.649Z,15.58
2026-01-13T13:16:22.652Z,15.65
2026-01-13T13:21:22.697Z,15.79
2026-01-13T13:26:22.664Z,15.47
2026-01-13T13:31:22.628Z,15.19
2026-01-13T13:36:22.658Z,15.3
2026-01-13T13:41:22.406Z,15.33
2026-01-13T13:46:22.54Z,15.33
2026-01-13T13:51:22.671Z,15.33
2026-01-13T13:56:22.648Z,15.3
2026-01-13T14:01:22.425Z,15.24
2026-01-13T14:06:22.57Z,15.35
2026-01-13T14:11:22.49Z,15.47
2026-01-13T14:16:22.577Z,15.35
2026-01-13T14:21:22.737Z,15.3
2026-01-13T14:26:22.459Z,15.24
2026-01-13T14:31:22.629Z,15.35
2026-01-13T14:36:22.621Z,15.5
2026-01-13T14:41:22.551Z,15.58
2026-01-13T14:46:22.654Z,15.7
2026-01-13T14:51:22.589Z,15.96
2026-01-13T14:56:22.628Z,16.28
2026-01-13T15:01:22.482Z,16.28
2026-01-13T15:06:22.704Z,16.45
2026-01-13T15:11:22.453Z,16.39
2026-01-13T15:16:22.678Z,16.53
2026-01-13T15:21:22.411Z,16.48
2026-01-13T15:26:22.582Z,16.39
2026-01-13T15:31:22.651Z,16.33
2026-01-13T15:36:22.619Z,16.39
2026-01-13T15:41:22.477Z,16.25
2026-01-13T15:46:22.397Z,16.33
2026-01-13T15:51:22.493Z,16.25
2026-01-13T15:56:22.602Z,16.07
2026-01-13T16:01:22.456Z,15.88
2026-01-13T16:06:22.447Z,15.88
2026-01-13T16:11:22.484Z,15.81
2026-01-13T16:16:22.618Z,15.81
2026-01-13T16:21:22.569Z,15.76
2026-01-13T16:26:22.578Z,15.65
2026-01-13T16:31:22.561Z,15.53
2026-01-13T16:36:22.512Z,15.47
2026-01-13T16:41:22.635Z,15.39
2026-01-13T16:46:22.447Z,15.39
2026-01-13T16:51:22.67Z,15.3
2026-01-13T16:56:22.642Z,15.21
2026-01-13T17:01:22.662Z,14.93
2026-01-13T17:06:22.519Z,14.64
2026-01-13T17:11:22.561Z,14.18
2026-01-13T17:16:22.661Z,13.83
2026-01-13T17:21:22.551Z,13.49
2026-01-13T17:26:22.608Z,13.2
2026-01-13T17:31:22.566Z,12.91
2026-01-13T17:36:22.578Z,12.74
2026-01-13T17:41:22.564Z,12.45
2026-01-13T17:46:22.517Z,12.22
2026-01-13T17:51:22.486Z,12.13
2026-01-13T17:56:22.425Z,12.02
2026-01-13T18:01:22.631Z,12.07
2026-01-13T18:06:22.54Z,11.99
2026-01-13T18:11:22.639Z,12.05
2026-01-13T18:16:22.574Z,12.07
2026-01-13T18:21:22.491Z,12.05
2026-01-13T18:26:22.464Z,12.1
2026-01-13T18:31:22.432Z,12.13
2026-01-13T18:36:22.573Z,12.07
2026-01-13T18:41:22.515Z,12.02
2026-01-13T18:46:22.635Z,11.96
2026-01-13T18:51:22.573Z,11.9
2026-01-13T18:56:22.558Z,11.9
2026-01-13T19:01:22.529Z,11.96
2026-01-13T19:06:22.433Z,11.9
2026-01-13T19:11:22.565Z,11.93
2026-01-13T19:16:22.509Z,11.93
2026-01-13T19:21:22.446Z,11.96
2026-01-13T19:26:22.534Z,11.93
2026-01-13T19:31:22.587Z,11.9
2026-01-13T19:36:22.515Z,11.79
2026-01-13T19:41:22.473Z,11.67
2026-01-13T19:46:22.452Z,11.73
2026-01-13T19:51:22.397Z,11.53
2026-01-13T19:56:22.421Z,11.53
2026-01-13T20:01:22.419Z,11.47
2026-01-13T20:06:22.435Z,11.38
2026-01-13T20:11:22.416Z,11.33
2026-01-13T20:16:22.593Z,11.27
2026-01-13T20:21:22.629Z,11.21
2026-01-13T20:26:22.392Z,11.12
2026-01-13T20:31:22.623Z,11.15
2026-01-13T20:36:22.486Z,11.12
2026-01-13T20:41:22.497Z,11.04
2026-01-13T20:46:22.657Z,10.96
2026-01-13T20:51:22.492Z,10.84
2026-01-13T20:56:22.476Z,10.92
2026-01-13T21:01:22.46Z,11.07
2026-01-13T21:06:22.494Z,11.12
2026-01-13T21:11:22.569Z,11.07
2026-01-13T21:16:22.409Z,11.1
2026-01-13T21:21:22.526Z,11.01
2026-01-13T21:26:22.451Z,11.01
2026-01-13T21:31:22.637Z,10.92
2026-01-13T21:36:22.6Z,10.84
2026-01-13T21:41:22.518Z,10.81
2026-01-13T21:46:22.486Z,10.78
2026-01-13T21:51:22.504Z,10.7
2026-01-13T21:56:22.564Z,10.58
2026-01-13T22:01:22.64Z,10.55
2026-01-13T22:06:22.53Z,10.49
2026-01-13T22:11:22.484Z,10.38
2026-01-13T22:16:22.496Z,10.32
2026-01-13T22:21:22.617Z,10.29
2026-01-13T22:26:22.473Z,10.24
2026-01-13T22:31:22.582Z,10.24
2026-01-13T22:36:22.405Z,10.24
2026-01-13T22:41:22.534Z,10.12
2026-01-13T22:46:22.595Z,10.03
2026-01-13T22:51:22.42Z,10.0
2026-01-13T22:56:22.56Z,10.06
2026-01-13T23:01:22.483Z,10.0
2026-01-13T23:06:22.423Z,10.03
2026-01-13T23:11:22.617Z,9.98
2026-01-13T23:16:22.461Z,9.91
2026-01-13T23:21:22.522Z,9.94
2026-01-13T23:26:22.483Z,9.94
2026-01-13T23:31:22.429Z,9.91
2026-01-13T23:36:22.509Z,9.8
2026-01-13T23:41:22.619Z,9.77
2026-01-13T23:46:22.618Z,9.57
2026-01-13T23:51:22.488Z,9.45
2026-01-13T23:56:22.5Z,9.23
2026-01-14T00:01:22.443Z,9.11
2026-01-14T00:06:22.453Z,9.03
2026-01-14T00:11:22.571Z,8.82
2026-01-14T00:16:22.456Z,8.71
2026-01-14T00:21:22.624Z,8.56
2026-01-14T00:26:22.433Z,8.48
2026-01-14T00:31:22.614Z,8.48
2026-01-14T00:36:22.637Z,8.31
2026-01-14T00:41:22.5Z,8.22
2026-01-14T00:46:22.511Z,8.1
2026-01-14T00:51:22.656Z,8.1
2026-01-14T00:56:22.554Z,8.1
2026-01-14T01:01:22.56Z,8.05
2026-01-14T01:06:22.446Z,7.99
2026-01-14T01:11:22.539Z,8.1
2026-01-14T01:16:22.592Z,8.13
2026-01-14T01:21:22.505Z,8.22
2026-01-14T01:26:22.435Z,8.22
2026-01-14T01:31:22.401Z,8.16
2026-01-14T01:36:22.621Z,8.05
2026-01-14T01:41:22.602Z,8.05
2026-01-14T01:46:22.602Z,7.96
2026-01-14T01:51:22.437Z,7.99
2026-01-14T01:56:22.46Z,7.99
2026-01-14T02:01:22.544Z,7.87
2026-01-14T02:06:22.369Z,7.79
2026-01-14T02:11:22.411Z,7.76
2026-01-14T02:16:22.636Z,7.93
2026-01-14T02:21:22.415Z,7.9
2026-01-14T02:26:22.382Z,7.9
2026-01-14T02:31:22.377Z,7.9
2026-01-14T02:36:22.489Z,7.84
2026-01-14T02:41:22.792Z,7.87
2026-01-14T02:46:22.376Z,7.76
2026-01-14T02:51:22.407Z,7.59
2026-01-14T02:56:22.69Z,7.67
2026-01-14T03:01:22.418Z,7.73
2026-01-14T03:06:22.389Z,7.84
2026-01-14T03:11:22.364Z,7.84
2026-01-14T03:16:22.436Z,7.9
2026-01-14T03:21:22.538Z,7.93
2026-01-14T03:26:22.393Z,8.02
2026-01-14T03:31:22.397Z,8.1
2026-01-14T03:36:22.441Z,8.1
2026-01-14T03:41:22.568Z,7.93
2026-01-14T03:46:22.362Z,7.99
2026-01-14T03:51:22.45Z,8.08
2026-01-14T03:56:22.537Z,8.22
2026-01-14T04:01:22.556Z,8.31
2026-01-14T04:06:22.542Z,8.39
2026-01-14T04:11:22.415Z,8.36
2026-01-14T04:16:22.422Z,8.19
2026-01-14T04:21:22.55Z,8.16
2026-01-14T04:26:22.514Z,8.08
2026-01-14T04:31:22.467Z,7.93
2026-01-14T04:36:22.351Z,7.93
2026-01-14T04:41:22.386Z,7.76
2026-01-14T04:46:22.536Z,7.61
2026-01-14T04:51:22.585Z,7.56
2026-01-14T04:56:22.588Z,7.61
2026-01-14T05:01:22.54Z,7.73
2026-01-14T05:06:22.568Z,7.76
2026-01-14T05:11:22.424Z,7.76
2026-01-14T05:16:22.525Z,7.73
2026-01-14T05:21:22.631Z,7.61
2026-01-14T05:26:22.437Z,7.56
2026-01-14T05:31:22.39Z,7.5
2026-01-14T05:36:22.397Z,7.41
2026-01-14T05:41:22.562Z,7.38
2026-01-14T05:46:22.557Z,7.21
2026-01-14T05:51:22.458Z,7.15
2026-01-14T05:56:22.571Z,7.35
2026-01-14T06:01:22.365Z,7.41
2026-01-14T06:06:22.403Z,7.41
2026-01-14T06:11:22.415Z,7.56
2026-01-14T06:16:22.329Z,7.59
2026-01-14T06:21:22.461Z,7.59
2026-01-14T06:26:22.382Z,7.56
2026-01-14T06:31:22.566Z,7.67
2026-01-14T06:36:22.408Z,7.73
2026-01-14T06:41:22.377Z,7.9
2026-01-14T06:46:22.45Z,7.96
2026-01-14T06:51:22.54Z,7.73
2026-01-14T06:56:22.518Z,7.7
2026-01-14T07:01:22.59Z,7.67
2026-01-14T07:06:22.449Z,7.59
2026-01-14T07:11:22.532Z,7.73
2026-01-14T07:16:22.512Z,7.79
2026-01-14T07:21:22.465Z,7.96
2026-01-14T07:26:22.507Z,8.02
2026-01-14T07:31:22.455Z,8.25
2026-01-14T07:36:22.349Z,8.45
2026-01-14T07:41:22.487Z,8.59
2026-01-14T07:46:22.396Z,8.71
2026-01-14T07:51:22.445Z,8.79
2026-01-14T07:56:22.421Z,8.85
2026-01-14T08:01:22.365Z,8.88
2026-01-14T08:06:22.467Z,8.88
2026-01-14T08:11:22.485Z,8.85
2026-01-14T08:16:22.35Z,8.74
2026-01-14T08:21:22.355Z,8.79
2026-01-14T08:26:22.723Z,8.82
2026-01-14T08:31:22.401Z,9.0
2026-01-14T08:36:22.585Z,9.0
2026-01-14T08:41:22.348Z,9.03
2026-01-14T08:46:22.328Z,9.23
2026-01-14T08:51:22.667Z,9.4
2026-01-14T08:56:22.346Z,9.66
2026-01-14T09:01:22.455Z,9.83
2026-01-14T09:06:22.865Z,10.06
2026-01-14T09:11:22.532Z,10.21
2026-01-14T09:16:22.359Z,10.17
2026-01-14T09:21:22.569Z,10.24
2026-01-14T09:26:22.468Z,10.21
2026-01-14T09:31:22.358Z,10.32
2026-01-14T09:36:22.383Z,10.43
2026-01-14T09:41:22.584Z,10.52
2026-01-14T09:46:22.332Z,10.7
2026-01-14T09:51:22.379Z,10.72
2026-01-14T09:56:22.31Z,10.81
2026-01-14T10:01:22.541Z,10.96
2026-01-14T10:06:22.546Z,11.24
2026-01-14T10:11:22.536Z,11.38
2026-01-14T10:16:22.301Z,11.44
2026-01-14T10:21:22.378Z,11.5
2026-01-14T10:26:22.501Z,11.61
2026-01-14T10:31:22.546Z,11.76
2026-01-14T10:36:22.541Z,11.76
2026-01-14T10:41:22.407Z,11.96
2026-01-14T10:46:22.369Z,12.07
2026-01-14T10:51:22.706Z,12.31
2026-01-14T10:56:22.347Z,12.62
2026-01-14T11:01:22.383Z,12.74
2026-01-14T11:06:22.416Z,13.4
2026-01-14T11:11:22.341Z,13.83
2026-01-14T11:16:22.567Z,14.09
2026-01-14T11:21:22.535Z,14.47
2026-01-14T11:26:22.49Z,14.78
2026-01-14T11:31:22.339Z,15.01
2026-01-14T11:36:22.325Z,15.53
2026-01-14T11:41:22.41Z,15.99
2026-01-14T11:46:22.366Z,16.1
2026-01-14T11:51:22.526Z,15.9
2026-01-14T11:56:22.468Z,15.81
2026-01-14T12:01:22.387Z,16.1
2026-01-14T12:06:22.528Z,16.3
2026-01-14T12:11:22.419Z,16.3
2026-01-14T12:16:22.522Z,16.28
2026-01-14T12:21:22.516Z,16.56
2026-01-14T12:26:22.372Z,16.71
2026-01-14T12:31:22.519Z,16.91
2026-01-14T12:36:22.362Z,16.97
2026-01-14T12:41:22.405Z,16.68
2026-01-14T12:46:22.324Z,16.51
2026-01-14T12:51:22.48Z,16.48
2026-01-14T12:56:22.518Z,16.62
2026-01-14T13:01:22.506Z,16.71
2026-01-14T13:06:22.363Z,16.94
2026-01-14T13:11:22.332Z,17.31
2026-01-14T13:16:22.45Z,17.63
2026-01-14T13:21:22.498Z,18.0
2026-01-14T13:26:22.444Z,18.21
2026-01-14T13:31:22.323Z,18.26
2026-01-14T13:36:22.494Z,18.55
2026-01-14T13:41:22.419Z,18.58
2026-01-14T13:46:22.986Z,18.21
2026-01-14T13:51:22.473Z,17.89
2026-01-14T13:56:22.395Z,17.95
2026-01-14T14:01:22.476Z,17.83
2026-01-14T14:06:22.537Z,18.06
2026-01-14T14:11:22.454Z,18.21
2026-01-14T14:16:22.476Z,18.35
2026-01-14T14:21:22.332Z,18.64
2026-01-14T14:26:22.306Z,18.84
2026-01-14T14:31:22.519Z,18.95
2026-01-14T14:36:22.402Z,18.95
2026-01-14T14:41:22.539Z,18.93
2026-01-14T14:46:22.322Z,18.95
2026-01-14T14:51:22.478Z,19.07
2026-01-14T14:56:22.661Z,19.13
2026-01-14T15:01:22.509Z,19.39
2026-01-14T15:06:22.36Z,19.42
2026-01-14T15:11:22.5Z,19.36
2026-01-14T15:16:22.58Z,19.24
2026-01-14T15:21:22.344Z,19.16
2026-01-14T15:26:22.559Z,19.07
2026-01-14T15:31:22.404Z,19.1
2026-01-14T15:36:22.404Z,19.18
2026-01-14T15:41:22.547Z,19.1
2026-01-14T15:46:22.528Z,19.21
2026-01-14T15:51:22.724Z,19.1
2026-01-14T15:56:22.391Z,19.27
2026-01-14T16:01:22.405Z,19.3
2026-01-14T16:06:22.333Z,19.3
2026-01-14T16:11:22.357Z,19.21
2026-01-14T16:16:22.326Z,19.01
2026-01-14T16:21:22.535Z,18.84
2026-01-14T16:26:22.36Z,18.75
2026-01-14T16:31:22.468Z,18.55
2026-01-14T16:36:22.389Z,18.41
2026-01-14T16:41:22.396Z,18.29
2026-01-14T16:46:22.456Z,18.09
2026-01-14T16:51:22.368Z,17.83
2026-01-14T16:56:22.36Z,17.63
2026-01-14T17:01:22.344Z,17.28
2026-01-14T17:06:22.509Z,17.05
2026-01-14T17:11:22.456Z,16.88
2026-01-14T17:16:22.353Z,16.74
2026-01-14T17:21:22.402Z,16.62
2026-01-14T17:26:22.415Z,16.22
2026-01-14T17:31:22.39Z,15.93
2026-01-14T17:36:22.516Z,15.56
2026-01-14T17:41:22.513Z,15.19
2026-01-14T17:46:22.386Z,14.93
2026-01-14T17:51:22.378Z,14.61
2026-01-14T17:56:22.438Z,14.44
2026-01-14T18:01:22.45Z,14.37
2026-01-14T18:06:22.347Z,14.41
2026-01-14T18:11:22.502Z,14.35
2026-01-14T18:16:22.528Z,14.47
2026-01-14T18:21:22.513Z,14.64
2026-01-14T18:26:22.364Z,14.64
2026-01-14T18:31:22.497Z,14.64
2026-01-14T18:36:22.343Z,14.47
2026-01-14T18:41:22.445Z,14.41
2026-01-14T18:46:22.494Z,14.37
2026-01-14T18:51:22.298Z,14.15
2026-01-14T18:56:22.498Z,13.92
2026-01-14T19:01:22.298Z,13.77
2026-01-14T19:06:22.396Z,13.49
2026-01-14T19:11:22.367Z,13.11
2026-01-14T19:16:22.435Z,12.91
2026-01-14T19:21:22.338Z,12.77
2026-01-14T19:26:22.518Z,12.65
2026-01-14T19:31:22.427Z,12.48
2026-01-14T19:36:22.551Z,12.31
2026-01-14T19:41:22.481Z,12.1
2026-01-14T19:46:22.449Z,11.93
2026-01-14T19:51:22.539Z,11.84
2026-01-14T19:56:22.362Z,11.73
2026-01-14T20:01:22.419Z,11.59
2026-01-14T20:06:22.352Z,11.56
2026-01-14T20:11:22.341Z,11.96
2026-01-14T20:16:22.389Z,12.19
2026-01-14T20:21:22.291Z,12.25
2026-01-14T20:26:22.33Z,12.22
2026-01-14T20:31:22.308Z,12.19
2026-01-14T20:36:22.449Z,12.13
2026-01-14T20:41:22.311Z,12.16
2026-01-14T20:46:22.501Z,12.07
2026-01-14T20:51:22.425Z,12.05
2026-01-14T20:56:22.47Z,11.9
2026-01-14T21:01:22.495Z,11.96
2026-01-14T21:06:22.636Z,12.16
2026-01-14T21:11:22.483Z,12.22
2026-01-14T21:16:22.355Z,12.25
2026-01-14T21:21:22.277Z,12.16
2026-01-14T21:26:22.465Z,11.93
2026-01-14T21:31:22.356Z,11.73
2026-01-14T21:36:22.337Z,11.67
2026-01-14T21:41:22.467Z,11.7
2026-01-14T21:46:22.388Z,11.79
2026-01-14T21:51:22.485Z,11.82
2026-01-14T21:56:22.499Z,11.76
2026-01-14T22:01:22.456Z,11.73
2026-01-14T22:06:22.271Z,11.87
2026-01-14T22:11:22.471Z,11.93
2026-01-14T22:16:22.452Z,11.96
2026-01-14T22:21:22.46Z,11.93
2026-01-14T22:26:22.481Z,11.84
2026-01-14T22:31:22.511Z,11.67
2026-01-14T22:36:22.459Z,11.5
2026-01-14T22:41:22.316Z,11.44
2026-01-14T22:46:22.299Z,11.47
2026-01-14T22:51:22.397Z,11.35
2026-01-14T22:56:22.497Z,11.3
2026-01-14T23:01:22.537Z,11.07
2026-01-14T23:06:22.396Z,10.86
2026-01-14T23:11:22.417Z,10.66
2026-01-14T23:16:22.275Z,10.49
2026-01-14T23:21:22.267Z,10.24
2026-01-14T23:26:22.458Z,10.12
2026-01-14T23:31:22.627Z,10.09
2026-01-14T23:36:22.282Z,9.91
2026-01-14T23:41:22.501Z,9.8
2026-01-14T23:46:22.477Z,9.75
2026-01-14T23:51:22.472Z,9.72
2026-01-14T23:56:22.35Z,9.63
2026-01-15T00:01:22.265Z,9.72
2026-01-15T00:06:22.451Z,9.77
2026-01-15T00:11:22.389Z,9.75
2026-01-15T00:16:22.479Z,9.6
2026-01-15T00:21:22.327Z,9.51
2026-01-15T00:26:22.484Z,9.51
2026-01-15T00:31:22.421Z,9.57
2026-01-15T00:36:22.251Z,9.57
2026-01-15T00:41:22.481Z,9.51
2026-01-15T00:46:22.255Z,9.34
2026-01-15T00:51:22.288Z,9.37
2026-01-15T00:56:22.421Z,9.34
2026-01-15T01:01:22.304Z,9.19
2026-01-15T01:06:22.477Z,9.05
2026-01-15T01:11:22.382Z,9.05
2026-01-15T01:16:22.291Z,9.08
2026-01-15T01:21:22.344Z,9.05
2026-01-15T01:26:22.38Z,8.97
2026-01-15T01:31:22.269Z,8.77
2026-01-15T01:36:22.331Z,8.59
2026-01-15T01:41:22.239Z,8.48
2026-01-15T01:46:22.357Z,8.36
2026-01-15T01:51:22.479Z,8.25
2026-01-15T01:56:22.309Z,8.1
2026-01-15T02:01:22.331Z,8.02
2026-01-15T02:06:22.383Z,7.99
2026-01-15T02:11:22.388Z,7.9
2026-01-15T02:16:22.366Z,7.93
2026-01-15T02:21:22.225Z,7.76
2026-01-15T02:26:22.457Z,7.79
2026-01-15T02:31:22.283Z,7.79
2026-01-15T02:36:22.246Z,7.82
2026-01-15T02:41:22.299Z,7.7
2026-01-15T02:46:22.342Z,7.7
2026-01-15T02:51:22.361Z,7.64
2026-01-15T02:56:22.389Z,7.76
2026-01-15T03:01:22.257Z,7.93
2026-01-15T03:06:22.452Z,8.02
2026-01-15T03:11:22.409Z,8.19
2026-01-15T03:16:22.317Z,8.28
2026-01-15T03:21:22.283Z,8.39
2026-01-15T03:26:22.232Z,8.45
2026-01-15T03:31:22.354Z,8.42
2026-01-15T03:36:22.302Z,8.31
2026-01-15T03:41:22.462Z,8.33
2026-01-15T03:46:22.462Z,8.48
2026-01-15T03:51:22.339Z,8.82
2026-01-15T03:56:22.27Z,9.0
2026-01-15T04:01:22.257Z,9.11
2026-01-15T04:06:22.257Z,9.11
2026-01-15T04:11:22.449Z,8.88
2026-01-15T04:16:22.291Z,8.82
2026-01-15T04:21:22.34Z,8.56
2026-01-15T04:26:22.343Z,8.39
2026-01-15T04:31:22.495Z,8.22
2026-01-15T04:36:22.291Z,8.1
2026-01-15T04:41:22.433Z,8.36
2026-01-15T04:46:22.389Z,8.59
2026-01-15T04:51:22.337Z,8.88
2026-01-15T04:56:22.473Z,9.11
2026-01-15T05:01:22.374Z,9.11
2026-01-15T05:06:22.297Z,9.05
2026-01-15T05:11:22.235Z,8.97
2026-01-15T05:16:22.353Z,8.85
2026-01-15T05:21:22.484Z,8.79
2026-01-15T05:26:22.347Z,8.62
2026-01-15T05:31:22.219Z,8.62
2026-01-15T05:36:22.233Z,8.51
2026-01-15T05:41:22.49Z,8.48
2026-01-15T05:46:22.284Z,8.33
2026-01-15T05:51:22.31Z,8.28
2026-01-15T05:56:22.244Z,7.96
2026-01-15T06:01:22.382Z,7.82
2026-01-15T06:06:22.445Z,7.79
2026-01-15T06:11:22.28Z,7.82
2026-01-15T06:16:22.438Z,7.82
2026-01-15T06:21:22.42Z,7.76
2026-01-15T06:26:22.237Z,7.67
2026-01-15T06:31:22.231Z,7.47
2026-01-15T06:36:22.319Z,7.33
2026-01-15T06:41:22.417Z,7.3
2026-01-15T06:46:22.389Z,7.18
2026-01-15T06:51:22.302Z,7.12
2026-01-15T06:56:22.463Z,7.1
2026-01-15T07:01:22.341Z,7.12
2026-01-15T07:06:22.226Z,7.1
2026-01-15T07:11:22.339Z,7.12
2026-01-15T07:16:22.354Z,7.18
2026-01-15T07:21:22.253Z,7.1
2026-01-15T07:26:22.464Z,7.1
2026-01-15T07:31:22.461Z,6.98
2026-01-15T07:36:22.446Z,7.04
2026-01-15T07:41:22.332Z,7.33
2026-01-15T07:46:22.434Z,7.53
2026-01-15T07:51:22.285Z,7.67
2026-01-15T07:56:22.403Z,7.84
2026-01-15T08:01:22.439Z,8.02
2026-01-15T08:06:22.215Z,8.28
2026-01-15T08:11:22.349Z,8.77
2026-01-15T08:16:22.231Z,9.03
2026-01-15T08:21:22.403Z,9.28
2026-01-15T08:26:22.281Z,9.51
2026-01-15T08:31:22.475Z,9.89
2026-01-15T08:36:22.439Z,10.06
2026-01-15T08:41:22.344Z,10.35
2026-01-15T08:46:22.336Z,10.49
2026-01-15T08:51:22.369Z,10.7
2026-01-15T08:56:22.333Z,10.84
2026-01-15T09:01:22.456Z,10.84
2026-01-15T09:06:22.421Z,11.01
2026-01-15T09:11:22.469Z,11.07
2026-01-15T09:16:22.34Z,10.98
2026-01-15T09:21:22.318Z,10.98
2026-01-15T09:26:22.407Z,11.12
2026-01-15T09:31:22.223Z,11.33
2026-01-15T09:36:22.434Z,11.53
2026-01-15T09:41:22.44Z,11.67
2026-01-15T09:46:22.255Z,12.07
2026-01-15T09:51:22.256Z,12.16
2026-01-15T09:56:22.324Z,12.51
2026-01-15T10:01:22.415Z,12.77
2026-01-15T10:06:22.399Z,12.74
2026-01-15T10:11:22.242Z,12.88
2026-01-15T10:16:22.209Z,13.05
2026-01-15T10:21:22.383Z,13.08
2026-01-15T10:26:22.266Z,13.05
2026-01-15T10:31:22.306Z,13.26
2026-01-15T10:36:22.312Z,13.63
2026-01-15T10:41:22.241Z,13.92
2026-01-15T10:46:22.255Z,14.32
2026-01-15T10:51:22.509Z,14.78
2026-01-15T10:56:22.203Z,15.09
2026-01-15T11:01:22.353Z,15.09
2026-01-15T11:06:22.408Z,15.09
2026-01-15T11:11:22.26Z,15.16
2026-01-15T11:16:22.232Z,15.5
2026-01-15T11:21:22.32Z,15.73
2026-01-15T11:26:22.304Z,15.44
2026-01-15T11:31:22.248Z,15.58
2026-01-15T11:36:22.405Z,15.96
2026-01-15T11:41:22.217Z,16.22
2026-01-15T11:46:22.41Z,16.56
2026-01-15T11:51:22.368Z,16.79
2026-01-15T11:56:22.308Z,16.97
2026-01-15T12:01:22.38Z,17.14
2026-01-15T12:06:22.408Z,17.34
2026-01-15T12:11:22.254Z,17.26
2026-01-15T12:16:22.219Z,17.46
2026-01-15T12:21:22.255Z,17.54
2026-01-15T12:26:22.198Z,17.8
2026-01-15T12:31:22.342Z,18.18
2026-01-15T12:36:22.28Z,18.35
2026-01-15T12:41:22.21Z,18.44
2026-01-15T12:46:22.399Z,18.26
2026-01-15T12:51:22.174Z,18.29
2026-01-15T12:56:22.226Z,18.44
2026-01-15T13:01:22.38Z,18.41
2026-01-15T13:06:22.178Z,18.26
2026-01-15T13:11:22.243Z,18.41
2026-01-15T13:16:22.394Z,18.55
2026-01-15T13:21:22.211Z,18.61
2026-01-15T13:26:22.293Z,18.78
2026-01-15T13:31:22.363Z,18.9
2026-01-15T13:36:22.42Z,18.95
2026-01-15T13:41:22.279Z,19.42
2026-01-15T13:46:22.381Z,19.85
2026-01-15T13:51:22.323Z,19.88
2026-01-15T13:56:22.259Z,20.31
2026-01-15T14:01:22.212Z,20.48
2026-01-15T14:06:22.207Z,20.25
2026-01-15T14:11:22.354Z,19.9
2026-01-15T14:16:22.375Z,19.73
2026-01-15T14:21:22.363Z,19.76
2026-01-15T14:26:22.197Z,20.05
2026-01-15T14:31:22.468Z,19.85
2026-01-15T14:36:22.256Z,19.7
2026-01-15T14:41:22.422Z,19.9
2026-01-15T14:46:22.323Z,19.88
2026-01-15T14:51:22.257Z,20.05
2026-01-15T14:56:22.259Z,20.02
2026-01-15T15:01:22.304Z,19.85
2026-01-15T15:06:22.275Z,19.88
2026-01-15T15:11:22.178Z,20.08
2026-01-15T15:16:22.503Z,20.31
2026-01-15T15:21:22.202Z,20.39
2026-01-15T15:26:22.389Z,20.51
2026-01-15T15:31:22.3Z,20.25
2026-01-15T15:36:22.212Z,20.34
2026-01-15T15:41:22.341Z,20.28
2026-01-15T15:46:22.275Z,20.02
2026-01-15T15:51:22.19Z,19.85
2026-01-15T15:56:22.277Z,19.85
2026-01-15T16:01:22.37Z,19.7
2026-01-15T16:06:22.386Z,19.39
2026-01-15T16:11:22.361Z,19.27
2026-01-15T16:16:22.392Z,19.04
2026-01-15T16:21:22.209Z,18.95
2026-01-15T16:26:22.399Z,18.75
2026-01-15T16:31:22.341Z,18.75
2026-01-15T16:36:22.221Z,18.64
2026-01-15T16:41:22.421Z,18.44
2026-01-15T16:46:22.284Z,18.0
2026-01-15T16:51:22.164Z,17.72
2026-01-15T16:56:22.297Z,17.43
2026-01-15T17:01:22.442Z,17.14
2026-01-15T17:06:22.23Z,16.79
2026-01-15T17:11:22.357Z,16.42
2026-01-15T17:16:22.408Z,16.1
2026-01-15T17:21:22.349Z,15.93
2026-01-15T17:26:22.219Z,15.7
2026-01-15T17:31:22.407Z,15.47
2026-01-15T17:36:22.324Z,15.12
2026-01-15T17:41:22.364Z,14.75
2026-01-15T17:46:22.386Z,14.47
2026-01-15T17:51:22.251Z,14.18
2026-01-15T17:56:22.339Z,13.92
2026-01-15T18:01:22.218Z,13.72
2026-01-15T18:06:22.309Z,13.49
2026-01-15T18:11:22.305Z,13.23
2026-01-15T18:16:22.33Z,13.03
2026-01-15T18:21:22.316Z,12.85
2026-01-15T18:26:22.4Z,12.65
2026-01-15T18:31:22.193Z,12.51
2026-01-15T18:36:22.186Z,12.36
2026-01-15T18:41:22.156Z,12.1
2026-01-15T18:46:22.218Z,12.07
2026-01-15T18:51:22.305Z,12.02
2026-01-15T18:56:22.209Z,12.05
2026-01-15T19:01:22.401Z,12.13
2026-01-15T19:06:22.305Z,12.07
2026-01-15T19:11:22.255Z,12.07
2026-01-15T19:16:22.319Z,11.99
2026-01-15T19:21:22.37Z,11.96
2026-01-15T19:26:22.344Z,11.73
2026-01-15T19:31:22.344Z,11.64
2026-01-15T19:36:22.372Z,11.5
2026-01-15T19:41:22.167Z,11.44
2026-01-15T19:46:22.389Z,11.3
2026-01-15T19:51:22.367Z,11.3
2026-01-15T19:56:22.246Z,11.24
2026-01-15T20:01:22.191Z,11.19
2026-01-15T20:06:22.347Z,11.24
2026-01-15T20:11:22.25Z,11.33
2026-01-15T20:16:22.229Z,11.35
2026-01-15T20:21:22.21Z,11.35
2026-01-15T20:26:22.334Z,11.33
2026-01-15T20:31:22.216Z,11.21
2026-01-15T20:36:22.257Z,11.24
2026-01-15T20:41:22.428Z,11.44
2026-01-15T20:46:22.29Z,11.56
2026-01-15T20:51:22.241Z,11.61
2026-01-15T20:56:22.141Z,11.64
2026-01-15T21:01:22.324Z,11.64
2026-01-15T21:06:22.169Z,11.7
2026-01-15T21:11:22.32Z,11.64
2026-01-15T21:16:22.449Z,11.61
2026-01-15T21:21:22.379Z,11.64
2026-01-15T21:26:22.253Z,11.67
2026-01-15T21:31:22.431Z,11.53
2026-01-15T21:36:22.191Z,11.53
2026-01-15T21:41:22.156Z,11.47
2026-01-15T21:46:22.383Z,11.53
2026-01-15T21:51:22.352Z,11.67
2026-01-15T21:56:22.379Z,11.73
2026-01-15T22:01:22.338Z,11.87
2026-01-15T22:06:22.33Z,11.9
2026-01-15T22:11:22.274Z,11.93
2026-01-15T22:16:22.356Z,11.84
2026-01-15T22:21:22.134Z,11.61
2026-01-15T22:26:22.253Z,11.41
2026-01-15T22:31:22.174Z,11.21
2026-01-15T22:36:22.298Z,11.12
2026-01-15T22:41:22.16Z,11.12
2026-01-15T22:46:22.163Z,11.12
2026-01-15T22:51:22.224Z,10.98
2026-01-15T22:56:22.289Z,10.81
2026-01-15T23:01:22.299Z,10.78
2026-01-15T23:06:22.266Z,10.72
2026-01-15T23:11:22.289Z,10.7
2026-01-15T23:16:22.366Z,10.78
2026-01-15T23:21:22.332Z,10.81
2026-01-15T23:26:22.259Z,10.84
2026-01-15T23:31:22.202Z,10.89
2026-01-15T23:36:22.174Z,10.96
2026-01-15T23:41:22.19Z,11.12
2026-01-15T23:46:22.279Z,11.3
2026-01-15T23:51:22.131Z,11.35
2026-01-15T23:56:22.324Z,11.33
2026-01-16T00:01:22.255Z,11.38
2026-01-16T00:06:22.189Z,11.44
2026-01-16T00:11:22.398Z,11.38
2026-01-16T00:16:22.356Z,11.41
2026-01-16T00:21:22.295Z,11.44
2026-01-16T00:26:22.311Z,11.53
2026-01-16T00:31:22.271Z,11.59
2026-01-16T00:36:22.119Z,11.56
2026-01-16T00:41:22.188Z,11.59
2026-01-16T00:46:22.141Z,11.5
2026-01-16T00:51:22.206Z,11.53
2026-01-16T00:56:22.306Z,11.5
2026-01-16T01:01:22.364Z,11.44
2026-01-16T01:06:22.224Z,11.38
2026-01-16T01:11:22.258Z,11.27
2026-01-16T01:16:22.271Z,11.12
2026-01-16T01:21:22.228Z,11.19
2026-01-16T01:26:22.342Z,11.12
2026-01-16T01:31:22.152Z,11.15
2026-01-16T01:36:22.339Z,11.01
2026-01-16T01:41:22.343Z,10.96
2026-01-16T01:46:22.364Z,10.75
2026-01-16T01:51:22.311Z,10.7
2026-01-16T01:56:22.234Z,10.78
2026-01-16T02:01:22.292Z,10.75
2026-01-16T02:06:22.161Z,10.75
2026-01-16T02:11:22.18Z,10.72
2026-01-16T02:16:22.307Z,10.75
2026-01-16T02:21:22.318Z,10.72
2026-01-16T02:26:22.3Z,10.78
2026-01-16T02:31:22.304Z,10.7
2026-01-16T02:36:22.128Z,10.58
2026-01-16T02:41:22.262Z,10.55
2026-01-16T02:46:22.224Z,10.58
2026-01-16T02:51:22.233Z,10.61
2026-01-16T02:56:22.24Z,10.75
2026-01-16T03:01:22.169Z,10.89
2026-01-16T03:06:22.324Z,11.04
2026-01-16T03:11:22.183Z,11.21
2026-01-16T03:16:22.3Z,11.21
2026-01-16T03:21:22.214Z,11.33
2026-01-16T03:26:22.105Z,11.35
2026-01-16T03:31:22.336Z,11.44
2026-01-16T03:36:22.122Z,11.44
2026-01-16T03:41:22.1Z,11.38
2026-01-16T03:46:22.236Z,11.47
2026-01-16T03:51:22.231Z,11.67
2026-01-16T03:56:22.196Z,11.76
2026-01-16T04:01:22.27Z,11.73
2026-01-16T04:06:22.138Z,11.7
2026-01-16T04:11:22.142Z,11.59
2026-01-16T04:16:22.195Z,11.5
2026-01-16T04:21:22.145Z,11.5
2026-01-16T04:26:22.109Z,11.33
2026-01-16T04:31:22.211Z,11.35
2026-01-16T04:36:22.128Z,11.24
2026-01-16T04:41:22.152Z,11.21
2026-01-16T04:46:22.318Z,11.21
2026-01-16T04:51:22.261Z,11.15
2026-01-16T04:56:22.244Z,11.07
2026-01-16T05:01:22.193Z,11.12
2026-01-16T05:06:22.344Z,11.33
2026-01-16T05:11:22.234Z,11.5
2026-01-16T05:16:22.211Z,11.53
2026-01-16T05:21:22.122Z,11.61
2026-01-16T05:26:22.225Z,11.7
2026-01-16T05:31:22.304Z,11.7
2026-01-16T05:36:22.153Z,11.76
2026-01-16T05:41:22.275Z,11.76
2026-01-16T05:46:22.139Z,11.79
2026-01-16T05:51:22.144Z,11.79
2026-01-16T05:56:22.211Z,11.53
2026-01-16T06:01:22.308Z,11.41
2026-01-16T06:06:22.138Z,11.24
2026-01-16T06:11:22.212Z,11.1
2026-01-16T06:16:22.136Z,10.63
2026-01-16T06:21:22.287Z,10.24
2026-01-16T06:26:22.095Z,10.09
2026-01-16T06:31:22.105Z,10.06
2026-01-16T06:36:22.124Z,9.94
2026-01-16T06:41:22.235Z,9.86
2026-01-16T06:46:22.162Z,9.94
2026-01-16T06:51:22.323Z,9.94
2026-01-16T06:56:22.287Z,10.24
2026-01-16T07:01:22.156Z,10.35
2026-01-16T07:06:22.21Z,10.17
2026-01-16T07:11:22.201Z,10.17
2026-01-16T07:16:22.106Z,10.12
2026-01-16T07:21:22.276Z,9.94
2026-01-16T07:26:22.211Z,9.86
2026-01-16T07:31:22.136Z,9.91
2026-01-16T07:36:22.242Z,9.8
2026-01-16T07:41:22.187Z,9.83
2026-01-16T07:46:22.319Z,9.89
2026-01-16T07:51:22.115Z,10.06
2026-01-16T07:56:22.271Z,10.29
2026-01-16T08:01:22.267Z,10.43
2026-01-16T08:06:22.28Z,10.61
2026-01-16T08:11:22.241Z,10.84
2026-01-16T08:16:22.148Z,11.07
2026-01-16T08:21:22.129Z,11.41
2026-01-16T08:26:22.255Z,11.64
2026-01-16T08:31:22.29Z,11.79
2026-01-16T08:36:22.174Z,11.76
2026-01-16T08:41:22.174Z,11.82
2026-01-16T08:46:22.166Z,11.87
2026-01-16T08:51:22.167Z,11.9
2026-01-16T08:56:22.116Z,11.96
2026-01-16T09:01:22.289Z,12.07
2026-01-16T09:06:22.09Z,12.22
2026-01-16T09:11:22.094Z,12.31
2026-01-16T09:16:22.177Z,12.36
2026-01-16T09:21:22.297Z,12.54
2026-01-16T09:26:22.134Z,12.59
2026-01-16T09:31:22.168Z,12.88
2026-01-16T09:36:22.234Z,13.23
2026-01-16T09:41:22.094Z,13.98
2026-01-16T09:46:22.27Z,14.86
2026-01-16T09:51:22.126Z,15.53
2026-01-16T09:56:22.252Z,15.42
2026-01-16T10:01:22.079Z,15.53
2026-01-16T10:06:22.316Z,15.76
2026-01-16T10:11:22.304Z,15.79
2026-01-16T10:16:22.275Z,15.76
2026-01-16T10:21:22.164Z,15.96
2026-01-16T10:26:22.242Z,16.02
2026-01-16T10:31:22.176Z,16.19
2026-01-16T10:36:22.301Z,16.25
2026-01-16T10:41:22.294Z,16.1
2026-01-16T10:46:22.28Z,15.99
2026-01-16T10:51:22.197Z,16.02
2026-01-16T10:56:22.307Z,15.96
2026-01-16T11:01:22.146Z,15.96
2026-01-16T11:06:22.087Z,15.9
2026-01-16T11:11:22.157Z,15.84
2026-01-16T11:16:22.113Z,15.88
2026-01-16T11:21:22.208Z,15.99
2026-01-16T11:26:22.325Z,16.1
2026-01-16T11:31:22.328Z,16.51
2026-01-16T11:36:22.298Z,16.79
2026-01-16T11:41:22.238Z,16.79
2026-01-16T11:46:22.142Z,16.97
2026-01-16T11:51:22.234Z,17.26
2026-01-16T11:56:22.29Z,17.37
2026-01-16T12:01:22.131Z,17.95
2026-01-16T12:06:22.078Z,17.74
2026-01-16T12:11:22.073Z,17.69
2026-01-16T12:16:22.08Z,17.77
2026-01-16T12:21:22.154Z,17.54
2026-01-16T12:26:22.083Z,17.63
2026-01-16T12:31:22.086Z,17.49
2026-01-16T12:36:22.19Z,17.49
2026-01-16T12:41:22.288Z,17.54
2026-01-16T12:46:22.201Z,17.54
2026-01-16T12:51:22.134Z,17.57
2026-01-16T12:56:22.115Z,17.63
2026-01-16T13:01:22.095Z,17.57
2026-01-16T13:06:22.173Z,17.69
2026-01-16T13:11:22.261Z,17.77
2026-01-16T13:16:22.268Z,18.03
2026-01-16T13:21:22.307Z,17.97
2026-01-16T13:26:22.303Z,18.0
2026-01-16T13:31:22.157Z,18.21
2026-01-16T13:36:22.174Z,18.18
2026-01-16T13:41:22.137Z,18.41
2026-01-16T13:46:22.096Z,18.55
2026-01-16T13:51:22.07Z,18.52
2026-01-16T13:56:22.113Z,18.67
2026-01-16T14:01:22.207Z,18.87
2026-01-16T14:06:22.261Z,19.1
2026-01-16T14:11:22.126Z,18.95
2026-01-16T14:16:22.287Z,18.81
2026-01-16T14:21:22.049Z,18.81
2026-01-16T14:26:22.203Z,18.78
2026-01-16T14:31:22.066Z,18.61
2026-01-16T14:36:22.163Z,18.49
2026-01-16T14:41:22.137Z,18.55
2026-01-16T14:46:22.277Z,18.78
2026-01-16T14:51:22.137Z,18.69
2026-01-16T14:56:22.232Z,18.35
2026-01-16T15:01:22.263Z,18.18
2026-01-16T15:06:22.268Z,18.15
2026-01-16T15:11:22.044Z,18.03
2026-01-16T15:16:22.216Z,17.95
2026-01-16T15:21:22.173Z,17.97
2026-01-16T15:26:22.039Z,17.89
2026-01-16T15:31:22.198Z,17.8
2026-01-16T15:36:22.228Z,17.77
2026-01-16T15:41:22.243Z,17.66
2026-01-16T15:46:22.106Z,17.54
2026-01-16T15:51:22.218Z,17.46
2026-01-16T15:56:22.043Z,17.4
2026-01-16T16:01:22.142Z,17.31
2026-01-16T16:06:22.054Z,17.28
2026-01-16T16:11:22.197Z,17.2
2026-01-16T16:16:22.147Z,17.14
2026-01-16T16:21:22.087Z,17.14
2026-01-16T16:26:22.075Z,17.05
2026-01-16T16:31:22.129Z,17.0
2026-01-16T16:36:22.221Z,17.0
2026-01-16T16:41:22.244Z,16.82
2026-01-16T16:46:22.143Z,16.74
2026-01-16T16:51:22.257Z,16.68
2026-01-16T16:56:22.13Z,16.65
2026-01-16T17:01:22.035Z,16.59
2026-01-16T17:06:22.084Z,16.45
2026-01-16T17:11:22.213Z,16.42
2026-01-16T17:16:22.223Z,16.28
2026-01-16T17:21:22.111Z,16.19
2026-01-16T17:26:22.026Z,16.22
2026-01-16T17:31:22.22Z,16.14
2026-01-16T17:36:22.084Z,16.05
2026-01-16T17:41:22.285Z,15.93
2026-01-16T17:46:22.054Z,15.73
2026-01-16T17:51:22.057Z,15.65
2026-01-16T17:56:22.235Z,15.65
2026-01-16T18:01:22.235Z,15.65
2026-01-16T18:06:22.151Z,15.56
2026-01-16T18:11:22.097Z,15.53
2026-01-16T18:16:22.093Z,15.42
2026-01-16T18:21:22.183Z,15.33
2026-01-16T18:26:22.057Z,15.12
2026-01-16T18:31:22.244Z,15.16
2026-01-16T18:36:22.088Z,15.16
2026-01-16T18:41:22.033Z,15.16
2026-01-16T18:46:22.235Z,15.24
2026-01-16T18:51:22.056Z,15.19
2026-01-16T18:56:22.077Z,15.16
2026-01-16T19:01:22.031Z,15.12
2026-01-16T19:06:22.089Z,15.01
2026-01-16T19:11:22.064Z,14.98
2026-01-16T19:16:22.146Z,15.01
2026-01-16T19:21:22.111Z,14.93
2026-01-16T19:26:22.092Z,14.72
2026-01-16T19:31:22.177Z,14.67
2026-01-16T19:36:22.173Z,14.55
2026-01-16T19:41:22.105Z,14.52
2026-01-16T19:46:22.137Z,14.49
2026-01-16T19:51:22.271Z,14.41
2026-01-16T19:56:22.11Z,14.32
2026-01-16T20:01:22.068Z,14.23
2026-01-16T20:06:22.119Z,14.15
2026-01-16T20:11:22.081Z,14.12
2026-01-16T20:16:22.063Z,14.03
2026-01-16T20:21:22.279Z,13.86
2026-01-16T20:26:22.221Z,13.72
2026-01-16T20:31:22.061Z,13.74
2026-01-16T20:36:22.065Z,13.69
2026-01-16T20:41:22.066Z,13.63
2026-01-16T20:46:22.023Z,13.63
2026-01-16T20:51:22.261Z,13.6
2026-01-16T20:56:22.171Z,13.57
2026-01-16T21:01:22.041Z,13.6
2026-01-16T21:06:22.029Z,13.69
2026-01-16T21:11:22.086Z,13.77
2026-01-16T21:16:22.068Z,13.86
2026-01-16T21:21:22.156Z,13.86
2026-01-16T21:26:22.124Z,13.86
2026-01-16T21:31:22.007Z,13.83
2026-01-16T21:36:22.023Z,13.77
2026-01-16T21:41:22.012Z,13.8
2026-01-16T21:46:22.03Z,13.77
2026-01-16T21:51:22.168Z,13.74
2026-01-16T21:56:22.133Z,13.69
2026-01-16T22:01:22.026Z,13.6
2026-01-16T22:06:22.238Z,13.51
2026-01-16T22:11:22.294Z,13.37
2026-01-16T22:16:22.041Z,13.37
2026-01-16T22:21:22.056Z,13.2
2026-01-16T22:26:22.127Z,13.14
2026-01-16T22:31:22.132Z,13.08
2026-01-16T22:36:22.139Z,13.0
2026-01-16T22:41:22.182Z,12.97
2026-01-16T22:46:22.166Z,13.03
2026-01-16T22:51:22.067Z,12.97
2026-01-16T22:56:22.238Z,12.97
2026-01-16T23:01:22.154Z,12.88
2026-01-16T23:06:22.16Z,12.79
2026-01-16T23:11:22.052Z,12.74
2026-01-16T23:16:22.182Z,12.71
2026-01-16T23:21:22.141Z,12.68
2026-01-16T23:26:22.038Z,12.71
2026-01-16T23:31:22.254Z,12.68
2026-01-16T23:36:22.051Z,12.59
2026-01-16T23:41:22.09Z,12.56
2026-01-16T23:46:22.056Z,12.54
2026-01-16T23:51:22.196Z,12.59
2026-01-16T23:56:22.143Z,12.59
2026-01-17T00:01:22.028Z,12.62
2026-01-17T00:06:22.1Z,12.68
2026-01-17T00:11:22.209Z,12.65
2026-01-17T00:16:22.161Z,12.56
2026-01-17T00:21:22.247Z,12.59
2026-01-17T00:26:22.242Z,12.54
2026-01-17T00:31:22.073Z,12.48
2026-01-17T00:36:22.123Z,12.36
2026-01-17T00:41:22.032Z,12.25
2026-01-17T00:46:22.08Z,12.22
2026-01-17T00:51:22.164Z,12.25
2026-01-17T00:56:22.298Z,12.16
2026-01-17T01:01:22.093Z,12.1
2026-01-17T01:06:22.209Z,11.93
2026-01-17T01:11:22.161Z,11.9
2026-01-17T01:16:22.155Z,11.82
2026-01-17T01:21:22.146Z,11.9
2026-01-17T01:26:22.016Z,11.93
2026-01-17T01:31:22.099Z,11.99
2026-01-17T01:36:22.237Z,11.99
2026-01-17T01:41:22.073Z,12.02
2026-01-17T01:46:22.013Z,11.93
2026-01-17T01:51:21.988Z,11.96
2026-01-17T01:56:22.209Z,12.05
2026-01-17T02:01:22.072Z,12.02
2026-01-17T02:06:22Z,12.02
2026-01-17T02:11:22.078Z,12.05
2026-01-17T02:16:22.068Z,12.05
2026-01-17T02:21:22.228Z,12.1
2026-01-17T02:26:22.209Z,12.19
2026-01-17T02:31:22.036Z,12.19
2026-01-17T02:36:22.234Z,12.22
2026-01-17T02:41:22.131Z,12.25
2026-01-17T02:46:22.173Z,12.31
2026-01-17T02:51:22.005Z,12.28
2026-01-17T02:56:22.04Z,12.25
2026-01-17T03:01:22.174Z,12.19
2026-01-17T03:06:22.198Z,12.22
2026-01-17T03:11:22.016Z,12.31
2026-01-17T03:16:22.154Z,12.25
2026-01-17T03:21:22.005Z,12.25
2026-01-17T03:26:22.19Z,12.36
2026-01-17T03:31:22.093Z,12.33
2026-01-17T03:36:22.223Z,12.36
2026-01-17T03:41:22.025Z,12.19
2026-01-17T03:46:21.984Z,12.16
2026-01-17T03:51:22.053Z,12.22
2026-01-17T03:56:22.048Z,12.07
2026-01-17T04:01:22.202Z,12.07
2026-01-17T04:06:22.158Z,12.1
2026-01-17T04:11:22.224Z,12.22
2026-01-17T04:16:21.987Z,12.16
2026-01-17T04:21:22.186Z,12.13
2026-01-17T04:26:21.983Z,12.05
2026-01-17T04:31:21.993Z,12.05
2026-01-17T04:36:22Z,12.05
2026-01-17T04:41:22.02Z,12.02
2026-01-17T04:46:22.175Z,12.02
2026-01-17T04:51:22.213Z,11.99
2026-01-17T04:56:22.218Z,11.96
2026-01-17T05:01:22.032Z,12.02
2026-01-17T05:06:21.968Z,12.05
2026-01-17T05:11:22.045Z,12.05
2026-01-17T05:16:21.999Z,11.9
2026-01-17T05:21:22.159Z,11.96
2026-01-17T05:26:22.036Z,11.9
2026-01-17T05:31:22.116Z,11.93
2026-01-17T05:36:22.006Z,11.93
2026-01-17T05:41:22.103Z,11.93
2026-01-17T05:46:22.199Z,11.96
2026-01-17T05:51:22.104Z,11.84
2026-01-17T05:56:22.108Z,11.87
2026-01-17T06:01:22.228Z,11.93
2026-01-17T06:06:22.218Z,11.93
2026-01-17T06:11:22.121Z,12.02
2026-01-17T06:16:21.979Z,11.96
2026-01-17T06:21:22.222Z,11.84
2026-01-17T06:26:22.107Z,11.73
2026-01-17T06:31:22.224Z,11.7
2026-01-17T06:36:22.083Z,11.76
2026-01-17T06:41:22.172Z,11.59
2026-01-17T06:46:22.166Z,11.59
2026-01-17T06:51:21.996Z,11.59
2026-01-17T06:56:22.037Z,11.56
2026-01-17T07:01:21.961Z,11.67
2026-01-17T07:06:22.213Z,11.7
2026-01-17T07:11:21.978Z,11.67
2026-01-17T07:16:22.229Z,11.47
2026-01-17T07:21:22.17Z,11.44
2026-01-17T07:26:22.081Z,11.35
2026-01-17T07:31:21.99Z,11.33
2026-01-17T07:36:22.078Z,11.24
2026-01-17T07:41:22.089Z,11.21
2026-01-17T07:46:22.039Z,11.01
2026-01-17T07:51:22.198Z,11.01
2026-01-17T07:56:22.147Z,11.04
2026-01-17T08:01:22.111Z,11.07
2026-01-17T08:06:22.172Z,11.01
2026-01-17T08:11:22.158Z,11.01
2026-01-17T08:16:22.138Z,11.01
2026-01-17T08:21:22.018Z,11.01
2026-01-17T08:26:22.169Z,11.04
2026-01-17T08:31:22.139Z,11.01
2026-01-17T08:36:22.073Z,11.04
2026-01-17T08:41:22.095Z,11.1
2026-01-17T08:46:22.173Z,11.12
2026-01-17T08:51:21.946Z,11.3
2026-01-17T08:56:22.054Z,11.24
2026-01-17T09:01:21.989Z,11.27
2026-01-17T09:06:22.105Z,11.3
2026-01-17T09:11:22.058Z,11.3
2026-01-17T09:16:22.046Z,11.44
2026-01-17T09:21:21.958Z,11.5
2026-01-17T09:26:22.072Z,11.56
2026-01-17T09:31:22.233Z,11.67
2026-01-17T09:36:22.172Z,11.82
2026-01-17T09:41:22.007Z,11.76
2026-01-17T09:46:22.051Z,11.87
2026-01-17T09:51:22.086Z,11.87
2026-01-17T09:56:22.099Z,12.02
2026-01-17T10:01:22.108Z,12.28
2026-01-17T10:06:22.147Z,12.31
2026-01-17T10:11:21.948Z,12.42
2026-01-17T10:16:21.944Z,12.42
2026-01-17T10:21:22.111Z,12.56
2026-01-17T10:26:22.111Z,12.74
2026-01-17T10:31:22.08Z,13.05
2026-01-17T10:36:22.136Z,13.2
2026-01-17T10:41:21.978Z,13.26
2026-01-17T10:46:22.127Z,13.2
2026-01-17T10:51:22.175Z,13.17
2026-01-17T10:56:22.058Z,13.49
2026-01-17T11:01:22.002Z,13.89
2026-01-17T11:06:22.049Z,13.98
2026-01-17T11:11:22.108Z,13.95
2026-01-17T11:16:21.974Z,14.21
2026-01-17T11:21:22.074Z,14.44
2026-01-17T11:26:22.039Z,14.58
2026-01-17T11:31:22.008Z,14.95
2026-01-17T11:36:22.19Z,14.84
2026-01-17T11:41:22.175Z,14.58
2026-01-17T11:46:22.091Z,15.04
2026-01-17T11:51:22.091Z,15.21
2026-01-17T11:56:21.96Z,15.5
2026-01-17T12:01:22.046Z,15.5
2026-01-17T12:06:22.053Z,15.65
2026-01-17T12:11:21.968Z,16.02
2026-01-17T12:16:22.061Z,15.88
2026-01-17T12:21:22.097Z,16.05
2026-01-17T12:26:22.111Z,15.81
2026-01-17T12:31:22.233Z,16.22
2026-01-17T12:36:22.023Z,16.53
2026-01-17T12:41:22.011Z,16.45
2026-01-17T12:46:22.002Z,16.16
2026-01-17T12:51:22.053Z,15.88
2026-01-17T12:56:21.922Z,15.61
2026-01-17T13:01:22.15Z,15.58
2026-01-17T13:06:22.111Z,15.7
2026-01-17T13:11:21.943Z,15.65
2026-01-17T13:16:22.146Z,15.7
2026-01-17T13:21:21.989Z,15.67
2026-01-17T13:26:22.018Z,15.81
2026-01-17T13:31:21.957Z,15.81
2026-01-17T13:36:22.033Z,15.84
2026-01-17T13:41:22.1Z,15.93
2026-01-17T13:46:22.074Z,16.05
2026-01-17T13:51:22.013Z,16.16
2026-01-17T13:56:22.072Z,16.14
2026-01-17T14:01:22.051Z,16.1
2026-01-17T14:06:21.983Z,16.16
2026-01-17T14:11:22.004Z,16.22
2026-01-17T14:16:21.986Z,16.33
2026-01-17T14:21:22.114Z,16.45
2026-01-17T14:26:22.145Z,16.16
2026-01-17T14:31:22.102Z,16.14
2026-01-17T14:36:22.038Z,16.1
2026-01-17T14:41:22.023Z,16.37
2026-01-17T14:46:22.123Z,16.45
2026-01-17T14:51:21.916Z,16.68
2026-01-17T14:56:22.116Z,16.97
2026-01-17T15:01:21.967Z,17.02
2026-01-17T15:06:22.142Z,16.88
2026-01-17T15:11:22.139Z,16.79
2026-01-17T15:16:22.134Z,16.65
2026-01-17T15:21:22.157Z,16.59
2026-01-17T15:26:22.047Z,16.33
2026-01-17T15:31:22.136Z,16.28
2026-01-17T15:36:22.106Z,16.1
2026-01-17T15:41:22.129Z,16.02
2026-01-17T15:46:21.951Z,16.05
2026-01-17T15:51:21.976Z,16.16
2026-01-17T15:56:22.115Z,16.3
2026-01-17T16:01:22.018Z,16.3
2026-01-17T16:06:22.061Z,16.51
2026-01-17T16:11:21.974Z,16.62
2026-01-17T16:16:22.044Z,16.56
2026-01-17T16:21:21.984Z,16.51
2026-01-17T16:26:21.943Z,16.3
2026-01-17T16:31:21.952Z,15.96
2026-01-17T16:36:21.956Z,15.5
2026-01-17T16:41:21.989Z,15.24
2026-01-17T16:46:22.068Z,15.16
2026-01-17T16:51:21.907Z,15.07
2026-01-17T16:56:22.063Z,14.9
2026-01-17T17:01:22.065Z,14.86
2026-01-17T17:06:21.907Z,14.75
2026-01-17T17:11:22.058Z,14.64
2026-01-17T17:16:22.083Z,14.49
2026-01-17T17:21:22.149Z,14.32
2026-01-17T17:26:22.112Z,14.21
2026-01-17T17:31:22.127Z,14.12
2026-01-17T17:36:21.911Z,14.03
2026-01-17T17:41:22.092Z,14.0
2026-01-17T17:46:21.986Z,13.83
2026-01-17T17:51:22.04Z,13.77
2026-01-17T17:56:22.083Z,13.69
2026-01-17T18:01:22.034Z,13.63
2026-01-17T18:06:22.105Z,13.54
2026-01-17T18:11:21.914Z,13.43
2026-01-17T18:16:22.004Z,13.31
2026-01-17T18:21:22.138Z,13.31
2026-01-17T18:26:22.048Z,13.23
2026-01-17T18:31:22.048Z,13.14
2026-01-17T18:36:22.061Z,13.14
2026-01-17T18:41:21.922Z,13.08
2026-01-17T18:46:21.943Z,12.97
2026-01-17T18:51:22.105Z,12.88
2026-01-17T18:56:22.109Z,12.88
2026-01-17T19:01:21.89Z,12.82
2026-01-17T19:06:21.965Z,12.71
2026-01-17T19:11:21.892Z,12.59
2026-01-17T19:16:21.995Z,12.56
2026-01-17T19:21:21.892Z,12.33
2026-01-17T19:26:21.938Z,12.25
2026-01-17T19:31:22.044Z,12.19
2026-01-17T19:36:21.966Z,12.22
2026-01-17T19:41:21.9Z,12.33
2026-01-17T19:46:21.99Z,12.48
2026-01-17T19:51:22.019Z,12.59
2026-01-17T19:56:22.085Z,12.65
2026-01-17T20:01:22.128Z,12.51
2026-01-17T20:06:22.013Z,12.45
2026-01-17T20:11:22.106Z,12.36
2026-01-17T20:16:22.126Z,12.16
2026-01-17T20:21:21.994Z,12.02
2026-01-17T20:26:22.059Z,11.84
2026-01-17T20:31:22.113Z,11.3
2026-01-17T20:36:21.918Z,11.19
2026-01-17T20:41:22.122Z,11.15
2026-01-17T20:46:22.154Z,10.98
2026-01-17T20:51:22.142Z,10.98
2026-01-17T20:56:22.113Z,10.89
2026-01-17T21:01:22.109Z,10.63
2026-01-17T21:06:22.278Z,10.55
2026-01-17T21:11:21.935Z,10.52
2026-01-17T21:16:21.904Z,10.61
2026-01-17T21:21:22.07Z,10.61
2026-01-17T21:26:21.928Z,10.52
2026-01-17T21:31:21.953Z,10.52
2026-01-17T21:36:22.134Z,10.52
2026-01-17T21:41:21.908Z,10.49
2026-01-17T21:46:22.09Z,10.38
2026-01-17T21:51:22.067Z,10.4
2026-01-17T21:56:21.883Z,10.38
2026-01-17T22:01:22.131Z,10.4
2026-01-17T22:06:22.039Z,10.32
2026-01-17T22:11:21.973Z,10.32
2026-01-17T22:16:21.93Z,10.29
2026-01-17T22:21:22.012Z,10.21
2026-01-17T22:26:22.003Z,10.09
2026-01-17T22:31:22.122Z,10.09
2026-01-17T22:36:22.148Z,9.91
2026-01-17T22:41:21.996Z,9.86
2026-01-17T22:46:21.96Z,9.66
2026-01-17T22:51:21.999Z,9.45
2026-01-17T22:56:21.959Z,9.4
2026-01-17T23:01:22.121Z,9.37
2026-01-17T23:06:22.017Z,9.37
2026-01-17T23:11:22.051Z,9.37
2026-01-17T23:16:21.9Z,9.42
2026-01-17T23:21:21.895Z,9.49
2026-01-17T23:26:22.081Z,9.37
2026-01-17T23:31:22.06Z,9.34
2026-01-17T23:36:22.089Z,9.34
2026-01-17T23:41:21.937Z,9.23
2026-01-17T23:46:22.041Z,9.03
2026-01-17T23:51:21.902Z,8.94
2026-01-17T23:56:22.114Z,8.68
2026-01-18T00:01:21.895Z,8.51
2026-01-18T00:06:22.073Z,8.39
2026-01-18T00:11:21.927Z,8.19
2026-01-18T00:16:21.941Z,8.08
2026-01-18T00:21:22.062Z,7.9
2026-01-18T00:26:21.93Z,7.82
2026-01-18T00:31:22.143Z,7.73
2026-01-18T00:36:22.05Z,7.67
2026-01-18T00:41:21.925Z,7.59
2026-01-18T00:46:21.942Z,7.59
2026-01-18T00:51:22.008Z,7.59
2026-01-18T00:56:21.937Z,7.47
2026-01-18T01:01:22.02Z,7.33
2026-01-18T01:06:21.892Z,7.3
2026-01-18T01:11:21.926Z,7.21
2026-01-18T01:16:22.076Z,7.15
2026-01-18T01:21:21.909Z,7.04
2026-01-18T01:26:22.003Z,7.04
2026-01-18T01:31:21.894Z,6.92
2026-01-18T01:36:22.113Z,6.89
2026-01-18T01:41:21.893Z,6.75
2026-01-18T01:46:21.943Z,6.78
2026-01-18T01:51:22.05Z,6.84
2026-01-18T01:56:21.944Z,6.87
2026-01-18T02:01:21.913Z,6.81
2026-01-18T02:06:21.963Z,6.78
2026-01-18T02:11:21.894Z,6.66
2026-01-18T02:16:22.04Z,6.72
2026-01-18T02:21:21.907Z,6.81
2026-01-18T02:26:21.974Z,6.95
2026-01-18T02:31:21.902Z,6.95
2026-01-18T02:36:22.02Z,6.95
2026-01-18T02:41:21.961Z,7.01
2026-01-18T02:46:21.939Z,7.01
2026-01-18T02:51:22.121Z,7.07
2026-01-18T02:56:22.111Z,7.15
2026-01-18T03:01:21.985Z,7.15
2026-01-18T03:06:22.1Z,7.24
2026-01-18T03:11:21.906Z,7.18
2026-01-18T03:16:21.992Z,7.18
2026-01-18T03:21:22.117Z,7.18
2026-01-18T03:26:22.127Z,7.1
2026-01-18T03:31:21.887Z,7.04
2026-01-18T03:36:22.026Z,6.98
2026-01-18T03:41:21.885Z,6.92
2026-01-18T03:46:21.882Z,6.87
2026-01-18T03:51:21.922Z,6.78
2026-01-18T03:56:21.875Z,6.81
2026-01-18T04:01:22.099Z,6.72
2026-01-18T04:06:21.983Z,6.69
2026-01-18T04:11:21.974Z,6.69
2026-01-18T04:16:22.108Z,6.58
2026-01-18T04:21:22Z,6.64
2026-01-18T04:26:22.011Z,6.66
2026-01-18T04:31:22.048Z,6.64
2026-01-18T04:36:22.095Z,6.64
2026-01-18T04:41:21.994Z,6.55
2026-01-18T04:46:22.085Z,6.58
2026-01-18T04:51:22.012Z,6.55
2026-01-18T04:56:21.924Z,6.35
2026-01-18T05:01:22.047Z,6.23
2026-01-18T05:06:22.078Z,6.09
2026-01-18T05:11:22.028Z,5.89
2026-01-18T05:16:21.965Z,5.71
2026-01-18T05:21:22.014Z,5.63
2026-01-18T05:26:22.099Z,5.52
2026-01-18T05:31:22.124Z,5.34
2026-01-18T05:36:22.058Z,5.28
2026-01-18T05:41:22.009Z,5.28
2026-01-18T05:46:22.133Z,5.28
2026-01-18T05:51:21.988Z,5.31
2026-01-18T05:56:21.941Z,5.08
2026-01-18T06:01:21.927Z,5.14
2026-01-18T06:06:21.887Z,5.08
2026-01-18T06:11:22.04Z,5.08
2026-01-18T06:16:21.9Z,4.94
2026-01-18T06:21:22.088Z,4.85
2026-01-18T06:26:21.937Z,4.82
2026-01-18T06:31:22.088Z,4.71
2026-01-18T06:36:21.881Z,4.65
2026-01-18T06:41:21.977Z,4.76
2026-01-18T06:46:22.005Z,5.03
2026-01-18T06:51:22.107Z,5.28
2026-01-18T06:56:21.995Z,5.48
2026-01-18T07:01:22.034Z,5.54
2026-01-18T07:06:22.017Z,5.68
2026-01-18T07:11:22.032Z,5.8
2026-01-18T07:16:22.069Z,5.71
2026-01-18T07:21:21.965Z,5.52
2026-01-18T07:26:21.905Z,5.34
2026-01-18T07:31:21.916Z,5.19
2026-01-18T07:36:22.055Z,5.08
2026-01-18T07:41:21.973Z,4.94
2026-01-18T07:46:21.906Z,4.99
2026-01-18T07:51:22.062Z,5.19
2026-01-18T07:56:21.904Z,5.37
2026-01-18T08:01:21.927Z,5.57
2026-01-18T08:06:22.083Z,5.8
2026-01-18T08:11:21.974Z,5.94
2026-01-18T08:16:21.869Z,6.09
2026-01-18T08:21:22.038Z,6.38
2026-01-18T08:26:21.978Z,6.58
2026-01-18T08:31:22.116Z,6.69
2026-01-18T08:36:22.107Z,6.87
2026-01-18T08:41:21.992Z,6.89
2026-01-18T08:46:21.96Z,7.07
2026-01-18T08:51:21.993Z,7.24
2026-01-18T08:56:21.996Z,7.5
2026-01-18T09:01:21.959Z,7.79
2026-01-18T09:06:22.006Z,8.02
2026-01-18T09:11:22.039Z,8.33
2026-01-18T09:16:22.029Z,8.54
2026-01-18T09:21:22.11Z,8.91
2026-01-18T09:26:21.998Z,9.08
2026-01-18T09:31:21.975Z,9.14
2026-01-18T09:36:21.953Z,9.4
2026-01-18T09:41:22.104Z,9.57
2026-01-18T09:46:21.899Z,9.34
2026-01-18T09:51:22.115Z,9.45
2026-01-18T09:56:21.874Z,9.83
2026-01-18T10:01:21.976Z,9.83
2026-01-18T10:06:21.964Z,10.15
2026-01-18T10:11:21.991Z,10.47
2026-01-18T10:16:22.005Z,10.43
2026-01-18T10:21:21.972Z,10.49
2026-01-18T10:26:21.972Z,10.61
2026-01-18T10:31:21.956Z,10.92
2026-01-18T10:36:21.903Z,10.98
2026-01-18T10:41:21.898Z,11.15
2026-01-18T10:46:22.004Z,11.35
2026-01-18T10:51:21.999Z,11.35
2026-01-18T10:56:22.049Z,11.64
2026-01-18T11:01:22.064Z,11.76
2026-01-18T11:06:21.899Z,12.02
2026-01-18T11:11:22.088Z,12.05
2026-01-18T11:16:22.021Z,12.16
2026-01-18T11:21:22.009Z,12.33
2026-01-18T11:26:21.965Z,12.33
2026-01-18T11:31:21.96Z,12.39
2026-01-18T11:36:22.087Z,12.36
2026-01-18T11:41:22.159Z,12.56
2026-01-18T11:46:22.067Z,12.77
2026-01-18T11:51:21.992Z,12.68
2026-01-18T11:56:22.083Z,12.82
2026-01-18T12:01:22.045Z,13.28
2026-01-18T12:06:22.065Z,13.6
2026-01-18T12:11:22.087Z,13.57
2026-01-18T12:16:22.075Z,13.49
2026-01-18T12:21:22.085Z,13.86
2026-01-18T12:26:22.07Z,14.18
2026-01-18T12:31:22.038Z,14.18
2026-01-18T12:36:21.898Z,13.92
2026-01-18T12:41:21.935Z,13.72
2026-01-18T12:46:22.006Z,13.86
2026-01-18T12:51:22.085Z,14.03
2026-01-18T12:56:22.007Z,14.7
2026-01-18T13:01:22.029Z,14.41
2026-01-18T13:06:21.981Z,14.84
2026-01-18T13:11:22.022Z,15.04
2026-01-18T13:16:22.061Z,15.04
2026-01-18T13:21:22.072Z,14.9
2026-01-18T13:26:22.095Z,15.07
2026-01-18T13:31:21.879Z,15.47
2026-01-18T13:36:21.914Z,15.04
2026-01-18T13:41:22.121Z,14.98
2026-01-18T13:46:22.017Z,14.93
2026-01-18T13:51:21.94Z,14.86
2026-01-18T13:56:22.113Z,15.07
2026-01-18T14:01:21.99Z,15.16
2026-01-18T14:06:21.85Z,15.04
2026-01-18T14:11:21.898Z,14.98
2026-01-18T14:16:22.078Z,15.09
2026-01-18T14:21:21.988Z,15.12
2026-01-18T14:26:22.003Z,15.27
2026-01-18T14:31:21.881Z,15.5
2026-01-18T14:36:21.905Z,15.61
2026-01-18T14:41:21.937Z,15.44
2026-01-18T14:46:21.875Z,15.39
2026-01-18T14:51:21.981Z,15.21
2026-01-18T14:56:22.052Z,14.98
2026-01-18T15:01:21.944Z,15.04
2026-01-18T15:06:22.006Z,15.01
2026-01-18T15:11:22.063Z,15.12
2026-01-18T15:16:21.905Z,15.04
2026-01-18T15:21:21.962Z,15.01
2026-01-18T15:26:22.359Z,15.04
2026-01-18T15:31:21.943Z,14.81
2026-01-18T15:36:22.095Z,14.7
2026-01-18T15:41:22.027Z,14.7
2026-01-18T15:46:22.088Z,14.44
2026-01-18T15:51:21.929Z,14.37
2026-01-18T15:56:22.09Z,14.23
2026-01-18T16:01:21.976Z,14.09
2026-01-18T16:06:21.978Z,14.12
2026-01-18T16:11:22.061Z,14.03
2026-01-18T16:16:21.902Z,13.86
2026-01-18T16:21:21.967Z,13.69
2026-01-18T16:26:21.934Z,13.34
2026-01-18T16:31:22.037Z,13.08
2026-01-18T16:36:21.976Z,12.88
2026-01-18T16:41:21.95Z,12.74
2026-01-18T16:46:21.85Z,12.45
2026-01-18T16:51:21.857Z,12.36
2026-01-18T16:56:22.072Z,12.19
2026-01-18T17:01:22.042Z,11.99
2026-01-18T17:06:21.98Z,11.67
2026-01-18T17:11:21.887Z,11.38
2026-01-18T17:16:22.128Z,11.24
2026-01-18T17:21:21.861Z,11.1
2026-01-18T17:26:21.86Z,10.89
2026-01-18T17:31:21.864Z,10.84
2026-01-18T17:36:21.986Z,10.72
2026-01-18T17:41:21.903Z,11.44
2026-01-18T17:46:22Z,11.9
2026-01-18T17:51:21.971Z,12.1
2026-01-18T17:56:21.983Z,11.99
2026-01-18T18:01:21.905Z,12.05
2026-01-18T18:06:21.973Z,12.02
2026-01-18T18:11:22.072Z,11.87
2026-01-18T18:16:22.047Z,11.73
2026-01-18T18:21:21.986Z,11.61
2026-01-18T18:26:21.962Z,11.56
2026-01-18T18:31:21.866Z,11.44
2026-01-18T18:36:22.072Z,11.35
2026-01-18T18:41:22.074Z,11.21
2026-01-18T18:46:21.93Z,11.21
2026-01-18T18:51:21.932Z,11.1
2026-01-18T18:56:21.894Z,11.07
2026-01-18T19:01:22.085Z,11.1
2026-01-18T19:06:22.012Z,11.12
2026-01-18T19:11:21.94Z,11.1
2026-01-18T19:16:21.854Z,11.07
2026-01-18T19:21:21.978Z,10.89
2026-01-18T19:26:22.104Z,10.78
2026-01-18T19:31:22.042Z,10.55
2026-01-18T19:36:21.854Z,10.43
2026-01-18T19:41:21.899Z,10.26
2026-01-18T19:46:22.021Z,9.98
2026-01-18T19:51:22.043Z,9.8
2026-01-18T19:56:22.059Z,9.63
2026-01-18T20:01:22.089Z,9.37
2026-01-18T20:06:21.953Z,9.19
2026-01-18T20:11:22.058Z,8.97
2026-01-18T20:16:21.877Z,8.91
2026-01-18T20:21:21.975Z,9.26
2026-01-18T20:26:21.909Z,9.45
2026-01-18T20:31:21.893Z,9.6
2026-01-18T20:36:22.079Z,9.72
2026-01-18T20:41:22.112Z,9.75
2026-01-18T20:46:22.05Z,9.77
2026-01-18T20:51:22.104Z,9.68
2026-01-18T20:56:21.908Z,9.68
2026-01-18T21:01:22.159Z,9.63
2026-01-18T21:06:21.896Z,9.51
2026-01-18T21:11:21.922Z,9.54
2026-01-18T21:16:21.97Z,9.42
2026-01-18T21:21:22.06Z,9.42
2026-01-18T21:26:22.049Z,9.4
2026-01-18T21:31:21.958Z,9.28
2026-01-18T21:36:21.996Z,9.17
2026-01-18T21:41:22.093Z,9.17
2026-01-18T21:46:22.057Z,9.08
2026-01-18T21:51:21.996Z,9.0
2026-01-18T21:56:22.047Z,8.91
2026-01-18T22:01:21.981Z,8.85
2026-01-18T22:06:22.126Z,8.68
2026-01-18T22:11:22.048Z,8.74
2026-01-18T22:16:21.98Z,8.56
2026-01-18T22:21:22.051Z,8.45
2026-01-18T22:26:21.878Z,8.48
2026-01-18T22:31:22.032Z,8.39
2026-01-18T22:36:22.021Z,8.42
2026-01-18T22:41:21.911Z,8.33
2026-01-18T22:46:22.082Z,8.39
2026-01-18T22:51:21.973Z,8.31
2026-01-18T22:56:22.046Z,8.42
2026-01-18T23:01:21.861Z,8.28
2026-01-18T23:06:22.012Z,8.39
2026-01-18T23:11:22.012Z,8.39
2026-01-18T23:16:22.032Z,8.36
2026-01-18T23:21:21.972Z,8.28
2026-01-18T23:26:22.094Z,8.1
2026-01-18T23:31:22.045Z,7.9
2026-01-18T23:36:21.875Z,7.67
2026-01-18T23:41:21.992Z,7.5
2026-01-18T23:46:21.922Z,7.47
2026-01-18T23:51:21.925Z,7.44
2026-01-18T23:56:22.037Z,7.38
2026-01-19T00:01:21.898Z,7.35
2026-01-19T00:06:21.905Z,7.33
2026-01-19T00:11:21.863Z,7.3
2026-01-19T00:16:21.957Z,7.3
2026-01-19T00:21:21.903Z,7.21
2026-01-19T00:26:21.902Z,7.15
2026-01-19T00:31:21.888Z,7.04
2026-01-19T00:36:21.934Z,6.87
2026-01-19T00:41:21.945Z,6.89
2026-01-19T00:46:21.997Z,6.89
2026-01-19T00:51:21.869Z,6.95
2026-01-19T00:56:21.897Z,7.01
2026-01-19T01:01:22.009Z,6.89
2026-01-19T01:06:22.006Z,6.98
2026-01-19T01:11:22.071Z,7.01
2026-01-19T01:16:21.881Z,7.1
2026-01-19T01:21:22.033Z,7.12
2026-01-19T01:26:21.882Z,7.12
2026-01-19T01:31:21.871Z,7.1
2026-01-19T01:36:21.851Z,7.1
2026-01-19T01:41:21.93Z,7.21
2026-01-19T01:46:21.955Z,7.33
2026-01-19T01:51:21.991Z,7.5
2026-01-19T01:56:21.869Z,7.56
2026-01-19T02:01:21.848Z,7.7
2026-01-19T02:06:21.993Z,7.82
2026-01-19T02:11:22.036Z,8.02
2026-01-19T02:16:21.884Z,8.16
2026-01-19T02:21:22.014Z,8.25
2026-01-19T02:26:21.909Z,8.25
2026-01-19T02:31:22.067Z,8.33
2026-01-19T02:36:22.049Z,8.42
2026-01-19T02:41:21.942Z,8.54
2026-01-19T02:46:21.998Z,8.54
2026-01-19T02:51:21.987Z,8.68
2026-01-19T02:56:22.101Z,8.65
2026-01-19T03:01:22.013Z,8.68
2026-01-19T03:06:21.863Z,8.68
2026-01-19T03:11:21.948Z,8.68
2026-01-19T03:16:22.041Z,8.74
2026-01-19T03:21:22.036Z,8.79
2026-01-19T03:26:22.004Z,8.65
2026-01-19T03:31:22.033Z,8.56
2026-01-19T03:36:21.961Z,8.54
2026-01-19T03:41:21.852Z,8.33
2026-01-19T03:46:21.869Z,8.13
2026-01-19T03:51:21.952Z,7.96
2026-01-19T03:56:21.936Z,7.84
2026-01-19T04:01:21.984Z,7.7
2026-01-19T04:06:21.846Z,7.67
2026-01-19T04:11:22.002Z,7.53
2026-01-19T04:16:21.826Z,7.5
2026-01-19T04:21:21.985Z,7.59
2026-01-19T04:26:21.993Z,7.67
2026-01-19T04:31:21.95Z,7.59
2026-01-19T04:36:21.985Z,7.7
2026-01-19T04:41:22.013Z,8.02
2026-01-19T04:46:22.025Z,8.36
2026-01-19T04:51:22.101Z,8.56
2026-01-19T04:56:21.966Z,8.71
2026-01-19T05:01:21.822Z,8.79
2026-01-19T05:06:22.04Z,8.88
2026-01-19T05:11:21.99Z,8.85
2026-01-19T05:16:21.983Z,8.88
2026-01-19T05:21:21.966Z,8.77
2026-01-19T05:26:21.866Z,8.74
2026-01-19T05:31:21.818Z,8.68
2026-01-19T05:36:22.006Z,8.59
2026-01-19T05:41:21.897Z,8.65
2026-01-19T05:46:21.877Z,8.65
2026-01-19T05:51:21.952Z,8.68
2026-01-19T05:56:21.904Z,8.68
2026-01-19T06:01:21.809Z,8.65
2026-01-19T06:06:21.869Z,8.59
2026-01-19T06:11:22.047Z,8.65
2026-01-19T06:16:22.083Z,8.56
2026-01-19T06:21:21.964Z,8.59
2026-01-19T06:26:22.059Z,8.56
2026-01-19T06:31:21.89Z,8.65
2026-01-19T06:36:21.862Z,8.62
2026-01-19T06:41:22Z,8.68
2026-01-19T06:46:21.94Z,8.71
2026-01-19T06:51:21.868Z,8.65
2026-01-19T06:56:21.841Z,8.77
2026-01-19T07:01:21.831Z,8.68
2026-01-19T07:06:21.919Z,8.65
2026-01-19T07:11:21.837Z,8.62
2026-01-19T07:16:21.952Z,8.71
2026-01-19T07:21:21.909Z,8.68
2026-01-19T07:26:21.882Z,8.74
2026-01-19T07:31:21.868Z,8.88
2026-01-19T07:36:21.898Z,8.88
2026-01-19T07:41:21.997Z,9.03
2026-01-19T07:46:21.995Z,9.03
2026-01-19T07:51:21.959Z,9.03
2026-01-19T07:56:21.883Z,9.11
2026-01-19T08:01:21.974Z,9.23
2026-01-19T08:06:21.82Z,9.28
2026-01-19T08:11:21.927Z,9.4
2026-01-19T08:16:21.933Z,9.34
2026-01-19T08:21:21.926Z,9.34
2026-01-19T08:26:22.014Z,9.42
2026-01-19T08:31:22.014Z,9.4
2026-01-19T08:36:21.866Z,9.4
2026-01-19T08:41:21.881Z,9.45
2026-01-19T08:46:21.919Z,9.49
2026-01-19T08:51:21.844Z,9.66
2026-01-19T08:56:21.929Z,9.72
2026-01-19T09:01:21.943Z,9.83
2026-01-19T09:06:22.039Z,9.89
2026-01-19T09:11:22.01Z,10.03
2026-01-19T09:16:21.835Z,10.21
2026-01-19T09:21:21.953Z,10.21
2026-01-19T09:26:21.863Z,10.24
2026-01-19T09:31:21.964Z,10.21
2026-01-19T09:36:22.077Z,10.24
2026-01-19T09:41:21.922Z,10.4
2026-01-19T09:46:21.942Z,10.47
2026-01-19T09:51:21.902Z,10.58
2026-01-19T09:56:21.806Z,10.63
2026-01-19T10:01:21.911Z,10.78
2026-01-19T10:06:21.855Z,10.92
2026-01-19T10:11:21.959Z,11.24
2026-01-19T10:16:22.235Z,11.5
2026-01-19T10:21:21.974Z,11.7
2026-01-19T10:26:21.843Z,11.76
2026-01-19T10:31:21.868Z,11.76
2026-01-19T10:36:21.997Z,11.79
2026-01-19T10:41:21.809Z,11.84
2026-01-19T10:46:22.033Z,11.96
2026-01-19T10:51:21.813Z,12.13
2026-01-19T10:56:21.868Z,12.33
2026-01-19T11:01:21.926Z,12.71
2026-01-19T11:06:21.994Z,12.91
2026-01-19T11:11:21.963Z,12.88
2026-01-19T11:16:21.879Z,12.82
2026-01-19T11:21:21.813Z,13.05
2026-01-19T11:26:21.933Z,13.49
2026-01-19T11:31:21.943Z,13.6
2026-01-19T11:36:21.806Z,13.69
2026-01-19T11:41:21.964Z,13.89
2026-01-19T11:46:21.973Z,13.98
2026-01-19T11:51:21.971Z,13.89
2026-01-19T11:56:21.836Z,13.89
2026-01-19T12:01:22.012Z,13.95
2026-01-19T12:06:21.869Z,14.03
2026-01-19T12:11:21.81Z,14.0
2026-01-19T12:16:22.258Z,14.09
2026-01-19T12:21:21.988Z,14.29
2026-01-19T12:26:21.826Z,14.44
2026-01-19T12:31:21.884Z,14.52
2026-01-19T12:36:21.983Z,14.67
2026-01-19T12:41:21.783Z,14.75
2026-01-19T12:46:22.002Z,14.9
2026-01-19T12:51:21.941Z,15.04
2026-01-19T12:56:21.964Z,15.04
2026-01-19T13:01:21.952Z,15.04
2026-01-19T13:06:21.95Z,15.07
2026-01-19T13:11:21.903Z,15.44
2026-01-19T13:16:21.889Z,15.53
2026-01-19T13:21:21.851Z,16.07
2026-01-19T13:26:21.984Z,16.19
2026-01-19T13:31:21.936Z,15.99
2026-01-19T13:36:21.978Z,15.61
2026-01-19T13:41:21.84Z,15.84
2026-01-19T13:46:21.825Z,15.81
2026-01-19T13:51:21.78Z,15.76
2026-01-19T13:56:21.982Z,15.9
2026-01-19T14:01:21.899Z,15.7
2026-01-19T14:06:21.872Z,15.61
2026-01-19T14:11:21.874Z,15.93
2026-01-19T14:16:21.944Z,15.99
2026-01-19T14:21:21.977Z,16.19
2026-01-19T14:26:21.792Z,16.22
2026-01-19T14:31:22.282Z,16.33
2026-01-19T14:36:21.873Z,16.39
2026-01-19T14:41:21.879Z,16.05
2026-01-19T14:46:21.958Z,15.93
2026-01-19T14:51:21.796Z,15.7
2026-01-19T14:56:22.168Z,15.61
2026-01-19T15:01:21.97Z,15.53
2026-01-19T15:06:21.735Z,15.47
2026-01-19T15:11:21.736Z,15.39
2026-01-19T15:16:21.795Z,15.33
2026-01-19T15:21:21.909Z,15.27
2026-01-19T15:26:21.855Z,15.16
2026-01-19T15:31:21.956Z,15.21
2026-01-19T15:36:21.927Z,15.27
2026-01-19T15:41:21.977Z,15.27
2026-01-19T15:46:21.809Z,15.21
2026-01-19T15:51:21.819Z,15.21
2026-01-19T15:56:21.784Z,15.12
2026-01-19T16:01:21.881Z,15.09
2026-01-19T16:06:21.736Z,15.04
2026-01-19T16:11:21.756Z,15.01
2026-01-19T16:16:21.907Z,15.01
2026-01-19T16:21:21.77Z,14.98
2026-01-19T16:26:21.845Z,14.95
2026-01-19T16:31:21.963Z,14.95
2026-01-19T16:36:21.765Z,14.98
2026-01-19T16:41:21.961Z,14.86
2026-01-19T16:46:21.983Z,14.93
2026-01-19T16:51:21.897Z,14.81
2026-01-19T16:56:21.748Z,14.84
2026-01-19T17:01:21.837Z,14.75
2026-01-19T17:06:21.944Z,14.67
2026-01-19T17:11:21.76Z,14.58
2026-01-19T17:16:21.961Z,14.44
2026-01-19T17:21:21.824Z,14.32
2026-01-19T17:26:21.829Z,14.21
2026-01-19T17:31:21.875Z,14.18
2026-01-19T17:36:21.736Z,14.12
2026-01-19T17:41:21.765Z,14.03
2026-01-19T17:46:21.841Z,14.03
2026-01-19T17:51:22.068Z,13.95
2026-01-19T17:56:21.757Z,13.89
2026-01-19T18:01:21.716Z,13.92
2026-01-19T18:06:21.897Z,13.8
2026-01-19T18:11:21.961Z,13.89
2026-01-19T18:16:21.953Z,13.92
2026-01-19T18:21:21.888Z,13.77
2026-01-19T18:26:21.875Z,13.83
2026-01-19T18:31:21.836Z,13.8
2026-01-19T18:36:21.903Z,13.74
2026-01-19T18:41:21.848Z,13.8
2026-01-19T18:46:21.779Z,13.74
2026-01-19T18:51:21.827Z,13.74
2026-01-19T18:56:21.864Z,13.69
2026-01-19T19:01:21.876Z,13.74
2026-01-19T19:06:21.825Z,13.8
2026-01-19T19:11:21.933Z,13.77
2026-01-19T19:16:21.722Z,13.74
2026-01-19T19:21:21.892Z,13.83
2026-01-19T19:26:21.843Z,13.83
2026-01-19T19:31:21.81Z,13.72
2026-01-19T19:36:21.746Z,13.8
2026-01-19T19:41:21.85Z,13.8
2026-01-19T19:46:21.93Z,13.63
2026-01-19T19:51:21.705Z,13.66
2026-01-19T19:56:21.873Z,13.63
2026-01-19T20:01:21.967Z,13.51
2026-01-19T20:06:21.722Z,13.46
2026-01-19T20:11:21.719Z,13.34
2026-01-19T20:16:21.783Z,13.34
2026-01-19T20:21:21.928Z,13.43
2026-01-19T20:26:21.921Z,13.43
2026-01-19T20:31:21.849Z,13.43
2026-01-19T20:36:21.735Z,13.46
2026-01-19T20:41:21.813Z,13.4
2026-01-19T20:46:21.803Z,13.31
2026-01-19T20:51:21.745Z,13.17
2026-01-19T20:56:21.946Z,13.28
2026-01-19T21:01:21.775Z,13.28
2026-01-19T21:06:21.836Z,13.28
2026-01-19T21:11:21.873Z,13.31
2026-01-19T21:16:21.811Z,13.26
2026-01-19T21:21:21.974Z,13.26
2026-01-19T21:26:21.839Z,13.14
2026-01-19T21:31:21.943Z,13.08
2026-01-19T21:36:21.886Z,13.17
2026-01-19T21:41:21.924Z,13.14
2026-01-19T21:46:21.817Z,13.17
2026-01-19T21:51:21.851Z,13.14
2026-01-19T21:56:21.867Z,13.11
2026-01-19T22:01:21.831Z,13.11
2026-01-19T22:06:21.721Z,13.11
2026-01-19T22:11:21.837Z,13.08
2026-01-19T22:16:21.823Z,13.05
2026-01-19T22:21:21.715Z,12.94
2026-01-19T22:26:21.698Z,12.94
2026-01-19T22:31:21.853Z,12.91
2026-01-19T22:36:21.708Z,12.88
2026-01-19T22:41:21.846Z,12.85
2026-01-19T22:46:21.911Z,12.77
2026-01-19T22:51:21.7Z,12.68
2026-01-19T22:56:21.714Z,12.68
2026-01-19T23:01:21.813Z,12.59
2026-01-19T23:06:21.941Z,12.51
2026-01-19T23:11:21.922Z,12.48
2026-01-19T23:16:22.194Z,12.51
2026-01-19T23:21:21.776Z,12.48
2026-01-19T23:26:21.741Z,12.48
2026-01-19T23:31:21.91Z,12.51
2026-01-19T23:36:21.822Z,12.42
2026-01-19T23:41:21.786Z,12.45
2026-01-19T23:46:21.716Z,12.45
2026-01-19T23:51:21.718Z,12.48
2026-01-19T23:56:21.858Z,12.42
2026-01-20T00:01:21.69Z,12.33
2026-01-20T00:06:21.901Z,12.33
2026-01-20T00:11:21.807Z,12.28
2026-01-20T00:16:21.853Z,12.28
2026-01-20T00:21:21.924Z,12.19
2026-01-20T00:26:21.704Z,12.19
2026-01-20T00:31:21.766Z,12.31
2026-01-20T00:36:21.916Z,12.36
2026-01-20T00:41:21.852Z,12.31
2026-01-20T00:46:21.814Z,12.28
2026-01-20T00:51:21.731Z,12.33
2026-01-20T00:56:21.921Z,12.31
2026-01-20T01:01:21.807Z,12.39
2026-01-20T01:06:21.753Z,12.31
2026-01-20T01:11:21.782Z,12.36
2026-01-20T01:16:21.723Z,12.31
2026-01-20T01:21:21.738Z,12.42
2026-01-20T01:26:21.932Z,12.39
2026-01-20T01:31:21.747Z,12.36
2026-01-20T01:36:21.701Z,12.42
2026-01-20T01:41:21.868Z,12.42
2026-01-20T01:46:21.918Z,12.39
2026-01-20T01:51:21.781Z,12.33
2026-01-20T01:56:21.831Z,12.33
2026-01-20T02:01:21.904Z,12.28
2026-01-20T02:06:21.753Z,12.25
2026-01-20T02:11:21.735Z,12.22
2026-01-20T02:16:21.753Z,12.16
2026-01-20T02:21:21.845Z,12.13
2026-01-20T02:26:21.775Z,12.22
2026-01-20T02:31:21.743Z,12.19
2026-01-20T02:36:21.865Z,12.25
2026-01-20T02:41:21.794Z,12.19
2026-01-20T02:46:21.775Z,12.22
2026-01-20T02:51:21.878Z,12.13
2026-01-20T02:56:21.89Z,12.16
2026-01-20T03:01:21.739Z,12.07
2026-01-20T03:06:21.712Z,12.05
2026-01-20T03:11:21.901Z,11.96
2026-01-20T03:16:21.76Z,11.96
2026-01-20T03:21:21.688Z,11.96
2026-01-20T03:26:21.775Z,11.82
2026-01-20T03:31:21.911Z,11.76
2026-01-20T03:36:21.676Z,11.7
2026-01-20T03:41:21.884Z,11.73
2026-01-20T03:46:21.755Z,11.64
2026-01-20T03:51:21.812Z,11.59
2026-01-20T03:56:21.866Z,11.56
2026-01-20T04:01:21.803Z,11.59
2026-01-20T04:06:21.85Z,11.61
2026-01-20T04:11:21.765Z,11.59
2026-01-20T04:16:21.827Z,11.59
2026-01-20T04:21:21.748Z,11.59
2026-01-20T04:26:21.854Z,11.47
2026-01-20T04:31:21.908Z,11.5
2026-01-20T04:36:21.89Z,11.56
2026-01-20T04:41:21.818Z,11.53
2026-01-20T04:46:21.711Z,11.67
2026-01-20T04:51:21.809Z,11.56
2026-01-20T04:56:21.743Z,11.59
2026-01-20T05:01:21.809Z,11.53
2026-01-20T05:06:21.693Z,11.53
2026-01-20T05:11:21.659Z,11.44
2026-01-20T05:16:21.871Z,11.33
2026-01-20T05:21:21.719Z,11.33
2026-01-20T05:26:21.842Z,11.27
2026-01-20T05:31:21.675Z,11.15
2026-01-20T05:36:21.683Z,11.1
2026-01-20T05:41:21.682Z,11.1
2026-01-20T05:46:21.789Z,11.04
2026-01-20T05:51:21.816Z,11.1
2026-01-20T05:56:21.81Z,11.12
2026-01-20T06:01:21.765Z,11.1
2026-01-20T06:06:21.659Z,11.07
2026-01-20T06:11:21.781Z,10.98
2026-01-20T06:16:21.798Z,10.98
2026-01-20T06:21:21.766Z,10.98
2026-01-20T06:26:21.669Z,11.04
2026-01-20T06:31:21.832Z,11.01
2026-01-20T06:36:21.664Z,11.07
2026-01-20T06:41:21.846Z,11.19
2026-01-20T06:46:21.868Z,11.24
2026-01-20T06:51:21.757Z,11.19
2026-01-20T06:56:21.757Z,11.27
2026-01-20T07:01:21.879Z,11.3
2026-01-20T07:06:21.763Z,11.33
2026-01-20T07:11:21.876Z,11.41
2026-01-20T07:16:21.647Z,11.44
2026-01-20T07:21:21.799Z,11.47
2026-01-20T07:26:21.694Z,11.5
2026-01-20T07:31:21.76Z,11.5
2026-01-20T07:36:21.808Z,11.53
2026-01-20T07:41:21.686Z,11.53
2026-01-20T07:46:21.784Z,11.64
2026-01-20T07:51:21.652Z,11.7
2026-01-20T07:56:21.698Z,11.7
2026-01-20T08:01:21.873Z,11.76
2026-01-20T08:06:21.826Z,11.76
2026-01-20T08:11:21.841Z,11.76
2026-01-20T08:16:21.86Z,11.79
2026-01-20T08:21:21.699Z,11.84
2026-01-20T08:26:21.665Z,11.9
2026-01-20T08:31:21.747Z,12.02
2026-01-20T08:36:21.633Z,12.05
2026-01-20T08:41:21.846Z,12.02
2026-01-20T08:46:21.833Z,12.1
2026-01-20T08:51:21.68Z,12.05
2026-01-20T08:56:21.654Z,12.05
2026-01-20T09:01:21.685Z,12.05
2026-01-20T09:06:21.816Z,12.13
2026-01-20T09:11:21.766Z,12.1
2026-01-20T09:16:21.687Z,12.19
2026-01-20T09:21:21.772Z,12.16
2026-01-20T09:26:21.623Z,12.22
2026-01-20T09:31:21.839Z,12.28
2026-01-20T09:36:21.672Z,12.42
2026-01-20T09:41:21.706Z,12.39
2026-01-20T09:46:21.793Z,12.56
2026-01-20T09:51:21.794Z,12.82
2026-01-20T09:56:21.73Z,13.28
2026-01-20T10:01:22.056Z,13.51
2026-01-20T10:06:21.841Z,13.2
2026-01-20T10:11:21.765Z,13.08
2026-01-20T10:16:21.882Z,13.63
2026-01-20T10:21:21.713Z,13.74
2026-01-20T10:26:21.736Z,13.83
2026-01-20T10:31:21.713Z,13.86
2026-01-20T10:36:21.724Z,13.4
2026-01-20T10:41:21.741Z,13.14
2026-01-20T10:46:21.792Z,13.43
2026-01-20T10:51:21.628Z,13.8
2026-01-20T10:56:21.817Z,14.18
2026-01-20T11:01:21.801Z,14.35
2026-01-20T11:06:21.832Z,14.32
2026-01-20T11:11:21.76Z,14.26
2026-01-20T11:16:21.853Z,14.41
2026-01-20T11:21:21.609Z,14.7
2026-01-20T11:26:21.689Z,15.09
2026-01-20T11:31:21.728Z,15.44
2026-01-20T11:36:21.824Z,15.7
2026-01-20T11:41:21.628Z,16.1
2026-01-20T11:46:21.789Z,16.14
2026-01-20T11:51:21.842Z,16.45
2026-01-20T11:57:05.517Z,16.51
2026-01-20T12:01:21.785Z,16.45
2026-01-20T12:06:25.101Z,16.59
2026-01-20T12:11:23.73Z,16.51
2026-01-20T12:16:21.647Z,16.51
2026-01-20T12:21:21.646Z,16.59
2026-01-20T12:26:21.643Z,16.51
2026-01-20T12:31:21.796Z,16.45
2026-01-20T12:36:21.846Z,16.28
2026-01-20T12:41:21.668Z,16.28
2026-01-20T12:46:21.806Z,16.77
2026-01-20T12:51:21.806Z,16.68
2026-01-20T12:56:21.774Z,16.48
2026-01-20T13:01:21.681Z,16.71
2026-01-20T13:06:21.825Z,16.94
2026-01-20T13:11:21.721Z,17.02
2026-01-20T13:16:21.775Z,17.08
2026-01-20T13:21:21.609Z,17.31
2026-01-20T13:26:21.776Z,17.4
2026-01-20T13:31:21.702Z,17.49
2026-01-20T13:36:21.626Z,17.4
2026-01-20T13:41:21.709Z,17.49
2026-01-20T13:46:21.795Z,17.46
2026-01-20T13:51:21.846Z,17.69
2026-01-20T13:56:21.613Z,17.74
2026-01-20T14:01:21.612Z,17.63
2026-01-20T14:06:21.681Z,17.8
2026-01-20T14:11:21.638Z,17.69
2026-01-20T14:16:21.681Z,17.95
2026-01-20T14:21:21.676Z,17.92
2026-01-20T14:26:21.703Z,17.89
2026-01-20T14:31:21.65Z,17.86
2026-01-20T14:36:21.754Z,17.97
2026-01-20T14:41:21.794Z,18.09
2026-01-20T14:46:21.758Z,18.0
2026-01-20T14:51:21.75Z,17.89
2026-01-20T14:56:21.74Z,17.8
2026-01-20T15:01:21.74Z,17.77
2026-01-20T15:06:21.694Z,17.77
2026-01-20T15:11:21.749Z,17.8
2026-01-20T15:16:21.877Z,17.72
2026-01-20T15:21:21.8Z,17.63
2026-01-20T15:26:21.751Z,17.6
2026-01-20T15:31:21.739Z,17.57
2026-01-20T15:36:21.782Z,17.66
2026-01-20T15:41:21.839Z,17.6
2026-01-20T15:46:21.766Z,17.51
2026-01-20T15:51:21.662Z,17.66
2026-01-20T15:56:21.76Z,17.49
2026-01-20T16:01:21.804Z,17.28
2026-01-20T16:06:21.83Z,17.28
2026-01-20T16:11:21.771Z,17.11
2026-01-20T16:16:21.673Z,17.17
2026-01-20T16:21:21.772Z,17.26
2026-01-20T16:26:21.8Z,17.08
2026-01-20T16:31:21.752Z,17.02
2026-01-20T16:36:21.747Z,16.85
2026-01-20T16:41:21.7Z,16.77
2026-01-20T16:46:21.798Z,16.65
2026-01-20T16:51:21.686Z,16.48
2026-01-20T16:56:22.045Z,16.33
2026-01-20T17:01:21.802Z,16.25
2026-01-20T17:06:21.801Z,16.16
2026-01-20T17:11:21.822Z,16.1
2026-01-20T17:16:21.604Z,15.99
2026-01-20T17:21:21.805Z,15.93
2026-01-20T17:26:21.734Z,15.79
2026-01-20T17:31:21.733Z,15.76
2026-01-20T17:36:21.779Z,15.65
2026-01-20T17:41:21.685Z,15.58
2026-01-20T17:46:21.737Z,15.53
2026-01-20T17:51:21.627Z,15.47
2026-01-20T17:56:21.675Z,15.39
2026-01-20T18:01:21.718Z,15.12
2026-01-20T18:06:21.734Z,15.09
2026-01-20T18:11:21.677Z,15.09
2026-01-20T18:16:21.649Z,15.12
2026-01-20T18:21:21.574Z,15.16
2026-01-20T18:26:21.716Z,15.16
2026-01-20T18:31:21.798Z,15.01
2026-01-20T18:36:21.605Z,14.98
2026-01-20T18:41:21.762Z,14.95
2026-01-20T18:46:21.636Z,15.01
2026-01-20T18:51:21.662Z,15.01
2026-01-20T18:56:21.588Z,15.07
2026-01-20T19:01:21.701Z,15.07
2026-01-20T19:06:21.905Z,15.04
2026-01-20T19:11:21.799Z,14.98
2026-01-20T19:16:21.897Z,14.86
2026-01-20T19:21:21.631Z,14.75
2026-01-20T19:26:21.671Z,14.67
2026-01-20T19:31:21.718Z,14.75
2026-01-20T19:36:21.647Z,14.67
2026-01-20T19:41:21.753Z,14.58
2026-01-20T19:46:21.607Z,14.58
2026-01-20T19:51:21.76Z,14.47
2026-01-20T19:56:21.671Z,14.52
2026-01-20T20:01:21.824Z,14.47
2026-01-20T20:06:21.755Z,14.44
2026-01-20T20:11:21.559Z,14.44
2026-01-20T20:16:21.671Z,14.49
2026-01-20T20:21:21.582Z,14.35
2026-01-20T20:26:21.72Z,14.35
2026-01-20T20:31:21.766Z,14.21
2026-01-20T20:36:21.696Z,14.21
2026-01-20T20:41:21.67Z,14.18
2026-01-20T20:46:21.678Z,14.18
2026-01-20T20:51:21.634Z,14.29
2026-01-20T20:56:21.736Z,14.21
2026-01-20T21:01:21.668Z,14.29
2026-01-20T21:06:21.587Z,14.35
2026-01-20T21:11:21.609Z,14.35
2026-01-20T21:16:21.681Z,14.37
2026-01-20T21:21:21.601Z,14.35
2026-01-20T21:26:21.613Z,14.35
2026-01-20T21:31:21.598Z,14.29
2026-01-20T21:36:21.595Z,14.23
2026-01-20T21:41:21.646Z,14.29
2026-01-20T21:46:21.776Z,14.23
2026-01-20T21:51:21.657Z,14.23
2026-01-20T21:56:21.631Z,14.26
2026-01-20T22:01:21.639Z,14.23
2026-01-20T22:06:21.652Z,14.23
2026-01-20T22:11:21.638Z,14.23
2026-01-20T22:16:21.652Z,14.18
2026-01-20T22:21:21.763Z,14.21
2026-01-20T22:26:21.698Z,14.15
2026-01-20T22:31:21.55Z,14.23
2026-01-20T22:36:21.646Z,14.26
2026-01-20T22:41:21.755Z,14.29
2026-01-20T22:46:21.58Z,14.26
2026-01-20T22:51:21.951Z,14.21
2026-01-20T22:56:21.597Z,14.09
2026-01-20T23:01:21.789Z,13.92
2026-01-20T23:06:21.57Z,13.77
2026-01-20T23:11:21.773Z,13.72
2026-01-20T23:16:21.756Z,13.54
2026-01-20T23:21:21.829Z,13.72
2026-01-20T23:26:21.679Z,13.74
2026-01-20T23:31:21.593Z,13.77
2026-01-20T23:36:21.888Z,13.74
2026-01-20T23:41:21.746Z,13.77
2026-01-20T23:46:21.723Z,13.8
2026-01-20T23:51:21.658Z,13.63
2026-01-20T23:56:21.663Z,13.4
2026-01-21T00:01:21.759Z,13.37
2026-01-21T00:06:21.678Z,13.23
2026-01-21T00:11:21.604Z,13.14
2026-01-21T00:16:21.617Z,13.05
2026-01-21T00:21:21.723Z,12.85
2026-01-21T00:26:21.735Z,12.68
2026-01-21T00:31:21.62Z,12.54
2026-01-21T00:36:21.771Z,12.45
2026-01-21T00:41:21.795Z,12.33
2026-01-21T00:46:21.762Z,12.42
2026-01-21T00:51:21.606Z,12.39
2026-01-21T00:56:21.598Z,12.31
2026-01-21T01:01:21.712Z,12.36
2026-01-21T01:06:21.599Z,12.33
2026-01-21T01:11:21.702Z,12.25
2026-01-21T01:16:21.732Z,12.25
2026-01-21T01:21:21.741Z,12.25
2026-01-21T01:26:21.684Z,12.13
2026-01-21T01:31:21.7Z,12.13
2026-01-21T01:36:21.598Z,12.05
2026-01-21T01:41:21.614Z,12.05
2026-01-21T01:46:21.745Z,11.99
2026-01-21T01:51:21.582Z,12.02
2026-01-21T01:56:21.731Z,12.05
2026-01-21T02:01:21.728Z,12.05
2026-01-21T02:06:21.609Z,12.13
2026-01-21T02:11:21.692Z,12.13
2026-01-21T02:16:21.78Z,12.05
2026-01-21T02:21:21.632Z,12.02
2026-01-21T02:26:21.679Z,11.99
2026-01-21T02:31:22.111Z,11.7
2026-01-21T02:36:21.572Z,11.35
2026-01-21T02:41:21.617Z,11.24
2026-01-21T02:46:21.743Z,11.01
2026-01-21T02:51:21.539Z,11.04
2026-01-21T02:56:21.63Z,11.01
2026-01-21T03:01:21.552Z,10.84
2026-01-21T03:06:21.615Z,10.72
2026-01-21T03:11:21.609Z,10.84
2026-01-21T03:16:21.707Z,10.86
2026-01-21T03:21:21.682Z,10.96
2026-01-21T03:26:21.571Z,10.98
2026-01-21T03:31:21.756Z,11.04
2026-01-21T03:36:21.601Z,10.92
2026-01-21T03:41:21.628Z,11.04
2026-01-21T03:46:21.746Z,11.01
2026-01-21T03:51:22.168Z,10.96
2026-01-21T03:56:21.57Z,11.04
2026-01-21T04:01:21.685Z,11.15
2026-01-21T04:06:21.59Z,11.19
2026-01-21T04:11:21.761Z,11.04
2026-01-21T04:16:21.526Z,10.84
2026-01-21T04:21:21.649Z,10.78
2026-01-21T04:26:21.746Z,10.81
2026-01-21T04:31:21.632Z,10.84
2026-01-21T04:36:21.605Z,10.86
2026-01-21T04:41:21.711Z,10.96
2026-01-21T04:46:21.604Z,11.1
2026-01-21T04:51:21.749Z,11.15
2026-01-21T04:56:21.567Z,11.21
2026-01-21T05:01:21.496Z,11.3
2026-01-21T05:06:21.569Z,11.41
2026-01-21T05:11:21.566Z,11.5
2026-01-21T05:16:21.606Z,11.56
2026-01-21T05:21:21.556Z,11.67
2026-01-21T05:26:21.618Z,11.82
2026-01-21T05:31:21.618Z,11.9
2026-01-21T05:36:21.704Z,11.96
2026-01-21T05:41:21.634Z,11.96
2026-01-21T05:46:21.487Z,11.93
2026-01-21T05:51:21.51Z,12.07
2026-01-21T05:56:21.594Z,12.16
2026-01-21T06:01:21.685Z,12.07
2026-01-21T06:06:21.679Z,12.02
2026-01-21T06:11:21.634Z,12.1
2026-01-21T06:16:21.702Z,12.1
2026-01-21T06:21:21.511Z,12.13
2026-01-21T06:26:21.716Z,12.07
2026-01-21T06:31:21.736Z,12.05
2026-01-21T06:36:21.588Z,12.07
2026-01-21T06:41:21.628Z,11.99
2026-01-21T06:46:21.531Z,11.96
2026-01-21T06:51:21.606Z,11.99
2026-01-21T06:56:21.511Z,11.99
2026-01-21T07:01:21.693Z,11.93
2026-01-21T07:06:21.55Z,11.87
2026-01-21T07:11:21.617Z,11.96
2026-01-21T07:16:21.585Z,11.96
2026-01-21T07:21:21.544Z,11.93
2026-01-21T07:26:21.642Z,11.93
2026-01-21T07:31:21.737Z,11.96
2026-01-21T07:36:21.516Z,11.96
2026-01-21T07:41:21.638Z,12.02
2026-01-21T07:46:21.592Z,12.05
2026-01-21T07:51:21.599Z,11.99
2026-01-21T07:56:21.591Z,11.93
2026-01-21T08:01:21.543Z,11.9
2026-01-21T08:06:21.695Z,11.9
2026-01-21T08:11:21.603Z,11.96
2026-01-21T08:16:21.593Z,11.96
2026-01-21T08:21:21.638Z,12.13
2026-01-21T08:26:21.896Z,12.25
2026-01-21T08:31:21.558Z,12.28
2026-01-21T08:36:21.547Z,12.42
2026-01-21T08:41:21.562Z,12.54
2026-01-21T08:46:21.698Z,12.62
2026-01-21T08:51:21.57Z,12.79
2026-01-21T08:56:21.575Z,12.85
2026-01-21T09:01:21.55Z,13.0
2026-01-21T09:06:21.673Z,13.14
2026-01-21T09:11:21.561Z,13.28
2026-01-21T09:16:21.544Z,13.28
2026-01-21T09:21:21.484Z,13.46
2026-01-21T09:26:21.706Z,13.51
2026-01-21T09:31:21.715Z,13.51
2026-01-21T09:36:21.626Z,13.77
2026-01-21T09:41:21.525Z,13.86
2026-01-21T09:46:48.997Z,13.89
2026-01-21T09:51:21.557Z,13.89
2026-01-21T09:56:21.577Z,13.98
2026-01-21T10:01:21.528Z,13.95
2026-01-21T10:06:21.705Z,14.18
2026-01-21T10:11:21.762Z,14.15
2026-01-21T10:16:21.592Z,14.32
2026-01-21T10:21:21.736Z,14.37
2026-01-21T10:26:21.68Z,14.35
2026-01-21T10:31:21.756Z,14.49
2026-01-21T10:36:21.724Z,14.58
2026-01-21T10:41:21.613Z,14.98
2026-01-21T10:46:21.756Z,15.07
2026-01-21T10:51:21.616Z,15.16
2026-01-21T10:56:21.6Z,15.21
2026-01-21T11:01:21.722Z,15.39
2026-01-21T11:06:21.581Z,15.67
2026-01-21T11:11:21.656Z,15.76
2026-01-21T11:16:21.763Z,15.81
2026-01-21T11:21:21.661Z,15.99
2026-01-21T11:26:21.716Z,16.22
2026-01-21T11:31:21.674Z,16.25
2026-01-21T11:36:21.72Z,16.22
2026-01-21T11:41:21.67Z,16.19
2026-01-21T11:46:21.544Z,16.33
2026-01-21T11:51:21.563Z,16.19
2026-01-21T11:56:21.605Z,16.28
2026-01-21T12:01:22.113Z,16.59
2026-01-21T12:06:21.672Z,16.74
2026-01-21T12:11:21.732Z,16.62
2026-01-21T12:16:21.593Z,16.45
2026-01-21T12:21:21.488Z,16.51
2026-01-21T12:26:21.697Z,16.53
2026-01-21T12:31:21.538Z,16.59
2026-01-21T12:36:21.705Z,16.74
2026-01-21T12:41:21.739Z,16.85
2026-01-21T12:46:21.707Z,16.91
2026-01-21T12:51:22.102Z,16.79
2026-01-21T12:56:21.55Z,16.79
2026-01-21T13:01:21.707Z,16.97
2026-01-21T13:06:21.542Z,17.23
2026-01-21T13:11:21.64Z,17.11
2026-01-21T13:16:21.705Z,17.14
2026-01-21T13:21:21.654Z,17.31
2026-01-21T13:26:21.712Z,17.43
2026-01-21T13:31:21.687Z,17.17
2026-01-21T13:36:21.607Z,16.88
2026-01-21T13:41:21.993Z,16.94
2026-01-21T13:46:21.684Z,16.97
2026-01-21T13:51:22.086Z,17.02
2026-01-21T13:56:21.707Z,17.14
2026-01-21T14:01:21.662Z,17.23
2026-01-21T14:06:21.56Z,17.11
2026-01-21T14:11:21.63Z,16.97
2026-01-21T14:16:21.503Z,17.0
2026-01-21T14:21:22.129Z,17.0
2026-01-21T14:26:21.671Z,16.97
2026-01-21T14:31:21.722Z,17.02
2026-01-21T14:36:21.517Z,17.05
2026-01-21T14:41:21.602Z,17.05
2026-01-21T14:46:21.643Z,17.0
2026-01-21T14:51:21.702Z,16.97
2026-01-21T14:56:21.576Z,16.94
2026-01-21T15:01:21.571Z,16.82
2026-01-21T15:06:21.786Z,16.88
2026-01-21T15:11:21.843Z,16.82
2026-01-21T15:16:21.666Z,16.85
2026-01-21T15:21:21.599Z,16.79
2026-01-21T15:26:21.65Z,16.82
2026-01-21T15:31:22.147Z,16.85
2026-01-21T15:36:21.788Z,16.85
2026-01-21T15:41:22.388Z,16.82
2026-01-21T15:46:21.69Z,16.79
2026-01-21T15:51:23.77Z,16.77
2026-01-21T15:56:21.751Z,16.68
2026-01-21T16:01:21.569Z,16.62
2026-01-21T16:06:21.645Z,16.53
2026-01-21T16:11:22.371Z,16.33
2026-01-21T16:16:21.577Z,16.28
2026-01-21T16:21:21.591Z,16.22
2026-01-21T16:26:21.499Z,16.19
2026-01-21T16:31:21.475Z,16.19
2026-01-21T16:36:21.816Z,16.02
2026-01-21T16:41:21.67Z,15.93
2026-01-21T16:46:21.537Z,15.88
2026-01-21T16:51:21.699Z,15.79
2026-01-21T16:56:21.502Z,15.7
2026-01-21T17:01:21.646Z,15.44
2026-01-21T17:06:21.686Z,15.35
2026-01-21T17:11:21.704Z,15.39
2026-01-21T17:16:21.606Z,15.39
2026-01-21T17:21:21.628Z,15.24
2026-01-21T17:26:21.556Z,15.12
2026-01-21T17:31:21.698Z,15.04
2026-01-21T17:36:21.617Z,14.93
2026-01-21T17:41:21.651Z,14.72
2026-01-21T17:46:21.49Z,14.64
2026-01-21T17:51:21.614Z,14.64
2026-01-21T17:56:21.455Z,14.67
2026-01-21T18:01:22.177Z,14.52
2026-01-21T18:06:21.503Z,14.47
2026-01-21T18:11:21.49Z,14.26
2026-01-21T18:16:21.559Z,14.12
2026-01-21T18:21:21.764Z,14.0
2026-01-21T18:26:21.613Z,13.72
2026-01-21T18:31:21.5Z,13.72
2026-01-21T18:36:21.714Z,13.51
2026-01-21T18:41:21.483Z,13.57
2026-01-21T18:46:21.743Z,13.57
2026-01-21T18:51:21.739Z,13.69
2026-01-21T18:56:21.703Z,13.72
2026-01-21T19:01:21.654Z,13.77
2026-01-21T19:06:21.629Z,13.63
2026-01-21T19:11:21.681Z,13.6
2026-01-21T19:16:21.677Z,13.43
2026-01-21T19:21:21.719Z,13.2
2026-01-21T19:26:21.467Z,13.2
2026-01-21T19:31:21.687Z,13.08
2026-01-21T19:36:22.748Z,13.03
2026-01-21T19:41:21.694Z,13.0
2026-01-21T19:46:21.512Z,12.91
2026-01-21T19:51:21.694Z,12.62
2026-01-21T19:56:21.476Z,12.51
2026-01-21T20:01:21.702Z,12.45
2026-01-21T20:06:21.544Z,12.42
2026-01-21T20:11:21.636Z,12.39
2026-01-21T20:16:21.639Z,12.51
2026-01-21T20:21:21.563Z,12.45
2026-01-21T20:26:21.606Z,12.45
2026-01-21T20:31:21.482Z,12.33
2026-01-21T20:36:22.791Z,12.39
2026-01-21T20:41:21.473Z,12.48
2026-01-21T20:46:21.581Z,12.33
2026-01-21T20:51:21.708Z,12.28
2026-01-21T20:56:21.616Z,12.33
2026-01-21T21:01:21.644Z,12.13
2026-01-21T21:06:21.665Z,12.05
2026-01-21T21:11:21.663Z,12.02
2026-01-21T21:16:21.647Z,11.96
2026-01-21T21:21:21.545Z,11.99
2026-01-21T21:26:21.505Z,11.93
2026-01-21T21:31:21.879Z,11.96
2026-01-21T21:36:21.587Z,11.93
2026-01-21T21:41:21.535Z,11.96
2026-01-21T21:46:21.522Z,11.93
2026-01-21T21:51:21.677Z,12.02
2026-01-21T21:56:21.485Z,11.96
2026-01-21T22:01:21.553Z,12.07
2026-01-21T22:06:21.599Z,12.02
2026-01-21T22:11:21.565Z,12.1
2026-01-21T22:16:21.671Z,12.02
2026-01-21T22:21:21.494Z,12.05
2026-01-21T22:26:21.529Z,12.05
2026-01-21T22:31:21.688Z,12.16
2026-01-21T22:36:21.709Z,12.16
2026-01-21T22:41:21.471Z,12.16
2026-01-21T22:46:21.661Z,12.02
2026-01-21T22:51:21.504Z,11.9
2026-01-21T22:56:21.538Z,11.67
2026-01-21T23:01:21.553Z,11.53
2026-01-21T23:06:21.635Z,11.53
2026-01-21T23:11:21.516Z,11.35
2026-01-21T23:16:21.469Z,11.21
2026-01-21T23:21:21.517Z,11.12
2026-01-21T23:26:21.642Z,11.12
2026-01-21T23:31:21.621Z,11.04
2026-01-21T23:36:21.66Z,10.96
2026-01-21T23:41:21.551Z,10.92
2026-01-21T23:46:21.653Z,10.92
2026-01-21T23:51:21.638Z,11.47
2026-01-21T23:56:21.506Z,12.19
2026-01-22T00:01:21.611Z,12.45
2026-01-22T00:06:21.525Z,12.65
2026-01-22T00:11:21.565Z,12.62
2026-01-22T00:16:21.564Z,12.48
2026-01-22T00:21:21.667Z,12.39
2026-01-22T00:26:21.726Z,12.48
2026-01-22T00:31:21.64Z,12.56
2026-01-22T00:36:21.51Z,12.54
2026-01-22T00:41:21.523Z,12.65
2026-01-22T00:46:22.228Z,12.62
2026-01-22T00:51:21.517Z,12.56
2026-01-22T00:56:21.473Z,12.51
2026-01-22T01:01:21.6Z,12.33
2026-01-22T01:06:21.676Z,12.13
2026-01-22T01:11:21.439Z,12.05
2026-01-22T01:16:21.597Z,12.05
2026-01-22T01:21:21.843Z,11.73
2026-01-22T01:26:21.464Z,11.64
2026-01-22T01:31:21.58Z,11.84
2026-01-22T01:36:21.544Z,11.79
2026-01-22T01:41:21.653Z,11.7
2026-01-22T01:46:21.546Z,11.61
2026-01-22T01:51:21.451Z,11.47
2026-01-22T01:56:21.574Z,11.38
2026-01-22T02:01:21.592Z,11.35
2026-01-22T02:06:21.446Z,11.35
2026-01-22T02:11:21.478Z,11.35
2026-01-22T02:16:21.494Z,11.35
2026-01-22T02:21:21.512Z,11.33
2026-01-22T02:26:21.466Z,11.44
2026-01-22T02:31:21.653Z,11.41
2026-01-22T02:36:21.595Z,11.41
2026-01-22T02:41:21.481Z,11.41
2026-01-22T02:46:21.429Z,11.53
2026-01-22T02:51:21.542Z,11.56
2026-01-22T02:56:21.655Z,11.61
2026-01-22T03:01:21.464Z,11.56
2026-01-22T03:06:21.523Z,11.44
2026-01-22T03:11:21.462Z,11.41
2026-01-22T03:16:21.431Z,11.27
2026-01-22T03:21:21.651Z,11.04
2026-01-22T03:26:21.636Z,11.19
2026-01-22T03:31:21.702Z,11.59
2026-01-22T03:36:21.611Z,11.79
2026-01-22T03:41:21.429Z,12.02
2026-01-22T03:46:21.465Z,12.13
2026-01-22T03:51:21.425Z,12.22
2026-01-22T03:56:21.604Z,12.07
2026-01-22T04:01:21.629Z,11.96
2026-01-22T04:06:21.571Z,11.84
2026-01-22T04:11:21.521Z,11.87
2026-01-22T04:16:21.562Z,12.13
2026-01-22T04:21:21.538Z,12.48
2026-01-22T04:26:21.646Z,12.56
2026-01-22T04:31:21.56Z,12.59
2026-01-22T04:36:21.464Z,12.71
2026-01-22T04:41:21.522Z,12.91
2026-01-22T04:46:21.476Z,13.17
2026-01-22T04:51:21.46Z,13.28
2026-01-22T04:56:21.589Z,13.28
2026-01-22T05:01:21.7Z,13.14
2026-01-22T05:06:21.407Z,13.11
2026-01-22T05:11:21.519Z,13.28
2026-01-22T05:16:22.288Z,13.51
2026-01-22T05:21:22.186Z,13.4
2026-01-22T05:26:21.533Z,13.37
2026-01-22T05:31:21.598Z,13.34
2026-01-22T05:36:21.439Z,13.23
2026-01-22T05:41:21.931Z,13.08
2026-01-22T05:46:21.522Z,12.91
2026-01-22T05:51:21.462Z,12.94
2026-01-22T05:56:21.449Z,12.94
2026-01-22T06:01:21.717Z,12.79
2026-01-22T06:06:21.561Z,12.68
2026-01-22T06:11:21.545Z,12.65
2026-01-22T06:16:21.549Z,12.74
2026-01-22T06:21:21.482Z,12.65
2026-01-22T06:26:21.497Z,12.65
2026-01-22T06:31:21.487Z,12.62
2026-01-22T06:36:21.477Z,12.65
2026-01-22T06:41:21.623Z,12.62
2026-01-22T06:46:21.428Z,12.65
2026-01-22T06:51:21.511Z,12.65
2026-01-22T06:56:21.614Z,12.71
2026-01-22T07:01:21.403Z,12.56
2026-01-22T07:06:21.402Z,12.59
2026-01-22T07:11:21.64Z,12.59
2026-01-22T07:16:21.682Z,12.68
2026-01-22T07:21:21.526Z,12.62
2026-01-22T07:26:21.517Z,12.42
2026-01-22T07:31:21.595Z,12.31
2026-01-22T07:36:21.665Z,12.31
2026-01-22T07:41:21.636Z,12.42
2026-01-22T07:46:21.569Z,12.65
2026-01-22T07:51:21.47Z,12.85
2026-01-22T07:56:21.459Z,12.91
2026-01-22T08:01:21.551Z,13.0
2026-01-22T08:06:21.597Z,13.2
2026-01-22T08:11:21.421Z,13.28
2026-01-22T08:16:21.508Z,13.4
2026-01-22T08:21:21.546Z,13.37
2026-01-22T08:26:21.693Z,13.54
2026-01-22T08:31:21.463Z,13.6
2026-01-22T08:36:21.455Z,13.8
2026-01-22T08:41:21.599Z,13.89
2026-01-22T08:46:21.525Z,14.09
2026-01-22T08:51:21.411Z,14.29
2026-01-22T08:56:21.517Z,14.47
2026-01-22T09:01:21.804Z,14.58
2026-01-22T09:06:21.529Z,14.72
2026-01-22T09:11:21.605Z,14.75
2026-01-22T09:16:21.457Z,14.84
2026-01-22T09:21:21.748Z,14.86
2026-01-22T09:26:21.551Z,14.98
2026-01-22T09:31:21.611Z,15.01
2026-01-22T09:36:21.564Z,15.07
2026-01-22T09:41:21.593Z,15.07
2026-01-22T09:46:21.761Z,15.24
2026-01-22T09:51:21.588Z,15.27
2026-01-22T09:56:21.628Z,15.44
2026-01-22T10:01:21.592Z,15.58
2026-01-22T10:06:23.094Z,15.58
2026-01-22T10:11:21.543Z,15.73
2026-01-22T10:16:21.579Z,15.81
2026-01-22T10:21:22.067Z,15.96
2026-01-22T10:26:21.526Z,16.14
2026-01-22T10:31:21.603Z,16.14
2026-01-22T10:36:21.617Z,16.02
2026-01-22T10:41:21.455Z,16.02
2026-01-22T10:46:21.647Z,16.14
2026-01-22T10:51:21.57Z,15.9
2026-01-22T10:56:21.491Z,16.1
2026-01-22T11:01:21.647Z,16.3
2026-01-22T11:06:21.419Z,16.42
2026-01-22T11:11:21.558Z,16.59
2026-01-22T11:16:21.627Z,16.71
2026-01-22T11:21:21.475Z,16.68
2026-01-22T11:26:21.588Z,17.0
2026-01-22T11:31:21.574Z,16.88
2026-01-22T11:36:21.666Z,16.82
2026-01-22T11:41:21.424Z,16.71
2026-01-22T11:46:21.53Z,16.65
2026-01-22T11:51:22.11Z,16.77
2026-01-22T11:56:21.459Z,16.79
2026-01-22T12:01:21.649Z,16.91
2026-01-22T12:06:21.67Z,16.94
2026-01-22T12:11:21.421Z,17.11
2026-01-22T12:16:21.576Z,17.34
2026-01-22T12:21:21.56Z,17.46
2026-01-22T12:26:21.593Z,17.46
2026-01-22T12:31:21.468Z,17.2
2026-01-22T12:36:21.562Z,17.2
2026-01-22T12:41:21.653Z,17.31
2026-01-22T12:46:22.595Z,17.31
2026-01-22T12:51:21.694Z,17.34
2026-01-22T12:56:23.022Z,17.4
2026-01-22T13:01:21.428Z,17.72
2026-01-22T13:06:21.516Z,17.57
2026-01-22T13:11:21.577Z,17.63
2026-01-22T13:16:21.362Z,17.83
2026-01-22T13:21:21.447Z,18.06
2026-01-22T13:26:22.621Z,18.18
2026-01-22T13:31:21.409Z,18.35
2026-01-22T13:36:21.423Z,18.03
2026-01-22T13:41:21.558Z,17.95
2026-01-22T13:46:21.377Z,17.83
2026-01-22T13:51:21.508Z,17.92
2026-01-22T13:56:21.854Z,17.97
2026-01-22T14:01:21.486Z,17.89
2026-01-22T14:06:21.441Z,17.74
2026-01-22T14:11:21.516Z,17.74
2026-01-22T14:16:21.494Z,17.86
2026-01-22T14:21:21.452Z,17.54
2026-01-22T14:26:21.78Z,17.31
2026-01-22T14:31:21.445Z,17.14
2026-01-22T14:36:21.385Z,17.08
2026-01-22T14:41:21.531Z,17.05
2026-01-22T14:46:21.443Z,17.05
2026-01-22T14:51:21.618Z,17.0
2026-01-22T14:56:21.485Z,16.97
2026-01-22T15:01:21.666Z,17.17
2026-01-22T15:06:21.446Z,17.08
2026-01-22T15:11:21.633Z,17.08
2026-01-22T15:16:21.42Z,16.91
2026-01-22T15:21:21.404Z,16.82
2026-01-22T15:26:21.405Z,16.77
2026-01-22T15:31:21.475Z,16.71
2026-01-22T15:36:21.554Z,16.59
2026-01-22T15:41:21.477Z,16.56
2026-01-22T15:46:21.496Z,16.51
2026-01-22T15:51:22.035Z,16.39
2026-01-22T15:56:21.513Z,16.33
2026-01-22T16:01:21.395Z,16.22
2026-01-22T16:06:21.537Z,16.16
2026-01-22T16:11:21.567Z,16.1
2026-01-22T16:16:21.612Z,15.99
2026-01-22T16:21:21.624Z,15.88
2026-01-22T16:26:21.553Z,15.79
2026-01-22T16:31:21.643Z,15.7
2026-01-22T16:36:22.217Z,15.58
2026-01-22T16:41:21.657Z,15.39
2026-01-22T16:46:21.543Z,15.39
2026-01-22T16:51:21.438Z,15.27
2026-01-22T16:56:21.406Z,15.21
2026-01-22T17:01:23.324Z,15.16
2026-01-22T17:06:21.455Z,15.12
2026-01-22T17:11:21.426Z,15.04
2026-01-22T17:16:21.504Z,15.01
2026-01-22T17:21:22.548Z,15.01
2026-01-22T17:26:21.402Z,14.95
2026-01-22T17:31:21.417Z,14.93
2026-01-22T17:36:21.604Z,14.78
2026-01-22T17:41:22.393Z,14.81
2026-01-22T17:46:21.516Z,14.72
2026-01-22T17:51:21.497Z,14.64
2026-01-22T17:56:22.636Z,14.55
2026-01-22T18:01:21.479Z,14.37
2026-01-22T18:06:21.623Z,14.26
2026-01-22T18:11:21.397Z,14.26
2026-01-22T18:16:21.424Z,14.12
2026-01-22T18:21:21.45Z,14.03
2026-01-22T18:26:21.585Z,13.92
2026-01-22T18:31:21.785Z,13.74
2026-01-22T18:36:21.379Z,13.66
2026-01-22T18:41:21.509Z,13.43
2026-01-22T18:46:21.605Z,13.2
2026-01-22T18:51:21.498Z,12.94
2026-01-22T18:56:21.494Z,12.82
2026-01-22T19:01:21.571Z,12.59
2026-01-22T19:06:21.501Z,12.48
2026-01-22T19:11:21.556Z,12.39
2026-01-22T19:16:21.838Z,12.39
2026-01-22T19:21:21.465Z,12.25
2026-01-22T19:26:21.514Z,12.13
2026-01-22T19:31:21.432Z,12.13
2026-01-22T19:36:21.411Z,12.1
2026-01-22T19:41:21.513Z,12.13
2026-01-22T19:46:21.543Z,12.16
2026-01-22T19:51:21.466Z,12.16
2026-01-22T19:56:21.389Z,12.13
2026-01-22T20:01:21.511Z,12.1
2026-01-22T20:06:21.613Z,11.99
2026-01-22T20:11:21.617Z,11.93
2026-01-22T20:16:21.572Z,11.87
2026-01-22T20:21:22.582Z,11.87
2026-01-22T20:26:21.432Z,11.99
2026-01-22T20:31:21.396Z,12.07
2026-01-22T20:36:24.525Z,12.13
2026-01-22T20:41:21.632Z,12.22
2026-01-22T20:46:21.594Z,12.19
2026-01-22T20:51:21.581Z,12.13
2026-01-22T20:56:21.455Z,12.28
2026-01-22T21:01:21.405Z,12.33
2026-01-22T21:06:21.476Z,12.51
2026-01-22T21:11:21.578Z,12.56
2026-01-22T21:16:21.422Z,12.74
2026-01-22T21:21:21.389Z,12.71
2026-01-22T21:26:21.848Z,12.68
2026-01-22T21:31:21.41Z,12.62
2026-01-22T21:36:21.622Z,12.51
2026-01-22T21:41:21.447Z,12.59
2026-01-22T21:46:21.469Z,12.51
2026-01-22T21:51:21.571Z,12.48
2026-01-22T21:56:21.474Z,12.39
2026-01-22T22:01:21.618Z,12.45
2026-01-22T22:06:21.547Z,12.51
2026-01-22T22:11:21.414Z,12.54
2026-01-22T22:16:21.787Z,12.48
2026-01-22T22:21:21.619Z,12.13
2026-01-22T22:26:21.559Z,12.02
2026-01-22T22:31:22.504Z,12.02
2026-01-22T22:36:21.503Z,12.1
2026-01-22T22:41:21.496Z,12.22
2026-01-22T22:46:21.613Z,12.33
2026-01-22T22:51:21.411Z,12.45
2026-01-22T22:56:21.453Z,12.42
2026-01-22T23:01:21.525Z,12.39
2026-01-22T23:06:21.678Z,12.25
2026-01-22T23:11:21.377Z,12.05
2026-01-22T23:16:21.462Z,12.1
2026-01-22T23:21:21.411Z,12.02
2026-01-22T23:26:22.471Z,11.99
2026-01-22T23:31:21.517Z,11.93
2026-01-22T23:36:21.574Z,11.61
2026-01-22T23:41:21.548Z,11.35
2026-01-22T23:46:21.537Z,11.3
2026-01-22T23:51:21.4Z,11.44
2026-01-22T23:56:21.388Z,11.56
2026-01-23T00:01:21.571Z,11.7
2026-01-23T00:06:21.369Z,11.82
2026-01-23T00:11:21.467Z,11.87
2026-01-23T00:16:21.405Z,11.76
2026-01-23T00:21:21.428Z,11.67
2026-01-23T00:26:21.529Z,11.59
2026-01-23T00:31:22.014Z,11.44
2026-01-23T00:36:21.573Z,11.3
2026-01-23T00:41:21.396Z,11.12
2026-01-23T00:46:21.907Z,11.04
2026-01-23T00:51:21.494Z,11.07
2026-01-23T00:56:21.542Z,11.07
2026-01-23T01:01:21.507Z,11.04
2026-01-23T01:06:21.369Z,10.98
2026-01-23T01:11:21.414Z,10.96
2026-01-23T01:16:21.516Z,11.04
2026-01-23T01:21:21.401Z,10.86
2026-01-23T01:26:21.585Z,10.89
2026-01-23T01:31:21.453Z,10.81
2026-01-23T01:36:21.354Z,10.63
2026-01-23T01:41:21.806Z,10.63
2026-01-23T01:46:21.46Z,10.7
2026-01-23T01:51:21.324Z,10.78
2026-01-23T01:56:21.55Z,10.61
2026-01-23T02:01:21.486Z,10.61
2026-01-23T02:06:21.424Z,10.47
2026-01-23T02:11:21.359Z,10.38
2026-01-23T02:16:21.354Z,10.35
2026-01-23T02:21:21.669Z,10.21
2026-01-23T02:26:21.502Z,10.17
2026-01-23T02:31:21.349Z,10.03
2026-01-23T02:36:21.456Z,10.15
2026-01-23T02:41:21.413Z,10.32
2026-01-23T02:46:21.528Z,10.32
2026-01-23T02:51:21.517Z,10.32
2026-01-23T02:56:21.561Z,10.38
2026-01-23T03:01:21.814Z,10.49
2026-01-23T03:06:21.399Z,10.49
2026-01-23T03:11:21.478Z,10.52
2026-01-23T03:16:21.356Z,10.49
2026-01-23T03:21:21.494Z,10.55
2026-01-23T03:26:21.566Z,10.7
2026-01-23T03:31:21.534Z,10.75
2026-01-23T03:36:21.388Z,10.72
2026-01-23T03:41:21.333Z,10.72
2026-01-23T03:46:21.451Z,10.66
2026-01-23T03:51:21.538Z,10.7
2026-01-23T03:56:21.536Z,10.66
2026-01-23T04:01:21.462Z,10.66
2026-01-23T04:06:21.459Z,10.66
2026-01-23T04:11:21.537Z,10.66
2026-01-23T04:16:21.557Z,10.49
2026-01-23T04:21:21.335Z,10.49
2026-01-23T04:26:21.423Z,10.38
2026-01-23T04:31:21.44Z,10.38
2026-01-23T04:36:21.431Z,10.26
2026-01-23T04:41:21.425Z,10.24
2026-01-23T04:46:21.512Z,10.35
2026-01-23T04:51:21.427Z,10.4
2026-01-23T04:56:21.631Z,10.49
2026-01-23T05:01:21.546Z,10.49
2026-01-23T05:06:21.516Z,10.61
2026-01-23T05:11:21.489Z,10.7
2026-01-23T05:16:21.333Z,10.84
2026-01-23T05:21:21.426Z,10.86
2026-01-23T05:26:21.556Z,10.86
2026-01-23T05:31:21.488Z,10.86
2026-01-23T05:36:21.552Z,10.63
2026-01-23T05:41:21.437Z,10.63
2026-01-23T05:46:21.324Z,10.55
2026-01-23T05:51:21.854Z,10.55
2026-01-23T05:56:21.358Z,10.55
2026-01-23T06:01:21.52Z,10.58
2026-01-23T06:06:21.352Z,10.61
2026-01-23T06:11:21.538Z,10.49
2026-01-23T06:16:21.391Z,10.55
2026-01-23T06:21:22.152Z,10.49
2026-01-23T06:26:21.482Z,10.4
2026-01-23T06:31:21.291Z,10.38
2026-01-23T06:36:21.405Z,10.38
2026-01-23T06:41:21.472Z,10.15
2026-01-23T06:46:21.606Z,10.06
2026-01-23T06:51:21.543Z,10.0
2026-01-23T06:56:21.361Z,9.98
2026-01-23T07:01:21.847Z,9.98
2026-01-23T07:06:21.307Z,10.12
2026-01-23T07:11:21.404Z,10.24
2026-01-23T07:16:21.343Z,10.63
2026-01-23T07:21:21.518Z,11.01
2026-01-23T07:26:21.338Z,11.3
2026-01-23T07:31:21.336Z,11.59
2026-01-23T07:36:21.431Z,12.19
2026-01-23T07:41:21.417Z,12.79
2026-01-23T07:46:21.466Z,12.91
2026-01-23T07:51:21.354Z,13.03
2026-01-23T07:56:21.412Z,13.05
2026-01-23T08:01:21.423Z,13.05
2026-01-23T08:06:21.544Z,12.82
2026-01-23T08:11:21.673Z,12.71
2026-01-23T08:16:21.341Z,12.65
2026-01-23T08:21:21.493Z,12.62
2026-01-23T08:26:21.302Z,12.74
2026-01-23T08:31:21.417Z,12.77
2026-01-23T08:36:21.532Z,12.88
2026-01-23T08:41:21.293Z,12.77
2026-01-23T08:46:21.388Z,12.45
2026-01-23T08:51:21.344Z,11.93
2026-01-23T08:56:21.298Z,11.41
2026-01-23T09:01:21.343Z,11.38
2026-01-23T09:06:22.458Z,11.44
2026-01-23T09:11:21.477Z,11.56
2026-01-23T09:16:21.408Z,11.64
2026-01-23T09:21:21.467Z,11.59
2026-01-23T09:26:21.407Z,11.61
2026-01-23T09:31:21.474Z,11.76
2026-01-23T09:36:21.781Z,11.99
2026-01-23T09:41:21.345Z,12.1
2026-01-23T09:46:21.306Z,12.28
2026-01-23T09:51:21.356Z,12.59
2026-01-23T09:56:21.985Z,12.79
2026-01-23T10:01:21.475Z,12.94
2026-01-23T10:06:21.406Z,13.14
2026-01-23T10:11:21.363Z,13.31
2026-01-23T10:16:21.496Z,13.51
2026-01-23T10:21:21.36Z,13.92
2026-01-23T10:26:21.438Z,14.18
2026-01-23T10:31:21.316Z,14.32
2026-01-23T10:36:21.445Z,14.52
2026-01-23T10:41:21.432Z,14.61
2026-01-23T10:46:21.356Z,14.67
2026-01-23T10:51:21.459Z,14.78
2026-01-23T10:56:21.358Z,14.84
2026-01-23T11:01:21.371Z,14.95
2026-01-23T11:06:21.892Z,15.07
2026-01-23T11:11:21.35Z,15.3
2026-01-23T11:16:21.645Z,15.53
2026-01-23T11:21:21.403Z,15.99
2026-01-23T11:26:21.471Z,16.39
2026-01-23T11:31:21.5Z,16.53
2026-01-23T11:36:21.272Z,16.3
2026-01-23T11:41:21.358Z,16.14
2026-01-23T11:46:21.519Z,16.22
2026-01-23T11:51:21.396Z,16.02
2026-01-23T11:56:21.243Z,16.14
2026-01-23T12:01:21.421Z,16.14
2026-01-23T12:06:21.422Z,16.42
2026-01-23T12:11:21.259Z,16.97
2026-01-23T12:16:21.413Z,17.4
2026-01-23T12:21:21.34Z,17.72
2026-01-23T12:26:21.556Z,18.41
2026-01-23T12:31:21.303Z,18.87
2026-01-23T12:36:21.388Z,18.84
2026-01-23T12:41:21.375Z,19.04
2026-01-23T12:46:21.289Z,19.07
2026-01-23T12:51:21.336Z,18.93
2026-01-23T12:56:21.367Z,18.93
2026-01-23T13:01:21.296Z,19.1
2026-01-23T13:06:21.275Z,18.84
2026-01-23T13:11:21.462Z,18.93
2026-01-23T13:16:21.255Z,18.98
2026-01-23T13:21:21.255Z,19.18
2026-01-23T13:26:21.47Z,19.21
2026-01-23T13:31:21.426Z,19.27
2026-01-23T13:36:21.465Z,19.44
2026-01-23T13:41:21.333Z,19.44
2026-01-23T13:46:21.465Z,19.67
2026-01-23T13:51:21.379Z,20.02
2026-01-23T13:56:21.456Z,19.85
2026-01-23T14:01:21.466Z,19.96
2026-01-23T14:06:21.423Z,19.96
2026-01-23T14:11:22.44Z,19.99
2026-01-23T14:16:21.947Z,19.99
2026-01-23T14:21:21.436Z,20.16
2026-01-23T14:26:21.582Z,20.16
2026-01-23T14:31:21.384Z,20.28
2026-01-23T14:36:21.442Z,20.31
2026-01-23T14:41:21.303Z,20.16
2026-01-23T14:46:21.424Z,19.96
2026-01-23T14:51:21.399Z,19.96
2026-01-23T14:56:21.271Z,20.11
2026-01-23T15:01:21.26Z,20.19
2026-01-23T15:06:21.675Z,20.16
2026-01-23T15:11:21.215Z,20.34
2026-01-23T15:16:21.4Z,20.28
2026-01-23T15:21:21.238Z,20.14
2026-01-23T15:26:21.311Z,20.28
2026-01-23T15:31:21.376Z,20.37
2026-01-23T15:36:21.371Z,20.37
2026-01-23T15:41:21.386Z,19.88
2026-01-23T15:46:21.623Z,19.67
2026-01-23T15:51:21.428Z,19.56
2026-01-23T15:56:21.702Z,19.5
2026-01-23T16:01:21.249Z,19.24
2026-01-23T16:06:21.242Z,19.16
2026-01-23T16:11:21.216Z,19.07
2026-01-23T16:16:21.454Z,19.01
2026-01-23T16:21:21.268Z,18.9
2026-01-23T16:26:21.432Z,18.93
2026-01-23T16:31:21.696Z,18.72
2026-01-23T16:36:21.358Z,18.52
2026-01-23T16:41:21.747Z,18.35
2026-01-23T16:46:21.517Z,18.09
2026-01-23T16:51:21.298Z,17.77
2026-01-23T16:56:21.284Z,17.43
2026-01-23T17:01:21.43Z,17.2
2026-01-23T17:06:21.225Z,17.0
2026-01-23T17:11:21.245Z,16.71
2026-01-23T17:16:21.388Z,16.56
2026-01-23T17:21:21.428Z,16.3
2026-01-23T17:26:21.458Z,16.16
2026-01-23T17:31:21.45Z,15.96
2026-01-23T17:36:21.385Z,15.88
2026-01-23T17:41:21.403Z,15.7
2026-01-23T17:46:21.462Z,15.65
2026-01-23T17:51:21.324Z,15.47
2026-01-23T17:56:21.384Z,15.44
2026-01-23T18:01:21.427Z,15.53
2026-01-23T18:06:21.466Z,15.53
2026-01-23T18:11:21.239Z,15.67
2026-01-23T18:16:21.3Z,15.61
2026-01-23T18:21:21.223Z,15.44
2026-01-23T18:26:21.37Z,15.33
2026-01-23T18:31:21.241Z,15.33
2026-01-23T18:36:21.308Z,15.3
2026-01-23T18:41:21.326Z,15.44
2026-01-23T18:46:21.252Z,15.44
2026-01-23T18:51:21.434Z,15.53
2026-01-23T18:56:21.401Z,15.61
2026-01-23T19:01:21.353Z,15.67
2026-01-23T19:06:21.291Z,15.67
2026-01-23T19:11:21.242Z,15.53
2026-01-23T19:16:21.34Z,15.47
2026-01-23T19:21:21.648Z,15.39
2026-01-23T19:26:21.357Z,15.44
2026-01-23T19:31:21.326Z,15.39
2026-01-23T19:36:21.318Z,15.21
2026-01-23T19:41:21.452Z,15.04
2026-01-23T19:46:21.403Z,14.9
2026-01-23T19:51:21.393Z,14.72
2026-01-23T19:56:21.243Z,14.55
2026-01-23T20:01:21.212Z,14.49
2026-01-23T20:06:21.241Z,14.32
2026-01-23T20:11:21.226Z,14.12
2026-01-23T20:16:21.41Z,14.0
2026-01-23T20:21:21.425Z,13.95
2026-01-23T20:26:21.239Z,13.89
2026-01-23T20:31:21.521Z,13.69
2026-01-23T20:36:21.353Z,13.46
2026-01-23T20:41:21.223Z,13.31
2026-01-23T20:46:21.289Z,13.2
2026-01-23T20:51:21.399Z,13.05
2026-01-23T20:56:21.304Z,13.03
2026-01-23T21:01:21.303Z,12.82
2026-01-23T21:06:21.445Z,12.82
2026-01-23T21:11:21.388Z,12.88
2026-01-23T21:16:21.229Z,12.77
2026-01-23T21:21:21.27Z,12.68
2026-01-23T21:26:21.366Z,12.48
2026-01-23T21:31:21.294Z,12.36
2026-01-23T21:36:21.477Z,12.42
2026-01-23T21:41:21.416Z,12.59
2026-01-23T21:46:21.326Z,12.77
2026-01-23T21:51:21.325Z,12.94
2026-01-23T21:56:21.437Z,13.05
2026-01-23T22:01:21.317Z,13.14
2026-01-23T22:06:21.362Z,13.2
2026-01-23T22:11:21.367Z,13.26
2026-01-23T22:16:21.264Z,13.26
2026-01-23T22:21:21.44Z,13.23
2026-01-23T22:26:21.448Z,13.26
2026-01-23T22:31:21.408Z,13.28
2026-01-23T22:36:21.239Z,13.28
2026-01-23T22:41:21.347Z,13.14
2026-01-23T22:46:21.382Z,13.05
2026-01-23T22:51:21.352Z,13.26
2026-01-23T22:56:21.462Z,13.63
2026-01-23T23:01:21.483Z,13.72
2026-01-23T23:06:21.297Z,13.74
2026-01-23T23:11:21.413Z,13.77
2026-01-23T23:16:21.262Z,13.72
2026-01-23T23:21:21.241Z,13.83
2026-01-23T23:26:21.284Z,13.72
2026-01-23T23:31:21.338Z,13.8
2026-01-23T23:36:21.433Z,13.72
2026-01-23T23:41:21.439Z,13.63
2026-01-23T23:46:21.275Z,13.6
2026-01-23T23:51:21.307Z,13.66
2026-01-23T23:56:21.458Z,13.69
2026-01-24T00:01:21.409Z,13.57
2026-01-24T00:06:21.289Z,13.63
2026-01-24T00:11:21.243Z,13.57
2026-01-24T00:16:21.358Z,13.57
2026-01-24T00:21:21.354Z,13.31
2026-01-24T00:26:21.273Z,13.14
2026-01-24T00:31:21.411Z,13.03
2026-01-24T00:36:21.388Z,12.85
2026-01-24T00:41:21.434Z,12.59
2026-01-24T00:46:21.305Z,12.54
2026-01-24T00:51:21.44Z,12.42
2026-01-24T00:56:21.365Z,12.39
2026-01-24T01:01:21.212Z,12.31
2026-01-24T01:06:21.359Z,12.25
2026-01-24T01:11:21.325Z,12.54
2026-01-24T01:16:21.273Z,12.65
2026-01-24T01:21:21.389Z,12.68
2026-01-24T01:26:21.419Z,12.68
2026-01-24T01:31:21.372Z,12.65
2026-01-24T01:36:21.315Z,12.71
2026-01-24T01:41:21.24Z,12.59
2026-01-24T01:46:21.398Z,12.51
2026-01-24T01:51:21.406Z,12.51
2026-01-24T01:56:21.208Z,12.45
2026-01-24T02:01:21.411Z,12.42
2026-01-24T02:06:21.46Z,12.48
2026-01-24T02:11:21.333Z,12.36
2026-01-24T02:16:21.389Z,12.42
2026-01-24T02:21:21.305Z,12.36
2026-01-24T02:26:21.339Z,12.31
2026-01-24T02:31:21.328Z,12.22
2026-01-24T02:36:21.426Z,12.02
2026-01-24T02:41:21.262Z,11.82
2026-01-24T02:46:21.318Z,11.73
2026-01-24T02:51:21.236Z,11.73
2026-01-24T02:56:21.328Z,11.59
2026-01-24T03:01:21.35Z,11.61
2026-01-24T03:06:21.398Z,11.53
2026-01-24T03:11:21.358Z,11.41
2026-01-24T03:16:21.785Z,11.41
2026-01-24T03:21:21.331Z,11.3
2026-01-24T03:26:21.403Z,11.24
2026-01-24T03:31:21.346Z,11.12
2026-01-24T03:36:21.263Z,11.07
2026-01-24T03:41:21.205Z,10.96
2026-01-24T03:46:21.279Z,10.78
2026-01-24T03:51:21.419Z,10.55
2026-01-24T03:56:21.264Z,10.29
2026-01-24T04:01:21.253Z,10.15
2026-01-24T04:06:21.367Z,9.83
2026-01-24T04:11:21.374Z,9.54
2026-01-24T04:16:21.253Z,9.37
2026-01-24T04:21:21.426Z,9.37
2026-01-24T04:26:21.25Z,9.45
2026-01-24T04:31:21.417Z,9.37
2026-01-24T04:36:21.255Z,9.42
2026-01-24T04:41:21.329Z,9.34
2026-01-24T04:46:21.218Z,9.51
2026-01-24T04:51:21.291Z,9.49
2026-01-24T04:56:21.389Z,9.42
2026-01-24T05:01:21.375Z,9.34
2026-01-24T05:06:21.23Z,9.23
2026-01-24T05:11:21.274Z,9.11
2026-01-24T05:16:21.333Z,9.08
2026-01-24T05:21:21.446Z,8.91
2026-01-24T05:26:21.443Z,8.68
2026-01-24T05:31:21.432Z,8.42
2026-01-24T05:36:21.265Z,8.31
2026-01-24T05:41:21.394Z,7.96
2026-01-24T05:46:21.345Z,7.79
2026-01-24T05:51:21.191Z,7.82
2026-01-24T05:56:21.358Z,7.87
2026-01-24T06:01:21.352Z,7.93
2026-01-24T06:06:21.422Z,8.1
2026-01-24T06:11:21.224Z,8.36
2026-01-24T06:16:21.243Z,8.94
2026-01-24T06:21:21.463Z,9.08
2026-01-24T06:26:21.192Z,9.28
2026-01-24T06:31:21.367Z,9.37
2026-01-24T06:36:21.428Z,9.31
2026-01-24T06:41:21.218Z,9.26
2026-01-24T06:46:21.255Z,9.19
2026-01-24T06:51:21.278Z,9.19
2026-01-24T06:56:21.253Z,9.14
2026-01-24T07:01:21.226Z,8.82
2026-01-24T07:06:21.376Z,8.54
2026-01-24T07:11:21.338Z,8.42
2026-01-24T07:16:21.311Z,8.28
2026-01-24T07:21:21.309Z,8.13
2026-01-24T07:26:21.402Z,7.96
2026-01-24T07:31:21.74Z,7.82
2026-01-24T07:36:21.46Z,7.61
2026-01-24T07:41:21.402Z,7.53
2026-01-24T07:46:21.372Z,7.38
2026-01-24T07:51:21.235Z,7.59
2026-01-24T07:56:21.385Z,7.79
2026-01-24T08:01:21.326Z,8.16
2026-01-24T08:06:21.374Z,8.56
2026-01-24T08:11:21.419Z,8.88
2026-01-24T08:16:21.658Z,8.94
2026-01-24T08:21:21.44Z,9.08
2026-01-24T08:26:21.321Z,9.14
2026-01-24T08:31:21.367Z,9.34
2026-01-24T08:36:21.315Z,9.51
2026-01-24T08:41:21.314Z,9.63
2026-01-24T08:46:21.292Z,9.83
2026-01-24T08:51:21.207Z,10.09
2026-01-24T08:56:21.229Z,10.32
2026-01-24T09:01:21.249Z,10.63
2026-01-24T09:06:21.206Z,10.86
2026-01-24T09:11:21.294Z,11.1
2026-01-24T09:16:21.189Z,11.15
2026-01-24T09:21:21.31Z,11.12
2026-01-24T09:26:21.374Z,11.19
2026-01-24T09:31:21.184Z,11.3
2026-01-24T09:36:21.208Z,11.53
2026-01-24T09:41:21.253Z,11.73
2026-01-24T09:46:21.405Z,11.9
2026-01-24T09:51:21.341Z,12.13
2026-01-24T09:56:21.257Z,12.22
2026-01-24T10:01:21.255Z,12.42
2026-01-24T10:06:21.32Z,12.59
2026-01-24T10:11:21.213Z,12.74
2026-01-24T10:16:21.437Z,12.91
2026-01-24T10:21:21.259Z,13.03
2026-01-24T10:26:21.434Z,13.17
2026-01-24T10:31:21.395Z,13.2
2026-01-24T10:36:21.398Z,13.08
2026-01-24T10:41:21.239Z,12.88
2026-01-24T10:46:21.263Z,13.08
2026-01-24T10:51:21.206Z,13.37
2026-01-24T10:56:21.191Z,13.4
2026-01-24T11:01:21.339Z,13.4
2026-01-24T11:06:21.398Z,13.83
2026-01-24T11:11:21.175Z,14.44
2026-01-24T11:16:21.224Z,14.35
2026-01-24T11:21:21.375Z,14.15
2026-01-24T11:26:21.341Z,14.12
2026-01-24T11:31:21.333Z,14.37
2026-01-24T11:36:22.012Z,14.55
2026-01-24T11:41:21.808Z,14.37
2026-01-24T11:46:21.289Z,14.44
2026-01-24T11:51:21.228Z,14.61
2026-01-24T11:56:21.886Z,14.95
2026-01-24T12:01:21.361Z,15.04
2026-01-24T12:06:21.247Z,15.09
2026-01-24T12:11:21.384Z,15.07
2026-01-24T12:16:21.281Z,14.95
2026-01-24T12:21:21.197Z,14.75
2026-01-24T12:26:21.489Z,14.84
2026-01-24T12:31:22.186Z,14.84
2026-01-24T12:36:22.125Z,14.72
2026-01-24T12:41:21.414Z,14.81
2026-01-24T12:46:21.273Z,14.86
2026-01-24T12:51:21.206Z,14.95
2026-01-24T12:56:21.194Z,14.93
2026-01-24T13:01:21.199Z,15.09
2026-01-24T13:06:21.291Z,15.07
2026-01-24T13:11:21.345Z,15.04
2026-01-24T13:16:21.235Z,14.93
2026-01-24T13:21:21.205Z,15.04
2026-01-24T13:26:21.392Z,15.04
2026-01-24T13:31:21.365Z,15.04
2026-01-24T13:36:21.305Z,15.09
2026-01-24T13:41:21.381Z,15.04
2026-01-24T13:46:21.369Z,15.09
2026-01-24T13:51:21.419Z,15.35
2026-01-24T13:56:21.374Z,15.12
2026-01-24T14:01:21.183Z,15.04
2026-01-24T14:06:21.341Z,15.16
2026-01-24T14:11:21.257Z,15.3
2026-01-24T14:16:21.201Z,15.33
2026-01-24T14:21:21.271Z,15.44
2026-01-24T14:26:21.234Z,15.33
2026-01-24T14:31:21.735Z,15.33
2026-01-24T14:36:21.313Z,15.44
2026-01-24T14:41:21.296Z,15.47
2026-01-24T14:46:21.351Z,15.58
2026-01-24T14:51:21.186Z,15.61
2026-01-24T14:56:21.191Z,15.67
2026-01-24T15:01:21.425Z,15.5
2026-01-24T15:06:21.183Z,15.07
2026-01-24T15:11:21.4Z,14.9
2026-01-24T15:16:21.609Z,14.86
2026-01-24T15:21:22.209Z,14.72
2026-01-24T15:26:21.456Z,14.7
2026-01-24T15:31:21.414Z,14.7
2026-01-24T15:36:21.402Z,14.64
2026-01-24T15:41:21.343Z,14.61
2026-01-24T15:46:21.308Z,14.58
2026-01-24T15:51:21.334Z,14.52
2026-01-24T15:56:21.22Z,14.29
2026-01-24T16:01:21.364Z,14.06
2026-01-24T16:06:21.284Z,14.0
2026-01-24T16:11:22.794Z,13.86
2026-01-24T16:16:21.321Z,13.8
2026-01-24T16:21:21.185Z,13.69
2026-01-24T16:26:22.453Z,13.57
2026-01-24T16:31:21.401Z,13.46
2026-01-24T16:36:21.901Z,13.4
2026-01-24T16:41:22.412Z,13.26
2026-01-24T16:46:21.512Z,13.2
2026-01-24T16:51:21.302Z,13.14
2026-01-24T16:56:21.303Z,13.0
2026-01-24T17:01:21.28Z,12.97
2026-01-24T17:06:21.317Z,12.82
2026-01-24T17:11:21.429Z,12.77
2026-01-24T17:16:21.381Z,12.56
2026-01-24T17:21:21.199Z,12.42
2026-01-24T17:26:22.477Z,12.33
2026-01-24T17:31:22.16Z,12.28
2026-01-24T17:36:21.467Z,12.13
2026-01-24T17:41:21.353Z,11.99
2026-01-24T17:46:21.258Z,11.87
2026-01-24T17:51:21.235Z,11.76
2026-01-24T17:56:21.403Z,11.7
2026-01-24T18:01:21.411Z,11.61
2026-01-24T18:06:21.677Z,11.53
2026-01-24T18:11:21.362Z,11.44
2026-01-24T18:16:21.284Z,11.33
2026-01-24T18:21:22.234Z,11.41
2026-01-24T18:26:21.554Z,11.59
2026-01-24T18:31:21.374Z,11.73
2026-01-24T18:36:21.22Z,11.73
2026-01-24T18:41:21.434Z,11.61
2026-01-24T18:46:21.377Z,11.53
2026-01-24T18:51:21.207Z,11.56
2026-01-24T18:56:21.401Z,11.5
2026-01-24T19:01:21.2Z,11.41
2026-01-24T19:06:21.205Z,11.33
2026-01-24T19:11:21.255Z,11.35
2026-01-24T19:16:21.302Z,11.27
2026-01-24T19:21:21.271Z,11.3
2026-01-24T19:26:21.24Z,11.3
2026-01-24T19:31:21.301Z,11.24
2026-01-24T19:36:21.288Z,11.27
2026-01-24T19:41:21.399Z,11.24
2026-01-24T19:46:21.236Z,11.07
2026-01-24T19:51:21.416Z,11.15
2026-01-24T19:56:21.415Z,11.04
2026-01-24T20:01:21.432Z,10.81
2026-01-24T20:06:21.232Z,10.75
2026-01-24T20:11:21.197Z,10.89
2026-01-24T20:16:21.396Z,11.12
2026-01-24T20:21:21.37Z,11.24
2026-01-24T20:26:21.186Z,11.3
2026-01-24T20:31:21.162Z,11.3
2026-01-24T20:36:21.215Z,11.35
2026-01-24T20:41:21.251Z,11.5
2026-01-24T20:46:21.181Z,11.47
2026-01-24T20:51:21.211Z,11.44
2026-01-24T20:56:21.221Z,11.33
2026-01-24T21:01:21.255Z,11.35
2026-01-24T21:06:21.252Z,11.38
2026-01-24T21:11:21.316Z,11.41
2026-01-24T21:16:21.496Z,11.24
2026-01-24T21:21:21.14Z,11.24
2026-01-24T21:26:22.212Z,11.33
2026-01-24T21:31:21.404Z,11.53
2026-01-24T21:36:21.304Z,11.47
2026-01-24T21:41:21.289Z,11.41
2026-01-24T21:46:21.251Z,11.44
2026-01-24T21:51:21.144Z,11.5
2026-01-24T21:56:21.2Z,11.53
2026-01-24T22:01:21.369Z,11.47
2026-01-24T22:06:21.368Z,11.44
2026-01-24T22:11:21.271Z,11.44
2026-01-24T22:16:21.209Z,11.53
2026-01-24T22:21:21.392Z,11.64
2026-01-24T22:26:21.26Z,11.76
2026-01-24T22:31:21.24Z,11.9
2026-01-24T22:36:21.284Z,11.93
2026-01-24T22:41:21.989Z,11.99
2026-01-24T22:46:21.364Z,12.05
2026-01-24T22:51:21.331Z,12.16
2026-01-24T22:56:21.249Z,12.28
2026-01-24T23:01:21.368Z,12.39
2026-01-24T23:06:21.23Z,12.39
2026-01-24T23:11:21.346Z,12.51
2026-01-24T23:16:21.271Z,12.56
2026-01-24T23:21:21.215Z,12.65
2026-01-24T23:26:21.172Z,12.59
2026-01-24T23:31:21.213Z,12.42
2026-01-24T23:36:21.316Z,12.42
2026-01-24T23:41:21.721Z,12.56
2026-01-24T23:46:21.258Z,12.51
2026-01-24T23:51:21.234Z,12.36
2026-01-24T23:56:21.179Z,12.31
2026-01-25T00:01:21.33Z,12.19
2026-01-25T00:06:21.238Z,12.25
2026-01-25T00:11:21.321Z,12.28
2026-01-25T00:16:21.419Z,12.25
2026-01-25T00:21:21.233Z,12.28
2026-01-25T00:26:21.348Z,12.28
2026-01-25T00:31:21.293Z,12.33
2026-01-25T00:36:21.322Z,12.28
2026-01-25T00:41:21.118Z,12.28
2026-01-25T00:46:21.263Z,12.22
2026-01-25T00:51:21.312Z,12.25
2026-01-25T00:56:21.135Z,12.33
2026-01-25T01:01:21.317Z,12.33
2026-01-25T01:06:21.134Z,12.39
2026-01-25T01:11:21.377Z,12.33
2026-01-25T01:16:21.197Z,12.39
2026-01-25T01:21:21.141Z,12.28
2026-01-25T01:26:21.339Z,12.25
2026-01-25T01:31:21.223Z,12.07
2026-01-25T01:36:21.287Z,12.07
2026-01-25T01:41:21.199Z,12.07
2026-01-25T01:46:21.228Z,11.96
2026-01-25T01:51:21.372Z,12.1
2026-01-25T01:56:22.248Z,12.13
2026-01-25T02:01:21.351Z,12.19
2026-01-25T02:06:21.574Z,12.07
2026-01-25T02:11:21.125Z,12.13
2026-01-25T02:16:21.306Z,12.1
2026-01-25T02:21:21.359Z,12.05
2026-01-25T02:26:21.191Z,12.02
2026-01-25T02:31:21.27Z,11.96
2026-01-25T02:36:21.429Z,11.99
2026-01-25T02:41:21.297Z,11.84
2026-01-25T02:46:21.328Z,11.67
2026-01-25T02:51:21.186Z,11.44
2026-01-25T02:56:21.259Z,11.21
2026-01-25T03:01:22.073Z,11.15
2026-01-25T03:06:21.344Z,11.04
2026-01-25T03:11:21.105Z,10.98
2026-01-25T03:16:21.343Z,11.1
2026-01-25T03:21:21.173Z,11.04
2026-01-25T03:26:21.341Z,11.04
2026-01-25T03:31:21.386Z,11.12
2026-01-25T03:36:21.322Z,10.84
2026-01-25T03:41:21.175Z,10.63
2026-01-25T03:46:21.179Z,10.55
2026-01-25T03:51:21.325Z,11.19
2026-01-25T03:56:21.226Z,11.56
2026-01-25T04:01:21.237Z,11.87
2026-01-25T04:06:21.265Z,11.96
2026-01-25T04:11:21.24Z,11.84
2026-01-25T04:16:21.159Z,11.64
2026-01-25T04:21:21.222Z,11.64
2026-01-25T04:26:21.149Z,11.41
2026-01-25T04:31:21.223Z,10.98
2026-01-25T04:36:21.148Z,10.47
2026-01-25T04:41:21.142Z,10.17
2026-01-25T04:46:21.237Z,9.8
2026-01-25T04:51:21.251Z,9.37
2026-01-25T04:56:21.217Z,9.08
2026-01-25T05:01:21.262Z,8.82
2026-01-25T05:06:21.291Z,8.59
2026-01-25T05:11:21.195Z,8.39
2026-01-25T05:16:21.13Z,8.22
2026-01-25T05:21:21.157Z,8.08
2026-01-25T05:26:21.206Z,7.87
2026-01-25T05:31:21.297Z,7.73
2026-01-25T05:36:21.281Z,7.67
2026-01-25T05:41:21.318Z,7.56
2026-01-25T05:46:21.184Z,7.7
2026-01-25T05:51:21.156Z,7.9
2026-01-25T05:56:21.099Z,8.02
2026-01-25T06:01:21.227Z,8.05
2026-01-25T06:06:21.285Z,8.02
2026-01-25T06:11:21.801Z,8.05
2026-01-25T06:16:21.182Z,8.02
2026-01-25T06:21:21.113Z,8.02
2026-01-25T06:26:21.323Z,7.93
2026-01-25T06:31:21.197Z,7.79
2026-01-25T06:36:21.243Z,7.67
2026-01-25T06:41:21.26Z,7.53
2026-01-25T06:46:21.198Z,7.44
2026-01-25T06:51:21.181Z,7.33
2026-01-25T06:56:21.101Z,7.5
2026-01-25T07:01:21.089Z,7.7
2026-01-25T07:06:21.263Z,8.05
2026-01-25T07:11:21.518Z,8.33
2026-01-25T07:16:21.179Z,8.71
2026-01-25T07:21:21.256Z,9.14
2026-01-25T07:26:21.185Z,9.26
2026-01-25T07:31:21.141Z,9.37
2026-01-25T07:36:21.154Z,9.05
2026-01-25T07:41:21.195Z,8.82
2026-01-25T07:46:21.214Z,8.74
2026-01-25T07:51:21.261Z,8.59
2026-01-25T07:56:21.199Z,8.62
2026-01-25T08:01:21.208Z,8.74
2026-01-25T08:06:21.301Z,8.79
2026-01-25T08:11:21.256Z,8.94
2026-01-25T08:16:21.286Z,9.05
2026-01-25T08:21:21.157Z,9.14
2026-01-25T08:26:21.137Z,9.23
2026-01-25T08:31:21.213Z,9.28
2026-01-25T08:36:21.173Z,9.4
2026-01-25T08:41:21.079Z,9.37
2026-01-25T08:46:21.096Z,9.37
2026-01-25T08:51:21.071Z,9.72
2026-01-25T08:56:21.166Z,10.21
2026-01-25T09:01:21.222Z,10.63
2026-01-25T09:06:21.254Z,11.64
2026-01-25T09:11:21.09Z,12.16
2026-01-25T09:16:21.064Z,12.82
2026-01-25T09:21:21.388Z,13.17
2026-01-25T09:26:21.144Z,13.74
2026-01-25T09:31:21.379Z,14.06
2026-01-25T09:36:21.109Z,14.26
2026-01-25T09:41:21.271Z,14.44
2026-01-25T09:46:21.145Z,14.75
2026-01-25T09:51:21.181Z,15.04
2026-01-25T09:56:21.254Z,15.33
2026-01-25T10:01:21.115Z,15.56
2026-01-25T10:06:21.06Z,15.39
2026-01-25T10:11:21.228Z,15.53
2026-01-25T10:16:21.256Z,15.76
2026-01-25T10:21:21.233Z,15.44
2026-01-25T10:26:21.067Z,15.19
2026-01-25T10:31:21.186Z,15.35
2026-01-25T10:36:21.067Z,15.61
2026-01-25T10:41:21.126Z,16.1
2026-01-25T10:46:21.077Z,16.33
2026-01-25T10:51:21.405Z,16.51
2026-01-25T10:56:21.071Z,16.77
2026-01-25T11:01:21.082Z,16.77
2026-01-25T11:06:21.238Z,16.91
2026-01-25T11:11:21.277Z,16.91
2026-01-25T11:16:21.231Z,16.82
2026-01-25T11:21:21.099Z,17.0
2026-01-25T11:26:21.128Z,17.14
2026-01-25T11:31:21.209Z,17.08
2026-01-25T11:36:21.109Z,17.11
2026-01-25T11:41:21.047Z,17.43
2026-01-25T11:46:21.085Z,17.69
2026-01-25T11:51:21.081Z,17.54
2026-01-25T11:56:21.249Z,17.66
2026-01-25T12:01:21.272Z,17.89
2026-01-25T12:06:21.106Z,17.92
2026-01-25T12:11:21.364Z,17.95
2026-01-25T12:16:21.228Z,18.46
2026-01-25T12:21:21.246Z,19.04
2026-01-25T12:26:21.18Z,19.07
2026-01-25T12:31:21.215Z,19.16
2026-01-25T12:36:21.095Z,19.5
2026-01-25T12:41:21.131Z,19.82
2026-01-25T12:46:21.471Z,19.96
2026-01-25T12:51:21.209Z,19.99
2026-01-25T12:56:21.838Z,20.11
2026-01-25T13:01:22.865Z,20.34
2026-01-25T13:06:21.164Z,20.45
2026-01-25T13:11:21.289Z,20.51
2026-01-25T13:16:21.083Z,20.74
2026-01-25T13:21:21.072Z,20.86
2026-01-25T13:26:21.082Z,21.2
2026-01-25T13:31:21.198Z,21.25
2026-01-25T13:36:22.499Z,21.28
2026-01-25T13:41:21.158Z,21.43
2026-01-25T13:46:21.081Z,21.11
2026-01-25T13:51:21.264Z,20.83
2026-01-25T13:56:21.232Z,20.34
2026-01-25T14:01:21.312Z,20.08
2026-01-25T14:06:21.296Z,20.22
2026-01-25T14:11:21.184Z,20.48
2026-01-25T14:16:21.467Z,20.57
2026-01-25T14:21:21.277Z,20.74
2026-01-25T14:26:21.04Z,20.68
2026-01-25T14:31:21.075Z,21.09
2026-01-25T14:36:21.244Z,21.06
2026-01-25T14:41:21.251Z,21.09
2026-01-25T14:46:21.07Z,21.32
2026-01-25T14:51:21.185Z,21.55
2026-01-25T14:56:21.247Z,21.28
2026-01-25T15:01:21.229Z,21.2
2026-01-25T15:06:21.275Z,21.23
2026-01-25T15:11:21.083Z,21.25
2026-01-25T15:16:21.192Z,21.46
2026-01-25T15:21:22.988Z,21.34
2026-01-25T15:26:21.134Z,21.37
2026-01-25T15:31:21.257Z,21.32
2026-01-25T15:36:22.21Z,21.14
2026-01-25T15:41:21.195Z,20.97
2026-01-25T15:46:21.25Z,21.0
2026-01-25T15:51:21.263Z,20.97
2026-01-25T15:56:21.242Z,20.91
2026-01-25T16:01:21.171Z,20.76
2026-01-25T16:06:21.224Z,20.45
2026-01-25T16:11:21.235Z,20.22
2026-01-25T16:16:21.026Z,19.96
2026-01-25T16:21:21.158Z,19.85
2026-01-25T16:26:21.037Z,19.7
2026-01-25T16:31:22.185Z,19.5
2026-01-25T16:36:21.067Z,19.44
2026-01-25T16:41:21.232Z,19.33
2026-01-25T16:46:21.218Z,19.24
2026-01-25T16:51:21.02Z,19.07
2026-01-25T16:56:21.101Z,19.07
2026-01-25T17:01:21.173Z,18.9
2026-01-25T17:06:21.225Z,18.81
2026-01-25T17:11:21.101Z,18.69
2026-01-25T17:16:21.145Z,18.69
2026-01-25T17:21:21.269Z,18.72
2026-01-25T17:26:21.026Z,18.58
2026-01-25T17:31:22.702Z,18.35
2026-01-25T17:36:22.555Z,18.21
2026-01-25T17:41:21.188Z,18.0
2026-01-25T17:46:22.555Z,17.86
2026-01-25T17:51:22.255Z,17.66
2026-01-25T17:56:21.097Z,17.54
2026-01-25T18:01:21.056Z,17.43
2026-01-25T18:06:21.212Z,17.31
2026-01-25T18:11:21.205Z,17.31
2026-01-25T18:16:21.026Z,17.14
2026-01-25T18:21:21.026Z,17.08
2026-01-25T18:26:21.157Z,16.94
2026-01-25T18:31:21.14Z,16.88
2026-01-25T18:36:21.225Z,16.77
2026-01-25T18:41:21.256Z,16.82
2026-01-25T18:46:21.947Z,16.85
2026-01-25T18:51:21.019Z,16.77
2026-01-25T18:56:21.134Z,16.68
2026-01-25T19:01:21.221Z,16.53
2026-01-25T19:06:21.418Z,16.39
2026-01-25T19:11:21.038Z,16.37
2026-01-25T19:16:21.046Z,16.3
2026-01-25T19:21:21.237Z,16.19
2026-01-25T19:26:21.091Z,16.07
2026-01-25T19:31:21.059Z,16.02
2026-01-25T19:36:21.256Z,16.07
2026-01-25T19:41:21.025Z,16.07
2026-01-25T19:46:21.028Z,15.84
2026-01-25T19:51:21.13Z,15.44
2026-01-25T19:56:21.073Z,15.12
2026-01-25T20:01:21.135Z,15.16
2026-01-25T20:06:21.231Z,15.01
2026-01-25T20:11:21.106Z,15.01
2026-01-25T20:16:21.179Z,15.07
2026-01-25T20:21:21.977Z,15.35
2026-01-25T20:26:21.198Z,15.44
2026-01-25T20:31:21.208Z,15.39
2026-01-25T20:36:21.201Z,15.33
2026-01-25T20:41:21.149Z,15.09
2026-01-25T20:46:21.219Z,14.75
2026-01-25T20:51:21.255Z,14.58
2026-01-25T20:56:21.027Z,14.44
2026-01-25T21:01:21.222Z,14.47
2026-01-25T21:06:21.158Z,14.55
2026-01-25T21:11:21.128Z,14.72
2026-01-25T21:16:21.144Z,14.84
2026-01-25T21:21:22.876Z,15.01
2026-01-25T21:26:21.077Z,15.04
2026-01-25T21:31:21.175Z,15.12
2026-01-25T21:36:21.2Z,15.04
2026-01-25T21:41:21.208Z,15.09
2026-01-25T21:46:21.098Z,15.07
2026-01-25T21:51:21.084Z,15.19
2026-01-25T21:56:21.1Z,15.12
2026-01-25T22:01:21.083Z,15.04
2026-01-25T22:06:21.201Z,15.12
2026-01-25T22:11:21.099Z,15.19
2026-01-25T22:16:21.011Z,15.44
2026-01-25T22:21:21.105Z,15.67
2026-01-25T22:26:21.083Z,15.81
2026-01-25T22:31:21.152Z,15.99
2026-01-25T22:36:21.176Z,16.16
2026-01-25T22:41:21.193Z,16.05
2026-01-25T22:46:21.058Z,15.99
2026-01-25T22:51:21.245Z,15.73
2026-01-25T22:56:20.992Z,15.58
2026-01-25T23:01:21.042Z,15.5
2026-01-25T23:06:21.01Z,15.44
2026-01-25T23:11:21.091Z,15.39
2026-01-25T23:16:21.233Z,15.35
2026-01-25T23:21:21.274Z,15.24
2026-01-25T23:26:20.992Z,15.27
2026-01-25T23:31:21.134Z,15.35
2026-01-25T23:36:21.055Z,15.35
2026-01-25T23:41:21.009Z,15.24
2026-01-25T23:46:21.129Z,15.12
2026-01-25T23:51:21.051Z,15.01
2026-01-25T23:56:21.101Z,14.84
2026-01-26T00:01:21.044Z,14.67
2026-01-26T00:06:21.137Z,14.7
2026-01-26T00:11:21.048Z,14.95
2026-01-26T00:16:21.023Z,15.09
2026-01-26T00:21:21.064Z,15.24
2026-01-26T00:26:20.951Z,15.47
2026-01-26T00:31:21.084Z,15.67
2026-01-26T00:36:20.953Z,15.88
2026-01-26T00:41:21.2Z,15.81
2026-01-26T00:46:21.015Z,15.88
2026-01-26T00:51:21.156Z,16.07
2026-01-26T00:56:21.008Z,16.19
2026-01-26T01:01:21.009Z,16.25
2026-01-26T01:06:21.008Z,16.22
2026-01-26T01:11:21.053Z,16.05
2026-01-26T01:16:21.384Z,16.05
2026-01-26T01:21:22.28Z,15.88
2026-01-26T01:26:21.289Z,15.7
2026-01-26T01:31:21.995Z,15.61
2026-01-26T01:36:21.049Z,15.53
2026-01-26T01:41:21.887Z,15.39
2026-01-26T01:46:21.077Z,15.33
2026-01-26T01:51:21.151Z,15.53
2026-01-26T01:56:21.049Z,15.42
2026-01-26T02:01:21.102Z,15.5
2026-01-26T02:06:21.069Z,15.56
2026-01-26T02:11:21.172Z,15.47
2026-01-26T02:16:21.053Z,15.53
2026-01-26T02:21:21.03Z,15.65
2026-01-26T02:26:21.113Z,15.81
2026-01-26T02:31:21.048Z,16.28
2026-01-26T02:36:21.111Z,16.53
2026-01-26T02:41:21.163Z,16.56
2026-01-26T02:46:21.138Z,16.62
2026-01-26T02:51:21.07Z,16.48
2026-01-26T02:56:21.093Z,16.37
2026-01-26T03:01:21.13Z,16.37
2026-01-26T03:06:21.001Z,16.25
2026-01-26T03:11:20.975Z,16.22
2026-01-26T03:16:21.004Z,16.1
2026-01-26T03:21:21.008Z,16.07
2026-01-26T03:26:21.121Z,16.07
2026-01-26T03:31:21.124Z,15.88
2026-01-26T03:36:21.155Z,15.5
2026-01-26T03:41:21.765Z,15.35
2026-01-26T03:46:21.04Z,15.24
2026-01-26T03:51:20.931Z,15.04
2026-01-26T03:56:21.131Z,14.75
2026-01-26T04:01:21.06Z,14.21
2026-01-26T04:06:21.922Z,13.63
2026-01-26T04:11:21.182Z,13.28
2026-01-26T04:16:21.073Z,12.82
2026-01-26T04:21:20.976Z,12.42
2026-01-26T04:26:21.135Z,12.19
2026-01-26T04:31:20.986Z,11.96
2026-01-26T04:36:21.135Z,11.82
2026-01-26T04:41:21.084Z,11.59
2026-01-26T04:46:21.148Z,11.27
2026-01-26T04:51:21.074Z,11.27
2026-01-26T04:56:21.067Z,11.3
2026-01-26T05:01:21.041Z,11.21
2026-01-26T05:06:21.771Z,11.12
2026-01-26T05:11:20.935Z,11.01
2026-01-26T05:16:20.987Z,10.81
2026-01-26T05:21:21.163Z,10.78
2026-01-26T05:26:21.226Z,10.63
2026-01-26T05:31:20.936Z,10.58
2026-01-26T05:36:21.272Z,10.63
2026-01-26T05:41:21.013Z,10.61
2026-01-26T05:46:21.045Z,10.78
2026-01-26T05:51:21.379Z,11.07
2026-01-26T05:56:21.106Z,11.27
2026-01-26T06:01:20.927Z,11.33
2026-01-26T06:06:21.081Z,11.33
2026-01-26T06:11:21.124Z,11.38
2026-01-26T06:16:21.057Z,11.35
2026-01-26T06:21:20.988Z,11.33
2026-01-26T06:26:21.161Z,11.3
2026-01-26T06:31:20.923Z,11.99
2026-01-26T06:36:22.12Z,12.02
2026-01-26T06:41:20.996Z,11.96
2026-01-26T06:46:20.95Z,11.82
2026-01-26T06:51:21.103Z,11.59
2026-01-26T06:56:20.908Z,11.47
2026-01-26T07:01:20.907Z,11.3
2026-01-26T07:06:21.063Z,11.19
2026-01-26T07:11:21.155Z,11.04
2026-01-26T07:16:21.034Z,10.92
2026-01-26T07:21:20.958Z,10.72
2026-01-26T07:26:21.087Z,10.55
2026-01-26T07:31:21.072Z,10.55
2026-01-26T07:36:20.968Z,10.58
2026-01-26T07:41:20.982Z,10.52
2026-01-26T07:46:21.149Z,10.7
2026-01-26T07:51:20.974Z,10.78
2026-01-26T07:56:20.919Z,10.89
2026-01-26T08:01:21.109Z,11.21
2026-01-26T08:06:21.145Z,11.76
2026-01-26T08:11:20.967Z,12.28
2026-01-26T08:16:21.041Z,12.71
2026-01-26T08:21:21.02Z,13.05
2026-01-26T08:26:20.992Z,13.37
2026-01-26T08:31:21.017Z,13.72
2026-01-26T08:36:21.016Z,13.98
2026-01-26T08:41:21.137Z,14.12
2026-01-26T08:46:21.03Z,14.29
2026-01-26T08:51:21.072Z,14.32
2026-01-26T08:56:21.041Z,14.44
2026-01-26T09:01:21.034Z,14.72
2026-01-26T09:06:21.103Z,15.19
2026-01-26T09:11:21.16Z,15.76
2026-01-26T09:16:21.064Z,16.48
2026-01-26T09:21:21.092Z,17.0
2026-01-26T09:26:21.81Z,17.31
2026-01-26T09:31:21.069Z,17.43
2026-01-26T09:36:21.058Z,17.57
2026-01-26T09:41:21.007Z,17.14
2026-01-26T09:46:21.125Z,16.79
2026-01-26T09:51:21.074Z,16.39
2026-01-26T09:56:22.067Z,16.56
2026-01-26T10:01:21.153Z,16.82
2026-01-26T10:06:21.165Z,17.08
2026-01-26T10:11:21.92Z,17.26
2026-01-26T10:16:20.899Z,17.51
2026-01-26T10:21:21.754Z,17.74
2026-01-26T10:26:21.079Z,18.06
2026-01-26T10:31:21.129Z,18.38
2026-01-26T10:36:20.89Z,18.84
2026-01-26T10:41:21.02Z,19.27
2026-01-26T10:46:21.012Z,19.82
2026-01-26T10:51:21.436Z,19.99
2026-01-26T10:56:21.16Z,20.02
2026-01-26T11:01:39.008Z,20.16
2026-01-26T11:06:21.099Z,20.31
2026-01-26T11:11:21.544Z,20.42
2026-01-26T11:16:21.206Z,20.65
2026-01-26T11:21:21.254Z,20.76
2026-01-26T11:26:21.194Z,21.2
2026-01-26T11:31:20.931Z,21.66
2026-01-26T11:36:20.996Z,22.06
2026-01-26T11:41:21.067Z,22.21
2026-01-26T11:46:21.04Z,22.26
2026-01-26T11:51:21.155Z,22.23
2026-01-26T11:56:21.053Z,22.41
2026-01-26T12:01:21.1Z,22.29
2026-01-26T12:06:21.072Z,22.38
2026-01-26T12:11:21.151Z,22.35
2026-01-26T12:16:21.183Z,22.35
2026-01-26T12:21:21.001Z,22.67
2026-01-26T12:26:21.02Z,22.9
2026-01-26T12:31:21.058Z,23.04
2026-01-26T12:36:21.04Z,23.33
2026-01-26T12:41:21.055Z,23.01
2026-01-26T12:46:21.085Z,23.01
2026-01-26T12:51:21.054Z,23.01
2026-01-26T12:56:21.056Z,23.13
2026-01-26T13:01:21.045Z,23.04
2026-01-26T13:06:21.075Z,23.1
2026-01-26T13:11:21.094Z,23.39
2026-01-26T13:16:21.362Z,23.62
2026-01-26T13:21:21.066Z,24.05
2026-01-26T13:26:20.885Z,24.08
2026-01-26T13:31:20.938Z,23.9
2026-01-26T13:36:20.967Z,23.39
2026-01-26T13:41:21.036Z,23.44
2026-01-26T13:46:21.037Z,23.18
2026-01-26T13:51:20.946Z,23.01
2026-01-26T13:56:20.994Z,22.93
2026-01-26T14:01:21.542Z,22.81
2026-01-26T14:06:22.319Z,22.67
2026-01-26T14:11:21.064Z,22.41
2026-01-26T14:16:21.102Z,22.29
2026-01-26T14:21:21.031Z,22.29
2026-01-26T14:26:21.238Z,22.29
2026-01-26T14:31:20.937Z,22.23
2026-01-26T14:36:21.115Z,22.21
2026-01-26T14:41:21.085Z,22.21
2026-01-26T14:46:20.892Z,22.26
2026-01-26T14:51:23.242Z,22.21
2026-01-26T14:56:21.022Z,21.95
2026-01-26T15:01:21.006Z,22.0
2026-01-26T15:06:21.137Z,21.97
2026-01-26T15:11:21.461Z,21.81
2026-01-26T15:16:21.103Z,21.83
2026-01-26T15:21:21.997Z,21.6
2026-01-26T15:26:21.136Z,21.57
2026-01-26T15:31:20.95Z,21.6
2026-01-26T15:36:20.908Z,21.57
2026-01-26T15:41:21.515Z,21.63
2026-01-26T15:46:20.989Z,21.63
2026-01-26T15:51:21.037Z,21.34
2026-01-26T15:56:21.121Z,21.28
2026-01-26T16:01:21.066Z,21.2
2026-01-26T16:06:21.295Z,21.09
2026-01-26T16:11:21.093Z,21.06
2026-01-26T16:16:21.036Z,21.06
2026-01-26T16:21:21.932Z,21.06
2026-01-26T16:26:20.97Z,21.09
2026-01-26T16:31:21.032Z,20.88
2026-01-26T16:36:21.041Z,20.74
2026-01-26T16:41:21.062Z,20.71
2026-01-26T16:46:20.933Z,20.62
2026-01-26T16:51:20.86Z,20.57
2026-01-26T16:56:20.993Z,20.57
2026-01-26T17:01:21.059Z,20.51
2026-01-26T17:06:21.113Z,20.34
2026-01-26T17:11:21.035Z,20.16
2026-01-26T17:16:21.01Z,19.9
2026-01-26T17:21:21.08Z,19.67
2026-01-26T17:26:21.167Z,19.36
2026-01-26T17:31:21.028Z,19.07
2026-01-26T17:36:22.184Z,18.87
2026-01-26T17:41:21.036Z,18.64
2026-01-26T17:46:21.872Z,18.41
2026-01-26T17:51:21.26Z,18.18
2026-01-26T17:56:20.848Z,18.0
2026-01-26T18:01:21.853Z,17.97
2026-01-26T18:06:20.999Z,17.92
2026-01-26T18:11:21.03Z,18.0
2026-01-26T18:16:20.944Z,17.92
2026-01-26T18:21:21.033Z,17.92
2026-01-26T18:26:20.909Z,18.12
2026-01-26T18:31:20.874Z,18.26
2026-01-26T18:36:20.936Z,18.32
2026-01-26T18:41:20.941Z,18.46
2026-01-26T18:46:22.123Z,18.46
2026-01-26T18:51:21.13Z,18.58
2026-01-26T18:56:21.017Z,18.52
2026-01-26T19:01:21.025Z,18.55
2026-01-26T19:06:21.037Z,18.55
2026-01-26T19:11:21.052Z,18.26
2026-01-26T19:16:21.097Z,18.18
2026-01-26T19:21:20.926Z,17.89
2026-01-26T19:26:21.363Z,17.72
2026-01-26T19:31:20.992Z,17.54
2026-01-26T19:36:21.094Z,17.2
2026-01-26T19:41:21.085Z,16.97
2026-01-26T19:46:21.019Z,16.79
2026-01-26T19:51:20.888Z,16.68
2026-01-26T19:56:21.077Z,16.59
2026-01-26T20:01:20.965Z,16.42
2026-01-26T20:06:21.033Z,16.42
2026-01-26T20:11:21.002Z,16.48
2026-01-26T20:16:21.052Z,16.59
2026-01-26T20:21:21.053Z,16.62
2026-01-26T20:26:20.954Z,16.48
2026-01-26T20:31:20.961Z,16.53
2026-01-26T20:36:21.089Z,16.77
2026-01-26T20:41:20.952Z,17.23
2026-01-26T20:46:21.065Z,17.54
2026-01-26T20:51:21.066Z,17.77
2026-01-26T20:56:20.863Z,17.8
2026-01-26T21:01:20.997Z,17.89
2026-01-26T21:06:21.07Z,17.77
2026-01-26T21:11:21.492Z,17.57
2026-01-26T21:16:20.951Z,17.49
2026-01-26T21:21:21.02Z,17.26
2026-01-26T21:26:20.877Z,17.14
2026-01-26T21:31:20.937Z,16.94
2026-01-26T21:36:20.884Z,16.59
2026-01-26T21:41:20.872Z,16.37
2026-01-26T21:46:21.033Z,16.28
2026-01-26T21:51:21.028Z,16.39
2026-01-26T21:56:21.008Z,16.53
2026-01-26T22:01:20.912Z,16.85
2026-01-26T22:06:20.85Z,17.14
2026-01-26T22:11:20.872Z,17.43
2026-01-26T22:16:20.979Z,17.66
2026-01-26T22:21:20.917Z,17.72
2026-01-26T22:26:20.981Z,17.77
2026-01-26T22:31:21.051Z,17.77
2026-01-26T22:36:20.851Z,17.72
2026-01-26T22:41:20.928Z,17.8
2026-01-26T22:46:20.839Z,17.83
2026-01-26T22:51:21.02Z,17.97
2026-01-26T22:56:21.059Z,17.95
2026-01-26T23:01:20.912Z,17.92
2026-01-26T23:06:21.01Z,17.74
2026-01-26T23:11:20.988Z,17.74
2026-01-26T23:16:20.833Z,17.72
2026-01-26T23:21:21.049Z,17.69
2026-01-26T23:26:20.961Z,17.66
2026-01-26T23:31:20.847Z,17.57
2026-01-26T23:36:20.846Z,17.57
2026-01-26T23:41:20.85Z,17.63
2026-01-26T23:46:21.363Z,17.54
2026-01-26T23:51:20.921Z,17.6
2026-01-26T23:56:20.997Z,17.4
2026-01-27T00:01:21.03Z,17.23
2026-01-27T00:06:20.957Z,16.94
2026-01-27T00:11:20.862Z,16.82
2026-01-27T00:16:20.986Z,16.53
2026-01-27T00:21:20.897Z,16.39
2026-01-27T00:26:20.902Z,16.22
2026-01-27T00:31:20.934Z,15.93
2026-01-27T00:36:20.868Z,15.81
2026-01-27T00:41:21.069Z,15.93
2026-01-27T00:46:21.025Z,16.22
2026-01-27T00:51:21.056Z,16.48
2026-01-27T00:56:20.849Z,16.71
2026-01-27T01:01:20.87Z,16.68
2026-01-27T01:06:20.853Z,16.39
2026-01-27T01:11:20.888Z,16.19
2026-01-27T01:16:20.938Z,16.25
2026-01-27T01:21:20.903Z,16.56
2026-01-27T01:26:20.945Z,17.08
2026-01-27T01:31:20.841Z,17.37
2026-01-27T01:36:20.954Z,17.37
2026-01-27T01:41:20.84Z,17.31
2026-01-27T01:46:21.342Z,17.17
2026-01-27T01:51:21.605Z,17.08
2026-01-27T01:56:20.982Z,17.02
2026-01-27T02:01:21.035Z,17.14
2026-01-27T02:06:20.984Z,17.2
2026-01-27T02:11:20.938Z,17.46
2026-01-27T02:16:21.012Z,17.63
2026-01-27T02:21:20.905Z,17.77
2026-01-27T02:26:21.052Z,17.83
2026-01-27T02:31:20.872Z,17.86
2026-01-27T02:36:21.006Z,17.8
2026-01-27T02:41:21Z,17.77
2026-01-27T02:46:20.925Z,17.83
2026-01-27T02:51:20.914Z,17.89
2026-01-27T02:56:20.971Z,17.86
2026-01-27T03:01:20.911Z,17.74
2026-01-27T03:06:21.021Z,17.69
2026-01-27T03:11:20.946Z,17.66
2026-01-27T03:16:20.865Z,17.77
2026-01-27T03:21:21.009Z,17.86
2026-01-27T03:26:20.858Z,18.15
2026-01-27T03:31:21.307Z,18.32
2026-01-27T03:36:20.841Z,18.26
2026-01-27T03:41:20.823Z,18.03
2026-01-27T03:46:21.049Z,17.8
2026-01-27T03:51:20.968Z,17.66
2026-01-27T03:56:20.99Z,17.57
2026-01-27T04:01:20.88Z,17.6
2026-01-27T04:06:20.942Z,17.66
2026-01-27T04:11:20.918Z,17.63
2026-01-27T04:16:21.033Z,17.63
2026-01-27T04:21:21.035Z,17.51
2026-01-27T04:26:20.968Z,17.37
2026-01-27T04:31:21.021Z,17.17
2026-01-27T04:36:20.968Z,16.97
2026-01-27T04:41:21.009Z,16.85
2026-01-27T04:46:20.802Z,16.91
2026-01-27T04:51:21.06Z,16.85
2026-01-27T04:56:20.981Z,16.85
2026-01-27T05:01:20.808Z,16.65
2026-01-27T05:06:20.991Z,16.45
2026-01-27T05:11:20.842Z,16.39
2026-01-27T05:16:20.831Z,16.14
2026-01-27T05:21:21.038Z,16.1
2026-01-27T05:26:21.009Z,16.19
2026-01-27T05:31:20.847Z,16.19
2026-01-27T05:36:20.989Z,16.3
2026-01-27T05:41:20.917Z,16.48
2026-01-27T05:46:20.926Z,16.3
2026-01-27T05:51:21.039Z,16.1
2026-01-27T05:56:20.853Z,16.22
2026-01-27T06:01:20.982Z,16.59
2026-01-27T06:06:20.804Z,16.91
2026-01-27T06:11:21.044Z,16.97
2026-01-27T06:16:20.937Z,16.88
2026-01-27T06:21:21.008Z,16.45
2026-01-27T06:26:21.086Z,16.22
2026-01-27T06:31:20.97Z,16.14
2026-01-27T06:36:21.022Z,16.1
2026-01-27T06:41:21.011Z,16.25
2026-01-27T06:46:21.2Z,16.37
2026-01-27T06:51:20.966Z,16.56
2026-01-27T06:56:20.934Z,16.59
2026-01-27T07:01:20.9Z,16.62
2026-01-27T07:06:20.907Z,16.56
2026-01-27T07:11:20.907Z,16.62
2026-01-27T07:16:20.818Z,16.62
2026-01-27T07:21:21.085Z,16.62
2026-01-27T07:26:20.948Z,16.39
2026-01-27T07:31:20.8Z,16.33
2026-01-27T07:36:21.011Z,16.14
2026-01-27T07:41:20.802Z,15.81
2026-01-27T07:46:20.986Z,15.76
2026-01-27T07:51:20.965Z,15.56
2026-01-27T07:56:21.006Z,16.07
2026-01-27T08:01:20.977Z,18.44
2026-01-27T08:06:20.944Z,18.67
2026-01-27T08:11:20.977Z,18.21
2026-01-27T08:16:20.956Z,17.86
2026-01-27T08:21:20.91Z,17.92
2026-01-27T08:26:20.819Z,18.35
2026-01-27T08:31:20.816Z,18.69
2026-01-27T08:36:20.91Z,18.69
2026-01-27T08:41:20.923Z,18.55
2026-01-27T08:46:21.473Z,18.52
2026-01-27T08:51:22.328Z,18.64
2026-01-27T08:56:20.819Z,18.9
2026-01-27T09:01:21.01Z,19.3
2026-01-27T09:06:20.938Z,19.7
2026-01-27T09:11:20.785Z,19.99
2026-01-27T09:16:20.833Z,20.11
2026-01-27T09:21:20.8Z,20.25
2026-01-27T09:26:20.888Z,20.37
2026-01-27T09:31:20.918Z,20.39
2026-01-27T09:36:20.968Z,20.76
2026-01-27T09:41:20.857Z,20.76
2026-01-27T09:46:20.89Z,21.14
2026-01-27T09:51:20.898Z,20.94
2026-01-27T09:56:20.96Z,20.53
2026-01-27T10:01:21.612Z,20.25
2026-01-27T10:06:20.91Z,20.22
2026-01-27T10:11:20.773Z,20.34
2026-01-27T10:16:20.921Z,20.62
2026-01-27T10:21:20.804Z,20.83
2026-01-27T10:26:21.062Z,21.11
2026-01-27T10:31:20.882Z,21.37
2026-01-27T10:36:20.877Z,21.46
2026-01-27T10:41:20.886Z,21.51
2026-01-27T10:46:20.987Z,21.72
2026-01-27T10:51:20.812Z,21.81
2026-01-27T10:56:20.794Z,21.89
2026-01-27T11:01:20.954Z,22.21
2026-01-27T11:06:20.883Z,22.49
2026-01-27T11:11:20.957Z,22.61
2026-01-27T11:16:20.812Z,22.81
2026-01-27T11:21:21.02Z,22.61
2026-01-27T11:26:20.965Z,22.52
2026-01-27T11:31:20.912Z,22.9
2026-01-27T11:36:20.95Z,22.93
2026-01-27T11:41:20.949Z,22.95
2026-01-27T11:46:20.785Z,22.38
2026-01-27T11:51:20.839Z,21.95
2026-01-27T11:56:20.994Z,21.89
2026-01-27T12:01:20.869Z,21.57
2026-01-27T12:06:20.841Z,21.6
2026-01-27T12:11:20.751Z,21.49
2026-01-27T12:16:20.79Z,21.32
2026-01-27T12:21:21.013Z,21.32
2026-01-27T12:26:20.974Z,21.43
2026-01-27T12:31:20.855Z,21.34
2026-01-27T12:36:20.965Z,21.37
2026-01-27T12:41:20.765Z,21.6
2026-01-27T12:46:20.783Z,21.63
2026-01-27T12:51:20.87Z,21.43
2026-01-27T12:56:21.012Z,21.4
2026-01-27T13:01:20.792Z,21.43
2026-01-27T13:06:20.834Z,21.57
2026-01-27T13:11:20.903Z,21.63
2026-01-27T13:16:20.852Z,21.57
2026-01-27T13:21:21.07Z,21.49
2026-01-27T13:26:20.861Z,21.34
2026-01-27T13:31:20.75Z,21.4
2026-01-27T13:36:20.955Z,21.32
2026-01-27T13:41:21.737Z,21.2
2026-01-27T13:46:20.947Z,21.2
2026-01-27T13:51:20.743Z,21.25
2026-01-27T13:56:20.863Z,21.25
2026-01-27T14:01:20.835Z,21.25
2026-01-27T14:06:20.797Z,21.43
2026-01-27T14:11:20.949Z,21.6
2026-01-27T14:16:20.835Z,21.89
2026-01-27T14:21:20.779Z,22.04
2026-01-27T14:26:20.87Z,22.09
2026-01-27T14:31:21.236Z,22.15
2026-01-27T14:36:21.54Z,22.18
2026-01-27T14:41:20.902Z,22.12
2026-01-27T14:46:20.906Z,22.18
2026-01-27T14:51:21.326Z,22.18
2026-01-27T14:56:20.8Z,22.18
2026-01-27T15:01:20.829Z,22.18
2026-01-27T15:06:20.755Z,22.69
2026-01-27T15:11:20.862Z,22.98
2026-01-27T15:16:21.012Z,23.07
2026-01-27T15:21:20.828Z,22.84
2026-01-27T15:26:20.907Z,22.41
2026-01-27T15:31:20.755Z,22.21
2026-01-27T15:36:21.067Z,22.15
2026-01-27T15:41:20.929Z,21.97
2026-01-27T15:46:20.879Z,21.92
2026-01-27T15:51:20.966Z,21.69
2026-01-27T15:56:20.975Z,21.83
2026-01-27T16:01:20.801Z,21.92
2026-01-27T16:06:20.973Z,21.81
2026-01-27T16:11:20.999Z,21.66
2026-01-27T16:16:21.692Z,21.37
2026-01-27T16:21:20.779Z,21.46
2026-01-27T16:26:21.266Z,21.55
2026-01-27T16:31:20.867Z,21.49
2026-01-27T16:36:20.799Z,21.4
2026-01-27T16:41:20.8Z,21.09
2026-01-27T16:46:20.815Z,20.76
2026-01-27T16:51:20.833Z,20.62
2026-01-27T16:56:20.839Z,20.28
2026-01-27T17:01:20.825Z,20.14
2026-01-27T17:06:20.764Z,19.9
2026-01-27T17:11:20.933Z,19.82
2026-01-27T17:16:21.068Z,19.67
2026-01-27T17:21:20.824Z,19.59
2026-01-27T17:26:20.915Z,19.47
2026-01-27T17:31:20.786Z,19.36
2026-01-27T17:36:21.124Z,19.16
2026-01-27T17:41:20.879Z,18.93
2026-01-27T17:46:20.801Z,18.84
2026-01-27T17:51:20.905Z,18.78
2026-01-27T17:56:21.098Z,18.78
2026-01-27T18:01:20.945Z,18.52
2026-01-27T18:06:20.999Z,18.35
2026-01-27T18:11:21.27Z,18.23
2026-01-27T18:16:20.909Z,18.12
2026-01-27T18:21:21.189Z,18.09
2026-01-27T18:26:21.007Z,18.03
2026-01-27T18:31:20.782Z,17.92
2026-01-27T18:36:20.823Z,17.8
2026-01-27T18:41:20.963Z,17.63
2026-01-27T18:46:20.879Z,17.51
2026-01-27T18:51:20.976Z,17.34
2026-01-27T18:56:20.876Z,17.23
2026-01-27T19:01:20.997Z,17.11
2026-01-27T19:06:20.815Z,17.02
2026-01-27T19:11:20.928Z,16.82
2026-01-27T19:16:22.113Z,16.62
2026-01-27T19:21:20.801Z,16.53
2026-01-27T19:26:20.789Z,16.48
2026-01-27T19:31:21.131Z,16.45
2026-01-27T19:36:20.858Z,16.28
2026-01-27T19:41:20.986Z,16.14
2026-01-27T19:46:21.01Z,15.9
2026-01-27T19:51:20.936Z,15.67
2026-01-27T19:56:20.757Z,15.33
2026-01-27T20:01:20.903Z,15.04
2026-01-27T20:06:20.859Z,14.95
2026-01-27T20:11:20.886Z,14.84
2026-01-27T20:16:20.963Z,14.75
2026-01-27T20:21:20.996Z,14.64
2026-01-27T20:26:20.839Z,14.49
2026-01-27T20:31:21.661Z,14.44
2026-01-27T20:36:20.8Z,14.37
2026-01-27T20:41:20.769Z,14.32
2026-01-27T20:46:20.938Z,14.32
2026-01-27T20:51:20.923Z,14.37
2026-01-27T20:56:20.969Z,14.41
2026-01-27T21:01:21.003Z,14.23
2026-01-27T21:06:22.133Z,14.0
2026-01-27T21:11:21.222Z,13.89
2026-01-27T21:16:20.826Z,13.72
2026-01-27T21:21:20.762Z,13.63
2026-01-27T21:26:20.829Z,13.6
2026-01-27T21:31:20.896Z,13.6
2026-01-27T21:36:20.82Z,13.63
2026-01-27T21:41:20.884Z,13.57
2026-01-27T21:46:20.834Z,13.37
2026-01-27T21:51:20.799Z,13.34
2026-01-27T21:56:20.706Z,13.26
2026-01-27T22:01:20.86Z,13.14
2026-01-27T22:06:20.963Z,13.14
2026-01-27T22:11:20.756Z,13.0
2026-01-27T22:16:20.868Z,12.77
2026-01-27T22:21:20.847Z,12.68
2026-01-27T22:26:20.901Z,12.42
2026-01-27T22:31:20.734Z,12.39
2026-01-27T22:36:20.748Z,12.16
2026-01-27T22:41:20.937Z,12.07
2026-01-27T22:46:20.779Z,11.84
2026-01-27T22:51:20.917Z,11.61
2026-01-27T22:56:20.885Z,11.33
2026-01-27T23:01:20.842Z,11.04
2026-01-27T23:06:20.725Z,10.75
2026-01-27T23:11:20.909Z,10.55
2026-01-27T23:16:20.728Z,10.32
2026-01-27T23:21:20.95Z,10.21
2026-01-27T23:26:20.864Z,10.12
2026-01-27T23:31:20.886Z,9.94
2026-01-27T23:36:20.887Z,9.91
2026-01-27T23:41:20.92Z,9.86
2026-01-27T23:46:20.899Z,10.0
2026-01-27T23:51:20.749Z,10.03
2026-01-27T23:56:21.021Z,10.26
2026-01-28T00:01:21.409Z,10.32
2026-01-28T00:06:20.707Z,10.32
2026-01-28T00:11:20.866Z,10.49
2026-01-28T00:16:20.987Z,10.75
2026-01-28T00:21:20.776Z,10.81
2026-01-28T00:26:20.908Z,10.96
2026-01-28T00:31:20.704Z,11.1
2026-01-28T00:36:20.883Z,11.15
2026-01-28T00:41:20.826Z,11.15
2026-01-28T00:46:20.885Z,11.27
2026-01-28T00:51:20.772Z,11.21
2026-01-28T00:56:20.841Z,11.04
2026-01-28T01:01:20.926Z,10.89
2026-01-28T01:06:20.762Z,10.72
2026-01-28T01:11:20.806Z,10.66
2026-01-28T01:16:20.935Z,10.55
2026-01-28T01:21:20.727Z,10.52
2026-01-28T01:26:20.923Z,10.43
2026-01-28T01:31:20.883Z,10.26
2026-01-28T01:36:20.997Z,10.29
2026-01-28T01:41:20.807Z,10.29
2026-01-28T01:46:20.703Z,10.06
2026-01-28T01:51:20.894Z,10.03
2026-01-28T01:56:20.91Z,10.0
2026-01-28T02:01:20.958Z,10.32
2026-01-28T02:06:20.893Z,10.61
2026-01-28T02:11:20.899Z,10.78
2026-01-28T02:16:20.763Z,10.89
2026-01-28T02:21:20.759Z,10.81
2026-01-28T02:26:20.935Z,10.98
2026-01-28T02:31:20.756Z,11.07
2026-01-28T02:36:20.737Z,11.15
2026-01-28T02:41:20.761Z,11.27
2026-01-28T02:46:20.83Z,11.44
2026-01-28T02:51:20.782Z,11.61
2026-01-28T02:56:20.864Z,11.7
2026-01-28T03:01:20.953Z,11.67
2026-01-28T03:06:20.735Z,11.61
2026-01-28T03:11:20.749Z,11.5
2026-01-28T03:16:21.436Z,11.5
2026-01-28T03:21:20.863Z,11.41
2026-01-28T03:26:20.94Z,11.44
2026-01-28T03:31:20.821Z,11.47
2026-01-28T03:36:20.708Z,11.53
2026-01-28T03:41:20.915Z,11.47
2026-01-28T03:46:20.775Z,11.44
2026-01-28T03:51:20.862Z,11.24
2026-01-28T03:56:20.884Z,11.04
2026-01-28T04:01:20.84Z,10.84
2026-01-28T04:06:20.778Z,10.86
2026-01-28T04:11:20.713Z,10.81
2026-01-28T04:16:20.801Z,10.7
2026-01-28T04:21:20.909Z,10.49
2026-01-28T04:26:20.9Z,10.58
2026-01-28T04:31:20.95Z,10.63
2026-01-28T04:36:20.863Z,10.75
2026-01-28T04:41:20.929Z,10.84
2026-01-28T04:46:20.768Z,11.01
2026-01-28T04:51:20.841Z,11.35
2026-01-28T04:56:20.718Z,11.61
2026-01-28T05:01:20.713Z,11.7
2026-01-28T05:06:20.879Z,11.7
2026-01-28T05:11:20.903Z,11.38
2026-01-28T05:16:20.733Z,11.12
2026-01-28T05:21:20.73Z,10.81
2026-01-28T05:26:20.849Z,10.63
2026-01-28T05:31:20.717Z,10.55
2026-01-28T05:36:20.98Z,10.52
2026-01-28T05:41:20.876Z,10.63
2026-01-28T05:46:20.691Z,10.72
2026-01-28T05:51:20.912Z,10.81
2026-01-28T05:56:20.707Z,10.96
2026-01-28T06:01:20.76Z,10.78
2026-01-28T06:06:20.897Z,10.55
2026-01-28T06:11:20.862Z,10.38
2026-01-28T06:16:20.812Z,10.12
2026-01-28T06:21:20.819Z,10.09
2026-01-28T06:26:20.729Z,9.94
2026-01-28T06:31:21.197Z,9.91
2026-01-28T06:36:20.804Z,10.0
2026-01-28T06:41:20.763Z,10.12
2026-01-28T06:46:20.767Z,10.17
2026-01-28T06:51:20.776Z,10.29
2026-01-28T06:56:21.123Z,10.24
2026-01-28T07:01:20.734Z,10.26
2026-01-28T07:06:20.932Z,10.21
2026-01-28T07:11:21.536Z,10.32
2026-01-28T07:16:20.858Z,10.35
2026-01-28T07:21:20.783Z,10.47
2026-01-28T07:26:20.769Z,10.61
2026-01-28T07:31:20.741Z,10.7
2026-01-28T07:36:20.858Z,10.75
2026-01-28T07:41:20.701Z,10.92
2026-01-28T07:46:20.723Z,11.04
2026-01-28T07:51:20.926Z,11.07
2026-01-28T07:56:20.918Z,10.98
2026-01-28T08:01:20.849Z,11.04
2026-01-28T08:06:21.072Z,11.01
2026-01-28T08:11:20.869Z,10.84
2026-01-28T08:16:20.72Z,10.72
2026-01-28T08:21:20.944Z,10.66
2026-01-28T08:26:20.749Z,10.66
2026-01-28T08:31:20.975Z,10.66
2026-01-28T08:36:20.98Z,10.55
2026-01-28T08:41:20.919Z,10.61
2026-01-28T08:46:20.925Z,10.58
2026-01-28T08:51:20.772Z,10.58
2026-01-28T08:56:20.833Z,10.72
2026-01-28T09:01:20.903Z,10.89
2026-01-28T09:06:20.866Z,10.98
2026-01-28T09:11:20.765Z,11.12
2026-01-28T09:16:20.988Z,11.19
2026-01-28T09:21:20.986Z,11.3
2026-01-28T09:26:20.713Z,11.41
2026-01-28T09:31:20.873Z,11.59
2026-01-28T09:36:20.726Z,11.73
2026-01-28T09:41:20.717Z,11.79
2026-01-28T09:46:20.88Z,11.96
2026-01-28T09:51:20.837Z,11.96
2026-01-28T09:56:20.743Z,11.84
2026-01-28T10:01:20.799Z,11.56
2026-01-28T10:06:20.777Z,11.27
2026-01-28T10:11:20.874Z,10.84
2026-01-28T10:16:20.746Z,10.21
2026-01-28T10:21:20.928Z,10.03
2026-01-28T10:26:20.932Z,10.06
2026-01-28T10:31:20.822Z,10.03
2026-01-28T10:36:20.927Z,10.21
2026-01-28T10:41:20.888Z,10.32
2026-01-28T10:46:20.722Z,10.55
2026-01-28T10:51:20.899Z,10.61
2026-01-28T10:56:21.403Z,10.7
2026-01-28T11:01:21.113Z,10.81
2026-01-28T11:06:20.694Z,11.24
2026-01-28T11:11:20.729Z,11.87
2026-01-28T11:16:20.699Z,12.36
2026-01-28T11:21:20.915Z,12.91
2026-01-28T11:26:20.897Z,13.54
2026-01-28T11:31:20.725Z,13.95
2026-01-28T11:36:20.847Z,14.41
2026-01-28T11:41:20.729Z,14.98
2026-01-28T11:46:20.74Z,15.24
2026-01-28T11:51:20.849Z,15.44
2026-01-28T11:56:20.711Z,15.58
2026-01-28T12:01:20.927Z,15.73
2026-01-28T12:06:20.735Z,15.9
2026-01-28T12:11:21.948Z,16.22
2026-01-28T12:16:20.895Z,16.39
2026-01-28T12:21:20.807Z,16.45
2026-01-28T12:26:20.745Z,16.71
2026-01-28T12:31:20.796Z,16.82
2026-01-28T12:36:20.747Z,16.94
2026-01-28T12:41:21.181Z,16.91
2026-01-28T12:46:20.825Z,17.11
2026-01-28T12:51:20.721Z,17.8
2026-01-28T12:56:20.698Z,18.78
2026-01-28T13:01:20.832Z,19.56
2026-01-28T13:06:20.673Z,19.96
2026-01-28T13:11:20.872Z,20.05
2026-01-28T13:16:20.686Z,20.28
2026-01-28T13:21:20.893Z,20.48
2026-01-28T13:26:20.789Z,20.62
2026-01-28T13:31:20.983Z,20.71
2026-01-28T13:36:20.714Z,20.76
2026-01-28T13:41:20.78Z,20.76
2026-01-28T13:46:20.894Z,20.62
2026-01-28T13:51:20.747Z,20.6
2026-01-28T13:56:20.718Z,20.71
2026-01-28T14:01:20.839Z,20.76
2026-01-28T14:06:20.884Z,20.83
2026-01-28T14:11:21.214Z,20.79
2026-01-28T14:16:20.895Z,20.74
2026-01-28T14:21:20.891Z,20.76
2026-01-28T14:26:20.662Z,20.86
2026-01-28T14:31:21.209Z,20.68
2026-01-28T14:36:20.674Z,20.57
2026-01-28T14:41:20.668Z,20.37
2026-01-28T14:46:20.792Z,20.08
2026-01-28T14:51:20.948Z,19.88
2026-01-28T14:56:20.876Z,19.76
2026-01-28T15:01:20.87Z,19.79
2026-01-28T15:06:20.716Z,19.79
2026-01-28T15:11:21.672Z,19.53
2026-01-28T15:16:20.701Z,19.56
2026-01-28T15:21:20.875Z,19.5
2026-01-28T15:26:20.688Z,19.47
2026-01-28T15:31:20.775Z,19.39
2026-01-28T15:36:20.73Z,19.33
2026-01-28T15:41:20.814Z,19.27
2026-01-28T15:46:20.871Z,19.3
2026-01-28T15:51:20.829Z,19.16
2026-01-28T15:56:20.876Z,19.1
2026-01-28T16:01:20.852Z,19.01
2026-01-28T16:06:20.985Z,18.98
2026-01-28T16:11:23.206Z,18.9
2026-01-28T16:16:21.187Z,18.67
2026-01-28T16:21:20.872Z,18.49
2026-01-28T16:26:20.699Z,18.38
2026-01-28T16:31:20.763Z,18.23
2026-01-28T16:36:20.757Z,18.12
2026-01-28T16:41:20.883Z,18.15
2026-01-28T16:46:20.679Z,17.97
2026-01-28T16:51:20.875Z,17.89
2026-01-28T16:56:20.922Z,17.8
2026-01-28T17:01:20.899Z,17.83
2026-01-28T17:06:20.795Z,17.8
2026-01-28T17:11:20.885Z,17.89
2026-01-28T17:16:20.905Z,17.86
2026-01-28T17:21:20.835Z,17.89
2026-01-28T17:26:20.849Z,17.66
2026-01-28T17:31:20.754Z,17.54
2026-01-28T17:36:20.872Z,17.4
2026-01-28T17:41:21.493Z,17.34
2026-01-28T17:46:20.864Z,17.17
2026-01-28T17:51:21.167Z,17.0
2026-01-28T17:56:20.646Z,16.82
2026-01-28T18:01:24.336Z,16.53
2026-01-28T18:06:20.711Z,16.45
2026-01-28T18:11:21.277Z,16.22
2026-01-28T18:16:20.796Z,16.05
2026-01-28T18:21:20.829Z,15.79
2026-01-28T18:26:20.803Z,15.61
2026-01-28T18:31:20.846Z,15.61
2026-01-28T18:36:20.681Z,15.53
2026-01-28T18:41:20.752Z,15.24
2026-01-28T18:46:20.843Z,15.27
2026-01-28T18:51:20.847Z,15.24
2026-01-28T18:56:20.821Z,15.04
2026-01-28T19:01:20.725Z,14.9
2026-01-28T19:06:20.694Z,14.9
2026-01-28T19:11:20.715Z,14.98
2026-01-28T19:16:20.905Z,14.95
2026-01-28T19:21:20.9Z,15.09
2026-01-28T19:26:20.656Z,15.09
2026-01-28T19:31:20.816Z,15.39
2026-01-28T19:36:20.693Z,15.67
2026-01-28T19:41:20.81Z,15.67
2026-01-28T19:46:20.632Z,15.88
2026-01-28T19:51:20.706Z,15.96
2026-01-28T19:56:20.863Z,15.99
2026-01-28T20:01:20.797Z,15.96
2026-01-28T20:06:20.666Z,16.28
2026-01-28T20:11:20.865Z,16.39
2026-01-28T20:16:20.784Z,16.25
2026-01-28T20:21:20.797Z,16.16
2026-01-28T20:26:20.69Z,15.84
2026-01-28T20:31:20.842Z,16.28
2026-01-28T20:36:21.06Z,16.65
2026-01-28T20:41:20.692Z,16.82
2026-01-28T20:46:20.741Z,16.79
2026-01-28T20:51:20.71Z,16.65
2026-01-28T20:56:20.812Z,16.14
2026-01-28T21:01:20.691Z,15.61
2026-01-28T21:06:20.928Z,15.39
2026-01-28T21:11:20.699Z,15.39
2026-01-28T21:16:20.658Z,16.14
2026-01-28T21:21:20.882Z,16.25
2026-01-28T21:26:20.764Z,16.37
2026-01-28T21:31:21.538Z,16.56
2026-01-28T21:36:20.936Z,16.71
2026-01-28T21:41:20.922Z,16.85
2026-01-28T21:46:20.861Z,17.0
2026-01-28T21:51:20.789Z,17.02
2026-01-28T21:56:20.845Z,17.14
2026-01-28T22:01:20.694Z,17.08
2026-01-28T22:06:20.802Z,17.11
2026-01-28T22:11:20.87Z,17.0
2026-01-28T22:16:20.681Z,16.79
2026-01-28T22:21:20.894Z,16.45
2026-01-28T22:26:20.776Z,16.37
2026-01-28T22:31:20.854Z,16.28
2026-01-28T22:36:20.892Z,16.22
2026-01-28T22:41:20.697Z,16.16
2026-01-28T22:46:20.747Z,16.25
2026-01-28T22:51:20.655Z,16.25
2026-01-28T22:56:21.339Z,16.37
2026-01-28T23:01:20.725Z,16.42
2026-01-28T23:06:20.741Z,16.45
2026-01-28T23:11:20.773Z,16.37
2026-01-28T23:16:20.683Z,16.42
2026-01-28T23:21:20.828Z,16.56
2026-01-28T23:26:20.801Z,16.74
2026-01-28T23:31:20.704Z,16.79
2026-01-28T23:36:20.669Z,16.85
2026-01-28T23:41:21.074Z,17.02
2026-01-28T23:46:20.716Z,17.08
2026-01-28T23:51:20.672Z,17.05
2026-01-28T23:56:20.775Z,17.08
2026-01-29T00:01:20.785Z,17.08
2026-01-29T00:06:20.897Z,17.17
2026-01-29T00:11:20.681Z,17.05
2026-01-29T00:16:20.995Z,16.94
2026-01-29T00:21:20.842Z,16.74
2026-01-29T00:26:20.781Z,16.59
2026-01-29T00:31:20.885Z,16.62
2026-01-29T00:36:20.697Z,16.48
2026-01-29T00:41:20.687Z,16.53
2026-01-29T00:46:20.854Z,16.51
2026-01-29T00:51:20.65Z,16.56
2026-01-29T00:56:20.659Z,16.53
2026-01-29T01:01:20.672Z,16.48
2026-01-29T01:06:20.835Z,16.37
2026-01-29T01:11:20.641Z,16.25
2026-01-29T01:16:20.904Z,16.16
2026-01-29T01:21:20.732Z,15.93
2026-01-29T01:26:20.831Z,15.9
2026-01-29T01:31:20.693Z,15.79
2026-01-29T01:36:20.681Z,15.58
2026-01-29T01:41:20.834Z,15.01
2026-01-29T01:46:20.672Z,14.61
2026-01-29T01:51:20.795Z,14.37
2026-01-29T01:56:20.734Z,14.47
2026-01-29T02:01:20.753Z,14.23
2026-01-29T02:06:20.808Z,14.0
2026-01-29T02:11:21.525Z,14.21
2026-01-29T02:16:20.699Z,14.32
2026-01-29T02:21:20.89Z,14.32
2026-01-29T02:26:20.682Z,14.12
2026-01-29T02:31:20.695Z,13.95
2026-01-29T02:36:20.752Z,13.51
2026-01-29T02:41:20.775Z,13.28
2026-01-29T02:46:20.76Z,13.11
2026-01-29T02:51:20.907Z,12.97
2026-01-29T02:56:20.665Z,12.79
2026-01-29T03:01:20.74Z,12.59
2026-01-29T03:06:20.659Z,12.36
2026-01-29T03:11:20.903Z,12.25
2026-01-29T03:16:20.912Z,12.16
2026-01-29T03:21:20.721Z,12.05
2026-01-29T03:26:20.802Z,11.84
2026-01-29T03:31:20.777Z,11.64
2026-01-29T03:36:20.73Z,11.59
2026-01-29T03:41:20.846Z,11.5
2026-01-29T03:46:20.671Z,11.53
2026-01-29T03:51:20.657Z,11.5
2026-01-29T03:56:20.888Z,11.41
2026-01-29T04:01:20.687Z,11.44
2026-01-29T04:06:21.358Z,11.44
2026-01-29T04:11:20.749Z,11.41
2026-01-29T04:16:20.653Z,11.33
2026-01-29T04:21:20.824Z,11.3
2026-01-29T04:26:20.743Z,11.33
2026-01-29T04:31:20.805Z,11.59
2026-01-29T04:36:20.638Z,11.61
2026-01-29T04:41:20.801Z,11.56
2026-01-29T04:46:20.723Z,11.61
2026-01-29T04:51:20.629Z,11.73
2026-01-29T04:56:20.813Z,11.67
2026-01-29T05:01:20.842Z,11.76
2026-01-29T05:06:20.645Z,11.93
2026-01-29T05:11:20.715Z,11.9
2026-01-29T05:16:20.623Z,11.9
2026-01-29T05:21:20.667Z,11.96
2026-01-29T05:26:20.866Z,11.93
2026-01-29T05:31:20.758Z,11.87
2026-01-29T05:36:20.881Z,11.87
2026-01-29T05:41:20.805Z,11.76
2026-01-29T05:46:20.751Z,11.76
2026-01-29T05:51:21.067Z,11.76
2026-01-29T05:56:20.868Z,11.67
2026-01-29T06:01:21.355Z,11.61
2026-01-29T06:06:20.714Z,11.64
2026-01-29T06:11:20.847Z,11.56
2026-01-29T06:16:20.759Z,11.56
2026-01-29T06:21:20.635Z,11.47
2026-01-29T06:26:20.84Z,11.41
2026-01-29T06:31:20.843Z,11.24
2026-01-29T06:36:20.813Z,11.15
2026-01-29T06:41:20.879Z,11.21
2026-01-29T06:46:20.723Z,11.21
2026-01-29T06:51:20.857Z,11.19
2026-01-29T06:56:20.613Z,11.12
2026-01-29T07:01:20.78Z,11.19
2026-01-29T07:06:20.724Z,11.04
2026-01-29T07:11:20.696Z,10.98
2026-01-29T07:16:20.636Z,10.89
2026-01-29T07:21:20.648Z,10.89
2026-01-29T07:26:20.711Z,10.78
2026-01-29T07:31:20.819Z,10.72
2026-01-29T07:36:20.718Z,10.84
2026-01-29T07:41:20.7Z,11.01
2026-01-29T07:46:20.858Z,11.24
2026-01-29T07:51:20.686Z,11.44
2026-01-29T07:56:22.111Z,11.7
2026-01-29T08:01:20.848Z,11.96
2026-01-29T08:06:20.839Z,12.07
2026-01-29T08:11:20.652Z,12.22
2026-01-29T08:16:20.783Z,12.48
2026-01-29T08:21:20.779Z,12.56
2026-01-29T08:26:21.167Z,12.79
2026-01-29T08:31:20.849Z,12.97
2026-01-29T08:36:20.878Z,13.05
2026-01-29T08:41:20.81Z,13.11
2026-01-29T08:46:20.863Z,13.31
2026-01-29T08:51:20.868Z,13.6
2026-01-29T08:56:20.701Z,14.0
2026-01-29T09:01:20.927Z,14.35
2026-01-29T09:06:20.635Z,14.55
2026-01-29T09:11:21.284Z,14.58
2026-01-29T09:16:20.637Z,14.98
2026-01-29T09:21:20.854Z,15.12
2026-01-29T09:26:20.691Z,15.07
2026-01-29T09:31:20.847Z,15.07
2026-01-29T09:36:20.759Z,15.19
2026-01-29T09:41:20.656Z,15.35
2026-01-29T09:46:20.664Z,15.7
2026-01-29T09:51:20.836Z,15.88
2026-01-29T09:56:20.771Z,16.22
2026-01-29T10:01:20.649Z,16.82
2026-01-29T10:06:21.768Z,17.17
2026-01-29T10:11:20.82Z,17.77
2026-01-29T10:16:20.864Z,17.97
2026-01-29T10:21:20.869Z,17.97
2026-01-29T10:26:20.913Z,17.86
2026-01-29T10:31:20.755Z,17.83
2026-01-29T10:36:20.714Z,17.74
2026-01-29T10:41:20.78Z,17.66
2026-01-29T10:46:20.795Z,17.66
2026-01-29T10:51:20.819Z,17.69
2026-01-29T10:56:20.655Z,17.74
2026-01-29T11:01:20.85Z,17.89
2026-01-29T11:06:20.826Z,18.18
2026-01-29T11:11:20.712Z,18.41
2026-01-29T11:16:20.775Z,18.67
2026-01-29T11:21:20.718Z,18.78
2026-01-29T11:26:20.669Z,18.61
2026-01-29T11:31:20.721Z,18.52
2026-01-29T11:36:20.636Z,18.55
2026-01-29T11:41:20.716Z,18.64
2026-01-29T11:46:20.692Z,18.67
2026-01-29T11:51:20.667Z,18.64
2026-01-29T11:56:20.774Z,18.64
2026-01-29T12:01:20.832Z,18.67
2026-01-29T12:06:20.662Z,18.75
2026-01-29T12:11:20.809Z,18.69
2026-01-29T12:16:20.704Z,18.67
2026-01-29T12:21:20.79Z,18.95
2026-01-29T12:26:20.661Z,19.13
2026-01-29T12:31:20.783Z,19.24
2026-01-29T12:36:20.79Z,19.3
2026-01-29T12:41:21.486Z,19.16
2026-01-29T12:46:20.62Z,19.24
2026-01-29T12:51:20.821Z,19.21
2026-01-29T12:56:20.681Z,19.24
2026-01-29T13:01:20.847Z,19.07
2026-01-29T13:06:20.657Z,18.9
2026-01-29T13:11:20.821Z,18.84
2026-01-29T13:16:20.83Z,18.9
2026-01-29T13:21:21.139Z,19.01
2026-01-29T13:26:20.715Z,18.98
2026-01-29T13:31:20.833Z,18.87
2026-01-29T13:36:20.805Z,19.04
2026-01-29T13:41:20.783Z,19.1
2026-01-29T13:46:20.845Z,19.21
2026-01-29T13:51:21.291Z,19.36
2026-01-29T13:56:20.901Z,19.65
2026-01-29T14:01:20.806Z,19.9
2026-01-29T14:06:20.754Z,20.34
2026-01-29T14:11:20.852Z,20.86
2026-01-29T14:16:20.799Z,21.28
2026-01-29T14:21:20.691Z,21.81
2026-01-29T14:26:20.662Z,22.29
2026-01-29T14:31:20.777Z,22.67
2026-01-29T14:36:21.402Z,22.95
2026-01-29T14:41:21.035Z,23.01
2026-01-29T14:46:20.858Z,22.95
2026-01-29T14:51:21.114Z,23.01
2026-01-29T14:56:20.651Z,22.84
2026-01-29T15:01:20.631Z,22.78
2026-01-29T15:06:20.741Z,22.87
2026-01-29T15:11:20.834Z,22.95
2026-01-29T15:16:20.621Z,23.16
2026-01-29T15:21:20.639Z,23.24
2026-01-29T15:26:20.643Z,23.3
2026-01-29T15:31:20.807Z,23.3
2026-01-29T15:36:20.679Z,23.27
2026-01-29T15:41:20.677Z,23.27
2026-01-29T15:46:20.651Z,23.18
2026-01-29T15:51:20.772Z,23.18
2026-01-29T15:56:20.779Z,23.21
2026-01-29T16:01:20.86Z,23.5
2026-01-29T16:06:20.748Z,23.73
2026-01-29T16:11:20.821Z,23.99
2026-01-29T16:16:21.07Z,24.19
2026-01-29T16:21:20.681Z,24.22
2026-01-29T16:26:20.873Z,24.11
2026-01-29T16:31:21.002Z,23.99
2026-01-29T16:36:20.696Z,23.93
2026-01-29T16:41:20.787Z,23.76
2026-01-29T16:46:20.645Z,23.67
2026-01-29T16:51:20.79Z,23.62
2026-01-29T16:56:20.746Z,23.65
2026-01-29T17:01:20.656Z,23.65
2026-01-29T17:06:20.679Z,23.47
2026-01-29T17:11:20.717Z,23.53
2026-01-29T17:16:20.792Z,23.5
2026-01-29T17:21:20.755Z,23.59
2026-01-29T17:26:20.825Z,23.44
2026-01-29T17:31:20.635Z,23.39
2026-01-29T17:36:20.657Z,23.07
2026-01-29T17:41:20.766Z,22.78
2026-01-29T17:46:20.786Z,22.67
2026-01-29T17:51:20.742Z,22.78
2026-01-29T17:56:20.853Z,22.67
2026-01-29T18:01:20.841Z,22.64
2026-01-29T18:06:20.795Z,22.55
2026-01-29T18:11:20.869Z,22.52
2026-01-29T18:16:20.888Z,22.55
2026-01-29T18:21:20.694Z,22.46
2026-01-29T18:26:20.709Z,22.44
2026-01-29T18:31:20.827Z,22.38
2026-01-29T18:36:20.618Z,22.35
2026-01-29T18:41:20.982Z,22.52
2026-01-29T18:46:20.798Z,22.52
2026-01-29T18:51:20.631Z,22.55
2026-01-29T18:56:20.706Z,22.61
2026-01-29T19:01:20.843Z,22.69
2026-01-29T19:06:20.619Z,22.72
2026-01-29T19:11:20.799Z,22.64
2026-01-29T19:16:20.864Z,22.67
2026-01-29T19:21:20.693Z,22.67
2026-01-29T19:26:20.769Z,22.58
2026-01-29T19:31:20.735Z,22.18
2026-01-29T19:36:20.619Z,21.51
2026-01-29T19:41:20.736Z,21.11
2026-01-29T19:46:20.621Z,20.45
2026-01-29T19:51:20.714Z,19.85
2026-01-29T19:56:20.757Z,19.62
2026-01-29T20:01:20.74Z,19.47
2026-01-29T20:06:20.628Z,19.44
2026-01-29T20:11:20.695Z,19.36
2026-01-29T20:16:20.663Z,19.21
2026-01-29T20:21:20.785Z,19.62
2026-01-29T20:26:20.698Z,20.19
2026-01-29T20:31:20.734Z,20.28
2026-01-29T20:36:20.817Z,20.16
2026-01-29T20:41:20.665Z,20.02
2026-01-29T20:46:21.307Z,19.82
2026-01-29T20:51:21.692Z,19.67
2026-01-29T20:56:20.677Z,19.73
2026-01-29T21:01:21.616Z,19.7
2026-01-29T21:06:20.636Z,19.67
2026-01-29T21:11:21.323Z,19.59
2026-01-29T21:16:20.798Z,19.47
2026-01-29T21:21:20.703Z,19.5
2026-01-29T21:26:20.82Z,19.44
2026-01-29T21:31:20.742Z,19.3
2026-01-29T21:36:21.178Z,19.33
2026-01-29T21:41:20.662Z,19.53
2026-01-29T21:46:20.656Z,19.53
2026-01-29T21:51:20.64Z,19.65
2026-01-29T21:56:20.666Z,19.79
2026-01-29T22:01:20.803Z,19.93
2026-01-29T22:06:20.905Z,19.88
2026-01-29T22:11:20.681Z,19.76
2026-01-29T22:16:20.782Z,19.62
2026-01-29T22:21:20.692Z,19.5
2026-01-29T22:26:20.601Z,19.33
2026-01-29T22:31:20.728Z,19.16
2026-01-29T22:36:20.808Z,18.93
2026-01-29T22:41:20.871Z,18.61
2026-01-29T22:46:20.644Z,18.23
2026-01-29T22:51:20.938Z,17.92
2026-01-29T22:56:20.721Z,17.72
2026-01-29T23:01:20.724Z,17.49
2026-01-29T23:06:20.598Z,17.17
2026-01-29T23:11:20.784Z,16.74
2026-01-29T23:16:20.689Z,16.48
2026-01-29T23:21:20.664Z,16.28
2026-01-29T23:26:20.818Z,16.07
2026-01-29T23:31:21.145Z,15.79
2026-01-29T23:36:20.774Z,15.56
2026-01-29T23:41:20.699Z,15.47
2026-01-29T23:46:20.707Z,15.21
2026-01-29T23:51:20.603Z,15.35
2026-01-29T23:56:20.783Z,15.39
2026-01-30T00:01:20.777Z,15.88
2026-01-30T00:06:20.617Z,16.62
2026-01-30T00:11:20.707Z,16.94
2026-01-30T00:16:20.759Z,16.94
2026-01-30T00:21:20.687Z,16.56
2026-01-30T00:26:20.786Z,16.33
2026-01-30T00:31:20.837Z,16.19
2026-01-30T00:36:20.811Z,16.02
2026-01-30T00:41:20.685Z,15.81
2026-01-30T00:46:20.864Z,15.67
2026-01-30T00:51:21.127Z,15.58
2026-01-30T00:56:20.837Z,15.56
2026-01-30T01:01:20.8Z,15.84
2026-01-30T01:06:20.664Z,16.05
2026-01-30T01:11:20.677Z,15.96
2026-01-30T01:16:20.765Z,15.96
2026-01-30T01:21:20.803Z,15.9
2026-01-30T01:26:20.698Z,15.96
2026-01-30T01:31:20.795Z,16.3
2026-01-30T01:36:20.62Z,16.56
2026-01-30T01:41:20.733Z,16.74
2026-01-30T01:46:20.704Z,17.17
2026-01-30T01:51:20.815Z,17.8
2026-01-30T01:56:20.852Z,18.0
2026-01-30T02:01:20.742Z,17.92
2026-01-30T02:06:20.78Z,17.92
2026-01-30T02:11:20.829Z,17.97
2026-01-30T02:16:21.211Z,17.95
2026-01-30T02:21:20.623Z,17.92
2026-01-30T02:26:20.592Z,17.72
2026-01-30T02:31:20.689Z,17.4
2026-01-30T02:36:20.603Z,17.23
2026-01-30T02:41:20.775Z,16.94
2026-01-30T02:46:20.745Z,17.02
2026-01-30T02:51:20.709Z,17.0
2026-01-30T02:56:21.275Z,16.88
2026-01-30T03:01:20.674Z,16.68
2026-01-30T03:06:20.676Z,16.37
2026-01-30T03:11:20.76Z,16.05
2026-01-30T03:16:20.748Z,15.65
2026-01-30T03:21:20.597Z,15.16
2026-01-30T03:26:20.631Z,14.75
2026-01-30T03:31:20.6Z,14.58
2026-01-30T03:36:20.716Z,14.52
2026-01-30T03:41:20.757Z,14.52
2026-01-30T03:46:20.697Z,14.64
2026-01-30T03:51:20.835Z,14.67
2026-01-30T03:56:20.853Z,14.35
2026-01-30T04:01:20.672Z,14.0
2026-01-30T04:06:20.684Z,13.92
2026-01-30T04:11:20.716Z,13.74
2026-01-30T04:16:20.689Z,13.74
2026-01-30T04:21:20.621Z,14.09
2026-01-30T04:26:20.641Z,14.47
2026-01-30T04:31:20.702Z,14.41
2026-01-30T04:36:20.643Z,15.01
2026-01-30T04:41:20.836Z,15.44
2026-01-30T04:46:21.34Z,16.02
2026-01-30T04:51:20.604Z,16.19
2026-01-30T04:56:20.835Z,16.28
2026-01-30T05:01:20.696Z,16.1
2026-01-30T05:06:20.809Z,16.07
2026-01-30T05:11:20.715Z,16.05
2026-01-30T05:16:20.633Z,15.96
2026-01-30T05:21:20.618Z,15.73
2026-01-30T05:26:21.056Z,15.5
2026-01-30T05:31:20.766Z,15.42
2026-01-30T05:36:20.794Z,15.3
2026-01-30T05:41:20.803Z,15.39
2026-01-30T05:46:20.787Z,15.27
2026-01-30T05:51:20.719Z,15.07
2026-01-30T05:56:20.611Z,14.75
2026-01-30T06:01:20.699Z,14.58
2026-01-30T06:06:20.65Z,14.26
2026-01-30T06:11:20.819Z,14.0
2026-01-30T06:16:20.838Z,13.8
2026-01-30T06:21:20.664Z,13.34
2026-01-30T06:26:20.623Z,13.03
2026-01-30T06:31:20.67Z,12.71
2026-01-30T06:36:20.831Z,12.25
2026-01-30T06:41:20.633Z,11.87
2026-01-30T06:46:20.603Z,11.47
2026-01-30T06:51:20.715Z,11.3
2026-01-30T06:56:21.077Z,11.07
2026-01-30T07:01:20.701Z,10.84
2026-01-30T07:06:20.608Z,10.55
2026-01-30T07:11:20.684Z,10.38
2026-01-30T07:16:20.69Z,10.26
2026-01-30T07:21:20.685Z,10.15
2026-01-30T07:26:21.336Z,9.91
2026-01-30T07:31:20.793Z,9.86
2026-01-30T07:36:20.701Z,9.89
2026-01-30T07:41:20.779Z,10.35
2026-01-30T07:46:20.66Z,10.4
2026-01-30T07:51:20.695Z,10.72
2026-01-30T07:56:20.775Z,10.96
2026-01-30T08:01:20.75Z,11.07
2026-01-30T08:06:20.838Z,11.24
2026-01-30T08:11:20.64Z,11.47
2026-01-30T08:16:20.802Z,11.79
2026-01-30T08:21:20.689Z,12.07
2026-01-30T08:26:20.828Z,12.39
2026-01-30T08:31:20.577Z,12.85
2026-01-30T08:36:20.65Z,13.54
2026-01-30T08:41:20.757Z,14.26
2026-01-30T08:46:20.77Z,14.95
2026-01-30T08:51:20.655Z,15.61
2026-01-30T08:56:20.66Z,16.3
2026-01-30T09:01:20.693Z,16.62
2026-01-30T09:06:20.74Z,16.94
2026-01-30T09:11:20.803Z,17.11
2026-01-30T09:16:20.79Z,16.97
2026-01-30T09:21:20.623Z,16.85
2026-01-30T09:26:20.646Z,17.0
2026-01-30T09:31:20.937Z,17.05
2026-01-30T09:36:20.791Z,17.28
2026-01-30T09:41:20.586Z,17.57
2026-01-30T09:46:20.805Z,17.83
2026-01-30T09:51:20.663Z,17.63
2026-01-30T09:56:20.613Z,17.46
2026-01-30T10:01:20.601Z,17.54
2026-01-30T10:06:20.595Z,17.69
2026-01-30T10:11:20.663Z,17.74
2026-01-30T10:16:20.574Z,17.86
2026-01-30T10:21:20.649Z,18.18
2026-01-30T10:26:20.62Z,18.55
2026-01-30T10:31:21.015Z,18.64
2026-01-30T10:36:20.824Z,18.61
2026-01-30T10:41:20.636Z,18.55
2026-01-30T10:46:20.652Z,18.52
2026-01-30T10:51:20.736Z,18.58
2026-01-30T10:56:20.801Z,18.46
2026-01-30T11:01:20.737Z,18.58
2026-01-30T11:06:20.647Z,18.55
2026-01-30T11:11:20.699Z,18.35
2026-01-30T11:16:20.788Z,18.06
2026-01-30T11:21:20.636Z,18.06
2026-01-30T11:26:20.643Z,18.12
2026-01-30T11:31:20.765Z,18.41
2026-01-30T11:36:20.583Z,18.26
2026-01-30T11:41:20.583Z,18.29
2026-01-30T11:46:20.61Z,18.46
2026-01-30T11:51:20.591Z,18.67
2026-01-30T11:56:21.072Z,18.81
2026-01-30T12:01:20.824Z,19.1
2026-01-30T12:06:20.659Z,19.42
2026-01-30T12:11:20.638Z,19.67
2026-01-30T12:16:20.638Z,19.82
2026-01-30T12:21:20.595Z,19.73
2026-01-30T12:26:20.604Z,19.33
2026-01-30T12:31:20.565Z,19.36
2026-01-30T12:36:20.742Z,19.47
2026-01-30T12:41:21.269Z,19.56
2026-01-30T12:46:20.673Z,19.62
2026-01-30T12:51:20.687Z,19.67
2026-01-30T12:56:20.663Z,19.67
2026-01-30T13:01:20.802Z,19.56
2026-01-30T13:06:20.583Z,19.47
2026-01-30T13:11:20.685Z,19.56
2026-01-30T13:16:20.73Z,19.7
2026-01-30T13:21:20.807Z,19.85
2026-01-30T13:26:20.752Z,19.7
2026-01-30T13:31:20.57Z,19.67
2026-01-30T13:36:20.699Z,19.62
2026-01-30T13:41:20.787Z,19.93
2026-01-30T13:46:20.811Z,20.19
2026-01-30T13:51:20.567Z,20.39
2026-01-30T13:56:20.738Z,20.76
2026-01-30T14:01:20.801Z,21.02
2026-01-30T14:06:20.559Z,21.09
2026-01-30T14:11:20.618Z,21.49
2026-01-30T14:16:20.563Z,21.55
2026-01-30T14:21:20.596Z,21.69
2026-01-30T14:26:20.757Z,21.66
2026-01-30T14:31:20.567Z,21.83
2026-01-30T14:36:20.591Z,22.0
2026-01-30T14:41:20.727Z,21.72
2026-01-30T14:46:20.787Z,21.51
2026-01-30T14:51:20.74Z,21.32
2026-01-30T14:56:20.552Z,21.14
2026-01-30T15:01:20.546Z,21.09
2026-01-30T15:06:20.843Z,21.17
2026-01-30T15:11:20.705Z,21.14
2026-01-30T15:16:20.781Z,21.17
2026-01-30T15:21:20.698Z,21.11
2026-01-30T15:26:20.548Z,20.88
2026-01-30T15:31:20.633Z,20.71
2026-01-30T15:36:20.644Z,20.57
2026-01-30T15:41:20.593Z,20.65
2026-01-30T15:46:20.746Z,20.91
2026-01-30T15:51:20.65Z,21.11
2026-01-30T15:56:20.76Z,21.2
2026-01-30T16:01:20.654Z,21.17
2026-01-30T16:06:20.572Z,21.02
2026-01-30T16:11:20.744Z,20.91
2026-01-30T16:16:20.766Z,20.68
2026-01-30T16:21:20.782Z,20.48
2026-01-30T16:26:21.325Z,20.28
2026-01-30T16:31:20.79Z,20.05
2026-01-30T16:36:20.742Z,19.79
2026-01-30T16:41:21.035Z,19.56
2026-01-30T16:46:20.587Z,19.47
2026-01-30T16:51:20.616Z,19.47
2026-01-30T16:56:20.777Z,19.39
2026-01-30T17:01:20.616Z,19.27
2026-01-30T17:06:20.703Z,19.01
2026-01-30T17:11:20.673Z,18.78
2026-01-30T17:16:20.595Z,18.52
2026-01-30T17:21:20.595Z,18.32
2026-01-30T17:26:20.662Z,18.15
2026-01-30T17:31:20.775Z,17.92
2026-01-30T17:36:20.597Z,17.97
2026-01-30T17:41:20.657Z,17.86
2026-01-30T17:46:20.623Z,17.51
2026-01-30T17:51:20.743Z,17.28
2026-01-30T17:56:21.129Z,17.2
2026-01-30T18:01:20.636Z,17.11
2026-01-30T18:06:20.766Z,17.05
2026-01-30T18:11:20.79Z,16.97
2026-01-30T18:16:20.788Z,16.91
2026-01-30T18:21:20.667Z,16.74
2026-01-30T18:26:20.655Z,16.65
2026-01-30T18:31:20.623Z,16.62
2026-01-30T18:36:20.653Z,16.71
2026-01-30T18:41:20.736Z,16.88
2026-01-30T18:46:20.656Z,17.02
2026-01-30T18:51:20.665Z,17.14
2026-01-30T18:56:20.747Z,17.17
2026-01-30T19:01:21.415Z,17.14
2026-01-30T19:06:20.7Z,17.05
2026-01-30T19:11:20.599Z,16.91
2026-01-30T19:16:20.568Z,16.91
2026-01-30T19:21:20.784Z,16.88
2026-01-30T19:26:20.587Z,16.97
2026-01-30T19:31:20.692Z,16.97
2026-01-30T19:36:21.146Z,16.97
2026-01-30T19:41:20.585Z,17.02
2026-01-30T19:46:20.558Z,17.0
2026-01-30T19:51:20.756Z,16.97
2026-01-30T19:56:20.599Z,16.77
2026-01-30T20:01:20.739Z,16.53
2026-01-30T20:06:20.604Z,16.3
2026-01-30T20:11:20.715Z,15.93
2026-01-30T20:16:20.62Z,15.93
2026-01-30T20:21:20.62Z,16.22
2026-01-30T20:26:20.576Z,16.3
2026-01-30T20:31:20.751Z,16.3
2026-01-30T20:36:20.66Z,16.25
2026-01-30T20:41:20.778Z,16.62
2026-01-30T20:46:20.805Z,17.08
2026-01-30T20:51:20.744Z,17.46
2026-01-30T20:56:20.689Z,17.49
2026-01-30T21:01:20.622Z,17.46
2026-01-30T21:06:20.662Z,17.31
2026-01-30T21:11:20.844Z,17.2
2026-01-30T21:16:20.617Z,17.02
2026-01-30T21:21:20.788Z,16.85
2026-01-30T21:26:20.907Z,16.62
2026-01-30T21:31:20.916Z,16.33
2026-01-30T21:36:20.568Z,16.14
2026-01-30T21:41:20.813Z,16.02
2026-01-30T21:46:20.669Z,15.88
2026-01-30T21:51:21.086Z,16.33
2026-01-30T21:56:20.614Z,16.94
2026-01-30T22:01:20.571Z,17.08
2026-01-30T22:06:20.707Z,17.05
2026-01-30T22:11:20.558Z,17.11
2026-01-30T22:16:20.768Z,17.11
2026-01-30T22:21:20.62Z,17.08
2026-01-30T22:26:20.809Z,17.02
2026-01-30T22:31:20.653Z,17.11
2026-01-30T22:36:20.626Z,17.26
2026-01-30T22:41:21.25Z,17.28
2026-01-30T22:46:20.703Z,17.26
2026-01-30T22:51:20.765Z,17.31
2026-01-30T22:56:20.576Z,17.4
2026-01-30T23:01:20.65Z,17.37
2026-01-30T23:06:20.691Z,17.34
2026-01-30T23:11:20.933Z,17.17
2026-01-30T23:16:20.559Z,16.91
2026-01-30T23:21:20.748Z,16.68
2026-01-30T23:26:20.714Z,16.45
2026-01-30T23:31:20.749Z,16.14
2026-01-30T23:36:20.722Z,15.99
2026-01-30T23:41:20.761Z,15.99
2026-01-30T23:46:20.734Z,16.07
2026-01-30T23:51:20.559Z,15.88
2026-01-30T23:56:21.077Z,15.58
2026-01-31T00:01:20.563Z,15.19
2026-01-31T00:06:20.61Z,15.07
2026-01-31T00:11:20.668Z,14.86
2026-01-31T00:16:21.117Z,14.49
2026-01-31T00:21:20.783Z,14.12
2026-01-31T00:26:20.727Z,14.12
2026-01-31T00:31:20.713Z,14.09
2026-01-31T00:36:20.577Z,14.09
2026-01-31T00:41:20.749Z,13.95
2026-01-31T00:46:20.619Z,13.92
2026-01-31T00:51:20.637Z,13.72
2026-01-31T00:56:20.64Z,13.63
2026-01-31T01:01:20.579Z,13.54
2026-01-31T01:06:20.574Z,13.51
2026-01-31T01:11:20.577Z,13.46
2026-01-31T01:16:20.57Z,13.37
2026-01-31T01:21:20.807Z,13.28
2026-01-31T01:26:20.811Z,13.17
2026-01-31T01:31:20.776Z,13.08
2026-01-31T01:36:20.601Z,13.0
2026-01-31T01:41:20.834Z,12.82
2026-01-31T01:46:20.76Z,12.65
2026-01-31T01:51:20.778Z,12.74
2026-01-31T01:56:20.614Z,13.08
2026-01-31T02:01:20.634Z,13.37
2026-01-31T02:06:20.703Z,13.34
2026-01-31T02:11:20.783Z,13.37
2026-01-31T02:16:20.876Z,13.49
2026-01-31T02:21:20.769Z,13.54
2026-01-31T02:26:20.732Z,13.54
2026-01-31T02:31:20.598Z,13.8
2026-01-31T02:36:20.839Z,13.8
2026-01-31T02:41:20.698Z,13.95
2026-01-31T02:46:21.139Z,13.92
2026-01-31T02:51:20.756Z,13.89
2026-01-31T02:56:20.745Z,13.98
2026-01-31T03:01:20.655Z,14.06
2026-01-31T03:06:20.773Z,13.98
2026-01-31T03:11:20.63Z,14.03
2026-01-31T03:16:20.632Z,13.95
2026-01-31T03:21:20.595Z,14.09
2026-01-31T03:26:21.039Z,13.83
2026-01-31T03:31:20.627Z,13.66
2026-01-31T03:36:20.644Z,13.57
2026-01-31T03:41:20.732Z,13.46
2026-01-31T03:46:20.798Z,13.34
2026-01-31T03:51:20.75Z,13.34
2026-01-31T03:56:20.6Z,13.28
2026-01-31T04:01:20.648Z,13.31
2026-01-31T04:06:20.573Z,13.66
2026-01-31T04:11:20.66Z,13.6
2026-01-31T04:16:20.573Z,13.46
2026-01-31T04:21:20.611Z,13.4
2026-01-31T04:26:20.659Z,13.28
2026-01-31T04:31:20.609Z,13.11
2026-01-31T04:36:20.747Z,13.03
2026-01-31T04:41:20.576Z,13.0
2026-01-31T04:46:20.599Z,12.97
2026-01-31T04:51:20.761Z,12.94
2026-01-31T04:56:20.613Z,12.94
2026-01-31T05:01:20.786Z,13.05
2026-01-31T05:06:20.742Z,13.17
2026-01-31T05:11:20.753Z,13.11
2026-01-31T05:16:20.685Z,13.14
2026-01-31T05:21:20.728Z,13.14
2026-01-31T05:26:20.616Z,13.11
2026-01-31T05:31:20.725Z,13.03
2026-01-31T05:36:20.562Z,12.94
2026-01-31T05:41:20.579Z,13.05
2026-01-31T05:46:20.647Z,13.37
2026-01-31T05:51:20.555Z,13.6
2026-01-31T05:56:20.724Z,13.74
2026-01-31T06:01:20.804Z,13.69
2026-01-31T06:06:20.611Z,13.72
2026-01-31T06:11:20.8Z,13.74
2026-01-31T06:16:20.738Z,13.72
2026-01-31T06:21:20.607Z,13.63
2026-01-31T06:26:20.82Z,13.46
2026-01-31T06:31:20.643Z,13.37
2026-01-31T06:36:20.791Z,13.34
2026-01-31T06:41:20.966Z,13.17
2026-01-31T06:46:20.621Z,13.17
2026-01-31T06:51:20.667Z,13.11
2026-01-31T06:56:21.333Z,13.14
2026-01-31T07:01:20.696Z,13.14
2026-01-31T07:06:20.722Z,13.17
2026-01-31T07:11:20.753Z,13.2
2026-01-31T07:16:20.666Z,13.2
2026-01-31T07:21:20.744Z,13.26
2026-01-31T07:26:20.683Z,13.43
2026-01-31T07:31:20.796Z,13.4
2026-01-31T07:36:20.783Z,13.46
2026-01-31T07:41:20.554Z,13.37
2026-01-31T07:46:20.741Z,13.46
2026-01-31T07:51:20.953Z,13.57
2026-01-31T07:56:20.669Z,13.69
2026-01-31T08:01:20.736Z,13.8
2026-01-31T08:06:20.797Z,13.89
2026-01-31T08:11:21.673Z,13.98
2026-01-31T08:16:21.4Z,14.21
2026-01-31T08:21:20.601Z,14.32
2026-01-31T08:26:20.788Z,14.44
2026-01-31T08:31:20.649Z,14.58
2026-01-31T08:36:20.66Z,14.7
2026-01-31T08:41:20.6Z,14.81
2026-01-31T08:46:20.624Z,14.86
2026-01-31T08:51:20.733Z,14.93
2026-01-31T08:56:20.786Z,14.95
2026-01-31T09:01:20.708Z,15.07
2026-01-31T09:06:20.802Z,15.09
2026-01-31T09:11:20.558Z,15.19
2026-01-31T09:16:20.59Z,15.3
2026-01-31T09:21:20.624Z,15.39
2026-01-31T09:26:20.687Z,15.53
2026-01-31T09:31:20.636Z,15.56
2026-01-31T09:36:20.787Z,15.58
2026-01-31T09:41:20.783Z,15.65
2026-01-31T09:46:20.776Z,15.84
2026-01-31T09:51:20.779Z,15.96
2026-01-31T09:56:20.698Z,16.02
2026-01-31T10:01:20.721Z,16.05
2026-01-31T10:06:20.582Z,16.16
2026-01-31T10:11:20.618Z,16.19
2026-01-31T10:16:21.065Z,16.14
2026-01-31T10:21:20.799Z,16.3
2026-01-31T10:26:20.614Z,16.37
2026-01-31T10:31:20.557Z,16.39
2026-01-31T10:36:20.656Z,16.68
2026-01-31T10:41:20.62Z,16.65
2026-01-31T10:46:20.564Z,16.71
2026-01-31T10:51:20.725Z,16.77
2026-01-31T10:56:20.873Z,16.77
2026-01-31T11:01:21.568Z,16.71
2026-01-31T11:06:20.683Z,16.62
2026-01-31T11:11:20.586Z,16.79
2026-01-31T11:16:20.682Z,16.91
2026-01-31T11:21:20.773Z,16.77
2026-01-31T11:26:20.706Z,16.79
2026-01-31T11:31:20.762Z,16.88
2026-01-31T11:36:20.696Z,16.88
2026-01-31T11:41:20.613Z,17.05
2026-01-31T11:46:20.731Z,17.14
2026-01-31T11:51:20.909Z,17.17
2026-01-31T11:56:20.65Z,17.14
2026-01-31T12:01:20.6Z,17.14
2026-01-31T12:06:20.749Z,17.31
2026-01-31T12:11:20.693Z,17.51
2026-01-31T12:16:20.576Z,17.66
2026-01-31T12:21:20.615Z,17.43
2026-01-31T12:26:20.58Z,17.57
2026-01-31T12:31:20.529Z,17.54
2026-01-31T12:36:20.748Z,17.51
2026-01-31T12:41:20.567Z,17.57
2026-01-31T12:46:20.582Z,17.66
2026-01-31T12:51:20.603Z,17.74
2026-01-31T12:56:20.523Z,17.66
2026-01-31T13:01:20.622Z,17.72
2026-01-31T13:06:20.579Z,17.8
2026-01-31T13:11:20.564Z,17.83
2026-01-31T13:16:20.627Z,17.83
2026-01-31T13:21:20.728Z,17.95
2026-01-31T13:26:21.013Z,18.18
2026-01-31T13:31:20.729Z,17.97
2026-01-31T13:36:20.532Z,18.0
2026-01-31T13:41:20.611Z,18.06
2026-01-31T13:46:20.688Z,17.97
2026-01-31T13:51:20.721Z,18.03
2026-01-31T13:56:20.545Z,18.03
2026-01-31T14:01:20.963Z,18.18
2026-01-31T14:06:20.751Z,18.06
2026-01-31T14:11:20.72Z,18.12
2026-01-31T14:16:20.573Z,18.12
2026-01-31T14:21:20.577Z,17.95
2026-01-31T14:26:20.708Z,18.06
2026-01-31T14:31:20.536Z,18.15
2026-01-31T14:36:20.685Z,17.95
2026-01-31T14:41:20.587Z,18.12
2026-01-31T14:46:20.674Z,18.12
2026-01-31T14:51:20.548Z,18.15
2026-01-31T14:56:20.764Z,18.18
2026-01-31T15:01:20.579Z,18.32
2026-01-31T15:06:20.507Z,18.35
2026-01-31T15:11:20.667Z,18.29
2026-01-31T15:16:20.563Z,18.32
2026-01-31T15:21:20.6Z,18.29
2026-01-31T15:26:20.754Z,18.29
2026-01-31T15:31:20.626Z,18.29
2026-01-31T15:36:20.739Z,18.18
2026-01-31T15:41:20.581Z,18.09
2026-01-31T15:46:20.548Z,17.97
2026-01-31T15:51:20.575Z,17.97
2026-01-31T15:56:20.627Z,18.0
2026-01-31T16:01:20.688Z,17.95
2026-01-31T16:06:20.772Z,18.03
2026-01-31T16:11:20.578Z,18.0
2026-01-31T16:16:20.601Z,17.92
2026-01-31T16:21:20.813Z,17.8
2026-01-31T16:26:20.666Z,17.8
2026-01-31T16:31:20.551Z,17.74
2026-01-31T16:36:20.747Z,17.69
2026-01-31T16:41:20.741Z,17.66
2026-01-31T16:46:20.708Z,17.43
2026-01-31T16:51:20.724Z,17.2
2026-01-31T16:56:21.018Z,17.11
2026-01-31T17:01:20.721Z,17.05
2026-01-31T17:06:20.613Z,16.91
2026-01-31T17:11:20.549Z,16.85
2026-01-31T17:16:20.534Z,16.79
2026-01-31T17:21:20.576Z,16.74
2026-01-31T17:26:20.897Z,16.56
2026-01-31T17:31:20.766Z,16.48
2026-01-31T17:36:20.686Z,16.51
2026-01-31T17:41:20.514Z,16.37
2026-01-31T17:46:20.578Z,16.3
2026-01-31T17:51:20.765Z,16.1
2026-01-31T17:56:20.531Z,16.02
2026-01-31T18:01:20.77Z,15.96
2026-01-31T18:06:20.581Z,15.99
2026-01-31T18:11:20.66Z,15.93
2026-01-31T18:16:20.581Z,15.9
2026-01-31T18:21:20.582Z,15.81
2026-01-31T18:26:20.717Z,15.84
2026-01-31T18:31:20.689Z,15.79
2026-01-31T18:36:20.835Z,15.81
2026-01-31T18:41:20.743Z,15.7
2026-01-31T18:46:20.526Z,15.61
2026-01-31T18:51:20.68Z,15.58
2026-01-31T18:56:21.257Z,15.47
2026-01-31T19:01:20.592Z,15.47
2026-01-31T19:06:20.605Z,15.39
2026-01-31T19:11:20.519Z,15.33
2026-01-31T19:16:20.661Z,15.21
2026-01-31T19:21:20.682Z,15.04
2026-01-31T19:26:20.872Z,15.04
2026-01-31T19:31:20.504Z,14.9
2026-01-31T19:36:20.57Z,14.86
2026-01-31T19:41:20.53Z,14.93
2026-01-31T19:46:20.639Z,14.93
2026-01-31T19:51:20.697Z,14.98
2026-01-31T19:56:20.543Z,14.93
2026-01-31T20:01:20.702Z,14.78
2026-01-31T20:06:20.529Z,14.67
2026-01-31T20:11:20.665Z,14.64
2026-01-31T20:16:20.625Z,14.52
2026-01-31T20:21:20.724Z,14.37
2026-01-31T20:26:20.719Z,14.32
2026-01-31T20:31:20.638Z,14.18
2026-01-31T20:36:20.748Z,13.92
2026-01-31T20:41:20.588Z,13.8
2026-01-31T20:46:20.541Z,13.37
2026-01-31T20:51:20.914Z,13.08
2026-01-31T20:56:20.744Z,12.85
2026-01-31T21:01:20.662Z,12.65
2026-01-31T21:06:20.789Z,12.42
2026-01-31T21:11:20.719Z,12.36
2026-01-31T21:16:21.234Z,12.25
2026-01-31T21:21:20.695Z,11.99
2026-01-31T21:26:21.242Z,11.7
2026-01-31T21:31:20.629Z,11.47
2026-01-31T21:36:20.532Z,11.24
2026-01-31T21:41:20.669Z,11.07
2026-01-31T21:46:20.614Z,11.1
2026-01-31T21:51:20.629Z,11.24
2026-01-31T21:56:20.915Z,11.5
2026-01-31T22:01:20.929Z,12.02
2026-01-31T22:06:20.509Z,12.36
2026-01-31T22:11:20.699Z,12.31
2026-01-31T22:16:20.629Z,12.19
2026-01-31T22:21:20.681Z,12.16
2026-01-31T22:26:20.557Z,12.13
2026-01-31T22:31:20.525Z,11.87
2026-01-31T22:36:20.626Z,11.82
2026-01-31T22:41:20.575Z,11.76
2026-01-31T22:46:20.525Z,11.76
2026-01-31T22:51:20.509Z,11.87
2026-01-31T22:56:20.561Z,11.87
2026-01-31T23:01:20.697Z,11.84
2026-01-31T23:06:20.733Z,11.73
2026-01-31T23:11:20.671Z,11.67
2026-01-31T23:16:20.684Z,11.61
2026-01-31T23:21:21.317Z,11.53
2026-01-31T23:26:20.486Z,11.5
2026-01-31T23:31:20.51Z,11.41
2026-01-31T23:36:20.528Z,11.3
2026-01-31T23:41:20.484Z,11.21
2026-01-31T23:46:20.737Z,11.07
2026-01-31T23:51:20.787Z,11.01
2026-01-31T23:56:20.625Z,10.89
2026-02-01T00:01:20.602Z,10.78
2026-02-01T00:06:20.708Z,10.58
2026-02-01T00:11:20.742Z,10.43
2026-02-01T00:16:20.577Z,10.47
2026-02-01T00:21:20.525Z,10.49
2026-02-01T00:26:20.609Z,10.55
2026-02-01T00:31:20.696Z,10.55
2026-02-01T00:36:20.615Z,10.66
2026-02-01T00:41:20.562Z,10.78
2026-02-01T00:46:20.592Z,10.98
2026-02-01T00:51:20.564Z,11.07
2026-02-01T00:56:20.806Z,11.07
2026-02-01T01:01:20.931Z,10.98
2026-02-01T01:06:20.618Z,10.7
2026-02-01T01:11:20.789Z,10.32
2026-02-01T01:16:20.944Z,10.06
2026-02-01T01:21:20.624Z,9.66
2026-02-01T01:26:20.755Z,9.4
2026-02-01T01:31:21.264Z,9.31
2026-02-01T01:36:20.54Z,9.17
2026-02-01T01:41:20.593Z,8.97
2026-02-01T01:46:20.718Z,8.74
2026-02-01T01:51:20.535Z,8.65
2026-02-01T01:56:20.856Z,8.74
2026-02-01T02:01:20.895Z,9.23
2026-02-01T02:06:20.629Z,9.75
2026-02-01T02:11:20.709Z,9.98
2026-02-01T02:16:20.583Z,10.32
2026-02-01T02:21:20.552Z,10.52
2026-02-01T02:26:20.649Z,10.47
2026-02-01T02:31:20.619Z,10.35
2026-02-01T02:36:20.592Z,10.4
2026-02-01T02:41:20.506Z,10.63
2026-02-01T02:46:20.584Z,10.89
2026-02-01T02:51:20.579Z,11.21
2026-02-01T02:56:20.54Z,11.41
2026-02-01T03:01:20.54Z,11.76
2026-02-01T03:06:20.871Z,11.82
2026-02-01T03:11:20.725Z,11.9
2026-02-01T03:16:20.589Z,11.79
2026-02-01T03:21:20.674Z,11.7
2026-02-01T03:26:20.618Z,11.61
2026-02-01T03:31:20.566Z,11.64
2026-02-01T03:36:20.654Z,11.76
2026-02-01T03:41:20.612Z,11.93
2026-02-01T03:46:20.586Z,11.9
2026-02-01T03:51:20.593Z,11.93
2026-02-01T03:56:20.553Z,11.96
2026-02-01T04:01:20.561Z,11.9
2026-02-01T04:06:20.734Z,11.84
2026-02-01T04:11:20.585Z,11.67
2026-02-01T04:16:20.616Z,11.5
2026-02-01T04:21:20.585Z,11.35
2026-02-01T04:26:20.689Z,11.21
2026-02-01T04:31:20.523Z,11.19
2026-02-01T04:36:20.621Z,11.01
2026-02-01T04:41:20.591Z,11.07
2026-02-01T04:46:20.727Z,11.04
2026-02-01T04:51:20.678Z,10.81
2026-02-01T04:56:20.571Z,10.89
2026-02-01T05:01:20.67Z,11.01
2026-02-01T05:06:20.62Z,11.24
2026-02-01T05:11:20.602Z,11.7
2026-02-01T05:16:20.476Z,11.99
2026-02-01T05:21:20.53Z,12.19
2026-02-01T05:26:20.526Z,12.28
2026-02-01T05:31:20.687Z,12.42
2026-02-01T05:36:20.612Z,12.48
2026-02-01T05:41:20.65Z,12.39
2026-02-01T05:46:20.507Z,12.42
2026-02-01T05:51:20.534Z,12.39
2026-02-01T05:56:20.525Z,12.36
2026-02-01T06:01:20.696Z,12.33
2026-02-01T06:06:20.694Z,12.31
2026-02-01T06:11:20.579Z,12.33
2026-02-01T06:16:20.497Z,12.25
2026-02-01T06:21:20.613Z,12.16
2026-02-01T06:26:20.731Z,12.02
2026-02-01T06:31:20.542Z,11.76
2026-02-01T06:36:20.552Z,11.59
2026-02-01T06:41:20.557Z,11.24
2026-02-01T06:46:20.714Z,10.98
2026-02-01T06:51:21.179Z,11.01
2026-02-01T06:56:20.706Z,10.81
2026-02-01T07:01:20.657Z,10.75
2026-02-01T07:06:20.705Z,10.66
2026-02-01T07:11:20.71Z,10.89
2026-02-01T07:16:21.182Z,11.01
2026-02-01T07:21:20.694Z,11.12
2026-02-01T07:26:20.725Z,11.04
2026-02-01T07:31:20.575Z,11.12
2026-02-01T07:36:20.585Z,11.15
2026-02-01T07:41:21.431Z,11.24
2026-02-01T07:46:20.543Z,11.47
2026-02-01T07:51:20.58Z,11.7
2026-02-01T07:56:20.626Z,11.96
2026-02-01T08:01:20.548Z,12.16
2026-02-01T08:06:20.624Z,12.36
2026-02-01T08:11:20.57Z,12.68
2026-02-01T08:16:20.568Z,12.97
2026-02-01T08:21:20.55Z,13.03
2026-02-01T08:26:20.491Z,12.85
2026-02-01T08:31:20.612Z,12.79
2026-02-01T08:36:20.537Z,12.91
2026-02-01T08:41:20.658Z,13.08
2026-02-01T08:46:20.633Z,13.4
2026-02-01T08:51:20.507Z,13.89
2026-02-01T08:56:20.695Z,14.12
2026-02-01T09:01:20.47Z,14.35
2026-02-01T09:06:20.581Z,14.67
2026-02-01T09:11:20.733Z,14.86
2026-02-01T09:16:20.748Z,14.84
2026-02-01T09:21:20.668Z,14.75
2026-02-01T09:26:20.577Z,14.86
2026-02-01T09:31:20.618Z,15.09
2026-02-01T09:36:20.48Z,15.3
2026-02-01T09:41:20.562Z,15.53
2026-02-01T09:46:20.467Z,15.84
2026-02-01T09:51:20.731Z,15.79
2026-02-01T09:56:20.519Z,15.81
2026-02-01T10:01:20.604Z,15.88
2026-02-01T10:06:20.706Z,15.88
2026-02-01T10:11:20.664Z,15.88
2026-02-01T10:16:20.578Z,15.96
2026-02-01T10:21:20.746Z,15.81
2026-02-01T10:26:20.7Z,15.81
2026-02-01T10:31:20.49Z,15.7
2026-02-01T10:36:20.628Z,15.7
2026-02-01T10:41:20.587Z,15.67
2026-02-01T10:46:20.989Z,15.81
2026-02-01T10:51:20.494Z,15.93
2026-02-01T10:56:21.142Z,16.1
2026-02-01T11:01:20.61Z,16.14
2026-02-01T11:06:20.462Z,16.19
2026-02-01T11:11:20.497Z,16.37
2026-02-01T11:16:20.622Z,16.42
2026-02-01T11:21:20.541Z,16.22
2026-02-01T11:26:20.669Z,16.22
2026-02-01T11:31:20.53Z,16.37
2026-02-01T11:36:20.492Z,16.37
2026-02-01T11:41:20.689Z,16.25
2026-02-01T11:46:20.589Z,16.07
2026-02-01T11:51:20.717Z,16.16
2026-02-01T11:56:20.722Z,16.16
2026-02-01T12:01:20.591Z,16.16
2026-02-01T12:06:20.584Z,16.19
2026-02-01T12:11:20.695Z,16.07
2026-02-01T12:16:20.677Z,16.22
2026-02-01T12:21:20.684Z,16.28
2026-02-01T12:26:20.689Z,16.42
2026-02-01T12:31:20.69Z,16.59
2026-02-01T12:36:20.52Z,16.68
2026-02-01T12:41:20.569Z,16.77
2026-02-01T12:46:20.977Z,16.82
2026-02-01T12:51:20.507Z,16.94
2026-02-01T12:56:20.559Z,16.94
2026-02-01T13:01:20.667Z,17.14
2026-02-01T13:06:20.585Z,17.2
2026-02-01T13:11:20.717Z,17.2
2026-02-01T13:16:20.643Z,17.17
2026-02-01T13:21:20.462Z,17.23
2026-02-01T13:26:20.693Z,17.23
2026-02-01T13:31:20.552Z,17.34
2026-02-01T13:36:20.531Z,17.46
2026-02-01T13:41:20.88Z,17.72
2026-02-01T13:46:20.628Z,17.77
2026-02-01T13:51:20.568Z,18.0
2026-02-01T13:56:21.521Z,18.23
2026-02-01T14:01:20.534Z,18.23
2026-02-01T14:06:20.657Z,18.35
2026-02-01T14:11:20.617Z,18.32
2026-02-01T14:16:20.679Z,18.18
2026-02-01T14:21:20.523Z,18.41
2026-02-01T14:26:20.578Z,18.55
2026-02-01T14:31:20.644Z,18.87
2026-02-01T14:36:20.682Z,19.27
2026-02-01T14:41:20.477Z,19.24
2026-02-01T14:46:20.441Z,19.18
2026-02-01T14:51:20.981Z,19.13
2026-02-01T14:56:20.593Z,18.9
2026-02-01T15:01:20.696Z,19.16
2026-02-01T15:06:20.648Z,19.24
2026-02-01T15:11:20.528Z,19.36
2026-02-01T15:16:20.45Z,19.27
2026-02-01T15:21:20.48Z,19.36
2026-02-01T15:26:20.608Z,19.36
2026-02-01T15:31:20.534Z,19.21
2026-02-01T15:36:20.588Z,19.3
2026-02-01T15:41:20.594Z,19.07
2026-02-01T15:46:20.522Z,19.01
2026-02-01T15:51:20.571Z,19.24
2026-02-01T15:56:20.521Z,19.07
2026-02-01T16:01:20.439Z,19.16
2026-02-01T16:06:20.482Z,19.27
2026-02-01T16:11:20.661Z,19.18
2026-02-01T16:16:20.663Z,19.16
2026-02-01T16:21:20.662Z,19.16
2026-02-01T16:26:21.258Z,19.1
2026-02-01T16:31:20.539Z,18.87
2026-02-01T16:36:20.783Z,18.58
2026-02-01T16:41:20.549Z,18.32
2026-02-01T16:46:20.53Z,18.06
2026-02-01T16:51:20.548Z,17.89
2026-02-01T16:56:20.539Z,17.83
2026-02-01T17:01:20.599Z,17.74
2026-02-01T17:06:20.587Z,17.46
2026-02-01T17:11:20.588Z,17.08
2026-02-01T17:16:20.599Z,16.85
2026-02-01T17:21:20.554Z,16.65
2026-02-01T17:26:20.526Z,16.51
2026-02-01T17:31:20.615Z,16.25
2026-02-01T17:36:20.628Z,16.19
2026-02-01T17:41:20.669Z,16.05
2026-02-01T17:46:21.548Z,15.9
2026-02-01T17:51:20.582Z,15.79
2026-02-01T17:56:20.97Z,15.61
2026-02-01T18:01:20.539Z,15.47
2026-02-01T18:06:20.67Z,15.47
2026-02-01T18:11:20.467Z,15.35
2026-02-01T18:16:20.455Z,15.27
2026-02-01T18:21:20.612Z,15.21
2026-02-01T18:26:20.53Z,15.12
2026-02-01T18:31:20.54Z,15.16
2026-02-01T18:36:20.484Z,15.01
2026-02-01T18:41:20.512Z,15.07
2026-02-01T18:46:20.566Z,15.19
2026-02-01T18:51:20.827Z,15.3
2026-02-01T18:56:20.7Z,15.3
2026-02-01T19:01:20.64Z,15.33
2026-02-01T19:06:20.662Z,15.24
2026-02-01T19:11:20.585Z,15.01
2026-02-01T19:16:20.579Z,14.84
2026-02-01T19:21:20.478Z,14.52
2026-02-01T19:26:20.6Z,14.23
2026-02-01T19:31:20.6Z,13.89
2026-02-01T19:36:20.608Z,13.72
2026-02-01T19:41:20.651Z,13.4
2026-02-01T19:46:20.65Z,13.17
2026-02-01T19:51:20.566Z,13.03
2026-02-01T19:56:20.64Z,13.03
2026-02-01T20:01:20.552Z,13.0
2026-02-01T20:06:20.532Z,13.0
2026-02-01T20:11:20.403Z,13.0
2026-02-01T20:16:20.614Z,12.85
2026-02-01T20:21:20.577Z,12.79
2026-02-01T20:26:20.635Z,12.68
2026-02-01T20:31:20.617Z,12.56
2026-02-01T20:36:20.423Z,12.39
2026-02-01T20:41:20.626Z,12.42
2026-02-01T20:46:20.91Z,12.39
2026-02-01T20:51:20.976Z,12.25
2026-02-01T20:56:20.89Z,12.16
2026-02-01T21:01:20.586Z,12.33
2026-02-01T21:06:20.529Z,12.31
2026-02-01T21:11:20.613Z,12.25
2026-02-01T21:16:20.747Z,12.36
2026-02-01T21:21:20.461Z,12.39
2026-02-01T21:26:20.61Z,12.42
2026-02-01T21:31:20.595Z,12.39
2026-02-01T21:36:20.407Z,12.28
2026-02-01T21:41:20.568Z,12.13
2026-02-01T21:46:20.646Z,12.1
2026-02-01T21:51:20.525Z,12.13
2026-02-01T21:56:20.41Z,12.13
2026-02-01T22:01:20.502Z,12.05
2026-02-01T22:06:20.432Z,11.9
2026-02-01T22:11:20.397Z,11.79
2026-02-01T22:16:20.438Z,11.61
2026-02-01T22:21:20.614Z,11.47
2026-02-01T22:26:20.571Z,11.47
2026-02-01T22:31:20.502Z,11.41
2026-02-01T22:36:20.498Z,11.73
2026-02-01T22:41:20.63Z,11.93
2026-02-01T22:46:20.493Z,12.19
2026-02-01T22:51:20.415Z,12.22
2026-02-01T22:56:20.646Z,12.22
2026-02-01T23:01:20.667Z,12.05
2026-02-01T23:06:20.436Z,12.05
2026-02-01T23:11:20.573Z,11.99
2026-02-01T23:16:20.4Z,11.96
2026-02-01T23:21:20.652Z,12.1
2026-02-01T23:26:20.482Z,12.16
2026-02-01T23:31:20.493Z,12.31
2026-02-01T23:36:20.552Z,12.33
2026-02-01T23:41:20.97Z,12.36
2026-02-01T23:46:20.398Z,12.33
2026-02-01T23:51:20.854Z,12.16
2026-02-01T23:56:20.515Z,12.02
2026-02-02T00:01:20.433Z,11.9
2026-02-02T00:06:20.576Z,11.7
2026-02-02T00:11:20.574Z,11.73
2026-02-02T00:16:20.413Z,11.59
2026-02-02T00:21:20.619Z,11.59
2026-02-02T00:26:20.52Z,11.56
2026-02-02T00:31:20.656Z,11.59
2026-02-02T00:36:20.551Z,11.47
2026-02-02T00:41:20.634Z,11.47
2026-02-02T00:46:20.613Z,11.5
2026-02-02T00:51:20.493Z,11.47
2026-02-02T00:56:20.538Z,11.56
2026-02-02T01:01:20.429Z,11.56
2026-02-02T01:06:20.569Z,11.53
2026-02-02T01:11:20.549Z,11.5
2026-02-02T01:16:20.577Z,11.38
2026-02-02T01:21:20.626Z,11.41
2026-02-02T01:26:20.571Z,11.33
2026-02-02T01:31:20.447Z,11.3
2026-02-02T01:36:20.538Z,11.33
2026-02-02T01:41:20.433Z,11.38
2026-02-02T01:46:20.572Z,11.38
2026-02-02T01:51:20.575Z,11.56
2026-02-02T01:56:20.42Z,11.79
2026-02-02T02:01:20.636Z,11.96
2026-02-02T02:06:20.422Z,11.99
2026-02-02T02:11:20.565Z,11.9
2026-02-02T02:16:20.623Z,11.79
2026-02-02T02:21:20.579Z,11.67
2026-02-02T02:26:20.484Z,11.5
2026-02-02T02:31:20.634Z,11.33
2026-02-02T02:36:20.382Z,11.24
2026-02-02T02:41:20.419Z,11.24
2026-02-02T02:46:20.38Z,11.27
2026-02-02T02:51:20.551Z,11.27
2026-02-02T02:56:20.656Z,11.24
2026-02-02T03:01:20.616Z,11.24
2026-02-02T03:06:20.6Z,11.15
2026-02-02T03:11:20.45Z,11.24
2026-02-02T03:16:20.541Z,11.19
2026-02-02T03:21:20.619Z,11.19
2026-02-02T03:26:20.545Z,11.15
2026-02-02T03:31:20.579Z,11.15
2026-02-02T03:36:20.6Z,11.24
2026-02-02T03:41:20.551Z,11.33
2026-02-02T03:46:20.429Z,11.24
2026-02-02T03:51:20.389Z,11.27
2026-02-02T03:56:20.418Z,11.12
2026-02-02T04:01:20.534Z,11.1
2026-02-02T04:06:20.398Z,11.07
2026-02-02T04:11:20.457Z,11.04
2026-02-02T04:16:20.535Z,10.98
2026-02-02T04:21:20.488Z,10.98
2026-02-02T04:26:20.368Z,10.86
2026-02-02T04:31:20.515Z,10.92
2026-02-02T04:36:20.533Z,10.86
2026-02-02T04:41:20.614Z,10.81
2026-02-02T04:46:20.458Z,10.89
2026-02-02T04:51:20.422Z,10.86
2026-02-02T04:56:20.451Z,10.89
2026-02-02T05:01:20.513Z,10.84
2026-02-02T05:06:20.563Z,10.84
2026-02-02T05:11:20.605Z,10.81
2026-02-02T05:16:20.617Z,10.86
2026-02-02T05:21:20.516Z,10.96
2026-02-02T05:26:20.53Z,11.07
2026-02-02T05:31:20.384Z,11.01
2026-02-02T05:36:20.59Z,11.07
2026-02-02T05:41:20.735Z,11.01
2026-02-02T05:46:20.961Z,10.96
2026-02-02T05:51:20.598Z,10.92
2026-02-02T05:56:20.389Z,10.98
2026-02-02T06:01:20.495Z,10.86
2026-02-02T06:06:20.562Z,10.72
2026-02-02T06:11:20.542Z,10.66
2026-02-02T06:16:20.382Z,10.63
2026-02-02T06:21:20.364Z,10.55
2026-02-02T06:26:20.571Z,10.52
2026-02-02T06:31:20.556Z,10.47
2026-02-02T06:36:20.5Z,10.4
2026-02-02T06:41:21.352Z,10.24
2026-02-02T06:46:20.575Z,10.06
2026-02-02T06:51:20.41Z,10.0
2026-02-02T06:56:20.602Z,9.86
2026-02-02T07:01:20.532Z,9.86
2026-02-02T07:06:20.416Z,9.77
2026-02-02T07:11:20.413Z,9.83
2026-02-02T07:16:20.388Z,9.91
2026-02-02T07:21:20.488Z,9.91
2026-02-02T07:26:20.425Z,9.83
2026-02-02T07:31:20.489Z,9.91
2026-02-02T07:36:20.715Z,9.94
2026-02-02T07:41:20.54Z,10.03
2026-02-02T07:46:20.394Z,10.24
2026-02-02T07:51:20.413Z,10.38
2026-02-02T07:56:20.529Z,10.49
2026-02-02T08:01:20.4Z,10.81
2026-02-02T08:06:20.42Z,11.04
2026-02-02T08:11:20.515Z,11.19
2026-02-02T08:16:20.464Z,11.35
2026-02-02T08:21:20.484Z,11.56
2026-02-02T08:26:20.578Z,11.73
2026-02-02T08:31:20.525Z,11.79
2026-02-02T08:36:20.503Z,11.93
2026-02-02T08:41:20.479Z,11.9
2026-02-02T08:46:20.643Z,11.79
2026-02-02T08:51:20.523Z,11.76
2026-02-02T08:56:20.531Z,11.53
2026-02-02T09:01:20.564Z,11.47
2026-02-02T09:06:20.614Z,11.73
2026-02-02T09:11:20.591Z,11.84
2026-02-02T09:16:20.499Z,12.02
2026-02-02T09:21:20.468Z,12.22
2026-02-02T09:26:20.382Z,12.39
2026-02-02T09:31:20.369Z,12.45
2026-02-02T09:36:20.457Z,12.71
2026-02-02T09:41:20.475Z,12.74
2026-02-02T09:46:20.483Z,12.91
2026-02-02T09:51:20.373Z,13.08
2026-02-02T09:56:20.37Z,13.31
2026-02-02T10:01:20.568Z,13.54
2026-02-02T10:06:20.673Z,13.46
2026-02-02T10:11:20.459Z,13.43
2026-02-02T10:16:20.508Z,13.66
2026-02-02T10:21:20.558Z,14.44
2026-02-02T10:26:20.455Z,14.81
2026-02-02T10:31:20.563Z,14.95
2026-02-02T10:36:20.595Z,15.3
2026-02-02T10:41:20.406Z,15.5
2026-02-02T10:46:20.905Z,15.88
2026-02-02T10:51:20.554Z,16.05
2026-02-02T10:56:20.557Z,16.25
2026-02-02T11:01:20.827Z,16.02
2026-02-02T11:06:20.823Z,16.19
2026-02-02T11:11:20.385Z,16.3
2026-02-02T11:16:20.513Z,16.25
2026-02-02T11:21:20.568Z,16.14
2026-02-02T11:26:20.605Z,16.28
2026-02-02T11:31:20.611Z,16.33
2026-02-02T11:36:20.455Z,16.45
2026-02-02T11:41:20.444Z,17.05
2026-02-02T11:46:20.374Z,17.66
2026-02-02T11:51:20.416Z,17.97
2026-02-02T11:56:20.56Z,18.29
2026-02-02T12:01:20.482Z,17.8
2026-02-02T12:06:20.542Z,17.31
2026-02-02T12:11:20.365Z,16.85
2026-02-02T12:16:20.578Z,16.74
2026-02-02T12:21:20.43Z,16.65
2026-02-02T12:26:20.569Z,16.71
2026-02-02T12:31:20.379Z,16.79
2026-02-02T12:36:20.393Z,16.77
2026-02-02T12:41:20.372Z,16.91
2026-02-02T12:46:20.522Z,17.17
2026-02-02T12:51:20.477Z,17.43
2026-02-02T12:56:20.367Z,17.74
2026-02-02T13:01:20.478Z,17.89
2026-02-02T13:06:20.484Z,18.06
2026-02-02T13:11:20.406Z,18.12
2026-02-02T13:16:20.466Z,18.18
2026-02-02T13:21:20.553Z,18.12
2026-02-02T13:26:20.366Z,18.09
2026-02-02T13:31:20.383Z,18.12
2026-02-02T13:36:20.466Z,17.97
2026-02-02T13:41:20.375Z,17.69
2026-02-02T13:46:20.502Z,17.6
2026-02-02T13:51:20.381Z,17.34
2026-02-02T13:56:20.532Z,17.17
2026-02-02T14:01:20.375Z,16.97
2026-02-02T14:06:20.418Z,16.88
2026-02-02T14:11:20.448Z,16.77
2026-02-02T14:16:20.603Z,16.71
2026-02-02T14:21:20.405Z,16.65
2026-02-02T14:26:20.451Z,16.65
2026-02-02T14:31:20.489Z,16.53
2026-02-02T14:36:20.594Z,16.42
2026-02-02T14:41:20.607Z,16.22
2026-02-02T14:46:20.543Z,16.14
2026-02-02T14:51:20.556Z,15.9
2026-02-02T14:56:20.41Z,15.96
2026-02-02T15:01:20.355Z,15.93
2026-02-02T15:06:20.569Z,16.02
2026-02-02T15:11:21.453Z,15.9
2026-02-02T15:16:20.566Z,15.84
2026-02-02T15:21:20.422Z,15.88
2026-02-02T15:26:20.477Z,15.73
2026-02-02T15:31:20.387Z,15.67
2026-02-02T15:36:20.366Z,15.61
2026-02-02T15:41:20.582Z,15.67
2026-02-02T15:46:20.351Z,15.61
2026-02-02T15:51:20.468Z,15.61
2026-02-02T15:56:22.078Z,15.5
2026-02-02T16:01:20.453Z,15.5
2026-02-02T16:06:20.466Z,15.56
2026-02-02T16:11:20.597Z,15.5
2026-02-02T16:16:20.489Z,15.35
2026-02-02T16:21:20.605Z,15.3
2026-02-02T16:26:20.382Z,15.21
2026-02-02T16:31:20.506Z,15.19
2026-02-02T16:36:20.509Z,15.21
2026-02-02T16:41:20.569Z,15.19
2026-02-02T16:46:20.38Z,15.09
2026-02-02T16:51:20.393Z,15.07
2026-02-02T16:56:20.575Z,15.21
2026-02-02T17:01:20.553Z,15.42
2026-02-02T17:06:20.516Z,15.47
2026-02-02T17:11:20.346Z,15.39
2026-02-02T17:16:20.439Z,15.39
2026-02-02T17:21:20.617Z,15.27
2026-02-02T17:26:20.507Z,15.24
2026-02-02T17:31:20.682Z,15.19
2026-02-02T17:36:21.496Z,15.01
2026-02-02T17:41:22.534Z,15.01
2026-02-02T17:46:20.384Z,15.09
2026-02-02T17:51:20.403Z,14.98
2026-02-02T17:56:20.49Z,14.72
2026-02-02T18:01:20.344Z,14.44
2026-02-02T18:06:20.427Z,14.15
2026-02-02T18:11:21.22Z,13.74
2026-02-02T18:16:20.558Z,13.28
2026-02-02T18:21:21.124Z,12.88
2026-02-02T18:26:20.547Z,13.34
2026-02-02T18:31:20.332Z,13.66
2026-02-02T18:36:20.433Z,13.83
2026-02-02T18:41:20.364Z,13.74
2026-02-02T18:46:20.542Z,13.83
2026-02-02T18:51:20.381Z,13.63
2026-02-02T18:56:20.493Z,13.31
2026-02-02T19:01:20.531Z,12.94
2026-02-02T19:06:20.466Z,12.88
2026-02-02T19:11:20.382Z,13.08
2026-02-02T19:16:20.57Z,13.37
2026-02-02T19:21:20.373Z,13.43
2026-02-02T19:26:20.558Z,13.43
2026-02-02T19:31:20.368Z,13.4
2026-02-02T19:36:20.371Z,13.49
2026-02-02T19:41:20.491Z,13.51
2026-02-02T19:46:20.489Z,13.37
2026-02-02T19:51:20.516Z,13.17
2026-02-02T19:56:20.431Z,12.91
2026-02-02T20:01:20.459Z,12.88
2026-02-02T20:06:20.462Z,12.77
2026-02-02T20:11:20.506Z,12.65
2026-02-02T20:16:21.071Z,12.59
2026-02-02T20:21:20.384Z,12.62
2026-02-02T20:26:20.575Z,12.51
2026-02-02T20:31:20.316Z,12.48
2026-02-02T20:36:20.53Z,12.82
2026-02-02T20:41:20.522Z,13.0
2026-02-02T20:46:20.362Z,12.91
2026-02-02T20:51:20.333Z,13.0
2026-02-02T20:56:21.072Z,13.11
2026-02-02T21:01:20.367Z,13.11
2026-02-02T21:06:20.574Z,13.23
2026-02-02T21:11:20.329Z,13.34
2026-02-02T21:16:20.498Z,13.28
2026-02-02T21:21:20.485Z,13.26
2026-02-02T21:26:20.579Z,13.31
2026-02-02T21:31:20.432Z,13.14
2026-02-02T21:36:20.592Z,13.11
2026-02-02T21:41:20.867Z,13.08
2026-02-02T21:46:20.493Z,13.03
2026-02-02T21:51:20.533Z,13.0
2026-02-02T21:56:20.366Z,13.0
2026-02-02T22:01:20.994Z,12.97
2026-02-02T22:06:20.395Z,12.97
2026-02-02T22:11:20.564Z,12.97
2026-02-02T22:16:20.334Z,12.77
2026-02-02T22:21:20.553Z,12.77
2026-02-02T22:26:47.163Z,12.62
2026-02-02T22:31:20.588Z,12.62
2026-02-02T22:36:20.552Z,12.51
2026-02-02T22:41:20.335Z,12.51
2026-02-02T22:46:20.545Z,12.36
2026-02-02T22:51:20.557Z,12.45
2026-02-02T22:56:20.37Z,12.62
2026-02-02T23:01:20.346Z,12.77
2026-02-02T23:06:20.404Z,12.79
2026-02-02T23:11:20.496Z,12.74
2026-02-02T23:16:20.444Z,12.68
2026-02-02T23:21:20.656Z,12.77
2026-02-02T23:26:20.842Z,12.79
2026-02-02T23:31:20.771Z,12.79
2026-02-02T23:36:20.531Z,12.71
2026-02-02T23:41:22.46Z,12.65
2026-02-02T23:46:20.36Z,12.62
2026-02-02T23:51:20.345Z,12.59
2026-02-02T23:56:20.5Z,12.51
2026-02-03T00:01:20.459Z,12.54
2026-02-03T00:06:20.367Z,12.45
2026-02-03T00:11:20.56Z,12.36
2026-02-03T00:16:20.494Z,12.28
2026-02-03T00:21:20.551Z,12.16
2026-02-03T00:26:20.331Z,11.99
2026-02-03T00:31:20.31Z,11.64
2026-02-03T00:36:20.521Z,11.33
2026-02-03T00:41:20.536Z,10.92
2026-02-03T00:46:20.488Z,10.72
2026-02-03T00:51:20.383Z,10.32
2026-02-03T00:56:20.382Z,10.0
2026-02-03T01:01:20.47Z,9.68
2026-02-03T01:06:20.335Z,9.45
2026-02-03T01:11:20.422Z,9.26
2026-02-03T01:16:20.544Z,9.05
2026-02-03T01:21:20.421Z,8.94
2026-02-03T01:26:20.51Z,9.14
2026-02-03T01:31:20.518Z,9.4
2026-02-03T01:36:20.374Z,9.77
2026-02-03T01:41:20.319Z,10.12
2026-02-03T01:46:20.572Z,10.38
2026-02-03T01:51:20.534Z,10.43
2026-02-03T01:56:20.357Z,10.49
2026-02-03T02:01:20.432Z,10.43
2026-02-03T02:06:20.475Z,10.4
2026-02-03T02:11:20.468Z,10.21
2026-02-03T02:16:20.402Z,9.94
2026-02-03T02:21:20.425Z,9.51
2026-02-03T02:26:20.324Z,9.42
2026-02-03T02:31:20.389Z,9.4
2026-02-03T02:36:20.389Z,9.11
2026-02-03T02:41:20.359Z,8.91
2026-02-03T02:46:20.482Z,8.77
2026-02-03T02:51:20.415Z,8.65
2026-02-03T02:56:20.365Z,8.62
2026-02-03T03:01:20.428Z,8.62
2026-02-03T03:06:20.451Z,8.48
2026-02-03T03:11:20.386Z,8.36
2026-02-03T03:16:20.337Z,8.19
2026-02-03T03:21:20.561Z,8.13
2026-02-03T03:26:20.346Z,8.13
2026-02-03T03:31:20.462Z,8.08
2026-02-03T03:36:20.448Z,8.08
2026-02-03T03:41:20.541Z,7.99
2026-02-03T03:46:20.559Z,7.84
2026-02-03T03:51:20.434Z,7.73
2026-02-03T03:56:20.468Z,7.53
2026-02-03T04:01:20.401Z,7.59
2026-02-03T04:06:20.544Z,7.41
2026-02-03T04:11:20.356Z,7.44
2026-02-03T04:16:20.33Z,7.33
2026-02-03T04:21:20.334Z,7.21
2026-02-03T04:26:20.486Z,7.21
2026-02-03T04:31:20.52Z,7.12
2026-02-03T04:36:20.595Z,7.12
2026-02-03T04:41:20.358Z,7.24
2026-02-03T04:46:20.497Z,7.27
2026-02-03T04:51:20.476Z,7.21
2026-02-03T04:56:20.569Z,7.47
2026-02-03T05:01:20.478Z,7.44
2026-02-03T05:06:20.434Z,7.41
2026-02-03T05:11:20.42Z,7.33
2026-02-03T05:16:20.531Z,7.3
2026-02-03T05:21:20.576Z,7.3
2026-02-03T05:26:20.474Z,7.35
2026-02-03T05:31:20.339Z,7.07
2026-02-03T05:36:20.527Z,6.92
2026-02-03T05:41:20.387Z,6.87
2026-02-03T05:46:20.473Z,6.98
2026-02-03T05:51:20.407Z,6.87
2026-02-03T05:56:20.323Z,6.81
2026-02-03T06:01:20.431Z,6.89
2026-02-03T06:06:20.351Z,6.95
2026-02-03T06:11:20.498Z,6.75
2026-02-03T06:16:20.555Z,6.69
2026-02-03T06:21:20.419Z,6.72
2026-02-03T06:26:20.419Z,6.69
2026-02-03T06:31:20.45Z,6.78
2026-02-03T06:36:20.375Z,6.92
2026-02-03T06:41:20.631Z,7.07
2026-02-03T06:46:20.447Z,7.24
2026-02-03T06:51:20.529Z,7.44
2026-02-03T06:56:20.414Z,7.53
2026-02-03T07:01:20.379Z,7.61
2026-02-03T07:06:20.384Z,7.7
2026-02-03T07:11:20.378Z,7.76
2026-02-03T07:16:20.47Z,7.59
2026-02-03T07:21:20.322Z,7.44
2026-02-03T07:26:20.498Z,7.38
2026-02-03T07:31:20.859Z,7.35
2026-02-03T07:36:20.534Z,7.44
2026-02-03T07:41:20.498Z,7.67
2026-02-03T07:46:20.326Z,7.87
2026-02-03T07:51:20.489Z,7.82
2026-02-03T07:56:20.367Z,7.87
2026-02-03T08:01:20.436Z,7.87
2026-02-03T08:06:20.325Z,7.99
2026-02-03T08:11:20.699Z,8.25
2026-02-03T08:16:20.432Z,8.59
2026-02-03T08:21:20.488Z,8.74
2026-02-03T08:26:20.477Z,8.79
2026-02-03T08:31:20.46Z,8.82
2026-02-03T08:36:20.406Z,8.85
2026-02-03T08:41:20.438Z,9.03
2026-02-03T08:46:20.515Z,9.19
2026-02-03T08:51:20.389Z,9.4
2026-02-03T08:56:21.484Z,9.6
2026-02-03T09:01:20.477Z,9.77
2026-02-03T09:06:20.93Z,10.09
2026-02-03T09:11:21.026Z,10.52
2026-02-03T09:16:20.96Z,10.89
2026-02-03T09:21:20.314Z,11.3
2026-02-03T09:26:21.023Z,11.79
2026-02-03T09:31:21.058Z,12.28
2026-02-03T09:36:20.431Z,12.59
2026-02-03T09:41:20.449Z,12.77
2026-02-03T09:46:20.327Z,12.91
2026-02-03T09:51:20.541Z,13.08
2026-02-03T09:56:20.589Z,13.28
2026-02-03T10:01:21.088Z,13.74
2026-02-03T10:06:21.259Z,14.12
2026-02-03T10:11:20.416Z,14.37
2026-02-03T10:16:20.336Z,14.61
2026-02-03T10:21:20.493Z,14.7
2026-02-03T10:26:20.389Z,14.52
2026-02-03T10:31:20.466Z,14.29
2026-02-03T10:36:20.473Z,14.23
2026-02-03T10:41:20.419Z,14.18
2026-02-03T10:46:20.52Z,14.03
2026-02-03T10:51:20.603Z,14.09
2026-02-03T10:56:20.531Z,14.09
2026-02-03T11:01:20.394Z,14.18
2026-02-03T11:06:20.355Z,14.15
2026-02-03T11:11:20.788Z,14.15
2026-02-03T11:21:20.521Z,14.09
2026-02-03T11:26:20.39Z,14.03
2026-02-03T11:31:20.366Z,14.26
2026-02-03T11:36:20.462Z,14.37
2026-02-03T11:41:20.492Z,14.47
2026-02-03T11:46:20.499Z,14.75
2026-02-03T11:51:20.474Z,15.07
2026-02-03T11:56:20.511Z,15.19
2026-02-03T12:01:20.405Z,15.27
2026-02-03T12:06:20.475Z,15.65
2026-02-03T12:11:20.441Z,15.84
2026-02-03T12:16:20.317Z,15.88
2026-02-03T12:21:20.298Z,15.93
2026-02-03T12:26:20.507Z,15.81
2026-02-03T12:31:20.425Z,15.9
2026-02-03T12:36:20.483Z,16.42
2026-02-03T12:41:20.367Z,16.42
2026-02-03T12:46:20.382Z,16.68
2026-02-03T12:51:20.486Z,16.94
2026-02-03T12:56:20.553Z,16.65
2026-02-03T13:01:20.439Z,16.79
2026-02-03T13:06:20.363Z,16.82
2026-02-03T13:11:20.551Z,16.62
2026-02-03T13:16:20.883Z,16.68
2026-02-03T13:21:20.415Z,16.59
2026-02-03T13:26:20.516Z,16.59
2026-02-03T13:31:20.376Z,16.59
2026-02-03T13:36:20.483Z,16.65
2026-02-03T13:41:20.416Z,16.68
2026-02-03T13:46:20.467Z,16.88
2026-02-03T13:51:20.336Z,17.08
2026-02-03T13:56:20.514Z,17.11
2026-02-03T14:01:20.527Z,17.11
2026-02-03T14:06:20.489Z,17.11
2026-02-03T14:11:20.481Z,17.31
2026-02-03T14:16:20.491Z,17.17
2026-02-03T14:21:20.46Z,17.46
2026-02-03T14:26:20.295Z,17.43
2026-02-03T14:31:20.372Z,17.72
2026-02-03T14:36:20.344Z,17.83
2026-02-03T14:41:21.656Z,18.38
2026-02-03T14:46:20.292Z,18.46
2026-02-03T14:51:20.472Z,17.97
2026-02-03T14:56:20.476Z,17.86
2026-02-03T15:01:20.543Z,17.51
2026-02-03T15:06:20.397Z,17.28
2026-02-03T15:11:20.522Z,17.14
2026-02-03T15:16:20.497Z,17.23
2026-02-03T15:21:20.38Z,17.05
2026-02-03T15:26:20.471Z,17.0
2026-02-03T15:31:20.437Z,16.74
2026-02-03T15:36:20.439Z,16.65
2026-02-03T15:41:20.343Z,16.42
2026-02-03T15:46:20.451Z,15.61
2026-02-03T15:51:20.387Z,14.55
2026-02-03T15:56:20.289Z,13.74
2026-02-03T16:01:20.335Z,13.08
2026-02-03T16:06:20.485Z,12.79
2026-02-03T16:11:20.388Z,12.77
2026-02-03T16:16:20.39Z,12.59
2026-02-03T16:21:20.77Z,12.48
2026-02-03T16:26:20.412Z,12.33
2026-02-03T16:31:20.372Z,12.16
2026-02-03T16:36:20.513Z,12.33
2026-02-03T16:41:20.379Z,12.31
2026-02-03T16:46:20.517Z,12.31
2026-02-03T16:51:20.487Z,12.48
2026-02-03T16:56:20.367Z,12.65
2026-02-03T17:01:20.451Z,12.59
2026-02-03T17:06:20.507Z,12.62
2026-02-03T17:11:20.469Z,12.59
2026-02-03T17:16:20.332Z,12.36
2026-02-03T17:21:20.399Z,12.33
2026-02-03T17:26:21.162Z,12.19
2026-02-03T17:31:20.29Z,11.82
2026-02-03T17:36:20.345Z,11.67
2026-02-03T17:41:20.515Z,11.53
2026-02-03T17:46:20.444Z,11.38
2026-02-03T17:51:20.315Z,11.21
2026-02-03T17:56:20.35Z,11.15
2026-02-03T18:01:20.507Z,11.04
2026-02-03T18:06:20.434Z,11.12
2026-02-03T18:11:20.437Z,11.12
2026-02-03T18:16:20.51Z,11.24
2026-02-03T18:21:20.339Z,11.21
2026-02-03T18:26:20.297Z,11.33
2026-02-03T18:31:20.78Z,11.27
2026-02-03T18:36:20.373Z,11.27
2026-02-03T18:41:20.404Z,11.3
2026-02-03T18:46:20.38Z,11.21
2026-02-03T18:51:20.397Z,11.04
2026-02-03T18:56:20.631Z,10.75
2026-02-03T19:01:20.462Z,10.43
2026-02-03T19:06:20.394Z,10.24
2026-02-03T19:11:20.493Z,10.03
2026-02-03T19:16:20.331Z,9.94
2026-02-03T19:21:20.493Z,9.83
2026-02-03T19:26:20.365Z,9.72
2026-02-03T19:31:20.267Z,9.68
2026-02-03T19:36:20.294Z,9.63
2026-02-03T19:41:21.264Z,9.49
2026-02-03T19:46:20.429Z,9.45
2026-02-03T19:51:20.492Z,9.37
2026-02-03T19:56:20.468Z,9.4
2026-02-03T20:01:20.939Z,9.37
2026-02-03T20:06:20.413Z,9.49
2026-02-03T20:11:20.354Z,9.51
2026-02-03T20:16:20.432Z,9.4
2026-02-03T20:21:20.372Z,9.4
2026-02-03T20:26:20.365Z,9.4
2026-02-03T20:31:20.667Z,9.4
2026-02-03T20:36:20.272Z,9.4
2026-02-03T20:41:20.477Z,9.4
2026-02-03T20:46:20.312Z,9.34
2026-02-03T20:51:20.366Z,9.34
2026-02-03T20:56:20.364Z,9.34
2026-02-03T21:01:20.478Z,9.31
2026-02-03T21:06:20.473Z,9.26
2026-02-03T21:11:20.421Z,9.28
2026-02-03T21:16:20.392Z,9.26
2026-02-03T21:21:20.395Z,9.26
2026-02-03T21:26:20.385Z,9.28
2026-02-03T21:31:20.379Z,9.63
2026-02-03T21:36:20.33Z,9.8
2026-02-03T21:41:20.327Z,9.91
2026-02-03T21:46:20.464Z,9.91
2026-02-03T21:51:20.474Z,9.83
2026-02-03T21:56:20.334Z,9.72
2026-02-03T22:01:20.414Z,9.72
2026-02-03T22:06:20.261Z,9.77
2026-02-03T22:11:20.576Z,9.75
2026-02-03T22:16:20.324Z,9.8
2026-02-03T22:21:20.248Z,9.8
2026-02-03T22:26:20.51Z,9.54
2026-02-03T22:31:20.509Z,9.51
2026-02-03T22:36:20.342Z,9.49
2026-02-03T22:41:20.425Z,9.54
2026-02-03T22:46:20.267Z,9.63
2026-02-03T22:51:21.198Z,9.54
2026-02-03T22:56:20.376Z,9.54
2026-02-03T23:01:20.395Z,9.51
2026-02-03T23:06:20.49Z,9.57
2026-02-03T23:11:20.479Z,9.63
2026-02-03T23:16:20.471Z,9.75
2026-02-03T23:21:20.477Z,9.68
2026-02-03T23:26:20.316Z,9.83
2026-02-03T23:31:20.469Z,9.89
2026-02-03T23:36:20.535Z,9.98
2026-02-03T23:41:20.425Z,9.94
2026-02-03T23:46:20.378Z,9.89
2026-02-03T23:51:20.336Z,10.03
2026-02-03T23:56:20.46Z,9.89
2026-02-04T00:01:20.424Z,9.86
2026-02-04T00:06:20.248Z,9.86
2026-02-04T00:11:20.361Z,9.89
2026-02-04T00:16:20.465Z,9.94
2026-02-04T00:21:20.417Z,9.98
2026-02-04T00:26:20.417Z,9.91
2026-02-04T00:31:20.352Z,9.98
2026-02-04T00:36:20.307Z,10.0
2026-02-04T00:41:20.374Z,9.94
2026-02-04T00:46:20.511Z,10.06
2026-02-04T00:51:20.285Z,10.09
2026-02-04T00:56:20.38Z,10.09
2026-02-04T01:01:20.357Z,10.09
2026-02-04T01:06:21.084Z,10.12
2026-02-04T01:11:20.441Z,10.09
2026-02-04T01:16:20.35Z,10.0
2026-02-04T01:21:20.276Z,9.89
2026-02-04T01:26:20.367Z,9.77
2026-02-04T01:31:20.334Z,9.77
2026-02-04T01:36:20.498Z,9.72
2026-02-04T01:41:20.322Z,9.6
2026-02-04T01:46:20.468Z,9.57
2026-02-04T01:51:20.281Z,9.51
2026-02-04T01:56:20.41Z,9.42
2026-02-04T02:01:20.42Z,9.37
2026-02-04T02:06:20.295Z,9.34
2026-02-04T02:11:20.75Z,9.4
2026-02-04T02:16:20.471Z,9.37
2026-02-04T02:21:20.539Z,9.42
2026-02-04T02:26:20.337Z,9.42
2026-02-04T02:31:20.371Z,9.37
2026-02-04T02:36:20.314Z,9.4
2026-02-04T02:41:20.468Z,9.34
2026-02-04T02:46:20.413Z,9.34
2026-02-04T02:51:20.382Z,9.37
2026-02-04T02:56:20.335Z,9.37
2026-02-04T03:01:20.344Z,9.34
2026-02-04T03:06:20.457Z,9.34
2026-02-04T03:11:20.372Z,9.49
2026-02-04T03:16:20.458Z,9.49
2026-02-04T03:21:20.257Z,9.51
2026-02-04T03:26:20.284Z,9.51
2026-02-04T03:31:20.419Z,9.54
2026-02-04T03:36:20.301Z,9.57
2026-02-04T03:41:20.295Z,9.6
2026-02-04T03:46:20.437Z,9.68
2026-02-04T03:51:20.369Z,9.68
2026-02-04T03:56:20.348Z,9.68
2026-02-04T04:01:20.41Z,9.66
2026-02-04T04:06:20.281Z,9.63
2026-02-04T04:11:20.696Z,9.6
2026-02-04T04:16:20.387Z,9.54
2026-02-04T04:21:20.329Z,9.6
2026-02-04T04:26:20.457Z,9.63
2026-02-04T04:31:20.366Z,9.66
2026-02-04T04:36:20.335Z,9.66
2026-02-04T04:41:20.407Z,9.63
2026-02-04T04:46:20.513Z,9.63
2026-02-04T04:51:20.488Z,9.66
2026-02-04T04:56:20.401Z,9.63
2026-02-04T05:01:20.399Z,9.72
2026-02-04T05:06:20.564Z,9.72
2026-02-04T05:11:20.5Z,9.63
2026-02-04T05:16:21.215Z,9.57
2026-02-04T05:21:20.377Z,9.6
2026-02-04T05:26:20.402Z,9.6
2026-02-04T05:31:20.548Z,9.54
2026-02-04T05:36:20.739Z,9.57
2026-02-04T05:41:20.558Z,9.63
2026-02-04T05:46:20.691Z,9.72
2026-02-04T05:51:20.399Z,9.66
2026-02-04T05:56:20.78Z,9.77
2026-02-04T06:01:20.4Z,9.89
2026-02-04T06:06:20.659Z,9.91
2026-02-04T06:11:20.806Z,9.94
2026-02-04T06:16:20.275Z,10.0
2026-02-04T06:21:20.714Z,9.94
2026-02-04T06:26:20.936Z,9.94
2026-02-04T06:31:20.807Z,10.0
2026-02-04T06:36:20.284Z,9.91
2026-02-04T06:41:20.816Z,9.94
2026-02-04T06:46:20.468Z,9.86
2026-02-04T06:51:20.826Z,9.83
2026-02-04T06:56:20.447Z,9.91
2026-02-04T07:01:20.404Z,9.86
2026-02-04T07:06:20.385Z,9.86
2026-02-04T07:11:20.56Z,9.91
2026-02-04T07:16:20.458Z,9.8
2026-02-04T07:21:20.482Z,9.89
2026-02-04T07:26:20.4Z,9.98
2026-02-04T07:31:20.314Z,9.91
2026-02-04T07:36:20.468Z,9.89
2026-02-04T07:41:20.362Z,9.89
2026-02-04T07:46:20.769Z,9.83
2026-02-04T07:51:20.455Z,9.72
2026-02-04T07:56:20.233Z,9.77
2026-02-04T08:01:20.362Z,9.8
2026-02-04T08:06:20.274Z,9.83
2026-02-04T08:11:20.235Z,9.77
2026-02-04T08:16:20.424Z,9.75
2026-02-04T08:21:20.248Z,9.77
2026-02-04T08:26:20.28Z,9.83
2026-02-04T08:31:20.271Z,9.83
2026-02-04T08:36:20.475Z,9.94
2026-02-04T08:41:20.441Z,10.03
2026-02-04T08:46:20.363Z,10.15
2026-02-04T08:51:20.379Z,10.32
2026-02-04T08:56:20.331Z,10.43
2026-02-04T09:01:20.35Z,10.52
2026-02-04T09:06:20.477Z,10.75
2026-02-04T09:11:20.262Z,10.63
2026-02-04T09:16:20.26Z,10.63
2026-02-04T09:21:20.314Z,10.61
2026-02-04T09:26:20.354Z,10.7
2026-02-04T09:31:20.327Z,10.81
2026-02-04T09:36:20.332Z,10.86
2026-02-04T09:41:20.471Z,11.01
2026-02-04T09:46:20.467Z,11.1
2026-02-04T09:51:20.416Z,11.1
2026-02-04T09:56:20.457Z,11.07
2026-02-04T10:01:20.473Z,11.04
2026-02-04T10:06:20.438Z,11.1
2026-02-04T10:11:21.869Z,11.12
2026-02-04T10:16:20.4Z,11.07
2026-02-04T10:21:20.441Z,11.1
2026-02-04T10:26:20.502Z,11.12
2026-02-04T10:31:20.285Z,11.12
2026-02-04T10:36:20.292Z,11.15
2026-02-04T10:41:20.516Z,11.19
2026-02-04T10:46:20.685Z,11.21
2026-02-04T10:51:20.403Z,11.38
2026-02-04T10:56:20.408Z,11.41
2026-02-04T11:01:20.279Z,11.53
2026-02-04T11:06:20.417Z,11.67
2026-02-04T11:11:20.512Z,11.82
2026-02-04T11:16:20.484Z,11.96
2026-02-04T11:21:20.368Z,12.1
2026-02-04T11:26:21.482Z,12.16
2026-02-04T11:31:20.283Z,12.39
2026-02-04T11:36:20.395Z,12.62
2026-02-04T11:41:20.301Z,12.85
2026-02-04T11:46:20.298Z,12.97
2026-02-04T11:51:20.371Z,13.2
2026-02-04T11:56:20.342Z,13.4
2026-02-04T12:01:20.301Z,13.66
2026-02-04T12:06:20.524Z,13.86
2026-02-04T12:11:20.409Z,14.0
2026-02-04T12:16:20.272Z,14.18
2026-02-04T12:21:20.384Z,14.29
2026-02-04T12:26:20.804Z,14.47
2026-02-04T12:31:20.387Z,14.93
2026-02-04T12:36:20.386Z,15.58
2026-02-04T12:41:20.325Z,15.96
2026-02-04T12:46:20.492Z,16.22
2026-02-04T12:51:20.369Z,16.48
2026-02-04T12:56:20.393Z,16.79
2026-02-04T13:01:20.343Z,17.14
2026-02-04T13:06:20.41Z,17.34
2026-02-04T13:11:20.431Z,17.54
2026-02-04T13:16:20.45Z,17.57
2026-02-04T13:21:20.239Z,17.49
2026-02-04T13:26:20.269Z,17.43
2026-02-04T13:31:20.333Z,17.26
2026-02-04T13:36:20.454Z,17.26
2026-02-04T13:41:20.347Z,16.91
2026-02-04T13:46:20.477Z,16.74
2026-02-04T13:51:20.401Z,16.59
2026-02-04T13:56:20.442Z,16.48
2026-02-04T14:01:20.429Z,16.39
2026-02-04T14:06:20.383Z,16.05
2026-02-04T14:11:20.401Z,15.79
2026-02-04T14:16:20.399Z,15.42
2026-02-04T14:21:20.255Z,15.07
2026-02-04T14:26:20.279Z,14.81
2026-02-04T14:31:20.243Z,14.52
2026-02-04T14:36:20.381Z,14.44
2026-02-04T14:41:20.446Z,14.35
2026-02-04T14:46:20.322Z,14.32
2026-02-04T14:51:20.361Z,14.44
2026-02-04T14:56:20.321Z,14.35
2026-02-04T15:01:20.389Z,14.32
2026-02-04T15:06:20.444Z,14.29
2026-02-04T15:11:20.354Z,14.23
2026-02-04T15:16:20.287Z,14.18
2026-02-04T15:21:20.247Z,14.09
2026-02-04T15:26:20.367Z,14.06
2026-02-04T15:31:20.368Z,14.03
2026-02-04T15:36:20.256Z,14.0
2026-02-04T15:41:20.405Z,13.92
2026-02-04T15:46:20.365Z,13.86
2026-02-04T15:51:20.324Z,13.83
2026-02-04T15:56:20.433Z,13.86
2026-02-04T16:01:21.271Z,13.92
2026-02-04T16:06:20.335Z,13.95
2026-02-04T16:11:20.364Z,13.89
2026-02-04T16:16:20.371Z,13.8
2026-02-04T16:21:20.351Z,13.74
2026-02-04T16:26:20.226Z,13.54
2026-02-04T16:31:21.555Z,13.46
2026-02-04T16:36:20.334Z,13.34
2026-02-04T16:41:20.368Z,13.43
2026-02-04T16:46:20.53Z,13.46
2026-02-04T16:51:20.402Z,13.43
2026-02-04T16:56:20.231Z,13.37
2026-02-04T17:01:20.23Z,13.31
2026-02-04T17:06:20.475Z,13.23
2026-02-04T17:11:20.398Z,13.11
2026-02-04T17:16:20.272Z,13.2
2026-02-04T17:21:20.35Z,13.23
2026-02-04T17:26:20.319Z,13.11
2026-02-04T17:31:20.333Z,13.05
2026-02-04T17:36:20.207Z,13.03
2026-02-04T17:41:20.219Z,12.85
2026-02-04T17:46:20.228Z,12.91
2026-02-04T17:51:20.238Z,12.91
2026-02-04T17:56:20.366Z,12.88
2026-02-04T18:01:20.23Z,12.97
2026-02-04T18:06:20.377Z,12.85
2026-02-04T18:11:20.369Z,12.77
2026-02-04T18:16:20.375Z,12.68
2026-02-04T18:21:20.358Z,12.59
2026-02-04T18:26:21.554Z,12.56
2026-02-04T18:31:20.271Z,12.65
2026-02-04T18:36:20.29Z,12.59
2026-02-04T18:41:20.388Z,12.68
2026-02-04T18:46:20.347Z,12.74
2026-02-04T18:51:20.165Z,12.85
2026-02-04T18:56:20.66Z,12.91
2026-02-04T19:01:20.632Z,12.85
2026-02-04T19:06:20.332Z,12.94
2026-02-04T19:11:20.363Z,12.97
2026-02-04T19:16:20.32Z,12.97
2026-02-04T19:21:20.252Z,13.03
2026-02-04T19:26:20.238Z,13.05
2026-02-04T19:31:20.375Z,12.97
2026-02-04T19:36:20.344Z,13.05
2026-02-04T19:41:20.35Z,13.05
2026-02-04T19:46:20.185Z,13.05
2026-02-04T19:51:20.543Z,13.03
2026-02-04T19:56:20.372Z,12.97
2026-02-04T20:06:20.182Z,12.97
2026-02-04T20:11:20.236Z,12.97
2026-02-04T20:16:20.356Z,13.0
2026-02-04T20:21:20.199Z,13.03
2026-02-04T20:26:20.392Z,13.0
2026-02-04T20:31:20.276Z,13.0
2026-02-04T20:36:20.451Z,13.05
2026-02-04T20:41:20.582Z,12.97
2026-02-04T20:46:20.16Z,12.91
2026-02-04T20:51:20.237Z,12.82
2026-02-04T20:56:20.57Z,12.85
2026-02-04T21:01:20.396Z,12.85
2026-02-04T21:06:20.687Z,12.79
2026-02-04T21:11:20.692Z,12.85
2026-02-04T21:16:21.279Z,12.77
2026-02-04T21:21:20.882Z,12.74
2026-02-04T21:26:20.921Z,12.74
2026-02-04T21:31:20.964Z,12.71
2026-02-04T21:36:20.227Z,12.82
2026-02-04T21:41:20.348Z,12.88
2026-02-04T21:46:20.382Z,12.88
2026-02-04T21:51:20.174Z,12.91
2026-02-04T21:56:20.754Z,12.82
2026-02-04T22:01:20.36Z,12.97
2026-02-04T22:06:20.182Z,13.03
2026-02-04T22:11:20.394Z,12.94
2026-02-04T22:16:20.258Z,13.03
2026-02-04T22:21:20.459Z,13.11
2026-02-04T22:26:20.398Z,13.03
2026-02-04T22:31:20.828Z,12.97
2026-02-04T22:36:20.286Z,12.94
2026-02-04T22:41:20.575Z,12.94
2026-02-04T22:46:20.386Z,12.94
2026-02-04T22:51:20.42Z,12.97
2026-02-04T22:56:20.31Z,12.97
2026-02-04T23:01:20.279Z,12.97
2026-02-04T23:06:20.233Z,13.03
2026-02-04T23:11:20.292Z,13.05
2026-02-04T23:16:20.284Z,12.94
2026-02-04T23:21:20.254Z,12.91
2026-02-04T23:26:20.27Z,12.79
2026-02-04T23:31:20.546Z,12.59
2026-02-04T23:36:20.315Z,12.48
2026-02-04T23:41:20.408Z,12.45
2026-02-04T23:46:20.223Z,12.28
2026-02-04T23:51:20.306Z,12.28
2026-02-04T23:56:20.253Z,12.28
2026-02-05T00:01:20.171Z,12.22
2026-02-05T00:06:20.157Z,12.31
2026-02-05T00:11:20.163Z,12.33
2026-02-05T00:16:20.325Z,12.45
2026-02-05T00:21:20.206Z,12.56
2026-02-05T00:26:20.346Z,12.59
2026-02-05T00:31:20.379Z,12.45
2026-02-05T00:36:20.254Z,12.36
2026-02-05T00:41:21.162Z,12.31
2026-02-05T00:46:20.229Z,12.22
2026-02-05T00:51:20.33Z,12.16
2026-02-05T00:56:20.405Z,12.22
2026-02-05T01:01:20.263Z,12.31
2026-02-05T01:06:20.375Z,12.36
2026-02-05T01:11:20.257Z,12.36
2026-02-05T01:16:20.362Z,12.45
2026-02-05T01:21:20.694Z,12.45
2026-02-05T01:26:20.358Z,12.31
2026-02-05T01:31:20.339Z,12.31
2026-02-05T01:36:20.371Z,12.22
2026-02-05T01:41:20.377Z,12.19
2026-02-05T01:46:20.169Z,12.19
2026-02-05T01:51:20.156Z,12.16
2026-02-05T01:56:20.301Z,12.19
2026-02-05T02:01:20.287Z,12.16
2026-02-05T02:06:20.294Z,12.16
2026-02-05T02:11:20.17Z,12.02
2026-02-05T02:16:20.302Z,12.02
2026-02-05T02:21:20.298Z,11.9
2026-02-05T02:26:20.292Z,11.82
2026-02-05T02:31:20.369Z,11.73
2026-02-05T02:36:20.374Z,11.64
2026-02-05T02:41:20.387Z,11.47
2026-02-05T02:46:20.352Z,11.5
2026-02-05T02:51:20.285Z,11.53
2026-02-05T02:56:20.248Z,11.67
2026-02-05T03:01:20.338Z,11.7
2026-02-05T03:06:20.611Z,11.67
2026-02-05T03:11:20.376Z,11.67
2026-02-05T03:16:20.359Z,11.61
2026-02-05T03:21:20.509Z,11.56
2026-02-05T03:26:20.518Z,11.5
2026-02-05T03:31:20.641Z,11.5
2026-02-05T03:36:20.359Z,11.35
2026-02-05T03:41:20.575Z,11.35
2026-02-05T03:46:20.49Z,11.33
2026-02-05T03:51:20.589Z,11.38
2026-02-05T03:56:20.593Z,11.56
2026-02-05T04:01:20.591Z,11.61
2026-02-05T04:06:20.457Z,11.7
2026-02-05T04:11:20.515Z,11.73
2026-02-05T04:16:20.482Z,11.79
2026-02-05T04:21:20.574Z,11.7
2026-02-05T04:26:20.597Z,11.64
2026-02-05T04:31:20.709Z,11.67
2026-02-05T04:36:20.554Z,11.7
2026-02-05T04:41:20.927Z,11.56
2026-02-05T04:46:20.578Z,11.59
2026-02-05T04:51:20.97Z,11.38
2026-02-05T04:56:20.374Z,11.33
2026-02-05T05:01:20.601Z,11.27
2026-02-05T05:06:21.17Z,11.19
2026-02-05T05:11:20.35Z,11.07
2026-02-05T05:16:20.45Z,11.21
2026-02-05T05:21:20.456Z,11.3
2026-02-05T05:26:20.406Z,11.47
2026-02-05T05:31:20.43Z,11.56
2026-02-05T05:36:20.606Z,11.59
2026-02-05T05:41:20.436Z,11.5
2026-02-05T05:46:20.734Z,11.38
2026-02-05T05:51:20.395Z,11.35
2026-02-05T05:56:20.364Z,11.35
2026-02-05T06:01:20.529Z,11.41
2026-02-05T06:06:20.576Z,11.53
2026-02-05T06:11:20.62Z,11.53
2026-02-05T06:16:20.447Z,11.47
2026-02-05T06:21:20.397Z,11.27
2026-02-05T06:26:20.405Z,11.19
2026-02-05T06:31:20.357Z,11.07
2026-02-05T06:36:20.558Z,10.96
2026-02-05T06:41:20.525Z,10.92
2026-02-05T06:46:20.513Z,11.1
2026-02-05T06:51:20.596Z,11.3
2026-02-05T06:56:20.548Z,11.5
2026-02-05T07:01:21.046Z,11.59
2026-02-05T07:06:20.351Z,11.64
2026-02-05T07:11:20.449Z,11.67
2026-02-05T07:16:20.458Z,11.56
2026-02-05T07:21:20.439Z,11.5
2026-02-05T07:26:20.585Z,11.27
2026-02-05T07:31:20.494Z,11.1
2026-02-05T07:36:20.655Z,11.04
2026-02-05T07:41:20.559Z,11.04
2026-02-05T07:46:20.526Z,11.1
2026-02-05T07:51:20.494Z,11.12
2026-02-05T07:56:20.535Z,11.24
2026-02-05T08:01:20.492Z,11.35
2026-02-05T08:06:20.366Z,11.38
2026-02-05T08:11:20.442Z,11.38
2026-02-05T08:16:20.596Z,11.41
2026-02-05T08:21:20.478Z,11.61
2026-02-05T08:26:20.449Z,11.87
2026-02-05T08:31:20.383Z,12.25
2026-02-05T08:36:20.603Z,12.59
2026-02-05T08:41:20.542Z,12.71
2026-02-05T08:46:20.355Z,12.91
2026-02-05T08:51:20.41Z,13.0
2026-02-05T08:56:20.432Z,13.23
2026-02-05T09:01:20.613Z,13.86
2026-02-05T09:06:20.552Z,14.26
2026-02-05T09:11:21.065Z,14.64
2026-02-05T09:16:20.443Z,14.75
2026-02-05T09:21:20.597Z,14.84
2026-02-05T09:26:20.437Z,15.04
2026-02-05T09:31:20.536Z,15.47
2026-02-05T09:36:21.841Z,15.84
2026-02-05T09:41:20.367Z,16.82
2026-02-05T09:46:20.448Z,19.39
2026-02-05T09:51:20.648Z,20.19
2026-02-05T09:56:20.392Z,20.22
2026-02-05T10:01:20.451Z,21.4
2026-02-05T10:06:20.678Z,22.09
2026-02-05T10:11:20.426Z,22.29
2026-02-05T10:16:20.741Z,22.58
2026-02-05T10:21:20.709Z,22.67
2026-02-05T10:26:20.958Z,22.58
2026-02-05T10:31:20.872Z,22.55
2026-02-05T10:36:20.979Z,22.78
2026-02-05T10:41:21.144Z,23.18
2026-02-05T10:46:20.6Z,23.39
2026-02-05T10:51:20.346Z,23.5
2026-02-05T10:56:20.376Z,23.65
2026-02-05T11:01:20.373Z,23.85
2026-02-05T11:06:20.347Z,24.08
2026-02-05T11:11:20.365Z,24.37
2026-02-05T11:16:20.515Z,24.6
2026-02-05T11:21:20.395Z,24.83
2026-02-05T11:26:20.557Z,25.11
2026-02-05T11:31:20.612Z,25.4
2026-02-05T11:36:20.487Z,25.55
2026-02-05T11:41:20.588Z,25.66
2026-02-05T11:46:20.561Z,25.75
2026-02-05T11:51:20.372Z,25.95
2026-02-05T11:56:20.552Z,26.12
2026-02-05T12:01:20.42Z,26.18
2026-02-05T12:06:20.365Z,26.12
2026-02-05T12:11:20.436Z,26.04
2026-02-05T12:16:20.457Z,26.2
2026-02-05T12:21:20.415Z,26.18
2026-02-05T12:26:20.478Z,26.24
2026-02-05T12:31:20.425Z,26.27
2026-02-05T12:36:20.445Z,26.38
2026-02-05T12:41:20.504Z,26.27
2026-02-05T12:46:20.562Z,26.44
2026-02-05T12:51:20.654Z,26.44
2026-02-05T12:56:20.592Z,26.46
2026-02-05T13:01:20.426Z,26.35
2026-02-05T13:06:20.508Z,26.27
2026-02-05T13:11:20.438Z,26.29
2026-02-05T13:16:20.587Z,26.29
2026-02-05T13:21:20.379Z,26.35
2026-02-05T13:26:20.519Z,26.32
2026-02-05T13:31:20.438Z,26.35
2026-02-05T13:36:20.526Z,26.29
2026-02-05T13:41:20.953Z,26.29
2026-02-05T13:46:20.534Z,26.27
2026-02-05T13:51:20.429Z,26.01
2026-02-05T13:56:20.454Z,26.24
2026-02-05T14:01:20.356Z,26.38
2026-02-05T14:06:20.532Z,26.5
2026-02-05T14:11:20.375Z,26.52
2026-02-05T14:16:20.438Z,26.27
2026-02-05T14:21:20.535Z,26.06
2026-02-05T14:26:20.363Z,26.04
2026-02-05T14:31:20.355Z,25.95
2026-02-05T14:36:20.444Z,26.06
2026-02-05T14:41:20.464Z,25.89
2026-02-05T14:46:20.325Z,25.72
2026-02-05T14:51:20.58Z,25.69
2026-02-05T14:56:20.444Z,25.72
2026-02-05T15:01:20.433Z,25.57
2026-02-05T15:06:20.363Z,25.6
2026-02-05T15:11:20.594Z,25.55
2026-02-05T15:16:20.429Z,25.52
2026-02-05T15:21:20.466Z,25.23
2026-02-05T15:26:20.554Z,24.8
2026-02-05T15:31:20.389Z,24.62
2026-02-05T15:36:20.476Z,24.77
2026-02-05T15:41:20.365Z,24.57
2026-02-05T15:46:20.723Z,24.28
2026-02-05T15:51:20.432Z,23.99
2026-02-05T15:56:20.358Z,23.59
2026-02-05T16:01:20.323Z,23.24
2026-02-05T16:06:20.475Z,23.07
2026-02-05T16:11:20.523Z,22.75
2026-02-05T16:16:20.775Z,22.72
2026-02-05T16:21:20.338Z,22.9
2026-02-05T16:26:20.925Z,23.04
2026-02-05T16:31:20.972Z,23.13
2026-02-05T16:36:21.058Z,23.04
2026-02-05T16:41:20.545Z,22.87
2026-02-05T16:46:20.596Z,22.58
2026-02-05T16:51:20.492Z,22.49
2026-02-05T16:56:20.395Z,22.29
2026-02-05T17:01:20.398Z,22.23
2026-02-05T17:06:20.525Z,21.97
2026-02-05T17:11:20.546Z,21.92
2026-02-05T17:16:20.406Z,21.63
2026-02-05T17:21:20.431Z,21.63
2026-02-05T17:26:20.306Z,21.43
2026-02-05T17:31:20.535Z,21.4
2026-02-05T17:36:20.343Z,21.28
2026-02-05T17:41:20.323Z,21.11
2026-02-05T17:46:20.43Z,20.91
2026-02-05T17:51:20.325Z,20.71
2026-02-05T17:56:20.342Z,20.57
2026-02-05T18:01:20.394Z,20.45
2026-02-05T18:06:20.344Z,20.22
2026-02-05T18:11:20.352Z,20.11
2026-02-05T18:16:20.387Z,19.99
2026-02-05T18:21:20.311Z,19.93
2026-02-05T18:26:20.346Z,19.85
2026-02-05T18:31:20.51Z,19.7
2026-02-05T18:36:20.472Z,19.85
2026-02-05T18:41:20.405Z,19.88
2026-02-05T18:46:20.501Z,19.82
2026-02-05T18:51:20.468Z,19.76
2026-02-05T18:56:20.557Z,19.67
2026-02-05T19:01:20.458Z,19.73
2026-02-05T19:06:20.416Z,19.67
2026-02-05T19:11:20.67Z,19.47
2026-02-05T19:16:20.453Z,19.39
2026-02-05T19:21:20.315Z,19.33
2026-02-05T19:26:20.482Z,19.24
2026-02-05T19:31:20.462Z,19.21
2026-02-05T19:36:20.374Z,19.36
2026-02-05T19:41:20.445Z,19.39
2026-02-05T19:46:20.317Z,19.59
2026-02-05T19:51:20.338Z,19.59
2026-02-05T19:56:20.487Z,19.42
2026-02-05T20:01:20.382Z,19.3
2026-02-05T20:06:20.421Z,19.27
2026-02-05T20:11:20.474Z,18.95
2026-02-05T20:16:20.844Z,18.72
2026-02-05T20:21:20.457Z,18.49
2026-02-05T20:26:20.329Z,18.32
2026-02-05T20:31:20.356Z,18.21
2026-02-05T20:36:20.417Z,18.09
2026-02-05T20:41:20.328Z,17.95
2026-02-05T20:46:20.333Z,17.89
2026-02-05T20:51:20.328Z,17.77
2026-02-05T20:56:20.412Z,17.72
2026-02-05T21:01:20.294Z,17.66
2026-02-05T21:06:20.509Z,17.51
2026-02-05T21:11:20.354Z,17.49
2026-02-05T21:16:20.527Z,17.49
2026-02-05T21:21:20.472Z,17.51
2026-02-05T21:26:20.392Z,17.43
2026-02-05T21:31:20.355Z,17.46
2026-02-05T21:36:20.498Z,17.51
2026-02-05T21:41:20.962Z,17.51
2026-02-05T21:46:20.295Z,17.54
2026-02-05T21:51:20.592Z,17.49
2026-02-05T21:56:20.443Z,17.43
2026-02-05T22:01:20.497Z,17.31
2026-02-05T22:06:20.429Z,17.23
2026-02-05T22:11:20.512Z,17.31
2026-02-05T22:16:20.486Z,17.23
2026-02-05T22:21:20.276Z,17.17
2026-02-05T22:26:20.255Z,17.14
2026-02-05T22:31:20.446Z,17.05
2026-02-05T22:36:20.359Z,17.17
2026-02-05T22:41:20.338Z,17.31
2026-02-05T22:46:20.496Z,17.31
2026-02-05T22:51:20.431Z,17.26
2026-02-05T22:56:20.392Z,17.23
2026-02-05T23:01:20.467Z,17.31
2026-02-05T23:06:20.471Z,17.31
2026-02-05T23:11:20.339Z,17.34
2026-02-05T23:16:20.448Z,17.31
2026-02-05T23:21:20.488Z,17.46
2026-02-05T23:26:20.299Z,17.66
2026-02-05T23:31:20.41Z,17.86
2026-02-05T23:36:20.479Z,17.83
2026-02-05T23:41:20.262Z,17.74
2026-02-05T23:46:20.334Z,17.51
2026-02-05T23:51:20.469Z,17.31
2026-02-05T23:56:20.799Z,17.17
2026-02-06T00:01:20.75Z,16.91
2026-02-06T00:06:20.461Z,16.71
2026-02-06T00:11:20.423Z,16.56
2026-02-06T00:16:20.358Z,16.37
2026-02-06T00:21:20.433Z,16.45
2026-02-06T00:26:20.323Z,16.45
2026-02-06T00:31:20.43Z,16.28
2026-02-06T00:36:20.531Z,16.48
2026-02-06T00:41:20.294Z,16.79
2026-02-06T00:46:20.487Z,16.71
2026-02-06T00:51:20.319Z,16.68
2026-02-06T00:56:20.432Z,16.59
2026-02-06T01:01:20.352Z,16.59
2026-02-06T01:06:20.404Z,16.71
2026-02-06T01:11:20.331Z,16.74
2026-02-06T01:16:20.453Z,16.48
2026-02-06T01:21:20.405Z,16.33
2026-02-06T01:26:20.459Z,16.25
2026-02-06T01:31:20.386Z,16.14
2026-02-06T01:36:20.375Z,15.99
2026-02-06T01:41:20.242Z,15.84
2026-02-06T01:46:20.401Z,15.76
2026-02-06T01:51:20.448Z,15.58
2026-02-06T01:56:20.457Z,15.61
2026-02-06T02:01:20.389Z,15.61
2026-02-06T02:06:20.711Z,15.53
2026-02-06T02:11:20.377Z,15.44
2026-02-06T02:16:20.459Z,15.5
2026-02-06T02:21:20.658Z,15.44
2026-02-06T02:26:20.458Z,15.67
2026-02-06T02:31:20.362Z,15.58
2026-02-06T02:36:20.361Z,15.42
2026-02-06T02:41:20.312Z,15.27
2026-02-06T02:46:20.293Z,15.04
2026-02-06T02:51:20.453Z,14.95
2026-02-06T02:56:20.254Z,14.86
2026-02-06T03:01:20.495Z,14.78
2026-02-06T03:06:20.432Z,14.9
2026-02-06T03:11:20.423Z,14.98
2026-02-06T03:16:20.326Z,15.21
2026-02-06T03:21:20.496Z,15.3
2026-02-06T03:26:20.272Z,15.3
2026-02-06T03:31:20.264Z,15.5
2026-02-06T03:36:20.356Z,15.58
2026-02-06T03:41:20.273Z,15.7
2026-02-06T03:46:20.747Z,15.65
2026-02-06T03:51:20.259Z,15.61
2026-02-06T03:56:20.494Z,15.47
2026-02-06T04:01:20.309Z,15.33
2026-02-06T04:06:20.42Z,15.12
2026-02-06T04:11:20.374Z,14.93
2026-02-06T04:16:20.405Z,14.78
2026-02-06T04:21:20.477Z,14.64
2026-02-06T04:26:20.247Z,14.44
2026-02-06T04:31:20.288Z,14.29
2026-02-06T04:36:20.293Z,14.52
2026-02-06T04:41:20.37Z,14.52
2026-02-06T04:46:20.4Z,14.32
2026-02-06T04:51:20.289Z,14.18
2026-02-06T04:56:20.328Z,13.98
2026-02-06T05:01:20.309Z,13.86
2026-02-06T05:06:20.378Z,13.83
2026-02-06T05:11:20.276Z,13.4
2026-02-06T05:16:20.451Z,13.11
2026-02-06T05:21:20.376Z,12.79
2026-02-06T05:26:20.467Z,12.48
2026-02-06T05:31:20.4Z,12.16
2026-02-06T05:36:20.604Z,12.13
2026-02-06T05:41:20.342Z,12.36
2026-02-06T05:46:20.365Z,12.33
2026-02-06T05:51:20.492Z,12.28
2026-02-06T05:56:20.292Z,12.54
2026-02-06T06:01:20.455Z,12.77
2026-02-06T06:06:20.382Z,12.94
2026-02-06T06:11:20.455Z,12.82
2026-02-06T06:16:20.246Z,12.79
2026-02-06T06:21:20.462Z,12.94
2026-02-06T06:26:20.388Z,13.0
2026-02-06T06:31:20.268Z,12.85
2026-02-06T06:36:20.235Z,12.59
2026-02-06T06:41:20.441Z,12.51
2026-02-06T06:46:20.487Z,12.56
2026-02-06T06:51:20.455Z,12.22
2026-02-06T06:56:20.35Z,12.22
2026-02-06T07:01:20.234Z,11.79
2026-02-06T07:06:20.475Z,11.7
2026-02-06T07:11:20.373Z,11.67
2026-02-06T07:16:20.381Z,11.53
2026-02-06T07:21:20.787Z,11.5
2026-02-06T07:26:20.254Z,11.44
2026-02-06T07:31:20.24Z,11.38
2026-02-06T07:36:20.268Z,11.44
2026-02-06T07:41:20.315Z,11.82
2026-02-06T07:46:20.303Z,11.99
2026-02-06T07:51:20.436Z,12.36
2026-02-06T07:56:20.331Z,12.71
2026-02-06T08:01:20.478Z,12.97
2026-02-06T08:06:20.349Z,13.08
2026-02-06T08:11:20.494Z,13.6
2026-02-06T08:16:20.452Z,13.86
2026-02-06T08:21:20.296Z,14.12
2026-02-06T08:26:20.843Z,14.29
2026-02-06T08:31:20.638Z,14.64
2026-02-06T08:36:20.35Z,14.84
2026-02-06T08:41:20.589Z,15.12
2026-02-06T08:46:20.282Z,15.56
2026-02-06T08:51:20.253Z,15.81
2026-02-06T08:56:20.649Z,16.02
2026-02-06T09:01:20.701Z,16.3
2026-02-06T09:06:20.303Z,16.59
2026-02-06T09:11:20.87Z,17.05
2026-02-06T09:16:20.454Z,17.72
2026-02-06T09:21:20.841Z,18.23
2026-02-06T09:26:20.386Z,18.49
2026-02-06T09:31:21.034Z,18.69
2026-02-06T09:36:20.234Z,18.75
2026-02-06T09:41:20.548Z,19.01
2026-02-06T09:46:21.372Z,18.67
2026-02-06T09:51:20.239Z,18.58
2026-02-06T09:56:20.437Z,18.69
2026-02-06T10:01:20.44Z,18.98
2026-02-06T10:06:21.341Z,19.42
2026-02-06T10:11:20.233Z,19.59
2026-02-06T10:16:20.478Z,19.82
2026-02-06T10:21:20.452Z,19.62
2026-02-06T10:26:20.272Z,19.65
2026-02-06T10:31:20.312Z,19.53
2026-02-06T10:36:20.472Z,19.85
2026-02-06T10:41:20.397Z,19.82
2026-02-06T10:46:20.477Z,20.11
2026-02-06T10:51:20.299Z,20.02
2026-02-06T10:56:20.475Z,19.88
2026-02-06T11:01:20.67Z,19.59
2026-02-06T11:06:20.22Z,19.47
2026-02-06T11:11:20.337Z,19.21
2026-02-06T11:16:20.268Z,19.18
2026-02-06T11:21:20.387Z,19.33
2026-02-06T11:26:20.285Z,19.53
2026-02-06T11:31:20.331Z,19.62
2026-02-06T11:36:20.207Z,19.62
2026-02-06T11:41:20.296Z,19.62
2026-02-06T11:46:20.36Z,19.9
2026-02-06T11:51:20.374Z,20.11
2026-02-06T11:56:20.267Z,19.85
2026-02-06T12:01:20.274Z,19.85
2026-02-06T12:06:20.46Z,19.73
2026-02-06T12:11:20.314Z,19.88
2026-02-06T12:16:20.293Z,19.59
2026-02-06T12:21:20.225Z,19.44
2026-02-06T12:26:20.315Z,19.5
2026-02-06T12:31:20.4Z,19.62
2026-02-06T12:36:20.427Z,19.79
2026-02-06T12:41:20.452Z,19.85
2026-02-06T12:46:20.383Z,19.82
2026-02-06T12:51:20.231Z,19.73
2026-02-06T12:56:20.355Z,19.67
2026-02-06T13:01:20.43Z,19.65
2026-02-06T13:21:20.226Z,20.08
2026-02-06T13:26:20.401Z,20.19
2026-02-06T13:31:20.331Z,20.25
2026-02-06T13:36:20.458Z,20.28
2026-02-06T13:41:20.235Z,20.34
2026-02-06T13:46:20.472Z,20.28
2026-02-06T13:51:20.421Z,20.57
2026-02-06T13:56:20.406Z,20.91
2026-02-06T14:01:20.487Z,21.02
2026-02-06T14:06:20.258Z,21.06
2026-02-06T14:11:20.317Z,20.88
2026-02-06T14:16:20.25Z,20.76
2026-02-06T14:21:20.31Z,21.06
2026-02-06T14:26:20.246Z,21.2
2026-02-06T14:31:20.295Z,21.32
2026-02-06T14:36:20.223Z,21.23
2026-02-06T14:41:20.19Z,20.91
2026-02-06T14:46:20.401Z,20.71
2026-02-06T14:51:20.272Z,20.53
2026-02-06T14:56:20.358Z,20.34
2026-02-06T15:01:20.267Z,20.68
2026-02-06T15:06:20.422Z,21.11
2026-02-06T15:11:20.455Z,21.51
2026-02-06T15:16:20.342Z,21.34
2026-02-06T15:21:20.347Z,21.25
2026-02-06T15:26:20.385Z,21.06
2026-02-06T15:31:20.23Z,20.86
2026-02-06T15:36:20.27Z,20.83
2026-02-06T15:41:20.416Z,21.0
2026-02-06T15:46:20.25Z,20.79
2026-02-06T15:51:20.359Z,20.74
2026-02-06T15:56:20.405Z,20.6
2026-02-06T16:01:20.437Z,20.31
2026-02-06T16:06:20.178Z,20.02
2026-02-06T16:11:20.215Z,19.93
2026-02-06T16:16:20.261Z,19.76
2026-02-06T16:21:20.184Z,19.65
2026-02-06T16:26:20.768Z,18.84
2026-02-06T16:31:20.204Z,18.64
2026-02-06T16:36:20.315Z,18.58
2026-02-06T16:41:20.373Z,18.78
2026-02-06T16:46:20.197Z,18.69
2026-02-06T16:51:20.336Z,18.75
2026-02-06T16:56:20.608Z,18.64
2026-02-06T17:01:20.27Z,18.46
2026-02-06T17:06:20.336Z,18.26
2026-02-06T17:11:20.218Z,18.0
2026-02-06T17:16:20.337Z,17.77
2026-02-06T17:21:20.362Z,17.77
2026-02-06T17:26:20.196Z,17.72
2026-02-06T17:31:20.439Z,17.57
2026-02-06T17:36:20.285Z,17.54
2026-02-06T17:41:20.248Z,17.43
2026-02-06T17:46:20.188Z,17.34
2026-02-06T17:51:20.423Z,17.17
2026-02-06T17:56:20.367Z,17.14
2026-02-06T18:01:20.4Z,16.94
2026-02-06T18:06:20.412Z,17.0
2026-02-06T18:11:20.246Z,16.91
2026-02-06T18:16:20.312Z,16.74
2026-02-06T18:21:20.194Z,16.59
2026-02-06T18:26:20.518Z,16.48
2026-02-06T18:31:20.36Z,16.25
2026-02-06T18:36:20.359Z,16.02
2026-02-06T18:41:20.203Z,15.88
2026-02-06T18:46:20.276Z,15.7
2026-02-06T18:51:20.386Z,15.5
2026-02-06T18:56:20.263Z,15.24
2026-02-06T19:01:20.388Z,15.09
2026-02-06T19:06:20.261Z,14.84
2026-02-06T19:11:20.35Z,14.44
2026-02-06T19:16:20.378Z,14.61
2026-02-06T19:21:20.87Z,14.95
2026-02-06T19:26:20.316Z,15.09
2026-02-06T19:31:20.198Z,15.42
2026-02-06T19:36:20.193Z,15.61
2026-02-06T19:41:20.868Z,15.56
2026-02-06T19:46:20.414Z,15.33
2026-02-06T19:51:20.384Z,15.19
2026-02-06T19:56:20.23Z,15.07
2026-02-06T20:01:20.212Z,15.07
2026-02-06T20:06:20.24Z,15.07
2026-02-06T20:11:20.221Z,14.93
2026-02-06T20:16:20.376Z,14.86
2026-02-06T20:21:20.373Z,14.58
2026-02-06T20:26:20.248Z,14.52
2026-02-06T20:31:20.29Z,14.49
2026-02-06T20:36:20.15Z,14.35
2026-02-06T20:41:20.168Z,14.23
2026-02-06T20:46:20.348Z,14.32
2026-02-06T20:51:20.348Z,14.26
2026-02-06T20:56:20.331Z,14.09
2026-02-06T21:01:20.198Z,13.89
2026-02-06T21:06:20.373Z,13.72
2026-02-06T21:11:20.316Z,13.54
2026-02-06T21:16:20.403Z,13.34
2026-02-06T21:21:20.199Z,13.14
2026-02-06T21:26:20.419Z,12.97
2026-02-06T21:31:20.313Z,13.0
2026-02-06T21:36:20.414Z,13.14
2026-02-06T21:41:20.273Z,13.31
2026-02-06T21:46:20.225Z,13.17
2026-02-06T21:51:20.249Z,13.03
2026-02-06T21:56:20.29Z,12.77
2026-02-06T22:01:20.356Z,12.82
2026-02-06T22:06:20.386Z,12.77
2026-02-06T22:11:20.815Z,12.71
2026-02-06T22:16:20.372Z,12.62
2026-02-06T22:21:20.358Z,12.65
2026-02-06T22:26:20.304Z,12.59
2026-02-06T22:31:20.327Z,12.51
2026-02-06T22:36:20.337Z,12.42
2026-02-06T22:41:20.329Z,12.33
2026-02-06T22:46:20.376Z,12.19
2026-02-06T22:51:20.342Z,12.1
2026-02-06T22:56:20.566Z,11.84
2026-02-06T23:01:20.578Z,11.61
2026-02-06T23:06:20.325Z,11.5
2026-02-06T23:11:20.506Z,11.53
2026-02-06T23:16:20.509Z,11.47
2026-02-06T23:21:20.965Z,11.38
2026-02-06T23:26:20.664Z,11.27
2026-02-06T23:31:20.283Z,11.1
2026-02-06T23:36:20.705Z,11.21
2026-02-06T23:41:20.284Z,11.07
2026-02-06T23:46:20.988Z,11.24
2026-02-06T23:51:20.737Z,11.27
2026-02-06T23:56:20.387Z,11.24
2026-02-07T00:01:20.288Z,11.3
2026-02-07T00:06:20.818Z,11.44
2026-02-07T00:11:21.03Z,11.44
2026-02-07T00:16:20.831Z,11.33
2026-02-07T00:21:20.914Z,11.47
2026-02-07T00:26:20.924Z,11.67
2026-02-07T00:31:20.177Z,11.93
2026-02-07T00:36:21.007Z,11.96
2026-02-07T00:41:20.983Z,12.13
2026-02-07T00:46:21.017Z,12.42
2026-02-07T00:51:21.037Z,12.45
2026-02-07T00:56:20.308Z,12.42
2026-02-07T01:01:21.133Z,12.36
2026-02-07T01:06:20.12Z,12.39
2026-02-07T01:11:20.263Z,12.33
2026-02-07T01:16:20.188Z,12.33
2026-02-07T01:21:20.179Z,12.19
2026-02-07T01:26:20.288Z,12.1
2026-02-07T01:31:20.19Z,12.1
2026-02-07T01:36:20.342Z,12.19
2026-02-07T01:41:20.308Z,12.22
2026-02-07T01:46:20.38Z,12.22
2026-02-07T01:51:20.225Z,12.05
2026-02-07T01:56:20.124Z,12.1
2026-02-07T02:01:20.625Z,11.99
2026-02-07T02:06:20.17Z,12.02
2026-02-07T02:11:20.276Z,12.05
2026-02-07T02:16:20.329Z,12.02
2026-02-07T02:21:20.377Z,12.05
2026-02-07T02:26:20.148Z,11.99
2026-02-07T02:31:20.312Z,11.82
2026-02-07T02:36:20.187Z,11.7
2026-02-07T02:41:20.182Z,11.67
2026-02-07T02:46:20.314Z,11.64
2026-02-07T02:51:20.269Z,11.5
2026-02-07T02:56:20.25Z,11.47
2026-02-07T03:01:20.19Z,11.41
2026-02-07T03:06:20.493Z,11.27
2026-02-07T03:11:20.137Z,11.19
2026-02-07T03:16:20.138Z,11.01
2026-02-07T03:21:20.226Z,10.78
2026-02-07T03:26:20.289Z,10.55
2026-02-07T03:31:20.371Z,10.58
2026-02-07T03:36:20.207Z,11.07
2026-02-07T03:41:20.323Z,11.38
2026-02-07T03:46:20.374Z,11.53
2026-02-07T03:51:20.231Z,11.59
2026-02-07T03:56:20.133Z,11.5
2026-02-07T04:01:20.115Z,11.38
2026-02-07T04:06:20.159Z,11.27
2026-02-07T04:11:20.123Z,11.01
2026-02-07T04:16:20.315Z,10.86
2026-02-07T04:21:20.269Z,10.72
2026-02-07T04:26:20.241Z,10.63
2026-02-07T04:31:20.323Z,10.66
2026-02-07T04:36:20.103Z,10.7
2026-02-07T04:41:20.302Z,10.63
2026-02-07T04:46:20.327Z,10.58
2026-02-07T04:51:20.131Z,10.4
2026-02-07T04:56:20.576Z,10.21
2026-02-07T05:01:20.317Z,9.98
2026-02-07T05:06:20.221Z,9.86
2026-02-07T05:11:20.12Z,9.86
2026-02-07T05:16:20.276Z,9.89
2026-02-07T05:21:20.128Z,9.8
2026-02-07T05:26:20.177Z,9.75
2026-02-07T05:31:20.306Z,9.75
2026-02-07T05:36:20.17Z,9.83
2026-02-07T05:41:20.201Z,9.83
2026-02-07T05:46:20.236Z,9.83
2026-02-07T05:51:20.211Z,9.89
2026-02-07T05:56:20.364Z,9.91
2026-02-07T06:01:20.28Z,9.94
2026-02-07T06:06:20.141Z,9.94
2026-02-07T06:11:20.138Z,9.86
2026-02-07T06:16:20.266Z,9.68
2026-02-07T06:21:20.237Z,9.72
2026-02-07T06:26:20.111Z,9.86
2026-02-07T06:31:20.308Z,9.86
2026-02-07T06:36:20.186Z,9.77
2026-02-07T06:41:20.206Z,9.6
2026-02-07T06:46:20.526Z,9.63
2026-02-07T06:51:20.182Z,9.54
2026-02-07T06:56:20.302Z,9.51
2026-02-07T07:01:20.245Z,9.45
2026-02-07T07:06:20.304Z,9.49
2026-02-07T07:11:20.238Z,9.72
2026-02-07T07:16:20.207Z,9.75
2026-02-07T07:21:20.186Z,9.8
2026-02-07T07:26:20.095Z,9.83
2026-02-07T07:31:20.168Z,9.75
2026-02-07T07:36:20.182Z,9.83
2026-02-07T07:41:20.121Z,9.98
2026-02-07T07:46:20.199Z,10.21
2026-02-07T07:51:20.135Z,10.49
2026-02-07T07:56:20.131Z,10.58
2026-02-07T08:01:20.13Z,10.72
2026-02-07T08:06:20.214Z,10.81
2026-02-07T08:11:20.24Z,10.81
2026-02-07T08:16:20.299Z,10.84
2026-02-07T08:21:20.247Z,11.19
2026-02-07T08:26:20.537Z,11.41
2026-02-07T08:31:20.171Z,11.38
2026-02-07T08:36:20.232Z,11.5
2026-02-07T08:41:20.19Z,11.82
2026-02-07T08:46:20.254Z,11.76
2026-02-07T08:51:20.237Z,11.79
2026-02-07T08:56:20.284Z,11.93
2026-02-07T09:01:20.079Z,12.07
2026-02-07T09:06:20.333Z,12.25
2026-02-07T09:11:20.309Z,12.59
2026-02-07T09:16:20.107Z,12.77
2026-02-07T09:21:20.198Z,13.11
2026-02-07T09:26:20.29Z,13.17
2026-02-07T09:31:20.162Z,13.51
2026-02-07T09:36:20.097Z,13.95
2026-02-07T09:41:20.256Z,14.12
2026-02-07T09:46:20.272Z,14.67
2026-02-07T09:51:20.192Z,14.95
2026-02-07T09:56:20.134Z,15.27
2026-02-07T10:01:20.118Z,15.67
2026-02-07T10:06:20.143Z,15.56
2026-02-07T10:11:20.324Z,15.76
2026-02-07T10:16:20.116Z,15.96
2026-02-07T10:21:20.117Z,15.99
2026-02-07T10:26:20.165Z,16.33
2026-02-07T10:31:20.165Z,16.56
2026-02-07T10:36:20.081Z,16.77
2026-02-07T10:41:20.127Z,16.82
2026-02-07T10:46:20.297Z,16.91
2026-02-07T10:51:20.216Z,16.91
2026-02-07T10:56:20.832Z,17.0
2026-02-07T11:01:20.146Z,17.2
2026-02-07T11:06:20.648Z,17.4
2026-02-07T11:11:20.127Z,17.28
2026-02-07T11:16:20.244Z,17.37
2026-02-07T11:21:20.327Z,17.49
2026-02-07T11:26:20.09Z,17.51
2026-02-07T11:31:20.154Z,17.92
2026-02-07T11:36:20.259Z,17.97
2026-02-07T11:41:20.128Z,18.12
2026-02-07T11:46:20.178Z,18.38
2026-02-07T11:51:20.227Z,18.61
2026-02-07T11:56:20.279Z,18.64
2026-02-07T12:01:20.284Z,18.44
2026-02-07T12:06:20.283Z,18.69
2026-02-07T12:11:20.243Z,18.93
2026-02-07T12:16:20.22Z,18.64
2026-02-07T12:21:20.091Z,18.15
2026-02-07T12:26:20.227Z,17.92
2026-02-07T12:31:20.087Z,17.95
2026-02-07T12:36:20.242Z,17.86
2026-02-07T12:41:20.261Z,17.83
2026-02-07T12:46:20.16Z,17.89
2026-02-07T12:51:20.285Z,17.6
2026-02-07T12:56:20.211Z,17.54
2026-02-07T13:01:20.217Z,17.54
2026-02-07T13:06:20.131Z,17.54
2026-02-07T13:11:20.302Z,17.66
2026-02-07T13:16:20.272Z,17.83
2026-02-07T13:21:20.174Z,18.38
2026-02-07T13:26:20.192Z,18.78
2026-02-07T13:31:20.368Z,18.72
2026-02-07T13:36:20.298Z,18.61
2026-02-07T13:41:20.084Z,18.38
2026-02-07T13:46:20.143Z,18.29
2026-02-07T13:51:20.168Z,18.18
2026-02-07T13:56:20.35Z,18.06
2026-02-07T14:01:20.074Z,18.09
2026-02-07T14:06:20.321Z,18.23
2026-02-07T14:11:20.236Z,18.32
2026-02-07T14:16:20.341Z,18.18
2026-02-07T14:21:20.544Z,18.12
2026-02-07T14:26:20.075Z,18.0
2026-02-07T14:31:20.413Z,17.92
2026-02-07T14:36:20.467Z,17.8
2026-02-07T14:41:20.504Z,17.63
2026-02-07T14:46:20.573Z,17.63
2026-02-07T14:51:20.2Z,17.66
2026-02-07T14:56:20.185Z,17.66
2026-02-07T15:01:20.606Z,17.74
2026-02-07T15:06:20.138Z,17.77
2026-02-07T15:11:20.179Z,17.8
2026-02-07T15:16:20.061Z,17.54
2026-02-07T15:21:20.852Z,17.34
2026-02-07T15:26:20.858Z,17.2
2026-02-07T15:31:20.788Z,17.2
2026-02-07T15:36:20.116Z,17.26
2026-02-07T15:41:20.16Z,17.14
2026-02-07T15:46:20.824Z,17.11
2026-02-07T15:51:20.131Z,16.91
2026-02-07T15:56:20.315Z,16.79
2026-02-07T16:01:21.006Z,16.74
2026-02-07T16:06:20.947Z,16.65
2026-02-07T16:11:20.137Z,16.48
2026-02-07T16:16:20.212Z,16.45
2026-02-07T16:21:20.977Z,16.42
2026-02-07T16:26:21.189Z,16.42
2026-02-07T16:31:20.309Z,16.39
2026-02-07T16:36:21.075Z,16.33
2026-02-07T16:41:21.097Z,16.28
2026-02-07T16:46:20.049Z,16.25
2026-02-07T16:51:20.202Z,16.28
2026-02-07T16:56:20.259Z,16.28
2026-02-07T17:01:20.194Z,16.28
2026-02-07T17:06:20.234Z,16.28
2026-02-07T17:11:20.241Z,16.28
2026-02-07T17:16:20.162Z,16.14
2026-02-07T17:21:20.126Z,15.99
2026-02-07T17:26:20.069Z,15.84
2026-02-07T17:31:20.143Z,15.79
2026-02-07T17:36:20.149Z,15.65
2026-02-07T17:41:20.058Z,15.53
2026-02-07T17:46:20.525Z,15.42
2026-02-07T17:51:20.133Z,15.39
2026-02-07T17:56:20.087Z,15.24
2026-02-07T18:01:20.238Z,15.19
2026-02-07T18:06:20.077Z,15.07
2026-02-07T18:11:20.128Z,15.09
2026-02-07T18:16:20.233Z,15.09
2026-02-07T18:21:20.081Z,14.95
2026-02-07T18:26:20.299Z,14.98
2026-02-07T18:31:20.275Z,14.95
2026-02-07T18:36:20.715Z,14.98
2026-02-07T18:41:20.056Z,14.95
2026-02-07T18:46:20.096Z,14.9
2026-02-07T18:51:20.299Z,14.9
2026-02-07T18:56:20.197Z,14.93
2026-02-07T19:01:20.643Z,14.98
2026-02-07T19:06:20.265Z,15.09
2026-02-07T19:11:20.132Z,15.07
2026-02-07T19:16:20.147Z,15.04
2026-02-07T19:21:20.059Z,15.19
2026-02-07T19:26:20.137Z,15.07
2026-02-07T19:31:20.195Z,15.01
2026-02-07T19:36:20.082Z,14.95
2026-02-07T19:41:20.288Z,14.93
2026-02-07T19:46:20.091Z,14.9
2026-02-07T19:51:20.053Z,14.9
2026-02-07T19:56:20.228Z,14.81
2026-02-07T20:01:20.142Z,14.84
2026-02-07T20:06:20.146Z,14.75
2026-02-07T20:11:20.239Z,14.78
2026-02-07T20:16:20.126Z,14.81
2026-02-07T20:21:20.123Z,14.72
2026-02-07T20:26:20.225Z,14.67
2026-02-07T20:31:20.141Z,14.58
2026-02-07T20:36:20.09Z,14.55
2026-02-07T20:41:20.056Z,14.58
2026-02-07T20:46:20.056Z,14.72
2026-02-07T20:51:20.18Z,14.75
2026-02-07T20:56:20.266Z,14.81
2026-02-07T21:01:20.285Z,14.86
2026-02-07T21:06:20.215Z,14.81
2026-02-07T21:11:20.048Z,14.64
2026-02-07T21:16:20.239Z,14.41
2026-02-07T21:21:20.055Z,14.32
2026-02-07T21:26:20.09Z,14.23
2026-02-07T21:31:20.106Z,14.12
2026-02-07T21:36:20.237Z,13.98
2026-02-07T21:41:20.136Z,13.83
2026-02-07T21:46:20.22Z,13.83
2026-02-07T21:51:20.078Z,13.69
2026-02-07T21:56:20.124Z,13.69
2026-02-07T22:01:20.045Z,13.69
2026-02-07T22:06:20.055Z,13.69
2026-02-07T22:11:20.17Z,13.69
2026-02-07T22:16:20.299Z,13.74
2026-02-07T22:21:20.272Z,13.92
2026-02-07T22:26:20.102Z,14.06
2026-02-07T22:31:20.194Z,14.12
2026-02-07T22:36:20.208Z,14.15
2026-02-07T22:41:20.156Z,14.15
2026-02-07T22:46:20.11Z,14.03
2026-02-07T22:51:20.31Z,14.03
2026-02-07T22:56:20.223Z,14.09
2026-02-07T23:01:20.182Z,14.12
2026-02-07T23:06:20.236Z,14.12
2026-02-07T23:11:20.074Z,14.03
2026-02-07T23:16:20.066Z,14.03
2026-02-07T23:21:20.264Z,13.92
2026-02-07T23:26:20.275Z,14.47
2026-02-07T23:31:20.178Z,14.52
2026-02-07T23:36:20.018Z,14.32
2026-02-07T23:41:20.094Z,14.18
2026-02-07T23:46:20.036Z,14.0
2026-02-07T23:51:20.017Z,13.8
2026-02-07T23:56:20.253Z,13.66
2026-02-08T00:01:20.109Z,13.57
2026-02-08T00:06:20.039Z,13.46
2026-02-08T00:11:20.265Z,13.49
2026-02-08T00:16:20.421Z,13.49
2026-02-08T00:21:20.054Z,13.51
2026-02-08T00:26:20.227Z,13.54
2026-02-08T00:31:20.251Z,13.69
2026-02-08T00:36:20.214Z,13.89
2026-02-08T00:41:20.258Z,13.92
2026-02-08T00:46:20.279Z,13.89
2026-02-08T00:51:20Z,13.86
2026-02-08T00:56:20.154Z,13.86
2026-02-08T01:01:20.279Z,13.89
2026-02-08T01:06:20.156Z,13.92
2026-02-08T01:11:20.211Z,13.98
2026-02-08T01:16:20.074Z,14.18
2026-02-08T01:21:20.25Z,14.18
2026-02-08T01:26:20.19Z,14.06
2026-02-08T01:31:20.242Z,13.83
2026-02-08T01:36:20.294Z,13.66
2026-02-08T01:41:20.216Z,13.57
2026-02-08T01:46:20.099Z,13.46
2026-02-08T01:51:20.028Z,13.43
2026-02-08T01:56:20.094Z,13.4
2026-02-08T02:01:20.344Z,13.46
2026-02-08T02:06:20.03Z,13.4
2026-02-08T02:11:20.068Z,13.31
2026-02-08T02:16:20.034Z,13.17
2026-02-08T02:21:20.082Z,13.11
2026-02-08T02:26:20.169Z,13.31
2026-02-08T02:31:20.104Z,13.37
2026-02-08T02:36:20.146Z,13.4
2026-02-08T02:41:20.057Z,13.4
2026-02-08T02:46:20.018Z,13.34
2026-02-08T02:51:20.021Z,13.26
2026-02-08T02:56:20.136Z,13.14
2026-02-08T03:01:20.147Z,13.05
2026-02-08T03:06:20.072Z,12.91
2026-02-08T03:11:20.025Z,12.77
2026-02-08T03:16:20.153Z,12.65
2026-02-08T03:21:19.995Z,12.51
2026-02-08T03:26:20.164Z,12.33
2026-02-08T03:31:20.646Z,12.56
2026-02-08T03:36:20.138Z,12.79
2026-02-08T03:41:20.185Z,12.91
2026-02-08T03:46:20.149Z,12.97
2026-02-08T03:51:20.051Z,12.91
2026-02-08T03:56:20.173Z,13.0
2026-02-08T04:01:20.299Z,13.05
2026-02-08T04:06:20.067Z,12.88
2026-02-08T04:11:20.061Z,12.71
2026-02-08T04:16:20.641Z,12.54
2026-02-08T04:21:20.224Z,12.36
2026-02-08T04:26:20.032Z,12.13
2026-02-08T04:31:20.391Z,12.02
2026-02-08T04:36:20.161Z,11.96
2026-02-08T04:41:19.989Z,11.84
2026-02-08T04:46:20.121Z,11.7
2026-02-08T04:51:20.07Z,11.64
2026-02-08T04:56:20.067Z,11.56
2026-02-08T05:01:20.082Z,11.53
2026-02-08T05:06:20.18Z,11.47
2026-02-08T05:11:20.086Z,11.33
2026-02-08T05:16:20.364Z,11.21
2026-02-08T05:21:20.018Z,11.07
2026-02-08T05:26:20.337Z,10.96
2026-02-08T05:31:20.395Z,10.84
2026-02-08T05:36:20.585Z,10.66
2026-02-08T05:41:20.275Z,10.55
2026-02-08T05:46:19.938Z,10.35
2026-02-08T05:51:20.32Z,10.17
2026-02-08T05:56:20.475Z,10.0
2026-02-08T06:01:20.077Z,10.12
2026-02-08T06:06:20.074Z,10.29
2026-02-08T06:11:20.075Z,10.32
2026-02-08T06:16:20.53Z,10.52
2026-02-08T06:21:20.529Z,10.52
2026-02-08T06:26:19.999Z,10.55
2026-02-08T06:31:20.612Z,10.52
2026-02-08T06:36:20.067Z,10.38
2026-02-08T06:41:19.962Z,10.38
2026-02-08T06:46:20.001Z,10.21
2026-02-08T06:51:19.925Z,9.94
2026-02-08T06:56:19.971Z,9.68
2026-02-08T07:01:20.733Z,9.49
2026-02-08T07:06:19.943Z,9.4
2026-02-08T07:11:20.777Z,9.28
2026-02-08T07:16:20.817Z,9.4
2026-02-08T07:21:20.957Z,9.37
2026-02-08T07:26:20.957Z,9.51
2026-02-08T07:31:20.132Z,9.83
2026-02-08T07:36:19.981Z,10.17
2026-02-08T07:41:20.1Z,10.47
2026-02-08T07:46:20.345Z,10.7
2026-02-08T07:51:19.996Z,10.75
2026-02-08T07:56:19.993Z,10.89
2026-02-08T08:01:20.052Z,11.01
2026-02-08T08:06:20.091Z,11.3
2026-02-08T08:11:20.151Z,11.5
2026-02-08T08:16:20.826Z,11.61
2026-02-08T08:21:20.28Z,11.79
2026-02-08T08:26:20.124Z,11.93
2026-02-08T08:31:20.153Z,12.05
2026-02-08T08:36:20.043Z,12.31
2026-02-08T08:41:20.129Z,12.45
2026-02-08T08:46:20.021Z,12.56
2026-02-08T08:51:20.202Z,12.56
2026-02-08T08:56:20.051Z,12.51
2026-02-08T09:01:20.115Z,12.79
2026-02-08T09:06:20.107Z,13.17
2026-02-08T09:11:20.205Z,13.4
2026-02-08T09:16:20.17Z,13.8
2026-02-08T09:21:19.969Z,14.12
2026-02-08T09:26:20.118Z,14.26
2026-02-08T09:31:20.084Z,14.37
2026-02-08T09:36:20.099Z,14.32
2026-02-08T09:41:20.041Z,14.55
2026-02-08T09:46:19.959Z,14.67
2026-02-08T09:51:20.148Z,14.81
2026-02-08T09:56:19.936Z,14.78
2026-02-08T10:01:20.094Z,14.93
2026-02-08T10:06:20.16Z,14.86
2026-02-08T10:11:20.155Z,14.93
2026-02-08T10:16:20.143Z,14.98
2026-02-08T10:21:20.11Z,14.84
2026-02-08T10:26:20.146Z,14.9
2026-02-08T10:31:20.124Z,15.07
2026-02-08T10:36:20.025Z,15.33
2026-02-08T10:41:19.99Z,15.47
2026-02-08T10:46:20.064Z,15.5
2026-02-08T10:51:20.021Z,15.58
2026-02-08T10:56:20.181Z,15.76
2026-02-08T11:01:19.974Z,15.88
2026-02-08T11:06:19.97Z,15.93
2026-02-08T11:11:20.112Z,16.02
2026-02-08T11:16:20.112Z,15.96
2026-02-08T11:21:20.133Z,16.07
2026-02-08T11:26:20.03Z,16.07
2026-02-08T11:31:19.966Z,16.1
2026-02-08T11:36:20.003Z,16.19
2026-02-08T11:41:20.039Z,16.42
2026-02-08T11:46:19.952Z,16.39
2026-02-08T11:51:20.035Z,16.48
2026-02-08T11:56:20.109Z,16.51
2026-02-08T12:01:20.037Z,16.48
2026-02-08T12:06:20.241Z,16.42
2026-02-08T12:11:19.995Z,16.45
2026-02-08T12:16:19.941Z,16.56
2026-02-08T12:21:20.557Z,16.62
2026-02-08T12:26:20.011Z,16.59
2026-02-08T12:31:19.957Z,16.56
2026-02-08T12:36:19.995Z,16.45
2026-02-08T12:41:19.922Z,16.59
2026-02-08T12:46:20.103Z,16.74
2026-02-08T12:51:20.17Z,16.85
2026-02-08T12:56:20.023Z,17.17
2026-02-08T13:01:20.612Z,17.14
2026-02-08T13:06:20.08Z,17.02
2026-02-08T13:11:20.227Z,17.17
2026-02-08T13:16:20.071Z,16.97
2026-02-08T13:21:19.922Z,16.91
2026-02-08T13:26:20.094Z,17.05
2026-02-08T13:31:20.224Z,17.0
2026-02-08T13:36:21.813Z,17.02
2026-02-08T13:41:19.965Z,16.91
2026-02-08T13:46:20.123Z,16.65
2026-02-08T13:51:19.987Z,16.56
2026-02-08T13:56:19.948Z,16.59
2026-02-08T14:01:20.003Z,16.68
2026-02-08T14:06:21.463Z,16.68
2026-02-08T14:11:20.06Z,16.79
2026-02-08T14:16:20.086Z,17.14
2026-02-08T14:21:20.062Z,17.43
2026-02-08T14:26:20.011Z,17.57
2026-02-08T14:31:19.996Z,17.4
2026-02-08T14:36:19.949Z,17.28
2026-02-08T14:41:19.966Z,17.14
2026-02-08T14:46:19.933Z,17.37
2026-02-08T14:51:20.062Z,17.4
2026-02-08T14:56:20.11Z,17.37
2026-02-08T15:01:20.811Z,17.2
2026-02-08T15:06:19.967Z,17.26
2026-02-08T15:11:19.969Z,17.37
2026-02-08T15:16:20.106Z,17.14
2026-02-08T15:21:20.12Z,17.08
2026-02-08T15:26:20.124Z,17.14
2026-02-08T15:31:20.197Z,17.11
2026-02-08T15:36:19.962Z,17.02
2026-02-08T15:41:20.188Z,16.97
2026-02-08T15:46:20.112Z,16.65
2026-02-08T15:51:19.926Z,16.62
2026-02-08T15:56:19.957Z,16.65
2026-02-08T16:01:20.148Z,16.71
2026-02-08T16:06:19.912Z,16.85
2026-02-08T16:11:19.959Z,16.88
2026-02-08T16:16:20.09Z,16.97
2026-02-08T16:21:19.948Z,16.88
2026-02-08T16:26:19.938Z,16.97
2026-02-08T16:31:20.326Z,17.05
2026-02-08T16:36:19.961Z,17.0
2026-02-08T16:41:19.943Z,17.05
2026-02-08T16:46:20.047Z,16.91
2026-02-08T16:51:19.963Z,16.91
2026-02-08T16:56:20.098Z,16.82
2026-02-08T17:01:20.1Z,16.74
2026-02-08T17:06:20.136Z,16.59
2026-02-08T17:11:20.059Z,16.39
2026-02-08T17:16:20.058Z,16.22
2026-02-08T17:21:20.111Z,16.19
2026-02-08T17:26:20.115Z,16.14
2026-02-08T17:31:19.943Z,16.14
2026-02-08T17:36:19.965Z,15.96
2026-02-08T17:41:19.89Z,15.9
2026-02-08T17:46:20.056Z,15.76
2026-02-08T17:51:20.075Z,15.67
2026-02-08T17:56:20.006Z,15.44
2026-02-08T18:01:19.883Z,15.42
2026-02-08T18:06:20.06Z,15.35
2026-02-08T18:11:19.997Z,15.3
2026-02-08T18:16:19.964Z,15.42
2026-02-08T18:21:19.987Z,15.42
2026-02-08T18:26:20.095Z,15.42
2026-02-08T18:31:20.093Z,15.39
2026-02-08T18:36:20.11Z,15.33
2026-02-08T18:41:20.04Z,15.24
2026-02-08T18:46:20.112Z,15.19
2026-02-08T18:51:20.112Z,15.09
2026-02-08T18:56:20.58Z,15.09
2026-02-08T19:01:20.067Z,15.04
2026-02-08T19:06:19.979Z,15.04
2026-02-08T19:11:20.106Z,15.12
2026-02-08T19:16:19.966Z,15.19
2026-02-08T19:21:19.99Z,15.21
2026-02-08T19:26:19.959Z,15.3
2026-02-08T19:31:20.35Z,15.09
2026-02-08T19:36:19.877Z,14.95
2026-02-08T19:41:20.053Z,14.86
2026-02-08T19:46:19.903Z,14.72
2026-02-08T19:51:19.907Z,14.49
2026-02-08T19:56:20.181Z,14.21
2026-02-08T20:01:19.918Z,13.92
2026-02-08T20:06:19.957Z,13.74
2026-02-08T20:11:19.966Z,13.69
2026-02-08T20:16:19.953Z,13.74
2026-02-08T20:21:20.08Z,13.69
2026-02-08T20:26:20.07Z,13.6
2026-02-08T20:31:19.893Z,13.6
2026-02-08T20:36:20.107Z,13.46
2026-02-08T20:41:20.597Z,13.4
2026-02-08T20:46:20.002Z,13.31
2026-02-08T20:51:20.12Z,13.28
2026-02-08T20:56:20.256Z,13.31
2026-02-08T21:01:20.231Z,13.23
2026-02-08T21:06:20.207Z,13.23
2026-02-08T21:11:20.298Z,13.26
2026-02-08T21:16:20.569Z,13.26
2026-02-08T21:21:20.965Z,13.23
2026-02-08T21:26:20.019Z,13.31
2026-02-08T21:31:20.442Z,13.2
2026-02-08T21:36:19.863Z,13.0
2026-02-08T21:41:19.881Z,12.79
2026-02-08T21:46:20.422Z,12.59
2026-02-08T21:51:20.562Z,12.48
2026-02-08T21:56:19.983Z,12.51
2026-02-08T22:01:20.061Z,12.54
2026-02-08T22:06:20.087Z,12.51
2026-02-08T22:11:20.568Z,12.45
2026-02-08T22:16:20.704Z,12.39
2026-02-08T22:21:20.642Z,12.31
2026-02-08T22:26:20.708Z,12.13
2026-02-08T22:31:20.725Z,11.9
2026-02-08T22:36:19.903Z,11.7
2026-02-08T22:41:20.163Z,11.67
2026-02-08T22:46:19.951Z,11.64
2026-02-08T22:51:19.899Z,11.61
2026-02-08T22:56:20.05Z,11.59
2026-02-08T23:01:20.02Z,11.44
2026-02-08T23:06:19.941Z,11.27
2026-02-08T23:11:20.016Z,11.15
2026-02-08T23:16:19.94Z,11.01
2026-02-08T23:21:20.034Z,11.15
2026-02-08T23:26:19.987Z,11.27
2026-02-08T23:31:19.899Z,11.38
2026-02-08T23:36:19.861Z,11.35
2026-02-08T23:41:20.196Z,11.33
2026-02-08T23:46:20.083Z,11.33
2026-02-08T23:51:19.905Z,11.24
2026-02-08T23:56:19.914Z,11.33
2026-02-09T00:01:20.767Z,11.44
2026-02-09T00:06:19.963Z,11.53
2026-02-09T00:11:19.967Z,11.47
2026-02-09T00:16:20.332Z,11.44
2026-02-09T00:21:20.127Z,11.47
2026-02-09T00:26:19.878Z,11.44
2026-02-09T00:31:19.98Z,11.41
2026-02-09T00:36:20.133Z,11.56
2026-02-09T00:41:19.874Z,11.64
2026-02-09T00:46:19.891Z,11.64
2026-02-09T00:51:20.036Z,11.7
2026-02-09T00:56:20.024Z,11.73
2026-02-09T01:01:19.938Z,11.7
2026-02-09T01:06:19.937Z,11.79
2026-02-09T01:11:19.974Z,11.82
2026-02-09T01:16:20.086Z,11.82
2026-02-09T01:21:19.922Z,11.99
2026-02-09T01:26:20.015Z,11.99
2026-02-09T01:31:20.242Z,12.1
2026-02-09T01:36:20.149Z,12.16
2026-02-09T01:41:20.959Z,12.16
2026-02-09T01:46:20.286Z,12.19
2026-02-09T01:51:19.919Z,12.19
2026-02-09T01:56:20.466Z,12.16
2026-02-09T02:01:19.991Z,12.22
2026-02-09T02:06:20.037Z,12.13
2026-02-09T02:11:19.933Z,11.99
2026-02-09T02:16:20.047Z,11.79
2026-02-09T02:21:20.445Z,11.67
2026-02-09T02:26:20.504Z,11.53
2026-02-09T02:31:20.512Z,11.53
2026-02-09T02:36:19.9Z,11.67
2026-02-09T02:41:20.54Z,11.67
2026-02-09T02:46:20.556Z,11.76
2026-02-09T02:51:20.59Z,11.73
2026-02-09T02:56:20.644Z,11.84
2026-02-09T03:01:20.012Z,11.99
2026-02-09T03:06:20.679Z,12.19
2026-02-09T03:11:20.693Z,12.25
2026-02-09T03:16:20.147Z,12.39
2026-02-09T03:21:20.801Z,12.42
2026-02-09T03:26:19.986Z,12.45
2026-02-09T03:31:19.954Z,12.54
2026-02-09T03:36:20.055Z,12.51
2026-02-09T03:41:20.006Z,12.16
2026-02-09T03:46:19.96Z,11.76
2026-02-09T03:51:20.054Z,11.7
2026-02-09T03:56:20.059Z,11.7
2026-02-09T04:01:20.161Z,11.41
2026-02-09T04:06:19.944Z,11.24
2026-02-09T04:11:20.033Z,11.07
2026-02-09T04:16:20.13Z,10.84
2026-02-09T04:21:19.908Z,10.7
2026-02-09T04:26:19.911Z,10.66
2026-02-09T04:31:20.077Z,10.52
2026-02-09T04:36:19.939Z,10.4
2026-02-09T04:41:20.081Z,10.32
2026-02-09T04:46:20.137Z,10.26
2026-02-09T04:51:20.007Z,10.24
2026-02-09T04:56:19.906Z,10.43
2026-02-09T05:01:19.902Z,10.58
2026-02-09T05:06:20.038Z,10.72
2026-02-09T05:11:19.918Z,10.75
2026-02-09T05:16:19.896Z,10.81
2026-02-09T05:21:20.026Z,10.89
2026-02-09T05:26:20.09Z,10.84
2026-02-09T05:31:19.966Z,10.92
2026-02-09T05:36:20.041Z,10.89
2026-02-09T05:41:19.972Z,10.86
2026-02-09T05:46:19.925Z,11.07
2026-02-09T05:51:20.078Z,11.01
2026-02-09T05:56:20.018Z,11.12
2026-02-09T06:01:19.987Z,11.3
2026-02-09T06:06:20.21Z,11.44
2026-02-09T06:11:19.896Z,11.47
2026-02-09T06:16:20.018Z,11.56
2026-02-09T06:21:20.015Z,11.64
2026-02-09T06:26:19.867Z,11.59
2026-02-09T06:31:19.867Z,11.53
2026-02-09T06:36:20.126Z,11.5
2026-02-09T06:41:20.128Z,11.59
2026-02-09T06:46:19.879Z,11.56
2026-02-09T06:51:20.008Z,11.5
2026-02-09T06:56:20.063Z,11.44
2026-02-09T07:01:19.975Z,11.33
2026-02-09T07:06:19.861Z,11.19
2026-02-09T07:11:19.907Z,11.19
2026-02-09T07:16:20.055Z,11.12
2026-02-09T07:21:19.911Z,11.01
2026-02-09T07:26:20.021Z,11.07
2026-02-09T07:31:20.111Z,11.15
2026-02-09T07:36:19.89Z,11.24
2026-02-09T07:41:20.265Z,11.35
2026-02-09T07:46:20.148Z,11.44
2026-02-09T07:51:19.922Z,11.24
2026-02-09T07:56:19.936Z,11.24
2026-02-09T08:01:20.029Z,11.44
2026-02-09T08:06:19.956Z,11.47
2026-02-09T08:11:20.003Z,11.56
2026-02-09T08:16:20.092Z,11.59
2026-02-09T08:21:19.917Z,11.67
2026-02-09T08:26:19.843Z,11.76
2026-02-09T08:31:19.989Z,11.79
2026-02-09T08:36:19.971Z,12.05
2026-02-09T08:41:20.004Z,12.07
2026-02-09T08:46:20.085Z,12.19
2026-02-09T08:51:19.944Z,12.45
2026-02-09T08:56:19.888Z,12.62
2026-02-09T09:01:20.032Z,12.74
2026-02-09T09:06:21.6Z,12.62
2026-02-09T09:11:19.916Z,12.71
2026-02-09T09:16:20.949Z,12.77
2026-02-09T09:21:19.853Z,12.91
2026-02-09T09:26:19.873Z,13.03
2026-02-09T09:31:19.895Z,13.08
2026-02-09T09:36:21.182Z,13.23
2026-02-09T09:41:19.884Z,13.74
2026-02-09T09:46:19.976Z,13.6
2026-02-09T09:51:19.898Z,13.83
2026-02-09T09:56:20.29Z,13.95
2026-02-09T10:01:19.851Z,14.21
2026-02-09T10:06:20.633Z,14.06
2026-02-09T10:11:19.902Z,14.18
2026-02-09T10:16:20.015Z,14.32
2026-02-09T10:21:20.037Z,14.61
2026-02-09T10:26:20.292Z,14.9
2026-02-09T10:31:19.887Z,15.01
2026-02-09T10:36:19.875Z,15.07
2026-02-09T10:41:19.948Z,15.3
2026-02-09T10:46:20.063Z,15.5
2026-02-09T10:51:20.178Z,15.47
2026-02-09T10:56:19.99Z,15.35
2026-02-09T11:01:20.118Z,15.56
2026-02-09T11:06:19.943Z,15.67
2026-02-09T11:11:22.701Z,15.84
2026-02-09T11:16:20.029Z,16.22
2026-02-09T11:21:19.876Z,16.53
2026-02-09T11:26:19.835Z,16.53
2026-02-09T11:31:19.913Z,16.59
2026-02-09T11:36:20.026Z,16.79
2026-02-09T11:41:19.874Z,17.11
2026-02-09T11:46:20.033Z,17.31
2026-02-09T11:51:19.932Z,17.6
2026-02-09T11:56:20.037Z,17.83
2026-02-09T12:01:20.038Z,18.06
2026-02-09T12:06:20.708Z,18.18
2026-02-09T12:11:19.953Z,18.29
2026-02-09T12:16:20.139Z,18.46
2026-02-09T12:21:19.915Z,18.44
2026-02-09T12:26:19.926Z,18.69
2026-02-09T12:31:20.023Z,18.84
2026-02-09T12:36:19.822Z,19.3
2026-02-09T12:41:20.025Z,19.3
2026-02-09T12:46:20.39Z,19.3
2026-02-09T12:51:20.096Z,19.5
2026-02-09T12:56:19.904Z,19.96
2026-02-09T13:01:19.939Z,19.93
2026-02-09T13:06:19.857Z,20.14
2026-02-09T13:11:19.868Z,20.39
2026-02-09T13:16:20.155Z,20.53
2026-02-09T13:21:19.815Z,20.71
2026-02-09T13:26:19.962Z,20.88
2026-02-09T13:31:19.821Z,21.34
2026-02-09T13:36:19.848Z,21.46
2026-02-09T13:41:21.195Z,21.6
2026-02-09T13:46:19.84Z,21.37
2026-02-09T13:51:19.952Z,21.6
2026-02-09T13:56:19.859Z,21.97
2026-02-09T14:01:20.285Z,22.44
2026-02-09T14:06:19.922Z,22.61
2026-02-09T14:11:20.022Z,22.75
2026-02-09T14:16:19.923Z,22.84
2026-02-09T14:21:19.992Z,23.1
2026-02-09T14:26:20.515Z,23.01
2026-02-09T14:31:20.08Z,23.27
2026-02-09T14:36:20.005Z,23.39
2026-02-09T14:41:20.376Z,23.33
2026-02-09T14:46:19.98Z,23.5
2026-02-09T14:51:20.244Z,23.76
2026-02-09T14:56:19.888Z,23.85
2026-02-09T15:01:19.929Z,23.88
2026-02-09T15:06:19.804Z,23.73
2026-02-09T15:11:20.365Z,23.7
2026-02-09T15:16:20.375Z,23.76
2026-02-09T15:21:20.354Z,23.76
2026-02-09T15:26:20.664Z,23.93
2026-02-09T15:31:20.078Z,23.99
2026-02-09T15:36:19.935Z,24.05
2026-02-09T15:41:20.018Z,24.13
2026-02-09T15:46:19.894Z,24.25
2026-02-09T15:51:19.807Z,24.37
2026-02-09T15:56:20.903Z,24.39
2026-02-09T16:01:19.846Z,24.39
2026-02-09T16:06:19.982Z,24.51
2026-02-09T16:11:19.798Z,24.54
2026-02-09T16:16:20.225Z,24.57
2026-02-09T16:21:19.961Z,24.37
2026-02-09T16:26:19.849Z,24.31
2026-02-09T16:31:19.804Z,24.37
2026-02-09T16:36:19.966Z,24.19
2026-02-09T16:41:19.921Z,23.88
2026-02-09T16:46:19.937Z,23.7
2026-02-09T16:51:19.935Z,23.44
2026-02-09T16:56:20.353Z,23.44
2026-02-09T17:01:19.81Z,23.47
2026-02-09T17:06:19.938Z,23.56
2026-02-09T17:11:19.913Z,23.13
2026-02-09T17:16:19.96Z,22.87
2026-02-09T17:21:20.001Z,22.58
2026-02-09T17:26:19.875Z,21.81
2026-02-09T17:31:20.101Z,21.34
2026-02-09T17:36:19.817Z,21.11
2026-02-09T17:41:19.861Z,20.71
2026-02-09T17:46:19.989Z,20.25
2026-02-09T17:51:19.848Z,20.42
2026-02-09T17:56:20.206Z,20.6
2026-02-09T18:01:19.982Z,20.57
2026-02-09T18:06:20.194Z,20.48
2026-02-09T18:11:19.999Z,20.57
2026-02-09T18:16:19.844Z,20.53
2026-02-09T18:21:19.925Z,20.37
2026-02-09T18:26:19.977Z,20.08
2026-02-09T18:31:19.969Z,19.88
2026-02-09T18:36:20.002Z,19.7
2026-02-09T18:41:19.897Z,19.65
2026-02-09T18:46:19.9Z,19.65
2026-02-09T18:51:19.835Z,19.82
2026-02-09T18:56:19.933Z,19.96
2026-02-09T19:01:19.968Z,19.99
2026-02-09T19:06:19.826Z,19.96
2026-02-09T19:11:19.828Z,19.9
2026-02-09T19:16:19.819Z,19.99
2026-02-09T19:21:19.93Z,20.28
2026-02-09T19:26:19.792Z,20.39
2026-02-09T19:31:19.883Z,20.45
2026-02-09T19:36:19.966Z,20.53
2026-02-09T19:41:19.887Z,20.39
2026-02-09T19:46:19.94Z,20.39
2026-02-09T19:51:20.228Z,20.39
2026-02-09T19:56:19.923Z,20.31
2026-02-09T20:01:19.798Z,20.08
2026-02-09T20:06:19.848Z,19.73
2026-02-09T20:11:19.936Z,19.53
2026-02-09T20:16:19.853Z,19.27
2026-02-09T20:21:20.53Z,18.95
2026-02-09T20:26:19.985Z,18.55
2026-02-09T20:31:20.715Z,18.35
2026-02-09T20:36:19.796Z,18.15
2026-02-09T20:41:20.005Z,18.0
2026-02-09T20:46:19.905Z,17.95
2026-02-09T20:51:20.141Z,17.95
2026-02-09T20:56:19.808Z,18.09
2026-02-09T21:01:20.021Z,18.18
2026-02-09T21:06:19.773Z,18.15
2026-02-09T21:11:19.827Z,18.21
2026-02-09T21:16:19.82Z,18.09
2026-02-09T21:21:19.816Z,17.95
2026-02-09T21:26:19.856Z,18.0
2026-02-09T21:31:19.963Z,17.95
2026-02-09T21:36:19.908Z,17.97
2026-02-09T21:41:19.97Z,18.0
2026-02-09T21:46:19.907Z,17.89
2026-02-09T21:51:19.907Z,17.86
2026-02-09T21:56:20.326Z,17.8
2026-02-09T22:01:19.817Z,17.63
2026-02-09T22:06:19.916Z,17.54
2026-02-09T22:11:19.863Z,17.49
2026-02-09T22:16:19.854Z,17.31
2026-02-09T22:21:20.025Z,17.2
2026-02-09T22:26:19.936Z,17.11
2026-02-09T22:31:19.894Z,17.05
2026-02-09T22:36:19.825Z,16.97
2026-02-09T22:41:19.82Z,16.97
2026-02-09T22:46:19.974Z,16.97
2026-02-09T22:51:20.565Z,17.0
2026-02-09T22:56:19.922Z,17.26
2026-02-09T23:01:19.83Z,17.43
2026-02-09T23:06:19.947Z,17.4
2026-02-09T23:11:19.838Z,17.37
2026-02-09T23:16:19.811Z,17.34
2026-02-09T23:21:19.841Z,17.34
2026-02-09T23:26:19.912Z,17.11
2026-02-09T23:31:20.017Z,16.97
2026-02-09T23:36:19.769Z,16.82
2026-02-09T23:41:19.762Z,16.77
2026-02-09T23:46:19.764Z,16.59
2026-02-09T23:51:20.087Z,16.62
2026-02-09T23:56:19.955Z,16.65
2026-02-10T00:01:19.899Z,16.59
2026-02-10T00:06:19.991Z,16.53
2026-02-10T00:11:19.986Z,16.3
2026-02-10T00:16:20.015Z,16.16
2026-02-10T00:21:19.764Z,15.93
2026-02-10T00:26:19.794Z,15.9
2026-02-10T00:31:19.829Z,15.79
2026-02-10T00:36:19.863Z,15.65
2026-02-10T00:41:19.908Z,15.65
2026-02-10T00:46:19.868Z,15.67
2026-02-10T00:51:19.745Z,15.58
2026-02-10T00:56:19.949Z,15.65
2026-02-10T01:01:19.924Z,15.56
2026-02-10T01:06:19.929Z,15.44
2026-02-10T01:11:19.759Z,15.33
2026-02-10T01:16:20.037Z,15.33
2026-02-10T01:21:19.745Z,15.24
2026-02-10T01:26:19.951Z,15.04
2026-02-10T01:31:19.83Z,14.75
2026-02-10T01:36:19.869Z,14.64
2026-02-10T01:41:20.027Z,14.41
2026-02-10T01:46:19.865Z,14.23
2026-02-10T01:51:19.765Z,14.03
2026-02-10T01:56:20.073Z,13.8
2026-02-10T02:01:20.074Z,13.89
2026-02-10T02:06:19.95Z,13.92
2026-02-10T02:11:19.845Z,13.89
2026-02-10T02:16:19.749Z,13.77
2026-02-10T02:21:19.971Z,13.89
2026-02-10T02:26:20.188Z,14.03
2026-02-10T02:31:20.182Z,14.12
2026-02-10T02:36:20.309Z,14.23
2026-02-10T02:41:19.965Z,14.29
2026-02-10T02:46:19.781Z,14.47
2026-02-10T02:51:20.387Z,14.37
2026-02-10T02:56:19.808Z,14.32
2026-02-10T03:01:20.505Z,14.18
2026-02-10T03:06:20.536Z,13.98
2026-02-10T03:11:20.667Z,13.83
2026-02-10T03:16:20.532Z,13.66
2026-02-10T03:21:20.622Z,13.63
2026-02-10T03:26:20.632Z,13.46
2026-02-10T03:31:20.677Z,13.37
2026-02-10T03:36:20.768Z,13.37
2026-02-10T03:41:20.793Z,13.34
2026-02-10T03:46:19.97Z,13.2
2026-02-10T03:51:20.845Z,13.2
2026-02-10T03:56:20.816Z,13.08
2026-02-10T04:01:19.841Z,13.28
2026-02-10T04:06:20.882Z,13.43
2026-02-10T04:11:19.828Z,13.57
2026-02-10T04:16:20.951Z,13.69
2026-02-10T04:21:19.923Z,13.83
2026-02-10T04:26:21.039Z,13.74
2026-02-10T04:31:19.909Z,13.83
2026-02-10T04:36:19.795Z,13.89
2026-02-10T04:41:19.827Z,13.89
2026-02-10T04:46:19.81Z,13.92
2026-02-10T04:51:19.868Z,13.95
2026-02-10T04:56:19.903Z,13.83
2026-02-10T05:01:19.936Z,13.86
2026-02-10T05:06:19.934Z,13.86
2026-02-10T05:11:19.967Z,13.83
2026-02-10T05:16:19.976Z,13.63
2026-02-10T05:21:19.929Z,13.74
2026-02-10T05:26:19.913Z,13.95
2026-02-10T05:31:19.975Z,13.95
2026-02-10T05:36:19.96Z,13.8
2026-02-10T05:41:19.975Z,13.8
2026-02-10T05:46:19.951Z,13.8
2026-02-10T05:51:19.914Z,13.6
2026-02-10T05:56:19.968Z,13.66
2026-02-10T06:01:19.975Z,13.57
2026-02-10T06:06:19.792Z,13.49
2026-02-10T06:11:19.88Z,13.51
2026-02-10T06:16:19.944Z,13.43
2026-02-10T06:21:19.782Z,13.37
2026-02-10T06:26:19.764Z,13.23
2026-02-10T06:31:19.826Z,13.2
2026-02-10T06:36:19.903Z,13.17
2026-02-10T06:41:20.034Z,12.97
2026-02-10T06:46:19.778Z,12.88
2026-02-10T06:51:20.031Z,12.77
2026-02-10T06:56:19.814Z,12.74
2026-02-10T07:01:20.145Z,12.71
2026-02-10T07:06:19.86Z,12.88
2026-02-10T07:11:19.854Z,13.17
2026-02-10T07:16:19.923Z,13.31
2026-02-10T07:21:19.908Z,13.46
2026-02-10T07:26:19.924Z,13.54
2026-02-10T07:31:19.804Z,13.66
2026-02-10T07:36:19.785Z,13.77
2026-02-10T07:41:19.985Z,13.86
2026-02-10T07:46:19.766Z,13.95
2026-02-10T07:51:19.769Z,14.09
2026-02-10T07:56:19.824Z,14.15
2026-02-10T08:01:19.982Z,14.26
2026-02-10T08:06:20.023Z,14.35
2026-02-10T08:11:19.78Z,14.32
2026-02-10T08:16:19.767Z,14.49
2026-02-10T08:21:19.844Z,14.72
2026-02-10T08:26:19.81Z,14.86
2026-02-10T08:31:19.789Z,15.01
2026-02-10T08:36:19.742Z,15.09
2026-02-10T08:41:19.813Z,15.21
2026-02-10T08:46:19.802Z,15.27
2026-02-10T08:51:19.902Z,15.44
2026-02-10T08:56:19.882Z,15.53
2026-02-10T09:01:19.736Z,15.7
2026-02-10T09:06:20.192Z,15.88
2026-02-10T09:11:19.731Z,15.93
2026-02-10T09:16:19.805Z,16.02
2026-02-10T09:21:19.92Z,16.07
2026-02-10T09:26:19.74Z,16.25
2026-02-10T09:31:19.762Z,16.37
2026-02-10T09:36:19.788Z,16.37
2026-02-10T09:41:19.779Z,16.65
2026-02-10T09:46:20.083Z,16.65
2026-02-10T09:51:19.798Z,16.56
2026-02-10T09:56:19.823Z,16.39
2026-02-10T10:01:19.809Z,16.25
2026-02-10T10:06:19.901Z,16.39
2026-02-10T10:11:58.949Z,16.77
2026-02-10T10:16:19.789Z,17.14
2026-02-10T10:21:19.892Z,17.63
2026-02-10T10:26:19.926Z,18.03
2026-02-10T10:31:19.867Z,18.44
2026-02-10T10:36:19.998Z,19.04
2026-02-10T10:41:19.756Z,19.62
2026-02-10T10:46:19.891Z,20.31
2026-02-10T10:51:19.821Z,21.11
2026-02-10T10:56:19.728Z,21.86
2026-02-10T11:01:19.734Z,22.38
2026-02-10T11:06:19.88Z,22.75
2026-02-10T11:11:19.761Z,22.84
2026-02-10T11:16:19.79Z,22.95
2026-02-10T11:21:19.99Z,23.56
2026-02-10T11:26:19.943Z,24.16
2026-02-10T11:31:19.827Z,24.51
2026-02-10T11:36:19.784Z,24.68
2026-02-10T11:41:19.892Z,24.77
2026-02-10T11:46:19.87Z,24.91
2026-02-10T11:51:19.947Z,24.74
2026-02-10T11:56:19.719Z,24.8
2026-02-10T12:01:20.601Z,24.8
2026-02-10T12:06:19.908Z,25.03
2026-02-10T12:11:19.822Z,25.03
2026-02-10T12:16:19.877Z,25.52
2026-02-10T12:21:19.762Z,25.89
2026-02-10T12:26:19.799Z,25.92
2026-02-10T12:31:20.013Z,25.57
2026-02-10T12:36:21Z,25.46
2026-02-10T12:41:19.761Z,25.57
2026-02-10T12:46:19.881Z,25.52
2026-02-10T12:51:19.763Z,25.37
2026-02-10T12:56:19.926Z,25.26
2026-02-10T13:01:19.892Z,25.09
2026-02-10T13:06:19.949Z,24.91
2026-02-10T13:11:19.884Z,24.83
2026-02-10T13:16:19.878Z,24.77
2026-02-10T13:21:19.996Z,24.71
2026-02-10T13:26:19.763Z,24.74
2026-02-10T13:31:20.121Z,24.77
2026-02-10T13:36:19.918Z,24.77
2026-02-10T13:41:20.648Z,24.8
2026-02-10T13:46:19.733Z,24.77
2026-02-10T13:51:20.048Z,24.71
2026-02-10T13:56:20.133Z,24.6
2026-02-10T14:01:20.206Z,24.57
2026-02-10T14:06:20.191Z,24.54
2026-02-10T14:11:20.234Z,24.57
2026-02-10T14:16:19.801Z,24.65
2026-02-10T14:21:20.267Z,24.68
2026-02-10T14:26:20.486Z,24.6
2026-02-10T14:31:19.794Z,24.62
2026-02-10T14:36:20.632Z,24.54
2026-02-10T14:41:20.444Z,24.54
2026-02-10T14:46:19.917Z,24.48
2026-02-10T14:51:20.444Z,24.51
2026-02-10T14:56:20.574Z,24.51
2026-02-10T15:01:20.691Z,24.51
2026-02-10T15:06:19.733Z,24.62
2026-02-10T15:11:19.846Z,24.62
2026-02-10T15:16:20.642Z,24.45
2026-02-10T15:21:21.113Z,24.25
2026-02-10T15:26:20.741Z,24.19
2026-02-10T15:31:20.759Z,23.85
2026-02-10T15:36:19.823Z,23.59
2026-02-10T15:41:21.349Z,23.59
2026-02-10T15:46:19.926Z,23.67
2026-02-10T15:51:20.921Z,23.59
2026-02-10T15:56:21.1Z,23.7
2026-02-10T16:01:20.914Z,23.82
2026-02-10T16:06:19.92Z,24.02
2026-02-10T16:11:21.121Z,24.13
2026-02-10T16:16:21.249Z,24.11
2026-02-10T16:21:19.753Z,24.13
2026-02-10T16:26:19.852Z,24.05
2026-02-10T16:31:21.132Z,23.99
2026-02-10T16:36:19.891Z,23.99
2026-02-10T16:41:21.219Z,24.11
2026-02-10T16:46:21.213Z,24.02
2026-02-10T16:51:21.259Z,23.9
2026-02-10T16:56:19.814Z,23.96
2026-02-10T17:01:21.348Z,24.05
2026-02-10T17:06:19.756Z,24.08
2026-02-10T17:11:21.4Z,23.93
2026-02-10T17:16:19.84Z,23.47
2026-02-10T17:21:19.77Z,23.1
2026-02-10T17:26:19.921Z,22.84
2026-02-10T17:31:21.536Z,22.52
2026-02-10T17:36:19.751Z,22.41
2026-02-10T17:41:19.988Z,22.41
2026-02-10T17:46:19.734Z,22.35
2026-02-10T17:51:19.892Z,22.41
2026-02-10T17:56:19.775Z,22.26
2026-02-10T18:01:19.89Z,22.15
2026-02-10T18:06:19.861Z,22.06
2026-02-10T18:11:19.734Z,21.89
2026-02-10T18:16:19.811Z,21.83
2026-02-10T18:21:19.918Z,21.6
2026-02-10T18:26:19.857Z,21.43
2026-02-10T18:31:19.766Z,21.34
2026-02-10T18:36:19.727Z,21.32
2026-02-10T18:41:19.984Z,21.37
2026-02-10T18:46:20.018Z,21.34
2026-02-10T18:51:19.829Z,21.4
2026-02-10T18:56:19.868Z,21.4
2026-02-10T19:01:19.903Z,21.46
2026-02-10T19:06:19.983Z,21.34
2026-02-10T19:11:19.882Z,21.32
2026-02-10T19:16:19.827Z,21.32
2026-02-10T19:21:19.83Z,21.4
2026-02-10T19:26:19.75Z,21.4
2026-02-10T19:31:19.71Z,21.49
2026-02-10T19:36:19.693Z,21.6
2026-02-10T19:41:19.974Z,21.49
2026-02-10T19:46:19.741Z,21.4
2026-02-10T19:51:19.802Z,21.34
2026-02-10T19:56:19.723Z,21.28
2026-02-10T20:01:20.534Z,21.43
2026-02-10T20:06:19.829Z,21.49
2026-02-10T20:11:19.97Z,21.37
2026-02-10T20:16:19.764Z,21.32
2026-02-10T20:21:19.88Z,21.2
2026-02-10T20:26:19.773Z,21.09
2026-02-10T20:31:19.886Z,21.17
2026-02-10T20:36:19.747Z,21.0
2026-02-10T20:41:19.73Z,20.83
2026-02-10T20:46:19.828Z,20.94
2026-02-10T20:51:19.707Z,20.86
2026-02-10T20:56:19.865Z,20.79
2026-02-10T21:01:19.75Z,20.68
2026-02-10T21:06:19.977Z,20.48
2026-02-10T21:11:19.976Z,20.25
2026-02-10T21:16:20.076Z,19.93
2026-02-10T21:21:19.74Z,19.76
2026-02-10T21:26:19.824Z,19.53
2026-02-10T21:31:19.859Z,19.39
2026-02-10T21:36:19.961Z,19.47
2026-02-10T21:41:19.706Z,19.44
2026-02-10T21:46:19.92Z,19.33
2026-02-10T21:51:19.887Z,19.18
2026-02-10T21:56:19.863Z,19.18
2026-02-10T22:01:19.728Z,19.13
2026-02-10T22:06:19.757Z,19.16
2026-02-10T22:11:19.82Z,19.07
2026-02-10T22:16:19.916Z,18.98
2026-02-10T22:21:19.851Z,18.81
2026-02-10T22:26:19.726Z,18.58
2026-02-10T22:31:19.784Z,18.69
2026-02-10T22:36:20.014Z,18.55
2026-02-10T22:41:19.807Z,18.44
2026-02-10T22:46:19.677Z,18.15
2026-02-10T22:51:19.688Z,17.92
2026-02-10T22:56:19.858Z,17.69
2026-02-10T23:01:19.916Z,17.46
2026-02-10T23:06:19.997Z,17.51
2026-02-10T23:11:19.766Z,17.37
2026-02-10T23:16:19.68Z,17.28
2026-02-10T23:21:19.738Z,17.28
2026-02-10T23:26:19.751Z,17.54
2026-02-10T23:31:19.803Z,17.72
2026-02-10T23:36:19.876Z,17.92
2026-02-10T23:41:20.387Z,18.15
2026-02-10T23:46:19.849Z,18.41
2026-02-10T23:51:19.761Z,18.52
2026-02-10T23:56:19.876Z,18.67
2026-02-11T00:01:19.748Z,18.64
2026-02-11T00:06:19.724Z,18.75
2026-02-11T00:11:19.785Z,18.81
2026-02-11T00:16:19.673Z,18.72
2026-02-11T00:21:19.866Z,18.72
2026-02-11T00:26:19.865Z,18.69
2026-02-11T00:31:19.877Z,18.72
2026-02-11T00:36:19.739Z,18.61
2026-02-11T00:41:19.876Z,18.98
2026-02-11T00:46:19.884Z,19.01
2026-02-11T00:51:19.864Z,18.78
2026-02-11T00:56:19.725Z,18.95
2026-02-11T01:01:19.76Z,19.3
2026-02-11T01:06:19.9Z,19.65
2026-02-11T01:11:19.934Z,19.96
2026-02-11T01:16:19.781Z,19.93
2026-02-11T01:21:19.913Z,19.59
2026-02-11T01:26:20.377Z,19.18
2026-02-11T01:31:19.763Z,19.36
2026-02-11T01:36:19.815Z,19.88
2026-02-11T01:41:20.117Z,19.79
2026-02-11T01:46:19.822Z,19.24
2026-02-11T01:51:19.843Z,19.36
2026-02-11T01:56:19.724Z,19.88
2026-02-11T02:01:19.779Z,20.28
2026-02-11T02:06:20.032Z,20.37
2026-02-11T02:11:19.765Z,20.42
2026-02-11T02:16:20.14Z,20.31
2026-02-11T02:21:19.838Z,20.02
2026-02-11T02:26:20.184Z,19.56
2026-02-11T02:31:19.668Z,19.13
2026-02-11T02:36:19.715Z,18.84
2026-02-11T02:41:20.182Z,18.58
2026-02-11T02:46:20.225Z,18.44
2026-02-11T02:51:20.418Z,18.41
2026-02-11T02:56:19.689Z,18.32
2026-02-11T03:01:19.8Z,18.46
2026-02-11T03:06:19.66Z,18.78
2026-02-11T03:11:20.452Z,18.93
2026-02-11T03:16:19.677Z,18.9
2026-02-11T03:21:19.73Z,19.13
2026-02-11T03:26:19.724Z,19.36
2026-02-11T03:31:19.779Z,19.24
2026-02-11T03:36:19.814Z,19.13
2026-02-11T03:41:19.947Z,19.16
2026-02-11T03:46:20.666Z,19.44
2026-02-11T03:51:20.696Z,19.5
2026-02-11T03:56:20.731Z,19.24
2026-02-11T04:01:19.854Z,19.16
2026-02-11T04:06:19.699Z,19.01
2026-02-11T04:11:20.876Z,18.64
2026-02-11T04:16:19.959Z,18.44
2026-02-11T04:21:19.694Z,18.15
2026-02-11T04:26:20.194Z,17.69
2026-02-11T04:31:19.696Z,17.37
2026-02-11T04:36:20.959Z,17.08
2026-02-11T04:41:21.121Z,16.79
2026-02-11T04:46:19.657Z,16.59
2026-02-11T04:51:21.07Z,16.82
2026-02-11T04:56:20.706Z,16.51
2026-02-11T05:01:19.844Z,16.56
2026-02-11T05:06:19.656Z,16.74
2026-02-11T05:11:21.596Z,16.77
2026-02-11T05:16:21.232Z,17.11
2026-02-11T05:21:21.317Z,17.69
2026-02-11T05:26:21.339Z,18.84
2026-02-11T05:31:19.766Z,19.13
2026-02-11T05:36:21.473Z,19.01
2026-02-11T05:41:19.727Z,18.87
2026-02-11T05:46:19.763Z,18.61
2026-02-11T05:51:19.703Z,18.23
2026-02-11T05:56:19.905Z,17.97
2026-02-11T06:01:19.879Z,17.95
2026-02-11T06:06:19.901Z,17.74
2026-02-11T06:11:19.912Z,17.51
2026-02-11T06:16:19.725Z,17.37
2026-02-11T06:21:19.78Z,17.43
2026-02-11T06:26:19.695Z,17.23
2026-02-11T06:31:19.867Z,17.2
2026-02-11T06:36:20.254Z,17.26
2026-02-11T06:41:19.852Z,17.23
2026-02-11T06:46:19.837Z,17.2
2026-02-11T06:51:19.905Z,17.14
2026-02-11T06:56:19.9Z,17.17
2026-02-11T07:01:19.896Z,17.05
2026-02-11T07:06:19.812Z,17.14
2026-02-11T07:11:19.769Z,17.14
2026-02-11T07:16:19.769Z,17.26
2026-02-11T07:21:19.888Z,17.0
2026-02-11T07:26:19.701Z,17.08
2026-02-11T07:31:19.778Z,16.94
2026-02-11T07:36:19.858Z,17.08
2026-02-11T07:41:19.819Z,17.17
2026-02-11T07:46:19.803Z,17.23
2026-02-11T07:51:19.629Z,17.34
2026-02-11T07:56:19.809Z,17.4
2026-02-11T08:01:20.141Z,17.49
2026-02-11T08:06:19.805Z,17.54
2026-02-11T08:11:19.846Z,17.6
2026-02-11T08:16:19.795Z,17.72
2026-02-11T08:21:19.634Z,17.8
2026-02-11T08:26:19.852Z,17.74
2026-02-11T08:31:19.812Z,17.77
2026-02-11T08:36:19.666Z,17.97
2026-02-11T08:41:19.744Z,18.0
2026-02-11T08:46:19.669Z,18.29
2026-02-11T08:51:19.818Z,18.49
2026-02-11T08:56:19.729Z,18.52
2026-02-11T09:01:19.71Z,18.98
2026-02-11T09:06:19.855Z,19.42
2026-02-11T09:11:19.702Z,19.65
2026-02-11T09:16:19.864Z,19.85
2026-02-11T09:21:19.839Z,20.11
2026-02-11T09:26:19.846Z,20.37
2026-02-11T09:31:19.719Z,20.62
2026-02-11T09:36:19.863Z,20.76
2026-02-11T09:41:19.746Z,21.2
2026-02-11T09:46:19.629Z,21.83
2026-02-11T09:51:19.704Z,22.26
2026-02-11T09:56:19.9Z,22.49
2026-02-11T10:01:19.634Z,22.81
2026-02-11T10:06:19.719Z,22.69
2026-02-11T10:11:19.748Z,22.49
2026-02-11T10:16:19.777Z,22.64
2026-02-11T10:21:19.862Z,22.78
2026-02-11T10:26:19.663Z,23.1
2026-02-11T10:31:19.732Z,23.16
2026-02-11T10:36:19.681Z,23.04
2026-02-11T10:41:19.884Z,23.33
2026-02-11T10:46:19.887Z,23.33
2026-02-11T10:51:19.767Z,23.41
2026-02-11T10:56:19.706Z,23.44
2026-02-11T11:01:19.716Z,23.47
2026-02-11T11:06:19.703Z,23.67
2026-02-11T11:11:19.72Z,23.99
2026-02-11T11:16:19.752Z,24.37
2026-02-11T11:21:19.739Z,24.77
2026-02-11T11:26:19.857Z,24.83
2026-02-11T11:31:19.792Z,25.06
2026-02-11T11:36:19.639Z,25.09
2026-02-11T11:41:19.712Z,24.85
2026-02-11T11:46:19.909Z,25.06
2026-02-11T11:51:19.853Z,25.06
2026-02-11T11:56:19.806Z,25.0
2026-02-11T12:01:19.869Z,25.03
2026-02-11T12:06:19.877Z,25.03
2026-02-11T12:11:19.682Z,25.14
2026-02-11T12:16:19.749Z,25.26
2026-02-11T12:21:19.929Z,25.57
2026-02-11T12:26:19.618Z,25.8
2026-02-11T12:31:19.672Z,25.97
2026-02-11T12:36:19.872Z,26.01
2026-02-11T12:41:19.756Z,26.01
2026-02-11T12:46:19.823Z,26.06
2026-02-11T12:51:19.733Z,26.2
2026-02-11T13:06:19.682Z,26.18
2026-02-11T13:11:19.665Z,26.04
2026-02-11T13:16:20.8Z,26.27
2026-02-11T13:21:19.797Z,26.5
2026-02-11T13:26:20.439Z,26.76
2026-02-11T13:31:19.841Z,26.78
2026-02-11T13:36:19.847Z,26.81
2026-02-11T13:41:20.233Z,26.9
2026-02-11T13:46:20.199Z,27.04
2026-02-11T13:51:19.607Z,27.01
2026-02-11T13:56:21.159Z,26.84
2026-02-11T14:01:19.874Z,26.69
2026-02-11T14:06:21.042Z,27.04
2026-02-11T14:11:19.691Z,27.39
2026-02-11T14:16:20.737Z,27.79
2026-02-11T14:21:20.871Z,27.93
2026-02-11T14:26:21.118Z,27.71
2026-02-11T14:31:19.95Z,27.53
2026-02-11T14:36:19.62Z,27.59
2026-02-11T14:41:19.7Z,27.71
2026-02-11T14:46:19.776Z,27.79
2026-02-11T14:51:19.792Z,27.56
2026-02-11T14:56:19.687Z,27.44
2026-02-11T15:01:19.787Z,27.36
2026-02-11T15:06:19.795Z,27.3
2026-02-11T15:11:19.842Z,27.16
2026-02-11T15:16:19.824Z,27.01
2026-02-11T15:21:19.623Z,26.81
2026-02-11T15:26:19.754Z,26.69
2026-02-11T15:31:19.815Z,26.67
2026-02-11T15:36:19.793Z,26.81
2026-02-11T15:41:19.702Z,26.84
2026-02-11T15:46:19.838Z,26.92
2026-02-11T15:51:20.117Z,26.99
2026-02-11T15:56:19.814Z,26.9
2026-02-11T16:01:19.614Z,26.84
2026-02-11T16:06:19.635Z,26.78
2026-02-11T16:11:19.715Z,26.87
2026-02-11T16:16:19.685Z,26.81
2026-02-11T16:21:19.849Z,26.58
2026-02-11T16:26:19.622Z,26.41
2026-02-11T16:31:19.832Z,26.32
2026-02-11T16:36:19.967Z,26.2
2026-02-11T16:41:19.724Z,26.12
2026-02-11T16:46:19.65Z,26.01
2026-02-11T16:51:19.7Z,25.89
2026-02-11T16:56:19.613Z,25.92
2026-02-11T17:01:19.751Z,26.04
2026-02-11T17:06:19.824Z,26.2
2026-02-11T17:11:21.093Z,25.97
2026-02-11T17:16:20.099Z,25.69
2026-02-11T17:21:20.211Z,25.4
2026-02-11T17:26:20.417Z,25.06
2026-02-11T17:31:20.463Z,24.85
2026-02-11T17:36:20.624Z,24.77
2026-02-11T17:41:20.679Z,24.62
2026-02-11T17:46:20.85Z,24.48
2026-02-11T17:51:20.932Z,24.34
2026-02-11T17:56:19.703Z,24.19
2026-02-11T18:01:19.772Z,24.11
2026-02-11T18:06:19.767Z,24.54
2026-02-11T18:11:19.673Z,24.54
2026-02-11T18:16:19.645Z,24.37
2026-02-11T18:21:19.739Z,24.05
2026-02-11T18:26:19.724Z,23.79
2026-02-11T18:31:20.119Z,23.93
2026-02-11T18:36:20.411Z,24.13
2026-02-11T18:41:19.709Z,24.11
2026-02-11T18:46:19.758Z,23.96
2026-02-11T18:51:19.626Z,23.76
2026-02-11T18:56:19.825Z,23.67
2026-02-11T19:01:19.756Z,23.59
2026-02-11T19:06:19.79Z,23.47
2026-02-11T19:11:19.785Z,23.3
2026-02-11T19:16:19.835Z,23.27
2026-02-11T19:21:19.706Z,23.27
2026-02-11T19:26:19.739Z,23.16
2026-02-11T19:31:19.748Z,23.13
2026-02-11T19:36:19.65Z,22.95
2026-02-11T19:41:19.79Z,22.72
2026-02-11T19:46:19.795Z,22.61
2026-02-11T19:51:20.091Z,22.49
2026-02-11T19:56:19.765Z,22.44
2026-02-11T20:01:20.375Z,22.46
2026-02-11T20:06:19.589Z,22.41
2026-02-11T20:11:19.661Z,22.61
2026-02-11T20:16:19.6Z,22.44
2026-02-11T20:21:19.59Z,22.44
2026-02-11T20:26:19.755Z,22.49
2026-02-11T20:31:19.681Z,22.38
2026-02-11T20:36:19.614Z,22.29
2026-02-11T20:41:19.595Z,22.29
2026-02-11T20:46:19.736Z,22.23
2026-02-11T20:51:19.598Z,22.23
2026-02-11T20:56:19.644Z,22.23
2026-02-11T21:01:19.581Z,22.41
2026-02-11T21:06:19.615Z,22.38
2026-02-11T21:11:19.68Z,22.41
2026-02-11T21:16:19.748Z,22.32
2026-02-11T21:21:19.673Z,22.35
2026-02-11T21:26:19.622Z,22.32
2026-02-11T21:31:19.672Z,22.29
2026-02-11T21:36:19.589Z,22.26
2026-02-11T21:41:19.832Z,22.23
2026-02-11T21:46:20.099Z,22.04
2026-02-11T21:51:19.699Z,22.06
2026-02-11T21:56:19.586Z,22.09
2026-02-11T22:01:19.643Z,22.15
2026-02-11T22:06:19.647Z,22.18
2026-02-11T22:11:19.784Z,22.21
2026-02-11T22:16:19.742Z,22.18
2026-02-11T22:21:19.736Z,21.97
2026-02-11T22:26:19.596Z,21.86
2026-02-11T22:31:19.723Z,21.72
2026-02-11T22:36:19.619Z,21.49
2026-02-11T22:41:19.584Z,21.43
2026-02-11T22:46:19.564Z,21.37
2026-02-11T22:51:20.049Z,21.32
2026-02-11T22:56:19.667Z,21.2
2026-02-11T23:01:19.734Z,21.06
2026-02-11T23:06:19.745Z,20.83
2026-02-11T23:11:19.795Z,20.74
2026-02-11T23:16:19.587Z,20.94
2026-02-11T23:21:19.589Z,21.25
2026-02-11T23:26:19.718Z,21.4
2026-02-11T23:31:19.623Z,21.49
2026-02-11T23:36:19.677Z,21.43
2026-02-11T23:41:19.71Z,21.63
2026-02-11T23:46:19.598Z,21.74
2026-02-11T23:51:19.594Z,21.83
2026-02-11T23:56:19.786Z,21.77
2026-02-12T00:01:19.82Z,21.86
2026-02-12T00:06:19.785Z,21.86
2026-02-12T00:11:19.757Z,21.89
2026-02-12T00:16:19.741Z,21.92
2026-02-12T00:21:19.706Z,21.86
2026-02-12T00:26:19.642Z,21.81
2026-02-12T00:31:19.829Z,21.77
2026-02-12T00:36:20.228Z,21.69
2026-02-12T00:41:19.659Z,21.81
2026-02-12T00:46:19.721Z,21.72
2026-02-12T00:51:19.786Z,21.74
2026-02-12T00:56:19.822Z,21.72
2026-02-12T01:01:19.732Z,21.72
2026-02-12T01:06:20.099Z,21.77
2026-02-12T01:11:19.745Z,21.74
2026-02-12T01:16:20.319Z,21.66
2026-02-12T01:21:19.761Z,21.55
2026-02-12T01:26:19.652Z,21.46
2026-02-12T01:31:20.685Z,21.51
2026-02-12T01:36:20.861Z,21.6
2026-02-12T01:41:20.865Z,21.55
2026-02-12T01:46:20.898Z,21.37
2026-02-12T01:51:19.576Z,21.34
2026-02-12T01:56:19.723Z,21.28
2026-02-12T02:01:20.412Z,21.2
2026-02-12T02:06:19.789Z,21.28
2026-02-12T02:11:19.596Z,21.25
2026-02-12T02:16:19.723Z,21.23
2026-02-12T02:21:19.74Z,21.23
2026-02-12T02:26:19.786Z,21.17
2026-02-12T02:31:19.805Z,21.28
2026-02-12T02:36:19.744Z,21.28
2026-02-12T02:41:19.769Z,21.17
2026-02-12T02:46:19.792Z,21.69
2026-02-12T02:51:19.732Z,22.49
2026-02-12T02:56:19.664Z,21.97
2026-02-12T03:01:19.589Z,21.37
2026-02-12T03:06:19.73Z,21.02
2026-02-12T03:11:19.756Z,20.83
2026-02-12T03:16:19.549Z,20.71
2026-02-12T03:21:19.764Z,20.86
2026-02-12T03:26:19.577Z,20.53
2026-02-12T03:31:19.832Z,20.45
2026-02-12T03:36:19.569Z,20.37
2026-02-12T03:41:19.875Z,20.57
2026-02-12T03:46:19.738Z,21.14
2026-02-12T03:51:19.585Z,21.46
2026-02-12T03:56:19.717Z,21.51
2026-02-12T04:01:19.599Z,21.4
2026-02-12T04:06:19.774Z,21.43
2026-02-12T04:11:19.768Z,21.14
2026-02-12T04:16:19.791Z,21.09
2026-02-12T04:21:19.863Z,20.76
2026-02-12T04:26:19.807Z,20.39
2026-02-12T04:31:20.739Z,20.31
2026-02-12T04:36:19.761Z,20.34
2026-02-12T04:41:19.742Z,20.45
2026-02-12T04:46:19.796Z,20.37
2026-02-12T04:51:19.773Z,20.25
2026-02-12T04:56:20.279Z,20.05
2026-02-12T05:01:20.019Z,19.99
2026-02-12T05:06:20.123Z,19.88
2026-02-12T05:11:20.3Z,19.76
2026-02-12T05:16:20.303Z,19.82
2026-02-12T05:21:20.768Z,19.7
2026-02-12T05:26:20.468Z,19.65
2026-02-12T05:31:19.762Z,19.7
2026-02-12T05:36:19.616Z,19.79
2026-02-12T05:41:20.303Z,19.7
2026-02-12T05:46:19.576Z,19.62
2026-02-12T05:51:21.01Z,19.5
2026-02-12T05:56:19.642Z,19.59
2026-02-12T06:01:19.751Z,19.62
2026-02-12T06:06:19.74Z,19.53
2026-02-12T06:11:19.707Z,19.44
2026-02-12T06:16:20.617Z,19.33
2026-02-12T06:21:19.588Z,19.1
2026-02-12T06:26:19.745Z,19.01
2026-02-12T06:31:19.811Z,18.98
2026-02-12T06:36:19.548Z,18.93
2026-02-12T06:41:19.569Z,18.98
2026-02-12T06:46:19.819Z,18.75
2026-02-12T06:51:19.59Z,18.49
2026-02-12T06:56:19.621Z,18.41
2026-02-12T07:01:19.653Z,18.32
2026-02-12T07:06:20.146Z,18.29
2026-02-12T07:11:19.717Z,18.38
2026-02-12T07:16:19.636Z,18.35
2026-02-12T07:21:19.566Z,18.41
2026-02-12T07:26:19.844Z,18.35
2026-02-12T07:31:19.666Z,18.49
2026-02-12T07:36:19.71Z,18.58
2026-02-12T07:41:19.625Z,18.69
2026-02-12T07:46:19.629Z,18.75
2026-02-12T07:51:19.691Z,18.81
2026-02-12T07:56:19.605Z,18.81
2026-02-12T08:01:19.588Z,18.87
2026-02-12T08:06:19.565Z,18.93
2026-02-12T08:11:19.596Z,18.95
2026-02-12T08:16:19.535Z,18.98
2026-02-12T08:21:19.712Z,19.1
2026-02-12T08:26:19.631Z,19.1
2026-02-12T08:31:19.562Z,19.24
2026-02-12T08:36:19.625Z,19.42
2026-02-12T08:41:19.818Z,19.47
2026-02-12T08:46:19.872Z,19.59
2026-02-12T08:51:19.632Z,19.7
2026-02-12T08:56:19.783Z,19.79
2026-02-12T09:01:19.66Z,19.9
2026-02-12T09:06:19.635Z,19.88
2026-02-12T09:11:38.312Z,19.96
2026-02-12T09:16:19.641Z,20.08
2026-02-12T09:21:19.616Z,20.19
2026-02-12T09:26:19.887Z,20.22
2026-02-12T09:31:19.696Z,20.22
2026-02-12T09:36:20.06Z,20.48
2026-02-12T09:41:20.294Z,20.51
2026-02-12T09:46:19.711Z,20.57
2026-02-12T09:51:19.553Z,20.74
2026-02-12T09:56:19.754Z,20.79
2026-02-12T10:01:19.79Z,20.88
2026-02-12T10:07:03.246Z,20.91
2026-02-12T10:11:19.778Z,21.06
2026-02-12T10:16:19.615Z,21.23
2026-02-12T10:21:19.904Z,21.32
2026-02-12T10:26:19.737Z,21.34
2026-02-12T10:31:19.785Z,21.46
2026-02-12T10:36:19.707Z,21.63
2026-02-12T10:41:20.014Z,21.74
2026-02-12T10:46:19.991Z,21.72
2026-02-12T10:51:20.09Z,21.86
2026-02-12T10:56:20.217Z,22.0
2026-02-12T11:01:20.554Z,22.18
2026-02-12T11:06:20.468Z,22.26
2026-02-12T11:11:19.63Z,22.18
2026-02-12T11:16:19.748Z,22.15
2026-02-12T11:21:20.818Z,22.21
2026-02-12T11:26:19.571Z,22.46
2026-02-12T11:31:21.085Z,22.44
2026-02-12T11:36:21.148Z,22.44
2026-02-12T11:41:19.642Z,22.46
2026-02-12T11:46:19.771Z,22.49
2026-02-12T11:51:19.645Z,22.69
2026-02-12T11:56:19.608Z,22.84
2026-02-12T12:01:19.763Z,22.87
2026-02-12T12:06:19.753Z,22.84
2026-02-12T12:11:20.097Z,22.87
2026-02-12T12:16:19.785Z,22.93
2026-02-12T12:21:19.64Z,22.87
2026-02-12T12:26:19.648Z,23.07
2026-02-12T12:31:19.753Z,23.16
2026-02-12T12:36:19.637Z,23.04
2026-02-12T12:41:19.644Z,23.16
2026-02-12T12:46:19.579Z,23.13
2026-02-12T12:51:19.553Z,23.18
2026-02-12T12:56:19.647Z,23.24
2026-02-12T13:01:19.72Z,23.33
2026-02-12T13:06:19.771Z,23.36
2026-02-12T13:11:19.894Z,23.53
2026-02-12T13:16:19.56Z,23.47
2026-02-12T13:21:19.636Z,23.53
2026-02-12T13:26:19.583Z,23.62
2026-02-12T13:31:19.721Z,23.5
2026-02-12T13:36:19.736Z,23.76
2026-02-12T13:41:19.786Z,23.76
2026-02-12T13:46:19.634Z,23.65
2026-02-12T13:51:19.541Z,23.7
2026-02-12T13:56:19.78Z,23.73
2026-02-12T14:01:19.803Z,23.85
2026-02-12T14:06:19.579Z,23.96
2026-02-12T14:11:20.088Z,23.99
2026-02-12T14:16:19.77Z,23.85
2026-02-12T14:21:19.817Z,23.79
2026-02-12T14:26:20.556Z,23.82
2026-02-12T14:31:20.117Z,23.9
2026-02-12T14:36:20.278Z,23.99
2026-02-12T14:41:20.413Z,23.9
2026-02-12T14:46:21.155Z,23.93
2026-02-12T14:51:20.648Z,24.11
2026-02-12T14:56:19.758Z,23.96
2026-02-12T15:01:21.154Z,23.99
2026-02-12T15:06:20.873Z,23.82
2026-02-12T15:11:21.095Z,23.65
2026-02-12T15:16:21.073Z,23.7
2026-02-12T15:21:19.595Z,23.82
2026-02-12T15:26:21.367Z,23.85
2026-02-12T15:31:19.527Z,23.88
2026-02-12T15:36:19.53Z,23.59
2026-02-12T15:41:19.976Z,23.53
2026-02-12T15:46:19.762Z,23.65
2026-02-12T15:51:19.625Z,23.73
2026-02-12T15:56:19.749Z,23.73
2026-02-12T16:01:19.643Z,23.59
2026-02-12T16:06:19.656Z,23.53
2026-02-12T16:11:19.553Z,23.39
2026-02-12T16:16:19.703Z,23.44
2026-02-12T16:21:19.789Z,23.41
2026-02-12T16:26:19.746Z,23.36
2026-02-12T16:31:19.783Z,23.18
2026-02-12T16:36:19.763Z,23.01
2026-02-12T16:41:19.622Z,22.87
2026-02-12T16:46:19.74Z,22.67
2026-02-12T16:51:19.76Z,22.55
2026-02-12T16:56:19.607Z,22.52
2026-02-12T17:01:19.675Z,22.46
2026-02-12T17:06:19.725Z,22.41
2026-02-12T17:11:19.836Z,22.35
2026-02-12T17:16:19.707Z,22.18
2026-02-12T17:21:19.698Z,21.81
2026-02-12T17:26:20.064Z,21.43
2026-02-12T17:31:19.784Z,21.06
2026-02-12T17:36:19.628Z,20.97
2026-02-12T17:41:19.776Z,20.76
2026-02-12T17:46:19.679Z,20.51
2026-02-12T17:51:19.528Z,20.31
2026-02-12T17:56:19.753Z,20.25
2026-02-12T18:01:19.533Z,20.11
2026-02-12T18:06:19.599Z,20.05
2026-02-12T18:11:19.756Z,20.11
2026-02-12T18:16:19.567Z,20.16
2026-02-12T18:21:19.794Z,20.19
2026-02-12T18:26:20.119Z,19.99
2026-02-12T18:31:20.323Z,19.79
2026-02-12T18:36:19.582Z,19.42
2026-02-12T18:41:20.345Z,19.13
2026-02-12T18:46:19.769Z,18.84
2026-02-12T18:51:20.736Z,18.67
2026-02-12T18:56:20.997Z,18.69
2026-02-12T19:01:19.648Z,18.87
2026-02-12T19:06:21.262Z,19.07
2026-02-12T19:11:19.616Z,19.16
2026-02-12T19:16:21.105Z,19.1
2026-02-12T19:21:19.705Z,18.9
2026-02-12T19:26:19.535Z,18.67
2026-02-12T19:31:19.911Z,18.55
2026-02-12T19:36:19.649Z,18.64
2026-02-12T19:41:19.775Z,18.69
2026-02-12T19:46:19.758Z,18.67
2026-02-12T19:51:19.608Z,18.58
2026-02-12T19:56:20.16Z,18.61
2026-02-12T20:01:19.573Z,18.49
2026-02-12T20:06:19.784Z,18.23
2026-02-12T20:11:19.759Z,18.15
2026-02-12T20:16:19.534Z,17.95
2026-02-12T20:21:19.783Z,17.77
2026-02-12T20:26:19.818Z,17.57
2026-02-12T20:31:19.69Z,17.17
2026-02-12T20:36:19.729Z,17.02
2026-02-12T20:41:19.556Z,16.77
2026-02-12T20:46:19.574Z,16.71
2026-02-12T20:51:19.639Z,16.65
2026-02-12T20:56:19.765Z,16.51
2026-02-12T21:01:19.596Z,16.48
2026-02-12T21:06:19.664Z,16.68
2026-02-12T21:11:19.524Z,16.94
2026-02-12T21:16:19.729Z,17.02
2026-02-12T21:21:19.597Z,17.02
2026-02-12T21:26:19.553Z,17.02
2026-02-12T21:31:19.608Z,17.0
2026-02-12T21:36:19.634Z,17.02
2026-02-12T21:41:19.699Z,17.02
2026-02-12T21:46:19.555Z,16.88
2026-02-12T21:51:19.548Z,16.79
2026-02-12T21:56:19.725Z,16.88
2026-02-12T22:01:19.638Z,17.11
2026-02-12T22:06:19.69Z,17.23
2026-02-12T22:11:20.083Z,17.26
2026-02-12T22:16:19.607Z,17.2
2026-02-12T22:21:20.218Z,17.08
2026-02-12T22:26:20.217Z,17.0
2026-02-12T22:31:21.099Z,16.79
2026-02-12T22:36:19.605Z,16.74
2026-02-12T22:41:20.509Z,16.62
2026-02-12T22:46:20.743Z,16.79
2026-02-12T22:51:19.564Z,17.11
2026-02-12T22:56:20.999Z,17.31
2026-02-12T23:01:19.565Z,17.4
2026-02-12T23:06:21.048Z,17.49
2026-02-12T23:11:21.231Z,17.57
2026-02-12T23:16:19.773Z,17.54
2026-02-12T23:21:19.651Z,17.49
2026-02-12T23:26:19.537Z,17.46
2026-02-12T23:31:19.613Z,17.34
2026-02-12T23:36:19.722Z,16.97
2026-02-12T23:41:19.69Z,16.22
2026-02-12T23:46:19.627Z,15.93
2026-02-12T23:51:19.639Z,15.67
2026-02-12T23:56:19.711Z,15.5
2026-02-13T00:01:19.527Z,15.19
2026-02-13T00:06:19.669Z,15.09
2026-02-13T00:11:19.517Z,15.12
2026-02-13T00:16:19.929Z,15.16
2026-02-13T00:21:19.701Z,15.01
2026-02-13T00:26:19.606Z,14.78
2026-02-13T00:31:19.543Z,14.67
2026-02-13T00:36:19.666Z,14.58
2026-02-13T00:41:19.582Z,14.41
2026-02-13T00:46:19.731Z,14.29
2026-02-13T00:51:19.521Z,14.21
2026-02-13T00:56:19.584Z,13.95
2026-02-13T01:01:19.719Z,13.77
2026-02-13T01:06:19.661Z,13.86
2026-02-13T01:11:19.516Z,14.0
2026-02-13T01:16:19.772Z,14.12
2026-02-13T01:21:19.539Z,14.21
2026-02-13T01:26:19.673Z,14.09
2026-02-13T01:31:19.742Z,14.0
2026-02-13T01:36:19.751Z,14.0
2026-02-13T01:41:19.708Z,13.98
2026-02-13T01:46:19.654Z,13.89
2026-02-13T01:51:19.677Z,13.83
2026-02-13T01:56:19.813Z,13.69
2026-02-13T02:01:19.531Z,13.72
2026-02-13T02:06:19.739Z,13.66
2026-02-13T02:11:20.019Z,13.6
2026-02-13T02:16:20.431Z,13.51
2026-02-13T02:21:19.726Z,13.28
2026-02-13T02:26:20.271Z,13.28
2026-02-13T02:31:19.627Z,13.2
2026-02-13T02:36:20.427Z,13.11
2026-02-13T02:41:20.502Z,13.03
2026-02-13T02:46:20.797Z,13.0
2026-02-13T02:51:19.752Z,12.74
2026-02-13T02:56:19.653Z,12.77
2026-02-13T03:01:21.118Z,12.79
2026-02-13T03:06:19.545Z,13.05
2026-02-13T03:11:21.156Z,13.43
2026-02-13T03:16:21.251Z,13.57
2026-02-13T03:21:19.608Z,13.66
2026-02-13T03:26:19.729Z,13.57
2026-02-13T03:31:19.792Z,13.46
2026-02-13T03:36:19.857Z,13.34
2026-02-13T03:41:19.531Z,13.37
2026-02-13T03:46:19.644Z,13.2
2026-02-13T03:51:19.619Z,13.05
2026-02-13T03:56:19.772Z,13.0
2026-02-13T04:01:19.74Z,12.94
2026-02-13T04:06:19.714Z,12.82
2026-02-13T04:11:19.559Z,12.85
2026-02-13T04:16:19.605Z,12.71
2026-02-13T04:21:19.533Z,12.65
2026-02-13T04:26:19.641Z,12.54
2026-02-13T04:31:19.73Z,12.48
2026-02-13T04:36:19.656Z,12.33
2026-02-13T04:41:19.645Z,12.28
2026-02-13T04:46:19.627Z,12.16
2026-02-13T04:51:19.49Z,12.25
2026-02-13T04:56:19.488Z,12.16
2026-02-13T05:01:19.744Z,12.07
2026-02-13T05:06:19.727Z,11.99
2026-02-13T05:11:19.628Z,11.9
2026-02-13T05:16:19.738Z,12.1
2026-02-13T05:21:19.497Z,12.16
2026-02-13T05:26:19.565Z,12.13
2026-02-13T05:31:19.698Z,12.02
2026-02-13T05:36:19.613Z,11.93
2026-02-13T05:41:19.724Z,11.9
2026-02-13T05:46:19.533Z,11.76
2026-02-13T05:51:19.64Z,11.7
2026-02-13T05:56:19.595Z,11.5
2026-02-13T06:01:19.853Z,11.41
2026-02-13T06:06:19.494Z,11.33
2026-02-13T06:11:20.003Z,11.15
2026-02-13T06:16:20.054Z,11.1
2026-02-13T06:21:20.17Z,10.98
2026-02-13T06:26:20.247Z,11.04
2026-02-13T06:31:20.331Z,10.98
2026-02-13T06:36:20.534Z,10.96
2026-02-13T06:41:20.491Z,10.89
2026-02-13T06:46:19.739Z,10.86
2026-02-13T06:51:19.741Z,10.58
2026-02-13T06:56:19.65Z,10.58
2026-02-13T07:01:21.02Z,10.47
2026-02-13T07:06:21.064Z,10.55
2026-02-13T07:11:21.152Z,10.4
2026-02-13T07:16:21.367Z,10.4
2026-02-13T07:21:19.577Z,10.38
2026-02-13T07:26:19.568Z,10.4
2026-02-13T07:31:19.537Z,10.66
2026-02-13T07:36:19.639Z,11.1
2026-02-13T07:41:19.501Z,11.47
2026-02-13T07:46:19.548Z,11.79
2026-02-13T07:51:19.488Z,12.39
2026-02-13T07:56:20.12Z,13.2
2026-02-13T08:01:19.742Z,13.6
2026-02-13T08:06:19.513Z,14.0
2026-02-13T08:11:19.675Z,14.61
2026-02-13T08:16:19.58Z,15.27
2026-02-13T08:21:19.597Z,15.81
2026-02-13T08:26:19.553Z,16.07
2026-02-13T08:31:19.562Z,16.22
2026-02-13T08:36:19.548Z,16.3
2026-02-13T08:41:19.514Z,16.1
2026-02-13T08:46:19.695Z,15.96
2026-02-13T08:51:20.003Z,15.79
2026-02-13T08:56:19.521Z,15.84
2026-02-13T09:01:19.668Z,15.9
2026-02-13T09:06:19.595Z,16.19
2026-02-13T09:11:19.595Z,16.74
2026-02-13T09:16:19.741Z,17.74
2026-02-13T09:21:19.576Z,18.64
2026-02-13T09:26:19.589Z,19.44
2026-02-13T09:31:19.697Z,20.05
2026-02-13T09:36:19.691Z,20.34
2026-02-13T09:41:19.569Z,20.83
2026-02-13T09:46:19.582Z,21.14
2026-02-13T09:51:19.724Z,21.37
2026-02-13T09:56:19.739Z,21.2
2026-02-13T10:01:19.705Z,20.83
2026-02-13T10:06:19.924Z,20.31
2026-02-13T10:11:20.186Z,19.99
2026-02-13T10:16:20.13Z,19.9
2026-02-13T10:21:19.596Z,20.05
2026-02-13T10:26:20.107Z,20.14
2026-02-13T10:31:19.687Z,20.22
2026-02-13T10:36:20.481Z,19.76
2026-02-13T10:41:20.654Z,19.18
2026-02-13T10:46:19.567Z,18.81
2026-02-13T10:51:20.122Z,18.61
2026-02-13T10:56:21.08Z,18.46
2026-02-13T11:01:20.018Z,18.46
2026-02-13T11:06:19.646Z,18.49
2026-02-13T11:11:19.514Z,18.49
2026-02-13T11:16:21.735Z,19.01
2026-02-13T11:21:20.116Z,18.81
2026-02-13T11:26:20.311Z,18.67
2026-02-13T11:31:19.66Z,18.75
2026-02-13T11:36:19.644Z,19.16
2026-02-13T11:41:19.574Z,19.5
2026-02-13T11:46:19.771Z,19.9
2026-02-13T11:51:19.523Z,19.99
2026-02-13T11:56:19.718Z,19.88
2026-02-13T12:01:19.813Z,19.62
2026-02-13T12:06:20.186Z,19.33
2026-02-13T12:11:19.551Z,19.33
2026-02-13T12:16:19.868Z,19.42
2026-02-13T12:21:19.859Z,19.93
2026-02-13T12:26:19.629Z,19.93
2026-02-13T12:31:19.482Z,20.19
2026-02-13T12:36:19.475Z,19.85
2026-02-13T12:41:19.545Z,19.76
2026-02-13T12:46:19.72Z,19.53
2026-02-13T12:51:19.649Z,19.42
2026-02-13T12:56:19.674Z,19.5
2026-02-13T13:01:19.71Z,19.56
2026-02-13T13:06:19.542Z,19.73
2026-02-13T13:11:19.514Z,19.53
2026-02-13T13:16:19.524Z,19.36
2026-02-13T13:21:19.56Z,18.98
2026-02-13T13:26:19.638Z,18.49
2026-02-13T13:31:19.63Z,18.06
2026-02-13T13:36:19.545Z,17.89
2026-02-13T13:41:19.803Z,17.95
2026-02-13T13:46:19.737Z,17.83
2026-02-13T13:51:20.179Z,17.37
2026-02-13T13:56:20.134Z,17.11
2026-02-13T14:01:19.938Z,16.85
2026-02-13T14:06:19.968Z,16.62
2026-02-13T14:11:19.664Z,16.39
2026-02-13T14:16:20.666Z,16.3
2026-02-13T14:21:19.703Z,16.25
2026-02-13T14:26:20.435Z,16.19
2026-02-13T14:31:19.706Z,16.56
2026-02-13T14:36:20.846Z,17.05
2026-02-13T14:41:20.703Z,17.23
2026-02-13T14:46:20.991Z,17.43
2026-02-13T14:51:19.482Z,17.77
2026-02-13T14:56:21.119Z,17.97
2026-02-13T15:01:21.249Z,18.26
2026-02-13T15:06:21.326Z,18.23
2026-02-13T15:11:19.645Z,18.49
2026-02-13T15:16:19.546Z,18.44
2026-02-13T15:21:19.647Z,18.69
2026-02-13T15:26:19.516Z,18.69
2026-02-13T15:31:19.578Z,18.78
2026-02-13T15:36:19.996Z,18.84
2026-02-13T15:41:20.1Z,18.95
2026-02-13T15:46:19.841Z,19.16
2026-02-13T15:51:19.512Z,19.27
2026-02-13T15:56:19.593Z,19.16
2026-02-13T16:01:19.727Z,19.39
2026-02-13T16:06:19.641Z,19.18
2026-02-13T16:11:19.737Z,19.16
2026-02-13T16:16:19.571Z,19.18
2026-02-13T16:21:19.523Z,19.24
2026-02-13T16:26:19.666Z,19.21
2026-02-13T16:31:19.665Z,19.07
2026-02-13T16:36:19.629Z,18.93
2026-02-13T16:41:19.888Z,18.67
2026-02-13T16:46:19.729Z,18.55
2026-02-13T16:51:19.585Z,18.21
2026-02-13T16:56:19.544Z,18.03
2026-02-13T17:01:19.727Z,17.8
2026-02-13T17:06:19.636Z,17.77
2026-02-13T17:11:19.683Z,17.6
2026-02-13T17:16:19.641Z,17.37
2026-02-13T17:21:20.1Z,17.2
2026-02-13T17:26:19.554Z,17.05
2026-02-13T17:31:19.58Z,16.97
2026-02-13T17:36:19.553Z,16.97
2026-02-13T17:41:19.593Z,17.0
2026-02-13T17:46:19.867Z,16.85
2026-02-13T17:51:19.877Z,16.71
2026-02-13T17:56:19.871Z,16.42
2026-02-13T18:01:19.981Z,16.25
2026-02-13T18:06:19.519Z,16.1
2026-02-13T18:11:20.18Z,15.99
2026-02-13T18:16:20.423Z,15.93
2026-02-13T18:21:20.882Z,15.84
2026-02-13T18:26:21.086Z,15.67
2026-02-13T18:31:19.721Z,15.53
2026-02-13T18:36:19.483Z,15.44
2026-02-13T18:41:19.698Z,15.27
2026-02-13T18:46:19.517Z,15.21
2026-02-13T18:51:19.475Z,15.42
2026-02-13T18:56:21.146Z,15.3
2026-02-13T19:01:19.689Z,15.33
2026-02-13T19:06:21.436Z,15.3
2026-02-13T19:11:19.644Z,15.27
2026-02-13T19:16:19.545Z,15.21
2026-02-13T19:21:19.628Z,15.21
2026-02-13T19:26:19.59Z,15.33
2026-02-13T19:31:19.48Z,15.21
2026-02-13T19:36:19.514Z,15.12
2026-02-13T19:41:19.655Z,14.93
2026-02-13T19:46:19.656Z,14.95
2026-02-13T19:51:19.599Z,14.93
2026-02-13T19:56:19.904Z,14.86
2026-02-13T20:01:19.49Z,15.09
2026-02-13T20:06:19.604Z,15.12
2026-02-13T20:11:19.686Z,15.07
2026-02-13T20:16:19.659Z,15.09
2026-02-13T20:21:19.498Z,15.04
2026-02-13T20:26:19.465Z,15.07
2026-02-13T20:31:19.462Z,15.09
2026-02-13T20:36:20.616Z,15.04
2026-02-13T20:41:19.724Z,15.24
2026-02-13T20:46:19.586Z,15.44
2026-02-13T20:51:19.471Z,15.39
2026-02-13T20:56:19.57Z,15.42
2026-02-13T21:01:19.704Z,15.39
2026-02-13T21:06:19.526Z,15.35
2026-02-13T21:11:19.608Z,15.47
2026-02-13T21:16:19.478Z,15.39
2026-02-13T21:21:19.549Z,15.56
2026-02-13T21:26:19.59Z,15.81
2026-02-13T21:31:19.486Z,15.84
2026-02-13T21:36:19.757Z,15.73
2026-02-13T21:41:20.236Z,15.67
2026-02-13T21:46:19.605Z,15.47
2026-02-13T21:51:19.612Z,15.58
2026-02-13T21:56:19.573Z,15.5
2026-02-13T22:01:20.228Z,15.33
2026-02-13T22:06:19.618Z,15.35
2026-02-13T22:11:20.465Z,15.27
2026-02-13T22:16:20.617Z,15.09
2026-02-13T22:21:20.525Z,15.04
2026-02-13T22:26:20.703Z,14.98
2026-02-13T22:31:20.762Z,15.01
2026-02-13T22:36:20.89Z,15.01
2026-02-13T22:41:21.013Z,14.95
2026-02-13T22:46:21.104Z,15.01
2026-02-13T22:51:21.176Z,14.98
2026-02-13T22:56:19.461Z,14.9
2026-02-13T23:01:19.515Z,14.81
2026-02-13T23:06:19.691Z,14.84
2026-02-13T23:11:19.529Z,14.75
2026-02-13T23:16:19.684Z,14.81
2026-02-13T23:21:19.56Z,14.7
2026-02-13T23:26:19.556Z,14.64
2026-02-13T23:31:19.501Z,14.58
2026-02-13T23:36:19.532Z,14.67
2026-02-13T23:41:19.617Z,14.7
2026-02-13T23:46:19.651Z,14.55
2026-02-13T23:51:19.498Z,14.58
2026-02-13T23:56:19.524Z,14.86
2026-02-14T00:01:19.69Z,14.78
2026-02-14T00:06:19.624Z,14.7
2026-02-14T00:11:19.52Z,14.78
2026-02-14T00:16:19.458Z,14.7
2026-02-14T00:21:19.557Z,14.61
2026-02-14T00:26:19.619Z,14.7
2026-02-14T00:31:19.459Z,14.61
2026-02-14T00:36:19.493Z,14.67
2026-02-14T00:41:19.615Z,14.49
2026-02-14T00:46:19.718Z,14.7
2026-02-14T00:51:19.525Z,14.72
2026-02-14T00:56:20.108Z,14.72
2026-02-14T01:01:19.701Z,14.7
2026-02-14T01:06:19.591Z,14.64
2026-02-14T01:11:19.618Z,14.61
2026-02-14T01:16:19.704Z,14.58
2026-02-14T01:21:19.523Z,14.52
2026-02-14T01:26:19.492Z,14.49
2026-02-14T01:31:20.006Z,14.47
2026-02-14T01:36:19.518Z,14.32
2026-02-14T01:41:19.641Z,14.41
2026-02-14T01:46:19.775Z,14.52
2026-02-14T01:51:19.596Z,14.64
2026-02-14T01:56:19.883Z,14.64
2026-02-14T02:01:19.601Z,14.7
2026-02-14T02:06:19.706Z,14.72
2026-02-14T02:11:20.633Z,14.7
2026-02-14T02:16:20.416Z,14.72
2026-02-14T02:21:20.687Z,14.81
2026-02-14T02:26:19.523Z,14.75
2026-02-14T02:31:19.72Z,14.67
2026-02-14T02:36:20.782Z,14.64
2026-02-14T02:41:19.712Z,14.67
2026-02-14T02:46:19.466Z,14.61
2026-02-14T02:51:21.126Z,14.55
2026-02-14T02:56:19.543Z,14.61
2026-02-14T03:01:19.542Z,14.52
2026-02-14T03:06:19.491Z,14.52
2026-02-14T03:11:19.748Z,14.44
2026-02-14T03:16:19.515Z,14.44
2026-02-14T03:21:20.128Z,14.35
2026-02-14T03:26:19.623Z,14.32
2026-02-14T03:31:19.485Z,14.26
2026-02-14T03:36:19.67Z,14.21
2026-02-14T03:41:20.042Z,14.23
2026-02-14T03:46:19.638Z,14.32
2026-02-14T03:51:19.549Z,14.26
2026-02-14T03:56:19.508Z,14.21
2026-02-14T04:01:19.569Z,14.29
2026-02-14T04:06:19.505Z,14.21
2026-02-14T04:11:19.603Z,14.18
2026-02-14T04:16:19.674Z,14.09
2026-02-14T04:21:19.618Z,14.09
2026-02-14T04:26:20.025Z,13.95
2026-02-14T04:31:19.487Z,13.95
2026-02-14T04:36:19.593Z,13.83
2026-02-14T04:41:19.637Z,13.89
2026-02-14T04:46:19.871Z,13.77
2026-02-14T04:51:19.68Z,13.74
2026-02-14T04:56:19.747Z,13.69
2026-02-14T05:01:19.578Z,13.57
2026-02-14T05:06:19.631Z,13.63
2026-02-14T05:11:19.547Z,13.57
2026-02-14T05:16:19.572Z,13.43
2026-02-14T05:21:19.486Z,13.43
2026-02-14T05:26:19.497Z,13.28
2026-02-14T05:31:19.587Z,13.34
2026-02-14T05:36:19.683Z,13.4
2026-02-14T05:41:19.977Z,13.26
2026-02-14T05:46:19.687Z,13.2
2026-02-14T05:51:19.61Z,13.17
2026-02-14T05:56:19.867Z,13.2
2026-02-14T06:01:20.132Z,13.11
2026-02-14T06:06:20.074Z,13.05
2026-02-14T06:11:20.2Z,13.08
2026-02-14T06:16:20.412Z,12.94
2026-02-14T06:21:20.571Z,13.08
2026-02-14T06:26:20.654Z,13.0
2026-02-14T06:31:19.652Z,12.94
2026-02-14T06:36:19.686Z,12.91
2026-02-14T06:41:20.907Z,12.91
2026-02-14T06:46:21.048Z,12.88
2026-02-14T06:51:21.106Z,12.82
2026-02-14T06:56:19.678Z,12.71
2026-02-14T07:01:19.495Z,12.71
2026-02-14T07:06:19.5Z,12.74
2026-02-14T07:11:19.561Z,12.74
2026-02-14T07:16:19.626Z,12.79
2026-02-14T07:21:19.649Z,12.85
2026-02-14T07:26:19.491Z,12.79
2026-02-14T07:31:19.636Z,12.94
2026-02-14T07:36:19.623Z,12.97
2026-02-14T07:41:19.457Z,13.0
2026-02-14T07:46:19.702Z,12.91
2026-02-14T07:51:19.699Z,13.03
2026-02-14T07:56:19.497Z,13.14
2026-02-14T08:01:19.697Z,13.17
2026-02-14T08:06:19.706Z,13.23
2026-02-14T08:11:19.693Z,13.31
2026-02-14T08:16:19.455Z,13.46
2026-02-14T08:21:19.501Z,13.63
2026-02-14T08:26:19.574Z,13.66
2026-02-14T08:31:19.712Z,13.72
2026-02-14T08:36:19.698Z,13.72
2026-02-14T08:41:19.634Z,13.77
2026-02-14T08:46:19.593Z,13.86
2026-02-14T08:51:19.678Z,13.8
2026-02-14T08:56:19.57Z,13.86
2026-02-14T09:01:19.69Z,13.92
2026-02-14T09:06:19.653Z,13.98
2026-02-14T09:11:19.619Z,14.03
2026-02-14T09:16:19.545Z,14.03
2026-02-14T09:21:19.503Z,14.09
2026-02-14T09:26:19.726Z,14.21
2026-02-14T09:31:20.023Z,14.29
2026-02-14T09:36:19.553Z,14.29
2026-02-14T09:41:19.676Z,14.44
2026-02-14T09:46:19.876Z,14.44
2026-02-14T09:51:20.07Z,14.49
2026-02-14T09:56:20.019Z,14.52
2026-02-14T10:01:20.523Z,14.67
2026-02-14T10:06:20.848Z,14.64
2026-02-14T10:11:20.406Z,14.72
2026-02-14T10:16:20.64Z,14.72
2026-02-14T10:21:19.684Z,14.9
2026-02-14T10:26:19.856Z,14.95
2026-02-14T10:31:21.326Z,15.04
2026-02-14T10:36:20.945Z,15.21
2026-02-14T10:41:21.775Z,15.39
2026-02-14T10:46:21.082Z,15.5
2026-02-14T10:51:19.526Z,15.5
2026-02-14T10:56:21.285Z,15.65
2026-02-14T11:01:19.461Z,15.76
2026-02-14T11:06:19.684Z,15.84
2026-02-14T11:11:19.531Z,15.7
2026-02-14T11:16:19.629Z,15.79
2026-02-14T11:21:19.696Z,15.88
2026-02-14T11:26:19.466Z,15.93
2026-02-14T11:31:19.505Z,15.96
2026-02-14T11:36:19.536Z,15.99
2026-02-14T11:41:19.516Z,15.96
2026-02-14T11:46:19.573Z,15.84
2026-02-14T11:51:19.461Z,16.22
2026-02-14T11:56:19.599Z,16.1
2026-02-14T12:01:19.695Z,16.05
2026-02-14T12:06:19.447Z,16.14
2026-02-14T12:11:19.45Z,16.14
2026-02-14T12:16:19.492Z,16.22
2026-02-14T12:21:19.668Z,16.1
2026-02-14T12:26:19.455Z,16.22
2026-02-14T12:31:19.567Z,16.14
2026-02-14T12:36:19.55Z,16.22
2026-02-14T12:41:19.554Z,16.39
2026-02-14T12:46:19.686Z,16.25
2026-02-14T12:51:19.807Z,16.48
2026-02-14T12:56:19.696Z,16.48
2026-02-14T13:01:19.598Z,16.62
2026-02-14T13:06:19.776Z,16.71
2026-02-14T13:11:19.492Z,16.56
2026-02-14T13:16:19.492Z,16.59
2026-02-14T13:21:19.535Z,16.65
2026-02-14T13:26:19.557Z,16.74
2026-02-14T13:31:19.437Z,16.79
2026-02-14T13:36:19.697Z,16.82
2026-02-14T13:41:19.466Z,16.88
2026-02-14T13:46:20.395Z,16.82
2026-02-14T13:51:19.446Z,16.88
2026-02-14T13:56:20.049Z,17.05
2026-02-14T14:01:20.603Z,17.08
2026-02-14T14:06:20.884Z,17.02
2026-02-14T14:11:19.601Z,16.97
2026-02-14T14:16:20.482Z,17.05
2026-02-14T14:21:19.637Z,17.11
2026-02-14T14:26:20.714Z,17.17
2026-02-14T14:31:20.93Z,17.02
2026-02-14T14:36:20.943Z,17.02
2026-02-14T14:41:21.072Z,17.28
2026-02-14T14:46:21.368Z,17.23
2026-02-14T14:51:21.293Z,17.4
2026-02-14T14:56:19.428Z,17.51
2026-02-14T15:01:19.576Z,17.43
2026-02-14T15:06:19.63Z,17.26
2026-02-14T15:11:19.541Z,17.34
2026-02-14T15:16:19.432Z,17.37
2026-02-14T15:21:19.555Z,17.26
2026-02-14T15:26:19.602Z,17.17
2026-02-14T15:31:19.893Z,17.17
2026-02-14T15:36:19.64Z,17.4
2026-02-14T15:41:19.45Z,17.14
2026-02-14T15:46:19.434Z,17.11
2026-02-14T15:51:19.595Z,17.05
2026-02-14T15:56:19.726Z,17.14
2026-02-14T16:01:19.55Z,17.14
2026-02-14T16:06:19.482Z,17.11
2026-02-14T16:11:19.442Z,17.02
2026-02-14T16:16:19.446Z,17.05
2026-02-14T16:21:19.611Z,16.94
2026-02-14T16:26:19.688Z,16.88
2026-02-14T16:31:19.664Z,16.91
2026-02-14T16:36:19.544Z,16.88
2026-02-14T16:41:19.542Z,16.68
2026-02-14T16:46:20.067Z,16.62
2026-02-14T16:51:19.562Z,16.51
2026-02-14T16:56:19.618Z,16.3
2026-02-14T17:01:19.608Z,16.25
2026-02-14T17:06:19.654Z,16.19
2026-02-14T17:11:19.687Z,16.37
2026-02-14T17:16:19.511Z,16.28
2026-02-14T17:21:19.548Z,16.25
2026-02-14T17:26:19.654Z,16.33
2026-02-14T17:31:20.217Z,16.25
2026-02-14T17:36:19.995Z,16.3
2026-02-14T17:41:19.903Z,16.3
2026-02-14T17:46:19.536Z,16.33
2026-02-14T17:51:20.22Z,16.25
2026-02-14T17:56:20.755Z,16.22
2026-02-14T18:01:20.424Z,16.14
2026-02-14T18:06:21.107Z,16.05
2026-02-14T18:11:19.471Z,15.88
2026-02-14T18:16:19.568Z,15.79
2026-02-14T18:21:20.918Z,15.76
2026-02-14T18:26:19.612Z,15.76
2026-02-14T18:31:19.728Z,15.7
2026-02-14T18:36:21.434Z,15.7
2026-02-14T18:41:19.553Z,15.76
2026-02-14T18:46:19.669Z,15.79
2026-02-14T18:51:19.5Z,15.79
2026-02-14T18:56:19.413Z,15.67
2026-02-14T19:01:19.488Z,15.67
2026-02-14T19:06:19.529Z,15.56
2026-02-14T19:11:19.592Z,15.58
2026-02-14T19:16:19.474Z,15.56
2026-02-14T19:21:19.541Z,15.58
2026-02-14T19:26:19.627Z,15.56
2026-02-14T19:31:19.523Z,15.56
2026-02-14T19:36:19.641Z,15.44
2026-02-14T19:41:19.468Z,15.5
2026-02-14T19:46:19.566Z,15.47
2026-02-14T19:51:19.457Z,15.44
2026-02-14T19:56:19.536Z,15.5
2026-02-14T20:01:19.654Z,15.5
2026-02-14T20:06:19.528Z,15.47
2026-02-14T20:11:19.513Z,15.53
2026-02-14T20:16:19.55Z,15.42
2026-02-14T20:21:19.565Z,15.33
2026-02-14T20:26:19.575Z,15.42
2026-02-14T20:31:19.468Z,15.39
2026-02-14T20:36:19.968Z,15.47
2026-02-14T20:41:19.407Z,15.44
2026-02-14T20:46:19.612Z,15.35
2026-02-14T20:51:19.389Z,15.35
2026-02-14T20:56:19.623Z,15.44
2026-02-14T21:01:19.541Z,15.35
2026-02-14T21:06:19.6Z,15.27
2026-02-14T21:11:19.556Z,15.24
2026-02-14T21:16:19.76Z,15.19
2026-02-14T21:21:19.903Z,15.27
2026-02-14T21:26:19.65Z,15.24
2026-02-14T21:31:20.075Z,15.24
2026-02-14T21:36:21.121Z,15.24
2026-02-14T21:41:20.172Z,15.09
2026-02-14T21:46:20.789Z,15.07
2026-02-14T21:51:20.426Z,15.04
2026-02-14T21:56:19.608Z,15.01
2026-02-14T22:01:20.909Z,14.81
2026-02-14T22:06:19.543Z,14.84
2026-02-14T22:11:20.822Z,14.9
2026-02-14T22:16:19.543Z,14.93
2026-02-14T22:21:21.449Z,14.84
2026-02-14T22:26:21.174Z,14.84
2026-02-14T22:31:19.472Z,14.93
2026-02-14T22:36:19.497Z,14.9
2026-02-14T22:41:19.625Z,14.9
2026-02-14T22:46:19.624Z,14.86
2026-02-14T22:51:19.619Z,14.78
2026-02-14T22:56:19.453Z,14.72
2026-02-14T23:01:19.6Z,14.61
2026-02-14T23:06:19.524Z,14.64
2026-02-14T23:11:20.232Z,14.61
2026-02-14T23:16:19.488Z,14.55
2026-02-14T23:21:19.532Z,14.47
2026-02-14T23:26:19.437Z,14.41
2026-02-14T23:31:19.399Z,14.29
2026-02-14T23:36:19.443Z,14.26
2026-02-14T23:41:19.549Z,14.15
2026-02-14T23:46:19.437Z,14.15
2026-02-14T23:51:19.507Z,14.06
2026-02-14T23:56:19.414Z,14.09
2026-02-15T00:01:19.625Z,14.06
2026-02-15T00:06:19.559Z,14.15
2026-02-15T00:11:19.526Z,14.12
2026-02-15T00:16:19.486Z,14.0
2026-02-15T00:21:19.599Z,13.98
2026-02-15T00:26:19.522Z,13.92
2026-02-15T00:31:19.392Z,13.95
2026-02-15T00:36:19.566Z,13.83
2026-02-15T00:41:19.631Z,13.74
2026-02-15T00:46:19.57Z,13.83
2026-02-15T00:51:19.608Z,13.74
2026-02-15T00:56:19.702Z,13.66
2026-02-15T01:01:19.402Z,13.63
2026-02-15T01:06:19.388Z,13.63
2026-02-15T01:11:19.659Z,13.66
2026-02-15T01:16:19.379Z,13.57
2026-02-15T01:21:19.464Z,13.49
2026-02-15T01:26:19.827Z,13.28
2026-02-15T01:31:20.011Z,13.08
2026-02-15T01:36:20.238Z,12.85
2026-02-15T01:41:20.148Z,12.77
2026-02-15T01:46:19.442Z,12.82
2026-02-15T01:51:19.406Z,12.68
2026-02-15T01:56:20.477Z,12.62
2026-02-15T02:01:19.502Z,12.54
2026-02-15T02:06:20.818Z,12.54
2026-02-15T02:11:19.449Z,12.62
2026-02-15T02:16:19.645Z,12.91
2026-02-15T02:21:19.539Z,13.03
2026-02-15T02:26:21.094Z,13.05
2026-02-15T02:31:21.192Z,12.62
2026-02-15T02:36:19.466Z,12.28
2026-02-15T02:41:19.457Z,12.36
2026-02-15T02:46:19.485Z,12.51
2026-02-15T02:51:19.617Z,12.62
2026-02-15T02:56:19.436Z,12.79
2026-02-15T03:01:19.759Z,12.74
2026-02-15T03:06:19.408Z,12.68
2026-02-15T03:11:19.486Z,12.77
2026-02-15T03:16:19.476Z,12.74
2026-02-15T03:21:19.458Z,12.79
2026-02-15T03:26:19.657Z,12.85
2026-02-15T03:31:19.425Z,12.79
2026-02-15T03:36:19.404Z,12.71
2026-02-15T03:41:19.448Z,12.62
2026-02-15T03:46:19.393Z,12.68
2026-02-15T03:51:19.456Z,12.79
2026-02-15T03:56:19.502Z,12.94
2026-02-15T04:01:20.065Z,12.97
2026-02-15T04:06:19.624Z,13.05
2026-02-15T04:11:19.398Z,12.94
2026-02-15T04:16:19.606Z,13.05
2026-02-15T04:21:19.54Z,12.97
2026-02-15T04:26:19.644Z,12.97
2026-02-15T04:31:19.6Z,12.88
2026-02-15T04:36:20.048Z,12.91
2026-02-15T04:41:19.569Z,12.79
2026-02-15T04:46:19.549Z,12.85
2026-02-15T04:51:19.559Z,12.82
2026-02-15T04:56:19.602Z,12.85
2026-02-15T05:01:19.417Z,12.85
2026-02-15T05:06:19.544Z,12.79
2026-02-15T05:11:20.304Z,12.91
2026-02-15T05:16:19.64Z,12.85
2026-02-15T05:21:19.708Z,12.91
2026-02-15T05:26:20.205Z,12.88
2026-02-15T05:31:19.871Z,12.94
2026-02-15T05:36:20.029Z,12.94
2026-02-15T05:41:20.064Z,12.97
2026-02-15T05:46:20.25Z,13.05
2026-02-15T05:51:19.502Z,12.94
2026-02-15T05:56:20.386Z,12.97
2026-02-15T06:01:20.493Z,12.85
2026-02-15T06:06:20.569Z,12.85
2026-02-15T06:11:20.801Z,12.85
2026-02-15T06:16:20.811Z,12.79
2026-02-15T06:21:20.895Z,12.71
2026-02-15T06:26:19.473Z,12.62
2026-02-15T06:31:21.153Z,12.68
2026-02-15T06:36:21.233Z,12.68
2026-02-15T06:41:19.527Z,12.68
2026-02-15T06:46:19.599Z,12.74
2026-02-15T06:51:19.581Z,12.85
2026-02-15T06:56:19.415Z,12.88
2026-02-15T07:01:19.597Z,12.85
2026-02-15T07:06:19.414Z,12.91
2026-02-15T07:11:19.459Z,12.94
2026-02-15T07:16:19.592Z,13.0
2026-02-15T07:21:19.486Z,13.14
2026-02-15T07:26:19.668Z,13.11
2026-02-15T07:31:19.625Z,13.08
2026-02-15T07:36:19.523Z,13.11
2026-02-15T07:41:19.414Z,13.14
2026-02-15T07:46:20.258Z,13.26
2026-02-15T07:51:19.537Z,13.34
2026-02-15T07:56:19.618Z,13.4
2026-02-15T08:01:19.387Z,13.6
2026-02-15T08:06:19.396Z,13.72
2026-02-15T08:11:19.648Z,13.74
2026-02-15T08:16:19.419Z,13.83
2026-02-15T08:21:19.578Z,13.86
2026-02-15T08:26:19.388Z,14.12
2026-02-15T08:31:19.835Z,14.18
2026-02-15T08:36:19.634Z,14.29
2026-02-15T08:41:19.479Z,14.41
2026-02-15T08:46:19.821Z,14.41
2026-02-15T08:51:19.507Z,14.52
2026-02-15T08:56:19.577Z,14.67
2026-02-15T09:01:19.387Z,15.07
2026-02-15T09:06:19.391Z,15.19
2026-02-15T09:11:20.017Z,15.33
2026-02-15T09:16:19.498Z,15.65
2026-02-15T09:21:19.586Z,15.9
2026-02-15T09:26:19.538Z,16.1
2026-02-15T09:31:19.767Z,16.16
2026-02-15T09:36:19.538Z,15.99
2026-02-15T09:41:20.016Z,15.99
2026-02-15T09:46:19.509Z,16.02
2026-02-15T09:51:19.388Z,16.14
2026-02-15T09:56:19.466Z,16.19
2026-02-15T10:01:20.384Z,16.3
2026-02-15T10:06:20.55Z,16.48
2026-02-15T10:11:19.394Z,16.79
2026-02-15T10:16:20.73Z,17.2
2026-02-15T10:21:19.558Z,17.49
2026-02-15T10:26:20.908Z,17.63
2026-02-15T10:31:19.816Z,17.95
2026-02-15T10:36:19.388Z,17.77
2026-02-15T10:41:19.373Z,17.26
2026-02-15T10:46:19.479Z,17.23
2026-02-15T10:51:19.512Z,17.28
2026-02-15T10:56:19.502Z,17.17
2026-02-15T11:01:19.489Z,17.23
2026-02-15T11:06:19.548Z,17.37
2026-02-15T11:11:19.404Z,17.46
2026-02-15T11:16:19.677Z,17.54
2026-02-15T11:21:19.503Z,17.8
2026-02-15T11:26:19.393Z,17.83
2026-02-15T11:31:19.55Z,17.8
2026-02-15T11:36:19.425Z,17.83
2026-02-15T11:41:19.49Z,18.23
2026-02-15T11:46:19.45Z,18.41
2026-02-15T11:51:19.602Z,18.58
2026-02-15T11:56:19.476Z,18.67
2026-02-15T12:01:19.521Z,18.67
2026-02-15T12:06:19.424Z,18.72
2026-02-15T12:11:19.589Z,18.75
2026-02-15T12:16:19.505Z,19.01
2026-02-15T12:21:19.502Z,19.27
2026-02-15T12:26:19.439Z,19.39
2026-02-15T12:31:19.381Z,19.5
2026-02-15T12:36:19.58Z,19.62
2026-02-15T12:41:19.399Z,19.47
2026-02-15T12:46:19.62Z,19.76
2026-02-15T12:51:19.365Z,19.9
2026-02-15T12:56:19.444Z,20.19
2026-02-15T13:01:19.572Z,20.39
2026-02-15T13:06:19.362Z,20.39
2026-02-15T13:11:19.539Z,20.62
2026-02-15T13:16:19.37Z,20.79
2026-02-15T13:21:19.78Z,20.79
2026-02-15T13:26:19.357Z,20.53
2026-02-15T13:31:19.892Z,20.57
2026-02-15T13:36:20.401Z,20.57
2026-02-15T13:41:20.288Z,20.62
2026-02-15T13:46:19.481Z,20.62
2026-02-15T13:51:19.463Z,20.71
2026-02-15T13:56:20.306Z,20.71
2026-02-15T14:01:20.989Z,20.71
2026-02-15T14:06:19.527Z,20.71
2026-02-15T14:11:20.659Z,20.79
2026-02-15T14:16:19.487Z,20.74
2026-02-15T14:21:19.374Z,20.79
2026-02-15T14:26:19.386Z,20.88
2026-02-15T14:31:21.11Z,21.11
2026-02-15T14:36:21.171Z,21.46
2026-02-15T14:41:21.312Z,21.69
2026-02-15T14:46:19.586Z,21.69
2026-02-15T14:51:19.378Z,21.92
2026-02-15T14:56:19.64Z,21.81
2026-02-15T15:01:19.45Z,21.92
2026-02-15T15:06:19.557Z,22.06
2026-02-15T15:11:19.364Z,22.09
2026-02-15T15:16:19.35Z,22.15
2026-02-15T15:21:19.487Z,21.97
2026-02-15T15:26:19.51Z,22.09
2026-02-15T15:31:19.38Z,22.0
2026-02-15T15:36:19.556Z,21.89
2026-02-15T15:41:20.041Z,22.0
2026-02-15T15:46:19.467Z,22.09
2026-02-15T15:51:19.726Z,22.04
2026-02-15T15:56:19.587Z,22.04
2026-02-15T16:01:19.397Z,22.09
2026-02-15T16:06:19.444Z,22.04
2026-02-15T16:11:19.544Z,21.92
2026-02-15T16:16:19.413Z,21.92
2026-02-15T16:21:19.474Z,21.95
2026-02-15T16:26:19.333Z,22.0
2026-02-15T16:31:19.456Z,22.06
2026-02-15T16:36:19.496Z,22.06
2026-02-15T16:41:19.404Z,22.0
2026-02-15T16:46:19.556Z,21.97
2026-02-15T16:51:19.829Z,21.95
2026-02-15T16:56:19.387Z,21.89
2026-02-15T17:01:19.519Z,21.74
2026-02-15T17:06:19.514Z,21.69
2026-02-15T17:11:19.587Z,21.57
2026-02-15T17:16:19.553Z,21.46
2026-02-15T17:21:19.806Z,21.32
2026-02-15T17:26:19.981Z,21.14
2026-02-15T17:31:21.137Z,21.0
2026-02-15T17:36:19.358Z,20.88
2026-02-15T17:41:19.447Z,20.71
2026-02-15T17:46:20.408Z,20.42
2026-02-15T17:51:19.58Z,20.31
2026-02-15T17:56:20.458Z,20.22
2026-02-15T18:01:20.613Z,20.16
2026-02-15T18:06:19.538Z,20.02
2026-02-15T18:11:20.798Z,19.96
2026-02-15T18:16:21.07Z,19.88
2026-02-15T18:21:21.049Z,19.79
2026-02-15T18:26:21.134Z,19.79
2026-02-15T18:31:19.451Z,19.62
2026-02-15T18:36:19.335Z,19.44
2026-02-15T18:41:19.423Z,19.36
2026-02-15T18:46:19.482Z,19.18
2026-02-15T18:51:19.397Z,19.01
2026-02-15T18:56:19.393Z,18.93
2026-02-15T19:01:19.573Z,18.93
2026-02-15T19:06:19.351Z,18.93
2026-02-15T19:11:19.352Z,18.78
2026-02-15T19:16:19.483Z,18.69
2026-02-15T19:21:19.434Z,18.61
2026-02-15T19:26:19.333Z,18.52
2026-02-15T19:31:19.381Z,18.41
2026-02-15T19:36:19.322Z,18.21
2026-02-15T19:41:19.54Z,17.97
2026-02-15T19:46:19.509Z,17.89
2026-02-15T19:51:19.323Z,17.89
2026-02-15T19:56:19.522Z,17.74
2026-02-15T20:01:20.241Z,17.74
2026-02-15T20:06:19.359Z,17.66
2026-02-15T20:11:19.316Z,17.57
2026-02-15T20:16:19.547Z,17.4
2026-02-15T20:21:19.353Z,17.26
2026-02-15T20:26:19.569Z,17.14
2026-02-15T20:31:19.542Z,17.0
2026-02-15T20:36:19.324Z,16.94
2026-02-15T20:41:19.355Z,16.97
2026-02-15T20:46:19.494Z,16.94
2026-02-15T20:51:19.49Z,16.97
2026-02-15T20:56:19.475Z,16.94
2026-02-15T21:01:19.475Z,16.97
2026-02-15T21:06:19.49Z,16.91
2026-02-15T21:11:19.44Z,16.85
2026-02-15T21:16:19.724Z,16.85
2026-02-15T21:21:19.985Z,16.82
2026-02-15T21:26:19.335Z,16.82
2026-02-15T21:31:19.33Z,16.77
2026-02-15T21:36:20.145Z,16.74
2026-02-15T21:41:19.466Z,16.74
2026-02-15T21:46:20.431Z,16.62
2026-02-15T21:51:20.405Z,16.62
2026-02-15T21:56:20.776Z,16.68
2026-02-15T22:01:19.357Z,16.62
2026-02-15T22:06:20.799Z,16.56
2026-02-15T22:11:19.546Z,16.45
2026-02-15T22:16:21.086Z,16.42
2026-02-15T22:21:19.351Z,16.37
2026-02-15T22:26:19.456Z,16.33
2026-02-15T22:31:19.393Z,16.42
2026-02-15T22:36:19.477Z,16.3
2026-02-15T22:41:19.396Z,16.33
2026-02-15T22:46:19.507Z,16.3
2026-02-15T22:51:19.485Z,16.39
2026-02-15T22:56:19.475Z,16.45
2026-02-15T23:01:19.552Z,16.37
2026-02-15T23:06:19.514Z,16.25
2026-02-15T23:11:19.302Z,16.33
2026-02-15T23:16:19.326Z,16.19
2026-02-15T23:21:19.494Z,16.14
2026-02-15T23:26:19.503Z,16.22
2026-02-15T23:31:19.315Z,16.22
2026-02-15T23:36:19.367Z,16.05
2026-02-15T23:41:19.434Z,15.7
2026-02-15T23:46:19.427Z,15.58
2026-02-15T23:51:19.464Z,15.39
2026-02-15T23:56:19.764Z,15.21
2026-02-16T00:01:19.433Z,15.04
2026-02-16T00:06:19.296Z,14.95
2026-02-16T00:11:19.469Z,15.01
2026-02-16T00:16:19.388Z,14.98
2026-02-16T00:21:19.506Z,14.93
2026-02-16T00:26:19.463Z,14.75
2026-02-16T00:31:19.59Z,14.49
2026-02-16T00:36:19.542Z,14.29
2026-02-16T00:41:19.941Z,14.0
2026-02-16T00:46:19.53Z,14.06
2026-02-16T00:51:19.544Z,13.89
2026-02-16T00:56:19.5Z,13.83
2026-02-16T01:01:19.639Z,13.57
2026-02-16T01:06:19.67Z,13.43
2026-02-16T01:11:19.342Z,13.2
2026-02-16T01:16:19.854Z,12.94
2026-02-16T01:21:19.533Z,12.91
2026-02-16T01:26:20.406Z,12.82
2026-02-16T01:31:19.42Z,12.62
2026-02-16T01:36:19.478Z,12.48
2026-02-16T01:41:20.432Z,12.36
2026-02-16T01:46:20.551Z,12.59
2026-02-16T01:51:19.458Z,12.97
2026-02-16T01:56:19.408Z,13.49
2026-02-16T02:01:20.856Z,14.06
2026-02-16T02:06:19.885Z,14.84
2026-02-16T02:11:21.048Z,15.73
2026-02-16T02:16:19.546Z,16.14
2026-02-16T02:21:19.419Z,16.25
2026-02-16T02:26:19.347Z,16.19
2026-02-16T02:31:19.599Z,16.02
2026-02-16T02:36:19.404Z,16.07
2026-02-16T02:41:19.418Z,16.19
2026-02-16T02:46:19.296Z,16.14
2026-02-16T02:51:19.408Z,16.07
2026-02-16T02:56:19.3Z,16.02
2026-02-16T03:01:19.471Z,15.9
2026-02-16T03:06:19.452Z,15.81
2026-02-16T03:11:19.47Z,15.79
2026-02-16T03:16:19.398Z,15.7
2026-02-16T03:21:19.394Z,15.73
2026-02-16T03:26:19.525Z,15.67
2026-02-16T03:31:19.377Z,15.73
2026-02-16T03:36:19.335Z,15.56
2026-02-16T03:41:19.519Z,15.53
2026-02-16T03:46:19.471Z,15.65
2026-02-16T03:51:19.444Z,15.73
2026-02-16T03:56:19.432Z,15.81
2026-02-16T04:01:19.316Z,15.81
2026-02-16T04:06:19.434Z,15.81
2026-02-16T04:11:19.53Z,15.9
2026-02-16T04:16:19.298Z,15.76
2026-02-16T04:21:19.396Z,15.81
2026-02-16T04:26:19.32Z,15.79
2026-02-16T04:31:19.408Z,15.73
2026-02-16T04:36:19.329Z,15.73
2026-02-16T04:41:19.495Z,15.73
2026-02-16T04:46:19.32Z,15.67
2026-02-16T04:51:19.586Z,15.58
2026-02-16T04:56:19.641Z,15.53
2026-02-16T05:01:19.921Z,15.47
2026-02-16T05:06:19.415Z,15.44
2026-02-16T05:11:19.726Z,15.47
2026-02-16T05:16:19.471Z,15.42
2026-02-16T05:21:20.256Z,15.42
2026-02-16T05:26:19.33Z,15.35
2026-02-16T05:31:20.313Z,15.27
2026-02-16T05:36:19.272Z,15.35
2026-02-16T05:41:19.583Z,15.42
2026-02-16T05:46:20.646Z,15.39
2026-02-16T05:51:20.637Z,15.39
2026-02-16T05:56:20.724Z,15.39
2026-02-16T06:01:19.452Z,15.3
2026-02-16T06:06:19.366Z,15.27
2026-02-16T06:11:19.322Z,15.39
2026-02-16T06:16:21.125Z,15.5
2026-02-16T06:21:19.476Z,15.56
2026-02-16T06:26:19.331Z,15.53
2026-02-16T06:31:19.378Z,15.56
2026-02-16T06:36:19.335Z,15.47
2026-02-16T06:41:19.395Z,15.42
2026-02-16T06:46:19.423Z,15.5
2026-02-16T06:51:19.467Z,15.5
2026-02-16T06:56:19.265Z,15.42
2026-02-16T07:01:19.323Z,15.39
2026-02-16T07:06:19.415Z,15.33
2026-02-16T07:11:19.424Z,15.3
2026-02-16T07:16:19.537Z,15.35
2026-02-16T07:21:19.347Z,15.53
2026-02-16T07:26:19.328Z,15.58
2026-02-16T07:31:19.483Z,15.56
2026-02-16T07:36:19.716Z,15.67
2026-02-16T07:41:19.384Z,15.7
2026-02-16T07:46:19.319Z,15.76
2026-02-16T07:51:19.515Z,15.67
2026-02-16T07:56:19.534Z,15.7
2026-02-16T08:01:19.443Z,15.84
2026-02-16T08:06:19.492Z,15.84
2026-02-16T08:11:19.427Z,15.81
2026-02-16T08:16:19.27Z,15.9
2026-02-16T08:21:19.284Z,15.93
2026-02-16T08:26:19.864Z,15.88
2026-02-16T08:31:19.548Z,15.84
2026-02-16T08:36:19.779Z,15.96
2026-02-16T08:41:19.277Z,16.02
2026-02-16T08:46:19.472Z,16.02
2026-02-16T08:51:20.107Z,15.99
2026-02-16T08:56:19.497Z,16.05
2026-02-16T09:01:19.413Z,16.07
2026-02-16T09:06:19.307Z,16.14
2026-02-16T09:11:19.396Z,16.14
2026-02-16T09:16:19.452Z,16.19
2026-02-16T09:21:19.425Z,16.19
2026-02-16T09:26:19.309Z,16.25
2026-02-16T09:31:19.265Z,16.25
2026-02-16T09:36:19.278Z,16.25
2026-02-16T09:41:19.483Z,16.33
2026-02-16T09:46:19.402Z,16.42
2026-02-16T09:51:19.361Z,16.45
2026-02-16T09:56:19.307Z,16.53
2026-02-16T10:01:19.38Z,16.56
2026-02-16T10:06:19.491Z,16.71
2026-02-16T10:11:19.497Z,16.88
2026-02-16T10:16:19.532Z,17.02
2026-02-16T10:21:19.337Z,17.11
2026-02-16T10:26:19.461Z,17.2
2026-02-16T10:31:19.389Z,17.46
2026-02-16T10:36:19.324Z,17.63
2026-02-16T10:41:19.403Z,17.69
2026-02-16T10:46:19.286Z,17.86
2026-02-16T10:51:19.439Z,17.95
2026-02-16T10:56:19.466Z,18.06
2026-02-16T11:01:19.302Z,18.29
2026-02-16T11:06:19.327Z,18.29
2026-02-16T11:11:19.527Z,18.52
2026-02-16T11:16:19.268Z,18.61
2026-02-16T11:21:19.42Z,18.87
2026-02-16T11:26:19.495Z,18.95
2026-02-16T11:31:19.415Z,19.18
2026-02-16T11:36:19.345Z,19.33
2026-02-16T11:41:19.329Z,19.33
2026-02-16T11:46:19.409Z,19.36
2026-02-16T11:51:19.791Z,19.44
2026-02-16T11:56:19.271Z,19.7
2026-02-16T12:01:19.378Z,19.76
2026-02-16T12:06:19.537Z,19.88
2026-02-16T12:11:19.304Z,19.88
2026-02-16T12:16:19.38Z,19.88
2026-02-16T12:21:19.443Z,19.82
2026-02-16T12:26:19.464Z,19.85
2026-02-16T12:31:19.377Z,19.82
2026-02-16T12:36:19.35Z,19.96
2026-02-16T12:41:19.557Z,19.96
2026-02-16T12:46:19.486Z,20.05
2026-02-16T12:51:19.498Z,20.14
2026-02-16T12:56:19.388Z,20.22
2026-02-16T13:01:19.461Z,20.31
2026-02-16T13:06:19.37Z,20.34
2026-02-16T13:11:19.479Z,20.37
2026-02-16T13:16:19.346Z,20.53
2026-02-16T13:21:19.561Z,20.68
2026-02-16T13:26:19.378Z,20.76
2026-02-16T13:31:19.391Z,21.06
2026-02-16T13:36:19.473Z,21.28
2026-02-16T13:41:19.428Z,21.66
2026-02-16T13:46:19.313Z,22.21
2026-02-16T13:51:19.383Z,23.04
2026-02-16T13:56:19.474Z,23.73
2026-02-16T14:01:19.482Z,23.88
2026-02-16T14:06:19.372Z,24.11
2026-02-16T14:11:19.311Z,24.11
2026-02-16T14:16:19.447Z,24.34
2026-02-16T14:21:19.29Z,24.54
2026-02-16T14:26:19.437Z,24.57
2026-02-16T14:31:19.854Z,24.65
2026-02-16T14:36:19.33Z,24.57
2026-02-16T14:41:19.343Z,24.37
2026-02-16T14:46:19.284Z,24.25
2026-02-16T14:51:19.882Z,23.96
2026-02-16T14:56:19.269Z,23.82
2026-02-16T15:01:19.293Z,23.67
2026-02-16T15:06:19.81Z,23.56
2026-02-16T15:11:19.411Z,23.44
2026-02-16T15:16:19.401Z,23.47
2026-02-16T15:21:19.351Z,23.47
2026-02-16T15:26:19.39Z,23.41
2026-02-16T15:31:19.354Z,23.41
2026-02-16T15:36:19.334Z,23.39
2026-02-16T15:41:19.32Z,23.39
2026-02-16T15:46:19.312Z,23.3
2026-02-16T15:51:19.406Z,23.44
2026-02-16T15:56:19.245Z,23.62
2026-02-16T16:01:19.263Z,23.76
2026-02-16T16:06:19.363Z,23.9
2026-02-16T16:11:19.346Z,23.88
2026-02-16T16:16:19.392Z,23.82
2026-02-16T16:21:19.433Z,23.47
2026-02-16T16:26:19.476Z,23.44
2026-02-16T16:31:19.392Z,23.39
2026-02-16T16:36:19.391Z,23.21
2026-02-16T16:41:19.34Z,22.81
2026-02-16T16:46:19.439Z,22.61
2026-02-16T16:51:19.412Z,22.44
2026-02-16T16:56:19.268Z,22.15
2026-02-16T17:01:19.752Z,22.0
2026-02-16T17:06:19.232Z,21.81
2026-02-16T17:11:19.278Z,21.66
2026-02-16T17:16:19.966Z,21.46
2026-02-16T17:21:19.337Z,21.2
2026-02-16T17:26:19.365Z,21.02
2026-02-16T17:31:19.288Z,20.83
2026-02-16T17:36:19.468Z,20.74
2026-02-16T17:41:19.611Z,20.57
2026-02-16T17:46:19.761Z,20.51
2026-02-16T17:51:19.907Z,20.37
2026-02-16T17:56:19.355Z,20.25
2026-02-16T18:01:19.438Z,20.08
2026-02-16T18:06:19.262Z,19.93
2026-02-16T18:11:19.495Z,19.85
2026-02-16T18:16:19.29Z,19.73
2026-02-16T18:21:19.49Z,19.59
2026-02-16T18:26:19.297Z,19.42
2026-02-16T18:31:19.241Z,19.18
2026-02-16T18:36:19.284Z,18.98
2026-02-16T18:41:19.402Z,18.81
2026-02-16T18:46:19.242Z,18.49
2026-02-16T18:51:20.245Z,18.41
2026-02-16T18:56:19.467Z,18.41
2026-02-16T19:01:19.287Z,18.49
2026-02-16T19:06:19.286Z,18.55
2026-02-16T19:11:19.743Z,18.64
2026-02-16T19:16:19.44Z,18.46
2026-02-16T19:21:19.376Z,18.46
2026-02-16T19:26:19.609Z,18.58
2026-02-16T19:31:19.245Z,18.58
2026-02-16T19:36:19.263Z,18.46
2026-02-16T19:41:19.345Z,18.55
2026-02-16T19:46:19.481Z,18.58
2026-02-16T19:51:19.282Z,18.75
2026-02-16T19:56:19.386Z,18.9
2026-02-16T20:01:19.462Z,18.9
2026-02-16T20:06:20.11Z,18.93
2026-02-16T20:11:20.266Z,19.01
2026-02-16T20:16:20.364Z,19.27
2026-02-16T20:21:19.643Z,19.33
2026-02-16T20:26:19.392Z,19.36
2026-02-16T20:31:19.31Z,19.56
2026-02-16T20:36:19.328Z,19.53
2026-02-16T20:41:19.352Z,19.47
2026-02-16T20:46:20Z,19.5
2026-02-16T20:51:20.194Z,19.36
2026-02-16T20:56:20.115Z,19.21
2026-02-16T21:01:20.209Z,18.95
2026-02-16T21:06:20.751Z,18.67
2026-02-16T21:11:20.403Z,18.61
2026-02-16T21:16:20.535Z,18.52
2026-02-16T21:21:20.738Z,18.67
2026-02-16T21:26:19.395Z,18.9
2026-02-16T21:31:19.528Z,19.24
2026-02-16T21:36:19.431Z,19.3
2026-02-16T21:41:19.386Z,19.3
2026-02-16T21:46:19.914Z,19.21
2026-02-16T21:51:19.353Z,19.18
2026-02-16T21:56:19.481Z,19.1
2026-02-16T22:01:19.271Z,18.95
2026-02-16T22:06:19.452Z,18.78
2026-02-16T22:11:19.356Z,18.93
2026-02-16T22:16:19.412Z,18.9
2026-02-16T22:21:19.393Z,18.93
2026-02-16T22:26:19.229Z,18.9
2026-02-16T22:31:19.417Z,18.87
2026-02-16T22:36:19.34Z,18.9
2026-02-16T22:41:19.452Z,18.87
2026-02-16T22:46:19.29Z,18.84
2026-02-16T22:51:19.325Z,18.93
2026-02-16T22:56:19.942Z,18.75
2026-02-16T23:01:19.244Z,18.72
2026-02-16T23:06:19.442Z,18.69
2026-02-16T23:11:20.309Z,18.72
2026-02-16T23:16:19.485Z,18.72
2026-02-16T23:21:19.362Z,18.78
2026-02-16T23:26:19.291Z,18.78
2026-02-16T23:31:19.392Z,18.81
2026-02-16T23:36:19.371Z,18.69
2026-02-16T23:41:19.339Z,18.61
2026-02-16T23:46:19.456Z,18.67
2026-02-16T23:51:19.363Z,18.78
2026-02-16T23:56:19.879Z,18.78
2026-02-17T00:01:19.419Z,18.78
2026-02-17T00:06:19.263Z,18.75
2026-02-17T00:11:19.272Z,18.67
2026-02-17T00:16:19.869Z,18.46
2026-02-17T00:21:19.764Z,18.29
2026-02-17T00:26:19.377Z,18.18
2026-02-17T00:31:20.019Z,18.12
2026-02-17T00:36:20.176Z,18.18
2026-02-17T00:41:20.207Z,18.15
2026-02-17T00:46:20.445Z,18.18
2026-02-17T00:51:20.468Z,18.12
2026-02-17T00:56:20.638Z,18.03
2026-02-17T01:01:19.28Z,18.03
2026-02-17T01:06:19.402Z,17.95
2026-02-17T01:11:19.233Z,17.89
2026-02-17T01:16:19.331Z,17.77
2026-02-17T01:21:19.338Z,17.66
2026-02-17T01:26:19.348Z,17.6
2026-02-17T01:31:19.327Z,17.49
2026-02-17T01:36:19.271Z,17.37
2026-02-17T01:41:19.353Z,17.28
2026-02-17T01:46:19.326Z,17.69
2026-02-17T01:51:19.424Z,18.06
2026-02-17T01:56:19.697Z,18.49
2026-02-17T02:01:19.386Z,18.49
2026-02-17T02:06:19.307Z,18.44
2026-02-17T02:11:19.384Z,18.21
2026-02-17T02:16:19.391Z,18.29
2026-02-17T02:21:19.41Z,18.26
2026-02-17T02:26:19.197Z,18.29
2026-02-17T02:31:19.228Z,18.38
2026-02-17T02:36:19.447Z,18.23
2026-02-17T02:41:19.421Z,18.12
2026-02-17T02:46:19.193Z,17.95
2026-02-17T02:51:19.458Z,17.77
2026-02-17T02:56:19.377Z,17.66
2026-02-17T03:01:19.219Z,17.51
2026-02-17T03:06:19.39Z,17.28
2026-02-17T03:11:19.331Z,17.08
2026-02-17T03:16:19.428Z,16.91
2026-02-17T03:21:19.404Z,16.85
2026-02-17T03:26:19.283Z,16.79
2026-02-17T03:31:19.221Z,16.82
2026-02-17T03:36:19.399Z,16.77
2026-02-17T03:41:19.428Z,16.68
2026-02-17T03:46:19.393Z,16.62
2026-02-17T03:51:19.282Z,16.53
2026-02-17T03:56:19.378Z,16.59
2026-02-17T04:01:19.595Z,16.79
2026-02-17T04:06:19.734Z,16.94
2026-02-17T04:11:19.416Z,17.17
2026-02-17T04:16:19.925Z,17.23
2026-02-17T04:21:19.321Z,17.51
2026-02-17T04:26:20.111Z,17.89
2026-02-17T04:31:20.538Z,17.95
2026-02-17T04:36:20.383Z,18.06
2026-02-17T04:41:19.187Z,18.0
2026-02-17T04:46:20.517Z,18.29
2026-02-17T04:51:19.288Z,18.35
2026-02-17T04:56:19.407Z,18.38
2026-02-17T05:01:19.307Z,18.58
2026-02-17T05:06:19.318Z,18.61
2026-02-17T05:11:19.362Z,18.69
2026-02-17T05:16:19.34Z,18.67
2026-02-17T05:21:19.5Z,18.58
2026-02-17T05:26:19.481Z,18.49
2026-02-17T05:31:19.191Z,18.29
2026-02-17T05:36:19.412Z,18.12
2026-02-17T05:41:19.351Z,17.86
2026-02-17T05:46:19.286Z,17.63
2026-02-17T05:51:19.36Z,17.08
2026-02-17T05:56:19.234Z,16.42
2026-02-17T06:01:19.461Z,16.1
2026-02-17T06:06:19.204Z,15.73
2026-02-17T06:11:19.691Z,15.5
2026-02-17T06:16:19.413Z,15.19
2026-02-17T06:21:19.367Z,14.86
2026-02-17T06:26:19.264Z,14.58
2026-02-17T06:31:19.313Z,14.35
2026-02-17T06:36:19.203Z,14.21
2026-02-17T06:41:19.664Z,14.06
2026-02-17T06:46:20.12Z,13.92
2026-02-17T06:51:19.31Z,14.03
2026-02-17T06:56:19.425Z,14.26
2026-02-17T07:01:19.303Z,14.58
2026-02-17T07:06:19.313Z,14.64
2026-02-17T07:11:19.322Z,14.9
2026-02-17T07:16:19.363Z,15.65
2026-02-17T07:21:19.293Z,16.45
2026-02-17T07:26:19.228Z,17.08
2026-02-17T07:31:19.197Z,17.43
2026-02-17T07:36:19.604Z,17.74
2026-02-17T07:41:19.213Z,18.0
2026-02-17T07:46:19.35Z,18.23
2026-02-17T07:51:19.919Z,18.44
2026-02-17T07:56:19.69Z,18.44
2026-02-17T08:01:19.606Z,18.55
2026-02-17T08:06:19.309Z,18.52
2026-02-17T08:11:19.937Z,18.75
2026-02-17T08:16:20.021Z,18.87
2026-02-17T08:21:19.213Z,18.98
2026-02-17T08:26:19.352Z,19.27
2026-02-17T08:31:19.214Z,19.47
2026-02-17T08:36:20.575Z,19.9
2026-02-17T08:41:20.523Z,19.96
2026-02-17T08:46:19.5Z,20.05
2026-02-17T08:51:19.212Z,20.16
2026-02-17T08:56:19.241Z,20.25
2026-02-17T09:01:19.263Z,20.42
2026-02-17T09:06:19.296Z,20.68
2026-02-17T09:11:19.372Z,20.51
2026-02-17T09:16:19.351Z,20.71
2026-02-17T09:21:19.236Z,20.76
2026-02-17T09:26:19.32Z,21.06
2026-02-17T09:31:19.397Z,21.14
2026-02-17T09:36:19.263Z,21.37
2026-02-17T09:41:19.236Z,21.6
2026-02-17T09:46:19.216Z,21.6
2026-02-17T09:51:19.238Z,21.55
2026-02-17T09:56:19.388Z,21.92
2026-02-17T10:01:19.199Z,21.66
2026-02-17T10:06:19.604Z,21.86
2026-02-17T10:11:19.392Z,21.97
2026-02-17T10:16:19.463Z,22.06
2026-02-17T10:21:19.371Z,22.04
2026-02-17T10:26:19.463Z,22.23
2026-02-17T10:31:19.687Z,22.35
2026-02-17T10:36:19.854Z,22.61
2026-02-17T10:41:19.356Z,22.49
2026-02-17T10:46:19.412Z,22.52
2026-02-17T10:51:19.312Z,22.64
2026-02-17T10:56:19.307Z,22.75
2026-02-17T11:01:19.327Z,22.72
2026-02-17T11:06:19.305Z,22.75
2026-02-17T11:11:19.28Z,22.93
2026-02-17T11:16:19.357Z,23.16
2026-02-17T11:21:19.319Z,23.1
2026-02-17T11:26:19.376Z,23.07
2026-02-17T11:31:19.206Z,23.16
2026-02-17T11:36:19.203Z,23.3
2026-02-17T11:41:19.277Z,23.41
2026-02-17T11:46:19.377Z,23.56
2026-02-17T11:51:19.465Z,23.82
2026-02-17T11:56:19.507Z,23.88
2026-02-17T12:01:19.237Z,23.62
2026-02-17T12:06:19.34Z,23.59
2026-02-17T12:11:19.237Z,23.82
2026-02-17T12:16:19.349Z,23.82
2026-02-17T12:21:19.404Z,24.05
2026-02-17T12:26:19.283Z,24.05
2026-02-17T12:31:19.451Z,24.11
2026-02-17T12:36:19.201Z,24.02
2026-02-17T12:41:19.472Z,24.11
2026-02-17T12:46:19.4Z,24.19
2026-02-17T12:51:19.328Z,24.34
2026-02-17T12:56:19.363Z,24.37
2026-02-17T13:01:19.266Z,24.37
2026-02-17T13:06:19.204Z,24.48
2026-02-17T13:11:19.354Z,24.54
2026-02-17T13:16:19.444Z,24.6
2026-02-17T13:21:19.3Z,24.94
2026-02-17T13:26:19.446Z,24.88
2026-02-17T13:31:19.332Z,25.0
2026-02-17T13:36:19.33Z,24.97
2026-02-17T13:41:19.392Z,24.88
2026-02-17T13:46:19.543Z,25.03
2026-02-17T13:51:19.572Z,25.29
2026-02-17T13:56:19.652Z,25.55
2026-02-17T14:01:19.815Z,25.2
2026-02-17T14:06:19.912Z,25.23
2026-02-17T14:11:20.029Z,25.14
2026-02-17T14:16:19.452Z,25.2
2026-02-17T14:21:20.257Z,25.06
2026-02-17T14:26:20.364Z,25.03
2026-02-17T14:31:20.514Z,25.06
2026-02-17T14:36:20.64Z,25.14
2026-02-17T14:41:19.283Z,25.23
2026-02-17T14:46:19.233Z,25.2
2026-02-17T14:51:19.312Z,25.23
2026-02-17T14:56:21.022Z,25.14
2026-02-17T15:01:19.345Z,25.03
2026-02-17T15:06:19.324Z,25.11
2026-02-17T15:11:19.617Z,24.94
2026-02-17T15:16:19.291Z,24.97
2026-02-17T15:21:19.36Z,24.85
2026-02-17T15:26:19.271Z,24.88
2026-02-17T15:31:19.752Z,24.88
2026-02-17T15:36:19.2Z,24.83
2026-02-17T15:41:19.336Z,24.85
2026-02-17T15:46:19.421Z,24.77
2026-02-17T15:51:19.322Z,24.85
2026-02-17T15:56:19.341Z,24.91
2026-02-17T16:01:19.295Z,24.77
2026-02-17T16:06:19.317Z,24.74
2026-02-17T16:11:19.239Z,24.6
2026-02-17T16:16:19.206Z,24.77
2026-02-17T16:21:19.253Z,24.71
2026-02-17T16:26:19.327Z,24.83
2026-02-17T16:31:19.387Z,24.71
2026-02-17T16:36:19.22Z,24.57
2026-02-17T16:41:19.449Z,24.39
2026-02-17T16:46:19.372Z,24.34
2026-02-17T16:51:19.218Z,24.31
2026-02-17T16:56:19.271Z,24.28
2026-02-17T17:01:19.333Z,24.37
2026-02-17T17:06:19.365Z,24.39
2026-02-17T17:11:19.256Z,24.19
2026-02-17T17:16:19.318Z,24.08
2026-02-17T17:21:20.656Z,23.79
2026-02-17T17:26:19.394Z,23.59
2026-02-17T17:31:19.481Z,23.3
2026-02-17T17:36:19.598Z,23.07
2026-02-17T17:41:19.527Z,22.87
2026-02-17T17:46:20.274Z,22.69
2026-02-17T17:51:19.427Z,22.49
2026-02-17T17:56:19.7Z,22.21
2026-02-17T18:01:20.132Z,21.92
2026-02-17T18:06:20.244Z,21.77
2026-02-17T18:11:19.895Z,21.66
2026-02-17T18:16:19.248Z,21.63
2026-02-17T18:21:20.203Z,21.63
2026-02-17T18:26:20.369Z,21.57
2026-02-17T18:31:20.657Z,21.49
2026-02-17T18:36:20.544Z,21.4
2026-02-17T18:41:20.671Z,21.25
2026-02-17T18:46:20.741Z,20.97
2026-02-17T18:51:19.285Z,20.48
2026-02-17T18:56:19.199Z,20.08
2026-02-17T19:01:21.035Z,19.73
2026-02-17T19:06:19.305Z,19.36
2026-02-17T19:11:19.386Z,19.13
2026-02-17T19:16:19.294Z,18.9
2026-02-17T19:21:19.309Z,18.69
2026-02-17T19:26:19.348Z,18.58
2026-02-17T19:31:19.319Z,18.46
2026-02-17T19:36:19.413Z,18.38
2026-02-17T19:41:19.455Z,18.23
2026-02-17T19:46:19.236Z,17.95
2026-02-17T19:51:19.461Z,17.54
2026-02-17T19:56:19.361Z,17.34
2026-02-17T20:01:19.886Z,17.23
2026-02-17T20:06:19.491Z,17.26
2026-02-17T20:11:19.35Z,17.46
2026-02-17T20:16:19.243Z,17.63
2026-02-17T20:21:19.269Z,17.72
2026-02-17T20:26:19.398Z,17.74
2026-02-17T20:31:19.37Z,17.97
2026-02-17T20:36:19.336Z,18.23
2026-02-17T20:41:19.24Z,18.41
2026-02-17T20:46:19.345Z,18.44
2026-02-17T20:51:19.417Z,18.44
2026-02-17T20:56:19.336Z,18.35
2026-02-17T21:01:19.317Z,18.35
2026-02-17T21:06:19.977Z,18.29
2026-02-17T21:11:19.275Z,17.97
2026-02-17T21:16:19.426Z,17.72
2026-02-17T21:21:19.418Z,17.46
2026-02-17T21:26:19.213Z,17.08
2026-02-17T21:31:19.458Z,16.82
2026-02-17T21:36:19.205Z,16.45
2026-02-17T21:41:19.265Z,16.19
2026-02-17T21:46:19.408Z,15.9
2026-02-17T21:51:19.538Z,15.58
2026-02-17T21:56:19.609Z,15.19
2026-02-17T22:01:19.866Z,14.98
2026-02-17T22:06:19.341Z,14.61
2026-02-17T22:11:19.911Z,14.52
2026-02-17T22:16:20.286Z,14.29
2026-02-17T22:21:20.522Z,14.23
2026-02-17T22:26:19.284Z,14.06
2026-02-17T22:31:20.782Z,13.98
2026-02-17T22:36:20.531Z,13.89
2026-02-17T22:41:19.319Z,13.89
2026-02-17T22:46:20.705Z,13.77
2026-02-17T22:51:20.744Z,14.03
2026-02-17T22:56:20.894Z,14.03
2026-02-17T23:01:19.286Z,14.09
2026-02-17T23:06:19.86Z,14.06
2026-02-17T23:11:19.267Z,14.23
2026-02-17T23:16:19.304Z,14.21
2026-02-17T23:21:19.218Z,14.26
2026-02-17T23:26:19.247Z,14.29
2026-02-17T23:31:19.236Z,14.35
2026-02-17T23:36:19.202Z,14.15
2026-02-17T23:41:19.32Z,14.06
2026-02-17T23:46:19.224Z,14.09
2026-02-17T23:51:19.27Z,14.32
2026-02-17T23:56:19.369Z,14.35
2026-02-18T00:01:19.301Z,14.23
2026-02-18T00:06:19.256Z,14.06
2026-02-18T00:11:19.34Z,14.15
2026-02-18T00:16:19.252Z,14.21
2026-02-18T00:21:19.284Z,14.15
2026-02-18T00:26:19.41Z,13.89
2026-02-18T00:31:19.375Z,13.72
2026-02-18T00:36:19.396Z,13.57
2026-02-18T00:41:19.435Z,13.49
2026-02-18T00:46:19.48Z,13.34
2026-02-18T00:51:19.652Z,13.17
2026-02-18T00:56:19.86Z,13.08
2026-02-18T01:01:19.701Z,12.94
2026-02-18T01:06:19.863Z,13.05
2026-02-18T01:11:19.2Z,13.23
2026-02-18T01:16:21.049Z,13.37
2026-02-18T01:21:19.612Z,13.4
2026-02-18T01:26:19.218Z,13.46
2026-02-18T01:31:19.293Z,13.57
2026-02-18T01:36:20.133Z,13.74
2026-02-18T01:41:19.335Z,13.74
2026-02-18T01:46:20.725Z,13.74
2026-02-18T01:51:19.292Z,13.63
2026-02-18T01:56:21.022Z,13.66
2026-02-18T02:01:19.337Z,13.63
2026-02-18T02:06:19.229Z,13.46
2026-02-18T02:11:19.195Z,13.31
2026-02-18T02:16:19.314Z,13.17
2026-02-18T02:21:19.351Z,13.03
2026-02-18T02:26:19.374Z,12.82
2026-02-18T02:31:19.415Z,12.56
2026-02-18T02:36:19.451Z,12.33
2026-02-18T02:41:19.181Z,12.13
2026-02-18T02:46:19.239Z,11.82
2026-02-18T02:51:19.415Z,11.76
2026-02-18T02:56:19.478Z,11.64
2026-02-18T03:01:19.205Z,11.56
2026-02-18T03:06:19.354Z,11.41
2026-02-18T03:11:19.424Z,11.24
2026-02-18T03:16:19.362Z,11.04
2026-02-18T03:21:19.453Z,10.89
2026-02-18T03:26:19.331Z,10.78
2026-02-18T03:31:19.33Z,10.66
2026-02-18T03:36:19.439Z,10.66
2026-02-18T03:41:19.927Z,10.58
2026-02-18T03:46:19.44Z,10.66
2026-02-18T03:51:19.207Z,10.84
2026-02-18T03:56:19.407Z,10.92
2026-02-18T04:01:19.357Z,10.98
2026-02-18T04:06:19.453Z,11.15
2026-02-18T04:11:19.341Z,11.3
2026-02-18T04:16:19.296Z,11.35
2026-02-18T04:21:19.326Z,11.24
2026-02-18T04:26:19.347Z,11.1
2026-02-18T04:31:19.427Z,11.1
2026-02-18T04:36:19.29Z,11.15
2026-02-18T04:41:19.288Z,11.07
2026-02-18T04:46:19.589Z,11.1
2026-02-18T04:51:19.916Z,11.21
2026-02-18T04:56:19.236Z,11.35
2026-02-18T05:01:19.931Z,11.44
2026-02-18T05:06:20.569Z,11.44
2026-02-18T05:11:19.351Z,11.35
2026-02-18T05:16:20.27Z,11.24
2026-02-18T05:21:19.247Z,11.19
2026-02-18T05:26:20.464Z,11.1
2026-02-18T05:31:19.27Z,11.04
2026-02-18T05:36:20.681Z,11.15
2026-02-18T05:41:20.843Z,11.21
2026-02-18T05:46:19.421Z,11.24
2026-02-18T05:51:19.191Z,11.19
2026-02-18T05:56:21.063Z,11.1
2026-02-18T06:01:21.112Z,11.07
2026-02-18T06:06:19.23Z,11.12
2026-02-18T06:11:19.275Z,11.1
2026-02-18T06:16:19.263Z,11.12
2026-02-18T06:21:19.316Z,11.07
2026-02-18T06:26:19.379Z,11.01
2026-02-18T06:31:19.398Z,10.84
2026-02-18T06:36:19.383Z,10.55
2026-02-18T06:41:19.411Z,10.35
2026-02-18T06:46:19.444Z,10.29
2026-02-18T06:51:19.254Z,10.24
2026-02-18T06:56:19.423Z,10.21
2026-02-18T07:01:19.37Z,10.26
2026-02-18T07:06:19.292Z,10.35
2026-02-18T07:11:19.273Z,10.49
2026-02-18T07:16:19.422Z,10.58
2026-02-18T07:21:19.4Z,10.72
2026-02-18T07:26:19.378Z,11.01
2026-02-18T07:31:19.419Z,11.12
2026-02-18T07:36:19.176Z,11.24
2026-02-18T07:41:19.329Z,11.44
2026-02-18T07:46:19.405Z,11.73
2026-02-18T07:51:19.393Z,12.05
2026-02-18T07:56:19.343Z,12.25
2026-02-18T08:01:19.194Z,12.59
2026-02-18T08:06:19.197Z,12.82
2026-02-18T08:11:19.275Z,13.11
2026-02-18T08:16:19.348Z,13.49
2026-02-18T08:21:20.015Z,13.69
2026-02-18T08:26:19.404Z,13.98
2026-02-18T08:31:19.275Z,14.26
2026-02-18T08:36:19.459Z,14.32
2026-02-18T08:41:19.243Z,14.29
2026-02-18T08:46:20.666Z,14.29
2026-02-18T08:51:20.354Z,14.37
2026-02-18T08:56:19.34Z,14.64
2026-02-18T09:01:19.965Z,14.84
2026-02-18T09:06:20.396Z,15.04
2026-02-18T09:11:20.335Z,15.07
2026-02-18T09:16:20.279Z,15.39
2026-02-18T09:21:20.398Z,15.73
2026-02-18T09:26:19.192Z,16.05
2026-02-18T09:31:19.213Z,16.28
2026-02-18T09:36:20.988Z,16.56
2026-02-18T09:41:20.832Z,16.85
2026-02-18T09:46:21.05Z,17.14
2026-02-18T09:51:21.01Z,17.34
2026-02-18T09:56:19.419Z,17.28
2026-02-18T10:01:19.218Z,17.49
2026-02-18T10:06:19.408Z,17.83
2026-02-18T10:11:19.438Z,17.89
2026-02-18T10:16:19.356Z,18.15
2026-02-18T10:21:19.278Z,18.49
2026-02-18T10:26:19.219Z,18.26
2026-02-18T10:31:19.752Z,18.06
2026-02-18T10:36:19.568Z,18.23
2026-02-18T10:41:19.468Z,18.35
2026-02-18T10:46:19.352Z,18.32
2026-02-18T10:51:19.355Z,18.72
2026-02-18T10:56:19.347Z,18.81
2026-02-18T11:01:19.273Z,18.98
2026-02-18T11:06:19.404Z,19.21
2026-02-18T11:11:19.326Z,19.3
2026-02-18T11:16:19.434Z,19.59
2026-02-18T11:21:19.257Z,19.44
2026-02-18T11:31:19.361Z,19.88
2026-02-18T11:36:19.182Z,19.99
2026-02-18T11:41:19.335Z,20.25
2026-02-18T11:46:20.217Z,20.79
2026-02-18T11:51:19.755Z,21.06
2026-02-18T11:56:19.514Z,21.28
2026-02-18T12:01:19.865Z,21.32
2026-02-18T12:06:19.89Z,21.49
2026-02-18T12:11:20.23Z,21.43
2026-02-18T12:16:20.428Z,21.37
2026-02-18T12:21:20.429Z,21.51
2026-02-18T12:26:19.265Z,21.55
2026-02-18T12:31:20.695Z,21.46
2026-02-18T12:36:20.873Z,21.57
2026-02-18T12:41:21.216Z,21.83
2026-02-18T12:46:19.358Z,22.15
2026-02-18T12:51:19.187Z,22.18
2026-02-18T12:56:19.237Z,22.29
2026-02-18T13:01:19.266Z,22.35
2026-02-18T13:06:19.276Z,22.32
2026-02-18T13:11:19.262Z,22.52
2026-02-18T13:16:19.276Z,22.61
2026-02-18T13:21:19.284Z,23.01
2026-02-18T13:26:19.408Z,22.9
2026-02-18T13:31:19.388Z,23.16
2026-02-18T13:36:19.221Z,23.1
2026-02-18T13:41:19.373Z,23.27
2026-02-18T13:46:19.24Z,23.44
2026-02-18T13:51:20.084Z,23.56
2026-02-18T13:56:19.469Z,23.7
2026-02-18T14:01:19.388Z,23.65
2026-02-18T14:06:19.41Z,23.7
2026-02-18T14:11:19.357Z,23.9
2026-02-18T14:16:19.441Z,24.08
2026-02-18T14:21:19.431Z,24.37
2026-02-18T14:26:19.299Z,24.31
2026-02-18T14:31:19.258Z,24.13
2026-02-18T14:36:19.232Z,24.16
2026-02-18T14:41:19.301Z,24.28
2026-02-18T14:46:19.207Z,24.65
2026-02-18T14:51:19.381Z,24.77
2026-02-18T14:56:19.291Z,24.54
2026-02-18T15:01:19.189Z,24.48
2026-02-18T15:06:19.377Z,24.16
2026-02-18T15:11:19.431Z,24.16
2026-02-18T15:16:19.378Z,24.13
2026-02-18T15:21:19.365Z,24.22
2026-02-18T15:26:19.191Z,24.13
2026-02-18T15:31:19.343Z,24.22
2026-02-18T15:36:19.36Z,24.19
2026-02-18T15:41:19.389Z,24.16
2026-02-18T15:46:19.208Z,24.42
2026-02-18T15:51:19.386Z,24.34
2026-02-18T15:56:19.254Z,24.25
2026-02-18T16:01:19.331Z,24.25
2026-02-18T16:06:19.396Z,24.16
2026-02-18T16:11:19.337Z,24.16
2026-02-18T16:16:19.905Z,24.19
2026-02-18T16:21:19.451Z,24.02
2026-02-18T16:26:19.31Z,23.96
2026-02-18T16:31:19.19Z,23.82
2026-02-18T16:36:19.439Z,23.73
2026-02-18T16:41:19.678Z,23.67
2026-02-18T16:46:19.634Z,23.53
2026-02-18T16:51:19.471Z,23.39
2026-02-18T16:56:19.314Z,23.44
2026-02-18T17:01:19.702Z,23.39
2026-02-18T17:06:19.18Z,23.36
2026-02-18T17:11:19.324Z,23.33
2026-02-18T17:16:19.728Z,23.27
2026-02-18T17:21:19.179Z,22.9
2026-02-18T17:26:19.71Z,22.58
2026-02-18T17:31:19.877Z,22.26
2026-02-18T17:36:19.938Z,22.06
2026-02-18T17:41:20.03Z,21.6
2026-02-18T17:46:20.091Z,21.32
2026-02-18T17:51:20.088Z,20.76
2026-02-18T17:56:19.267Z,20.19
2026-02-18T18:01:19.264Z,19.93
2026-02-18T18:06:20.319Z,19.53
2026-02-18T18:11:19.223Z,19.13
2026-02-18T18:16:19.252Z,18.93
2026-02-18T18:21:19.406Z,19.39
2026-02-18T18:26:19.267Z,19.73
2026-02-18T18:31:19.387Z,19.88
2026-02-18T18:36:19.342Z,19.88
2026-02-18T18:41:19.21Z,19.88
2026-02-18T18:46:19.17Z,19.85
2026-02-18T18:51:19.401Z,19.88
2026-02-18T18:56:19.168Z,19.79
2026-02-18T19:01:19.424Z,19.73
2026-02-18T19:06:19.289Z,19.67
2026-02-18T19:11:19.294Z,19.53
2026-02-18T19:16:19.336Z,19.42
2026-02-18T19:21:19.302Z,19.36
2026-02-18T19:26:19.34Z,19.24
2026-02-18T19:31:19.191Z,19.16
2026-02-18T19:36:19.3Z,18.87
2026-02-18T19:41:19.394Z,18.72
2026-02-18T19:46:19.22Z,18.64
2026-02-18T19:51:19.212Z,18.64
2026-02-18T19:56:19.389Z,18.52
2026-02-18T20:01:19.431Z,18.44
2026-02-18T20:06:19.277Z,18.38
2026-02-18T20:11:19.343Z,18.35
2026-02-18T20:16:19.355Z,18.32
2026-02-18T20:21:19.335Z,18.23
2026-02-18T20:26:19.187Z,18.09
2026-02-18T20:31:19.163Z,18.12
2026-02-18T20:36:19.424Z,17.89
2026-02-18T20:41:19.21Z,17.74
2026-02-18T20:46:19.411Z,17.66
2026-02-18T20:51:19.223Z,17.46
2026-02-18T20:56:20.12Z,17.17
2026-02-18T21:01:19.205Z,17.02
2026-02-18T21:06:19.279Z,16.77
2026-02-18T21:11:19.421Z,16.62
2026-02-18T21:16:19.158Z,16.74
2026-02-18T21:21:19.406Z,17.0
2026-02-18T21:26:19.338Z,17.2
2026-02-18T21:31:19.168Z,17.51
2026-02-18T21:36:19.164Z,17.54
2026-02-18T21:41:19.63Z,17.69
2026-02-18T21:46:19.312Z,17.54
2026-02-18T21:51:19.17Z,17.51
2026-02-18T21:56:19.248Z,17.46
2026-02-18T22:01:19.243Z,17.26
2026-02-18T22:06:19.333Z,16.85
2026-02-18T22:11:19.234Z,16.59
2026-02-18T22:16:19.424Z,16.1
2026-02-18T22:21:19.314Z,15.88
2026-02-18T22:26:19.262Z,15.73
2026-02-18T22:31:19.276Z,15.61
2026-02-18T22:36:19.676Z,15.79
2026-02-18T22:41:19.208Z,15.76
2026-02-18T22:46:19.398Z,15.81
2026-02-18T22:51:19.643Z,15.81
2026-02-18T22:56:19.225Z,15.88
2026-02-18T23:01:19.386Z,16.02
2026-02-18T23:06:19.286Z,16.05
2026-02-18T23:11:19.183Z,16.14
2026-02-18T23:16:19.313Z,16.14
2026-02-18T23:21:19.329Z,16.05
2026-02-18T23:26:19.403Z,15.99
2026-02-18T23:31:19.187Z,15.88
2026-02-18T23:36:19.34Z,15.81
2026-02-18T23:41:19.296Z,15.79
2026-02-18T23:46:19.175Z,15.88
2026-02-18T23:51:19.341Z,15.88
2026-02-18T23:56:19.376Z,15.93
2026-02-19T00:01:19.272Z,15.93
2026-02-19T00:06:19.366Z,15.9
2026-02-19T00:11:19.341Z,15.79
2026-02-19T00:16:19.395Z,15.67
2026-02-19T00:21:19.347Z,15.44
2026-02-19T00:26:19.455Z,15.09
2026-02-19T00:31:19.396Z,14.95
2026-02-19T00:36:19.388Z,14.93
2026-02-19T00:41:19.349Z,14.75
2026-02-19T00:46:19.185Z,14.58
2026-02-19T00:51:19.5Z,14.32
2026-02-19T00:56:19.417Z,14.67
2026-02-19T01:01:19.27Z,14.64
2026-02-19T01:06:19.706Z,14.44
2026-02-19T01:11:19.785Z,14.41
2026-02-19T01:16:19.64Z,14.21
2026-02-19T01:21:19.403Z,14.09
2026-02-19T01:26:19.405Z,13.92
2026-02-19T01:31:20.805Z,13.98
2026-02-19T01:36:19.196Z,13.89
2026-02-19T01:41:19.251Z,13.86
2026-02-19T01:46:20.018Z,13.8
2026-02-19T01:51:19.649Z,13.83
2026-02-19T01:56:19.173Z,13.8
2026-02-19T02:01:19.293Z,13.66
2026-02-19T02:06:19.691Z,13.54
2026-02-19T02:11:19.271Z,13.54
2026-02-19T02:16:19.252Z,13.46
2026-02-19T02:21:19.892Z,13.37
2026-02-19T02:26:20.044Z,13.23
2026-02-19T02:31:19.949Z,13.14
2026-02-19T02:36:20.028Z,13.4
2026-02-19T02:41:19.318Z,13.4
2026-02-19T02:46:20.105Z,13.92
2026-02-19T02:51:20.167Z,14.7
2026-02-19T02:56:19.406Z,14.95
2026-02-19T03:01:20.257Z,15.12
2026-02-19T03:06:19.285Z,15.07
2026-02-19T03:11:19.256Z,15.01
2026-02-19T03:16:20.4Z,14.93
2026-02-19T03:21:20.468Z,14.93
2026-02-19T03:26:19.222Z,14.9
2026-02-19T03:31:20.618Z,14.9
2026-02-19T03:36:20.541Z,15.07
2026-02-19T03:41:20.629Z,15.09
2026-02-19T03:46:20.782Z,15.09
2026-02-19T03:51:19.403Z,15.01
2026-02-19T03:56:20.951Z,14.86
2026-02-19T04:01:20.911Z,14.78
2026-02-19T04:06:19.202Z,15.39
2026-02-19T04:11:19.196Z,16.05
2026-02-19T04:16:19.264Z,16.74
2026-02-19T04:21:19.492Z,16.91
2026-02-19T04:26:19.295Z,16.91
2026-02-19T04:31:19.259Z,16.88
2026-02-19T04:36:19.311Z,16.88
2026-02-19T04:41:19.312Z,16.71
2026-02-19T04:46:19.394Z,16.3
2026-02-19T04:51:19.293Z,16.07
2026-02-19T04:56:19.347Z,15.79
2026-02-19T05:01:19.253Z,15.7
2026-02-19T05:06:19.186Z,15.53
2026-02-19T05:11:19.29Z,15.3
2026-02-19T05:16:19.32Z,15.19
2026-02-19T05:21:19.45Z,15.16
2026-02-19T05:26:19.278Z,15.16
2026-02-19T05:31:19.4Z,15.09
2026-02-19T05:36:19.282Z,14.93
2026-02-19T05:41:19.303Z,14.86
2026-02-19T05:46:19.289Z,14.78
2026-02-19T05:51:19.388Z,14.7
2026-02-19T05:56:19.312Z,14.49
2026-02-19T06:01:19.253Z,14.44
2026-02-19T06:06:19.2Z,14.26
2026-02-19T06:11:19.327Z,14.18
2026-02-19T06:16:19.2Z,14.09
2026-02-19T06:21:19.283Z,14.26
2026-02-19T06:26:19.658Z,14.44
2026-02-19T06:31:19.304Z,14.55
2026-02-19T06:36:19.349Z,14.61
2026-02-19T06:41:20.012Z,14.64
2026-02-19T06:46:19.439Z,14.61
2026-02-19T06:51:19.403Z,14.72
2026-02-19T06:56:19.2Z,14.55
2026-02-19T07:01:19.421Z,14.78
2026-02-19T07:06:19.361Z,14.84
2026-02-19T07:11:19.174Z,14.84
2026-02-19T07:16:19.302Z,14.7
2026-02-19T07:21:19.25Z,14.64
2026-02-19T07:26:19.229Z,14.55
2026-02-19T07:31:19.162Z,14.44
2026-02-19T07:36:19.294Z,14.32
2026-02-19T07:41:19.338Z,14.23
2026-02-19T07:46:19.195Z,14.32
2026-02-19T07:51:19.173Z,14.41
2026-02-19T07:56:19.319Z,14.67
2026-02-19T08:01:19.227Z,14.84
2026-02-19T08:06:19.683Z,14.93
2026-02-19T08:11:19.47Z,15.12
2026-02-19T08:16:19.413Z,15.3
2026-02-19T08:21:19.927Z,15.44
2026-02-19T08:26:19.169Z,15.58
2026-02-19T08:31:19.409Z,15.65
2026-02-19T08:36:19.277Z,15.65
2026-02-19T08:41:19.168Z,15.7
2026-02-19T08:46:19.301Z,15.7
2026-02-19T08:51:19.383Z,15.93
2026-02-19T08:56:19.31Z,15.96
2026-02-19T09:01:19.418Z,16.07
2026-02-19T09:06:19.337Z,16.3
2026-02-19T09:11:19.237Z,16.28
2026-02-19T09:16:19.245Z,16.48
2026-02-19T09:21:19.307Z,16.45
2026-02-19T09:26:20.089Z,16.39
2026-02-19T09:31:19.76Z,16.51
2026-02-19T09:36:19.149Z,16.68
2026-02-19T09:41:19.308Z,16.91
2026-02-19T09:46:19.544Z,16.85
2026-02-19T09:51:19.225Z,17.0
2026-02-19T09:56:19.143Z,16.91
2026-02-19T10:01:19.186Z,16.94
2026-02-19T10:06:19.473Z,16.97
2026-02-19T10:11:19.385Z,17.14
2026-02-19T10:16:19.695Z,17.14
2026-02-19T10:21:19.571Z,17.23
2026-02-19T10:26:19.73Z,17.28
2026-02-19T10:31:19.835Z,17.34
2026-02-19T10:36:20.047Z,17.46
2026-02-19T10:41:19.655Z,17.63
2026-02-19T10:46:19.887Z,17.6
2026-02-19T10:51:20.321Z,17.63
2026-02-19T10:56:19.901Z,17.69
2026-02-19T11:01:19.834Z,17.77
2026-02-19T11:06:20.075Z,18.15
2026-02-19T11:11:20.162Z,18.06
2026-02-19T11:16:20.002Z,18.32
2026-02-19T11:21:19.166Z,18.32
2026-02-19T11:26:19.174Z,18.32
2026-02-19T11:31:20.162Z,18.29
2026-02-19T11:36:19.348Z,18.18
2026-02-19T11:41:20.698Z,18.21
2026-02-19T11:46:19.413Z,18.35
2026-02-19T11:51:20.31Z,18.52
2026-02-19T11:56:20.384Z,18.78
2026-02-19T12:01:20.416Z,18.64
2026-02-19T12:06:20.844Z,18.75
2026-02-19T12:11:20.583Z,18.84
2026-02-19T12:16:20.798Z,18.95
2026-02-19T12:21:19.22Z,18.98
2026-02-19T12:26:19.171Z,18.93
2026-02-19T12:31:19.336Z,19.18
2026-02-19T12:36:19.226Z,19.33
2026-02-19T12:41:21.341Z,19.1
2026-02-19T12:46:20.803Z,19.36
2026-02-19T12:51:20.913Z,19.42
2026-02-19T12:56:22.114Z,19.53
2026-02-19T13:01:20.974Z,19.56
2026-02-19T13:06:19.391Z,19.21
2026-02-19T13:11:19.345Z,19.36
2026-02-19T13:16:21.123Z,19.47
2026-02-19T13:21:19.179Z,19.44
2026-02-19T13:26:21.589Z,19.5
2026-02-19T13:31:19.395Z,19.53
2026-02-19T13:36:19.249Z,19.82
2026-02-19T13:41:19.289Z,19.76
2026-02-19T13:46:19.165Z,19.73
2026-02-19T13:51:19.236Z,19.73
2026-02-19T13:56:19.384Z,19.67
2026-02-19T14:01:19.196Z,19.9
2026-02-19T14:06:21.546Z,19.76
2026-02-19T14:11:19.234Z,19.82
2026-02-19T14:16:19.236Z,19.85
2026-02-19T14:21:19.477Z,19.88
2026-02-19T14:26:19.265Z,20.11
2026-02-19T14:31:19.287Z,20.14
2026-02-19T14:36:19.383Z,20.14
2026-02-19T14:41:19.21Z,20.16
2026-02-19T14:46:19.36Z,20.25
2026-02-19T14:51:19.324Z,20.31
2026-02-19T14:56:19.152Z,20.42
2026-02-19T15:01:19.284Z,20.11
2026-02-19T15:06:19.407Z,19.96
2026-02-19T15:11:19.205Z,20.31
2026-02-19T15:16:19.292Z,20.22
2026-02-19T15:21:19.263Z,20.45
2026-02-19T15:26:19.152Z,20.45
2026-02-19T15:31:19.212Z,20.37
2026-02-19T15:36:19.183Z,20.25
2026-02-19T15:41:19.142Z,20.19
2026-02-19T15:46:19.242Z,20.19
2026-02-19T15:51:19.28Z,20.05
2026-02-19T15:56:19.278Z,20.25
2026-02-19T16:01:19.3Z,20.14
2026-02-19T16:06:19.17Z,20.11
2026-02-19T16:11:19.816Z,20.19
2026-02-19T16:16:19.298Z,20.14
2026-02-19T16:21:19.149Z,19.93
2026-02-19T16:26:19.212Z,19.9
2026-02-19T16:31:19.272Z,19.9
2026-02-19T16:36:19.352Z,19.76
2026-02-19T16:41:19.141Z,19.73
2026-02-19T16:46:19.26Z,19.82
2026-02-19T16:51:19.315Z,19.82
2026-02-19T16:56:19.204Z,19.7
2026-02-19T17:01:19.127Z,19.76
2026-02-19T17:06:19.273Z,19.65
2026-02-19T17:11:19.189Z,19.47
2026-02-19T17:16:19.332Z,19.21
2026-02-19T17:21:19.189Z,19.1
2026-02-19T17:26:19.286Z,19.01
2026-02-19T17:31:19.338Z,18.84
2026-02-19T17:36:19.383Z,18.64
2026-02-19T17:41:19.294Z,18.52
2026-02-19T17:46:19.139Z,18.41
2026-02-19T17:51:19.153Z,18.32
2026-02-19T17:56:19.249Z,18.23
2026-02-19T18:01:19.358Z,18.09
2026-02-19T18:06:19.224Z,18.0
2026-02-19T18:11:19.129Z,17.89
2026-02-19T18:16:19.39Z,17.66
2026-02-19T18:21:19.359Z,17.46
2026-02-19T18:26:19.386Z,17.43
2026-02-19T18:31:19.288Z,17.34
2026-02-19T18:36:19.356Z,17.28
2026-02-19T18:41:19.164Z,17.08
2026-02-19T18:46:19.216Z,17.02
2026-02-19T18:51:19.142Z,16.82
2026-02-19T18:56:19.267Z,16.77
2026-02-19T19:01:19.451Z,16.74
2026-02-19T19:06:20.395Z,16.65
2026-02-19T19:11:19.425Z,16.62
2026-02-19T19:16:19.428Z,16.53
2026-02-19T19:21:19.15Z,16.37
2026-02-19T19:26:19.301Z,16.19
2026-02-19T19:31:19.361Z,16.1
2026-02-19T19:36:19.372Z,15.88
2026-02-19T19:41:19.319Z,15.58
2026-02-19T19:46:19.754Z,15.67
2026-02-19T19:51:19.355Z,15.61
2026-02-19T19:56:19.548Z,15.67
2026-02-19T20:01:19.776Z,15.76
2026-02-19T20:06:19.682Z,16.1
2026-02-19T20:11:19.767Z,16.37
2026-02-19T20:16:19.883Z,16.51
2026-02-19T20:21:19.818Z,16.45
2026-02-19T20:26:19.202Z,16.59
2026-02-19T20:31:20.161Z,16.39
2026-02-19T20:36:20.03Z,16.07
2026-02-19T20:41:19.99Z,15.88
2026-02-19T20:46:20.191Z,15.73
2026-02-19T20:51:20.208Z,15.65
2026-02-19T20:56:20.133Z,15.42
2026-02-19T21:01:20.246Z,15.39
2026-02-19T21:06:20.362Z,15.53
2026-02-19T21:11:19.379Z,15.44
2026-02-19T21:16:20.281Z,15.39
2026-02-19T21:21:20.283Z,15.27
2026-02-19T21:26:20.397Z,15.19
2026-02-19T21:31:19.206Z,15.09
2026-02-19T21:36:20.417Z,14.98
2026-02-19T21:41:19.435Z,14.84
2026-02-19T21:46:20.678Z,14.75
2026-02-19T21:51:20.689Z,14.78
2026-02-19T21:56:19.384Z,14.78
2026-02-19T22:01:19.346Z,14.75
2026-02-19T22:06:20.785Z,14.75
2026-02-19T22:11:19.263Z,14.64
2026-02-19T22:16:19.878Z,14.64
2026-02-19T22:21:21.009Z,14.61
2026-02-19T22:26:20.914Z,14.35
2026-02-19T22:31:21.288Z,14.09
2026-02-19T22:36:20.906Z,13.92
2026-02-19T22:41:19.249Z,13.83
2026-02-19T22:46:19.384Z,13.77
2026-02-19T22:51:19.462Z,13.69
2026-02-19T22:56:19.259Z,13.77
2026-02-19T23:01:21.176Z,13.92
2026-02-19T23:06:21.156Z,13.89
2026-02-19T23:11:21.181Z,13.8
2026-02-19T23:16:19.307Z,13.69
2026-02-19T23:21:21.536Z,13.34
2026-02-19T23:26:21.3Z,13.05
2026-02-19T23:31:21.39Z,12.88
2026-02-19T23:36:21.575Z,12.62
2026-02-19T23:41:19.299Z,12.28
2026-02-19T23:46:21.541Z,11.99
2026-02-19T23:51:21.603Z,11.73
2026-02-19T23:56:19.272Z,11.47
2026-02-20T00:01:19.174Z,11.15
2026-02-20T00:06:21.661Z,10.92
2026-02-20T00:11:19.306Z,10.84
2026-02-20T00:16:19.188Z,10.84
2026-02-20T00:21:19.23Z,10.81
2026-02-20T00:26:19.271Z,10.89
2026-02-20T00:31:19.386Z,11.1
2026-02-20T00:36:19.408Z,11.21
2026-02-20T00:41:19.328Z,11.21
2026-02-20T00:46:19.317Z,11.07
2026-02-20T00:51:19.24Z,11.15
2026-02-20T00:56:19.388Z,11.27
2026-02-20T01:01:19.444Z,11.38
2026-02-20T01:06:19.408Z,11.3
2026-02-20T01:11:19.402Z,11.24
2026-02-20T01:16:19.308Z,11.04
2026-02-20T01:21:19.872Z,10.96
2026-02-20T01:26:19.21Z,10.92
2026-02-20T01:31:19.263Z,11.21
2026-02-20T01:36:19.439Z,12.25
2026-02-20T01:41:19.404Z,12.48
2026-02-20T01:46:19.238Z,12.54
2026-02-20T01:51:19.666Z,12.59
2026-02-20T01:56:19.2Z,12.82
2026-02-20T02:01:19.333Z,13.03
2026-02-20T02:06:19.426Z,13.03
2026-02-20T02:11:19.301Z,13.08
2026-02-20T02:16:19.292Z,13.11
2026-02-20T02:21:19.391Z,13.08
2026-02-20T02:26:20.145Z,13.0
2026-02-20T02:31:19.237Z,13.11
2026-02-20T02:36:19.347Z,13.26
2026-02-20T02:41:19.369Z,13.2
2026-02-20T02:46:19.361Z,13.28
2026-02-20T02:51:19.19Z,13.26
2026-02-20T02:56:19.402Z,13.26
2026-02-20T03:01:19.323Z,13.43
2026-02-20T03:06:19.286Z,13.43
2026-02-20T03:11:19.394Z,13.43
2026-02-20T03:16:19.19Z,13.34
2026-02-20T03:21:19.244Z,13.37
2026-02-20T03:26:19.618Z,13.49
2026-02-20T03:31:19.226Z,13.46
2026-02-20T03:36:19.325Z,13.37
2026-02-20T03:41:19.23Z,13.37
2026-02-20T03:46:19.22Z,13.31
2026-02-20T03:51:19.261Z,13.34
2026-02-20T03:56:19.368Z,13.26
2026-02-20T04:01:19.246Z,13.23
2026-02-20T04:06:19.472Z,13.23
2026-02-20T04:11:19.216Z,13.17
2026-02-20T04:16:20.155Z,13.17
2026-02-20T04:21:19.889Z,13.17
2026-02-20T04:26:19.289Z,13.14
2026-02-20T04:31:19.473Z,13.14
2026-02-20T04:36:19.357Z,13.11
2026-02-20T04:41:19.399Z,13.08
2026-02-20T04:46:19.974Z,13.26
2026-02-20T04:51:19.35Z,13.14
2026-02-20T04:56:19.505Z,12.97
2026-02-20T05:01:19.284Z,12.91
2026-02-20T05:06:19.298Z,12.79
2026-02-20T05:11:19.408Z,12.79
2026-02-20T05:16:19.301Z,12.74
2026-02-20T05:21:19.427Z,12.77
2026-02-20T05:26:19.724Z,12.74
2026-02-20T05:31:19.323Z,12.77
2026-02-20T05:36:19.377Z,12.71
2026-02-20T05:41:19.447Z,12.54
2026-02-20T05:46:19.354Z,12.36
2026-02-20T05:51:19.616Z,12.25
2026-02-20T05:56:19.335Z,12.22
2026-02-20T06:01:19.183Z,12.13
2026-02-20T06:06:19.788Z,12.07
2026-02-20T06:11:19.68Z,11.82
2026-02-20T06:16:20.235Z,11.73
2026-02-20T06:21:19.861Z,11.67
2026-02-20T06:26:19.79Z,11.5
2026-02-20T06:31:19.523Z,11.27
2026-02-20T06:36:19.437Z,11.33
2026-02-20T06:41:19.948Z,11.21
2026-02-20T06:46:20.105Z,11.19
2026-02-20T06:51:20.21Z,11.27
2026-02-20T06:56:20.249Z,11.38
2026-02-20T07:01:19.354Z,11.59
2026-02-20T07:06:19.373Z,11.96
2026-02-20T07:11:21.493Z,12.07
2026-02-20T07:16:19.143Z,12.28
2026-02-20T07:21:19.287Z,12.48
2026-02-20T07:26:19.279Z,12.74
2026-02-20T07:31:20.362Z,12.71
2026-02-20T07:36:20.42Z,12.42
2026-02-20T07:41:20.57Z,12.28
2026-02-20T07:46:19.143Z,12.31
2026-02-20T07:51:20.961Z,12.39
2026-02-20T07:56:20.567Z,12.56
2026-02-20T08:01:19.293Z,12.79
2026-02-20T08:06:19.206Z,12.91
2026-02-20T08:11:20.684Z,13.0
2026-02-20T08:16:21.391Z,13.23
2026-02-20T08:21:22.078Z,13.37
2026-02-20T08:26:19.303Z,13.63
2026-02-20T08:31:21.729Z,13.72
2026-02-20T08:36:21.563Z,13.92
2026-02-20T08:41:20.877Z,14.09
2026-02-20T08:46:20.971Z,14.26
2026-02-20T08:51:21.016Z,14.44
2026-02-20T08:56:22.108Z,14.55
2026-02-20T09:01:21.067Z,14.81
2026-02-20T09:06:21.152Z,14.93
2026-02-20T09:11:21.127Z,14.93
2026-02-20T09:16:19.345Z,15.21
2026-02-20T09:21:19.37Z,15.35
2026-02-20T09:26:21.361Z,15.61
2026-02-20T09:31:21.362Z,15.79
2026-02-20T09:36:21.391Z,15.93
2026-02-20T09:41:19.203Z,16.07
2026-02-20T09:46:19.141Z,16.25
2026-02-20T09:51:21.652Z,16.53
2026-02-20T09:56:19.187Z,16.62
2026-02-20T10:01:19.14Z,16.56
2026-02-20T10:06:19.196Z,16.48
2026-02-20T10:11:19.265Z,16.68
2026-02-20T10:16:19.141Z,16.62
2026-02-20T10:21:19.154Z,16.88
2026-02-20T10:26:19.686Z,17.0
2026-02-20T10:31:19.145Z,17.0
2026-02-20T10:36:19.254Z,17.0
2026-02-20T10:41:19.188Z,17.11
2026-02-20T10:46:19.437Z,17.34
2026-02-20T10:51:19.315Z,17.69
2026-02-20T10:56:19.166Z,17.8
2026-02-20T11:01:19.297Z,18.0
2026-02-20T11:06:19.622Z,17.95
2026-02-20T11:11:19.129Z,18.15
2026-02-20T11:16:19.336Z,18.06
2026-02-20T11:21:19.256Z,18.26
2026-02-20T11:26:19.317Z,18.23
2026-02-20T11:31:19.35Z,18.21
2026-02-20T11:36:19.414Z,18.32
2026-02-20T11:41:19.15Z,18.38
2026-02-20T11:46:19.357Z,18.46
2026-02-20T11:51:19.319Z,18.58
2026-02-20T11:56:19.225Z,18.75
2026-02-20T12:01:19.189Z,18.78
2026-02-20T12:06:19.143Z,19.04
2026-02-20T12:11:19.237Z,18.98
2026-02-20T12:16:19.261Z,19.13
2026-02-20T12:21:19.23Z,19.36
2026-02-20T12:26:19.208Z,19.47
2026-02-20T12:31:19.174Z,19.62
2026-02-20T12:36:19.22Z,19.62
2026-02-20T12:41:19.446Z,19.85
2026-02-20T12:46:19.268Z,19.67
2026-02-20T12:51:19.419Z,19.9
2026-02-20T12:56:19.314Z,20.11
2026-02-20T13:01:19.422Z,20.05
2026-02-20T13:06:19.202Z,20.28
2026-02-20T13:11:19.238Z,20.51
2026-02-20T13:16:19.254Z,20.53
2026-02-20T13:21:19.412Z,20.51
2026-02-20T13:26:19.331Z,20.6
2026-02-20T13:31:19.275Z,20.71
2026-02-20T13:36:19.185Z,20.83
2026-02-20T13:41:19.429Z,21.09
2026-02-20T13:46:19.272Z,21.11
2026-02-20T13:51:19.313Z,21.4
2026-02-20T13:56:19.186Z,21.49
2026-02-20T14:01:19.28Z,21.43
2026-02-20T14:06:19.361Z,21.34
2026-02-20T14:11:19.218Z,21.43
2026-02-20T14:16:19.193Z,21.63
2026-02-20T14:21:19.311Z,21.89
2026-02-20T14:26:19.409Z,21.86
2026-02-20T14:31:19.201Z,22.0
2026-02-20T14:36:20.345Z,22.12
2026-02-20T14:41:19.357Z,22.0
2026-02-20T14:46:19.403Z,22.26
2026-02-20T14:51:19.183Z,22.49
2026-02-20T14:56:19.349Z,22.44
2026-02-20T15:01:19.191Z,22.44
2026-02-20T15:06:20.295Z,22.49
2026-02-20T15:11:20.337Z,22.64
2026-02-20T15:16:20.857Z,22.69
2026-02-20T15:21:19.32Z,22.69
2026-02-20T15:26:19.403Z,22.67
2026-02-20T15:31:19.483Z,22.9
2026-02-20T15:36:20.263Z,22.87
2026-02-20T15:41:19.265Z,22.98
2026-02-20T15:46:19.189Z,23.04
2026-02-20T15:51:19.144Z,23.1
2026-02-20T15:56:19.701Z,22.93
2026-02-20T16:01:20.891Z,22.95
2026-02-20T16:06:19.401Z,23.04
2026-02-20T16:11:20.021Z,23.01
2026-02-20T16:16:19.98Z,22.75
2026-02-20T16:21:20.069Z,22.87
2026-02-20T16:26:19.408Z,22.9
2026-02-20T16:31:19.998Z,22.9
2026-02-20T16:36:19.207Z,22.95
2026-02-20T16:41:20.134Z,22.87
2026-02-20T16:46:19.176Z,22.84
2026-02-20T16:51:20.316Z,22.72
2026-02-20T16:56:19.122Z,22.61
2026-02-20T17:01:21.122Z,22.55
2026-02-20T17:06:20.777Z,22.32
2026-02-20T17:11:19.342Z,22.04
2026-02-20T17:16:20.403Z,20.86
2026-02-20T17:21:19.407Z,20.02
2026-02-20T17:26:19.327Z,19.42
2026-02-20T17:31:20.765Z,19.04
2026-02-20T17:36:20.585Z,18.87
2026-02-20T17:41:20.639Z,18.55
2026-02-20T17:46:20.636Z,18.23
2026-02-20T17:51:20.745Z,18.03
2026-02-20T17:56:19.235Z,17.74
2026-02-20T18:01:20.708Z,17.51
2026-02-20T18:06:20.767Z,17.4
2026-02-20T18:11:19.291Z,17.34
2026-02-20T18:16:20.862Z,17.23
2026-02-20T18:21:19.225Z,17.05
2026-02-20T18:26:20.975Z,16.91
2026-02-20T18:31:19.405Z,16.91
2026-02-20T18:36:19.349Z,16.79
2026-02-20T18:41:21.101Z,16.65
2026-02-20T18:46:21.309Z,16.53
2026-02-20T18:51:21.323Z,16.42
2026-02-20T18:56:19.32Z,16.22
2026-02-20T19:01:21.199Z,16.02
2026-02-20T19:06:19.134Z,15.9
2026-02-20T19:11:21.313Z,15.67
2026-02-20T19:16:19.207Z,15.53
2026-02-20T19:21:21.434Z,15.42
2026-02-20T19:26:21.455Z,15.16
2026-02-20T19:31:19.26Z,14.98
2026-02-20T19:36:21.548Z,14.78
2026-02-20T19:41:19.144Z,14.58
2026-02-20T19:46:19.147Z,14.41
2026-02-20T19:51:19.193Z,14.32
2026-02-20T19:56:19.179Z,14.21
2026-02-20T20:01:19.4Z,14.0
2026-02-20T20:06:19.267Z,13.8
2026-02-20T20:11:19.38Z,13.74
2026-02-20T20:16:19.218Z,13.69
2026-02-20T20:21:19.186Z,13.66
2026-02-20T20:26:19.168Z,13.63
2026-02-20T20:31:19.413Z,13.54
2026-02-20T20:36:19.239Z,13.4
2026-02-20T20:41:19.217Z,13.2
2026-02-20T20:46:19.139Z,13.14
2026-02-20T20:51:19.205Z,12.77
2026-02-20T20:56:19.386Z,12.71
2026-02-20T21:01:19.195Z,12.54
2026-02-20T21:06:19.247Z,12.31
2026-02-20T21:11:19.187Z,12.31
2026-02-20T21:16:19.864Z,12.16
2026-02-20T21:21:19.681Z,12.02
2026-02-20T21:26:19.14Z,11.9
2026-02-20T21:31:19.205Z,11.76
2026-02-20T21:36:19.225Z,11.76
2026-02-20T21:41:19.238Z,11.73
2026-02-20T21:46:19.312Z,11.67
2026-02-20T21:51:19.228Z,11.76
2026-02-20T21:56:19.288Z,11.59
2026-02-20T22:01:19.143Z,11.53
2026-02-20T22:06:19.302Z,11.56
2026-02-20T22:11:19.329Z,11.5
2026-02-20T22:16:19.268Z,11.47
2026-02-20T22:21:19.319Z,11.38
2026-02-20T22:26:20.097Z,11.27
2026-02-20T22:31:19.392Z,11.19
2026-02-20T22:36:19.242Z,11.07
2026-02-20T22:41:19.27Z,11.01
2026-02-20T22:46:19.207Z,10.84
2026-02-20T22:51:19.131Z,10.98
2026-02-20T22:56:19.238Z,10.92
2026-02-20T23:01:19.148Z,10.81
2026-02-20T23:06:19.132Z,10.78
2026-02-20T23:11:19.39Z,10.78
2026-02-20T23:16:19.287Z,10.7
2026-02-20T23:21:19.254Z,10.52
2026-02-20T23:26:19.153Z,10.43
2026-02-20T23:31:19.156Z,10.38
2026-02-20T23:36:19.523Z,10.32
2026-02-20T23:41:19.213Z,10.24
2026-02-20T23:46:19.215Z,10.21
2026-02-20T23:51:19.175Z,10.15
2026-02-20T23:56:19.217Z,10.12
2026-02-21T00:01:19.199Z,10.09
2026-02-21T00:06:19.368Z,10.03
2026-02-21T00:11:19.136Z,9.91
2026-02-21T00:16:19.121Z,9.89
2026-02-21T00:21:19.487Z,9.94
2026-02-21T00:26:19.502Z,9.91
2026-02-21T00:31:19.25Z,9.91
2026-02-21T00:36:19.227Z,9.86
2026-02-21T00:41:19.27Z,10.43
2026-02-21T00:46:19.166Z,10.78
2026-02-21T00:51:19.284Z,10.86
2026-02-21T00:56:19.347Z,10.66
2026-02-21T01:01:19.716Z,10.47
2026-02-21T01:06:19.226Z,10.26
2026-02-21T01:11:19.557Z,10.21
2026-02-21T01:16:19.137Z,10.21
2026-02-21T01:21:19.373Z,10.35
2026-02-21T01:26:19.974Z,10.43
2026-02-21T01:31:20.075Z,10.38
2026-02-21T01:36:19.745Z,10.35
2026-02-21T01:41:19.798Z,10.32
2026-02-21T01:46:19.152Z,10.38
2026-02-21T01:51:19.72Z,10.47
2026-02-21T01:56:19.721Z,10.55
2026-02-21T02:01:19.758Z,10.66
2026-02-21T02:06:19.798Z,10.61
2026-02-21T02:11:19.932Z,10.61
2026-02-21T02:16:20.032Z,10.38
2026-02-21T02:21:20.123Z,10.29
2026-02-21T02:26:19.714Z,10.32
2026-02-21T02:31:20.048Z,10.26
2026-02-21T02:36:19.36Z,10.12
2026-02-21T02:41:20.245Z,10.0
2026-02-21T02:46:19.14Z,9.83
2026-02-21T02:51:19.348Z,9.66
2026-02-21T02:56:19.274Z,9.6
2026-02-21T03:01:20.661Z,9.37
2026-02-21T03:06:21.199Z,9.23
2026-02-21T03:11:19.276Z,9.05
2026-02-21T03:16:19.27Z,8.82
2026-02-21T03:21:19.206Z,8.62
2026-02-21T03:26:20.692Z,8.56
2026-02-21T03:31:20.727Z,8.39
2026-02-21T03:36:19.235Z,8.36
2026-02-21T03:41:20.731Z,8.36
2026-02-21T03:46:20.694Z,8.28
2026-02-21T03:51:19.11Z,8.31
2026-02-21T03:56:20.92Z,8.31
2026-02-21T04:01:19.162Z,8.36
2026-02-21T04:06:19.214Z,8.19
2026-02-21T04:11:19.341Z,8.1
2026-02-21T04:16:19.161Z,7.96
2026-02-21T04:21:21.231Z,7.96
2026-02-21T04:26:19.792Z,8.13
2026-02-21T04:31:21.246Z,8.1
2026-02-21T04:36:19.378Z,8.19
2026-02-21T04:41:19.11Z,8.59
2026-02-21T04:46:19.195Z,9.0
2026-02-21T04:51:21.26Z,9.05
2026-02-21T04:56:21.31Z,9.42
2026-02-21T05:01:19.145Z,9.54
2026-02-21T05:06:21.331Z,9.77
2026-02-21T05:11:19.248Z,9.94
2026-02-21T05:16:21.466Z,9.91
2026-02-21T05:21:21.465Z,9.98
2026-02-21T05:26:21.487Z,9.83
2026-02-21T05:31:19.128Z,9.54
2026-02-21T05:36:19.14Z,9.4
2026-02-21T05:41:19.172Z,9.26
2026-02-21T05:46:19.134Z,9.11
2026-02-21T05:51:19.247Z,8.97
2026-02-21T05:56:19.22Z,8.79
2026-02-21T06:01:19.156Z,8.77
2026-02-21T06:06:19.104Z,9.03
2026-02-21T06:11:19.104Z,9.26
2026-02-21T06:16:19.17Z,9.37
2026-02-21T06:21:19.347Z,9.4
2026-02-21T06:26:19.141Z,9.4
2026-02-21T06:31:19.208Z,9.37
2026-02-21T06:36:19.302Z,9.28
2026-02-21T06:41:19.344Z,9.19
2026-02-21T06:46:19.289Z,9.0
2026-02-21T06:51:19.204Z,8.74
2026-02-21T06:56:19.662Z,8.77
2026-02-21T07:01:19.151Z,8.82
2026-02-21T07:06:19.194Z,8.97
2026-02-21T07:11:19.24Z,9.03
2026-02-21T07:16:19.19Z,9.11
2026-02-21T07:21:19.369Z,9.11
2026-02-21T07:26:19.096Z,9.19
2026-02-21T07:31:19.153Z,9.34
2026-02-21T07:36:19.21Z,9.37
2026-02-21T07:41:19.347Z,9.49
2026-02-21T07:46:19.366Z,9.54
2026-02-21T07:51:19.204Z,9.57
2026-02-21T07:56:19.17Z,9.66
2026-02-21T08:01:19.131Z,9.66
2026-02-21T08:06:19.229Z,9.86
2026-02-21T08:11:19.259Z,10.03
2026-02-21T08:16:19.348Z,10.17
2026-02-21T08:21:19.367Z,10.43
2026-02-21T08:26:19.218Z,10.55
2026-02-21T08:31:19.222Z,10.78
2026-02-21T08:36:19.299Z,11.1
2026-02-21T08:41:19.218Z,11.12
2026-02-21T08:46:19.293Z,11.3
2026-02-21T08:51:19.438Z,11.47
2026-02-21T08:56:19.142Z,11.7
2026-02-21T09:01:19.665Z,12.1
2026-02-21T09:06:19.754Z,12.42
2026-02-21T09:11:19.343Z,12.79
2026-02-21T09:16:19.119Z,13.2
2026-02-21T09:21:19.137Z,13.4
2026-02-21T09:26:19.265Z,13.66
2026-02-21T09:31:19.104Z,14.06
2026-02-21T09:36:19.189Z,14.18
2026-02-21T09:41:19.301Z,14.49
2026-02-21T09:46:19.45Z,14.64
2026-02-21T09:51:19.373Z,14.84
2026-02-21T09:56:19.247Z,15.27
2026-02-21T10:01:19.331Z,15.5
2026-02-21T10:06:19.239Z,15.81
2026-02-21T10:11:19.362Z,16.25
2026-02-21T10:16:19.245Z,16.45
2026-02-21T10:21:19.286Z,16.62
2026-02-21T10:26:19.207Z,16.97
2026-02-21T10:31:19.114Z,17.14
2026-02-21T10:36:19.105Z,17.43
2026-02-21T10:41:19.109Z,17.37
2026-02-21T10:46:19.23Z,17.57
2026-02-21T10:51:19.08Z,17.89
2026-02-21T10:56:19.213Z,17.83
2026-02-21T11:01:19.295Z,18.23
2026-02-21T11:06:19.286Z,18.35
2026-02-21T11:11:19.396Z,18.78
2026-02-21T11:16:19.527Z,19.21
2026-02-21T11:21:19.515Z,19.33
2026-02-21T11:26:19.509Z,19.56
2026-02-21T11:31:19.756Z,19.9
2026-02-21T11:36:19.547Z,19.85
2026-02-21T11:41:19.912Z,19.65
2026-02-21T11:46:19.096Z,19.62
2026-02-21T11:51:19.669Z,19.82
2026-02-21T11:56:20.84Z,19.85
2026-02-21T12:01:19.216Z,19.96
2026-02-21T12:06:19.281Z,19.93
2026-02-21T12:11:19.203Z,20.14
2026-02-21T12:16:20.06Z,20.16
2026-02-21T12:21:19.229Z,20.42
2026-02-21T12:26:19.231Z,20.6
2026-02-21T12:31:19.078Z,21.02
2026-02-21T12:36:19.223Z,21.09
2026-02-21T12:41:19.166Z,20.74
2026-02-21T12:46:19.204Z,21.02
2026-02-21T12:51:19.249Z,21.17
2026-02-21T12:56:19.361Z,21.11
2026-02-21T13:01:19.173Z,21.09
2026-02-21T13:06:19.162Z,21.11
2026-02-21T13:11:19.143Z,21.17
2026-02-21T13:16:19.148Z,21.14
2026-02-21T13:21:19.191Z,21.2
2026-02-21T13:26:19.357Z,21.46
2026-02-21T13:31:19.245Z,21.55
2026-02-21T13:36:19.265Z,21.66
2026-02-21T13:41:19.241Z,21.72
2026-02-21T13:46:19.134Z,21.72
2026-02-21T13:51:19.151Z,21.69
2026-02-21T13:56:19.739Z,22.0
2026-02-21T14:01:19.223Z,22.09
2026-02-21T14:06:19.593Z,22.0
2026-02-21T14:11:19.107Z,22.06
2026-02-21T14:16:19.239Z,21.86
2026-02-21T14:21:19.169Z,21.83
2026-02-21T14:26:19.216Z,21.92
2026-02-21T14:31:19.142Z,21.86
2026-02-21T14:36:19.448Z,22.18
2026-02-21T14:41:19.531Z,22.12
2026-02-21T14:46:20.031Z,22.09
2026-02-21T14:51:19.144Z,22.46
2026-02-21T14:56:19.069Z,22.55
2026-02-21T15:01:19.206Z,22.35
2026-02-21T15:06:19.189Z,22.26
2026-02-21T15:11:19.248Z,22.23
2026-02-21T15:16:19.085Z,22.46
2026-02-21T15:21:19.139Z,22.58
2026-02-21T15:26:19.261Z,22.64
2026-02-21T15:31:19.111Z,22.23
2026-02-21T15:36:19.274Z,22.18
2026-02-21T15:41:19.129Z,22.38
2026-02-21T15:46:19.128Z,22.26
2026-02-21T15:51:19.077Z,22.29
2026-02-21T15:56:19.258Z,22.23
2026-02-21T16:01:19.15Z,22.26
2026-02-21T16:06:19.125Z,22.21
2026-02-21T16:11:19.119Z,22.26
2026-02-21T16:16:19.082Z,22.23
2026-02-21T16:21:19.078Z,22.23
2026-02-21T16:26:19.519Z,22.26
2026-02-21T16:31:19.192Z,22.26
2026-02-21T16:36:19.345Z,22.23
2026-02-21T16:41:19.308Z,22.15
2026-02-21T16:46:19.129Z,22.12
2026-02-21T16:51:19.454Z,22.0
2026-02-21T16:56:19.446Z,21.89
2026-02-21T17:01:19.297Z,21.77
2026-02-21T17:06:19.251Z,21.81
2026-02-21T17:11:19.204Z,21.69
2026-02-21T17:16:19.24Z,21.46
2026-02-21T17:21:19.309Z,21.32
2026-02-21T17:26:19.239Z,21.11
2026-02-21T17:31:19.27Z,20.76
2026-02-21T17:36:19.123Z,20.31
2026-02-21T17:41:19.325Z,20.02
2026-02-21T17:46:19.666Z,19.67
2026-02-21T17:51:19.307Z,19.42
2026-02-21T17:56:19.221Z,19.01
2026-02-21T18:01:19.406Z,18.75
2026-02-21T18:06:19.242Z,18.46
2026-02-21T18:11:19.604Z,18.26
2026-02-21T18:16:19.565Z,17.89
2026-02-21T18:21:19.635Z,17.69
2026-02-21T18:26:19.185Z,17.54
2026-02-21T18:31:20.257Z,17.34
2026-02-21T18:36:19.144Z,17.05
2026-02-21T18:41:20.492Z,16.88
2026-02-21T18:46:20.605Z,16.88
2026-02-21T18:51:20.439Z,16.94
2026-02-21T18:56:20.402Z,16.85
2026-02-21T19:01:19.39Z,16.74
2026-02-21T19:06:19.069Z,16.62
2026-02-21T19:11:20.678Z,16.33
2026-02-21T19:16:19.137Z,16.16
2026-02-21T19:21:19.129Z,16.14
2026-02-21T19:26:20.755Z,16.05
2026-02-21T19:31:20.996Z,15.76
2026-02-21T19:36:19.116Z,15.44
2026-02-21T19:41:20.811Z,15.21
2026-02-21T19:46:19.106Z,15.07
2026-02-21T19:51:19.179Z,14.95
2026-02-21T19:56:19.089Z,14.75
2026-02-21T20:01:21.06Z,14.49
2026-02-21T20:06:19.215Z,14.35
2026-02-21T20:11:19.23Z,14.09
2026-02-21T20:16:19.049Z,13.86
2026-02-21T20:21:19.068Z,13.69
2026-02-21T20:26:21.5Z,13.46
2026-02-21T20:31:19.138Z,13.28
2026-02-21T20:36:19.131Z,13.2
2026-02-21T20:41:19.06Z,13.0
2026-02-21T20:46:21.334Z,12.88
2026-02-21T20:51:21.375Z,12.74
2026-02-21T20:56:19.073Z,12.65
2026-02-21T21:01:19.21Z,12.45
2026-02-21T21:06:19.08Z,12.62
2026-02-21T21:11:19.132Z,12.62
2026-02-21T21:16:19.03Z,12.54
2026-02-21T21:21:19.083Z,12.54
2026-02-21T21:26:19.116Z,12.45
2026-02-21T21:31:19.119Z,12.51
2026-02-21T21:36:19.177Z,12.45
2026-02-21T21:41:19.269Z,12.33
2026-02-21T21:46:19.033Z,12.22
2026-02-21T21:51:19.04Z,12.13
2026-02-21T21:56:19.163Z,12.02
2026-02-21T22:01:19.1Z,11.96
2026-02-21T22:06:19.04Z,11.76
2026-02-21T22:11:19.12Z,11.56
2026-02-21T22:16:19.136Z,11.44
2026-02-21T22:21:19.121Z,11.27
2026-02-21T22:26:19.026Z,11.21
2026-02-21T22:31:19.225Z,11.1
2026-02-21T22:36:19.1Z,11.12
2026-02-21T22:41:19.159Z,11.04
2026-02-21T22:46:19.45Z,10.92
2026-02-21T22:51:19.141Z,10.84
2026-02-21T22:56:19.038Z,10.81
2026-02-21T23:01:19.2Z,10.84
2026-02-21T23:06:19.219Z,10.78
2026-02-21T23:11:19.059Z,10.66
2026-02-21T23:16:19.191Z,10.55
2026-02-21T23:21:19.033Z,10.49
2026-02-21T23:26:19.169Z,10.4
2026-02-21T23:31:19.188Z,10.38
2026-02-21T23:36:19.228Z,10.24
2026-02-21T23:41:19.156Z,10.24
2026-02-21T23:46:19.227Z,10.24
2026-02-21T23:51:19.056Z,10.21
2026-02-21T23:56:19.295Z,10.21
2026-02-22T00:01:19.057Z,10.21
2026-02-22T00:06:19.061Z,10.06
2026-02-22T00:11:19.05Z,10.12
2026-02-22T00:16:19.163Z,10.09
2026-02-22T00:21:19.162Z,10.26
2026-02-22T00:26:19.058Z,10.38
2026-02-22T00:31:19.079Z,10.66
2026-02-22T00:36:19.215Z,10.72
2026-02-22T00:41:19.151Z,10.63
2026-02-22T00:46:19.189Z,10.61
2026-02-22T00:51:19.296Z,10.58
2026-02-22T00:56:19.343Z,10.43
2026-02-22T01:01:19.035Z,10.4
2026-02-22T01:06:19.143Z,10.32
2026-02-22T01:11:19.362Z,10.24
2026-02-22T01:16:19.265Z,10.17
2026-02-22T01:21:19.716Z,10.21
2026-02-22T01:26:19.12Z,10.09
2026-02-22T01:31:19.163Z,10.12
2026-02-22T01:36:19.213Z,10.0
2026-02-22T01:41:20.106Z,9.89
2026-02-22T01:46:19.192Z,9.89
2026-02-22T01:51:19.138Z,9.89
2026-02-22T01:56:19.115Z,9.75
2026-02-22T02:01:19.181Z,9.75
2026-02-22T02:06:19.196Z,9.75
2026-02-22T02:11:19.338Z,9.86
2026-02-22T02:16:19.317Z,9.89
2026-02-22T02:21:19.577Z,9.89
2026-02-22T02:26:19.364Z,9.98
2026-02-22T02:31:19.296Z,10.0
2026-02-22T02:36:19.118Z,9.94
2026-02-22T02:41:19.052Z,9.86
2026-02-22T02:46:19.562Z,9.77
2026-02-22T02:51:19.534Z,9.63
2026-02-22T02:56:19.182Z,9.45
2026-02-22T03:01:19.931Z,9.42
2026-02-22T03:06:19.76Z,9.26
2026-02-22T03:11:19.057Z,9.14
2026-02-22T03:16:19.338Z,9.08
2026-02-22T03:21:19.121Z,8.94
2026-02-22T03:26:19.861Z,8.94
2026-02-22T03:31:20.203Z,8.71
2026-02-22T03:36:19.842Z,8.56
2026-02-22T03:41:19.88Z,8.62
2026-02-22T03:46:19.298Z,8.51
2026-02-22T03:51:19.287Z,8.51
2026-02-22T03:56:19.18Z,8.51
2026-02-22T04:01:20.044Z,8.51
2026-02-22T04:06:19.074Z,8.51
2026-02-22T04:11:19.311Z,8.74
2026-02-22T04:16:19.163Z,8.82
2026-02-22T04:21:20.2Z,8.71
2026-02-22T04:26:20.344Z,8.74
2026-02-22T04:31:19.169Z,8.71
2026-02-22T04:36:19.295Z,8.65
2026-02-22T04:41:19.169Z,8.68
2026-02-22T04:46:20.498Z,8.62
2026-02-22T04:51:20.591Z,8.68
2026-02-22T04:56:19.429Z,8.77
2026-02-22T05:01:20.647Z,8.79
2026-02-22T05:06:20.644Z,8.74
2026-02-22T05:11:19.612Z,8.65
2026-02-22T05:16:19.144Z,8.62
2026-02-22T05:21:20.914Z,8.56
2026-02-22T05:26:20.842Z,8.39
2026-02-22T05:31:19.198Z,8.22
2026-02-22T05:36:20.927Z,8.16
2026-02-22T05:41:20.92Z,8.1
2026-02-22T05:46:19.188Z,8.13
2026-02-22T05:51:21.044Z,8.05
2026-02-22T05:56:21.2Z,8.08
2026-02-22T06:01:21.752Z,8.05
2026-02-22T06:06:19.313Z,7.99
2026-02-22T06:11:21.307Z,7.99
2026-02-22T06:16:21.342Z,7.87
2026-02-22T06:21:21.343Z,7.76
2026-02-22T06:26:21.391Z,7.64
2026-02-22T06:31:19.212Z,7.47
2026-02-22T06:36:21.415Z,7.44
2026-02-22T06:41:19.092Z,7.33
2026-02-22T06:46:19.165Z,7.3
2026-02-22T06:51:19.068Z,7.18
2026-02-22T06:56:21.584Z,7.12
2026-02-22T07:01:19.313Z,7.24
2026-02-22T07:06:19.253Z,7.53
2026-02-22T07:11:19.121Z,7.76
2026-02-22T07:16:19.034Z,7.93
2026-02-22T07:21:19.198Z,8.19
2026-02-22T07:26:19.682Z,8.51
2026-02-22T07:31:19.117Z,8.71
2026-02-22T07:36:19.08Z,8.94
2026-02-22T07:41:19.272Z,9.17
2026-02-22T07:46:19.314Z,9.37
2026-02-22T07:51:19.309Z,9.57
2026-02-22T07:56:19.095Z,9.89
2026-02-22T08:01:19.164Z,10.06
2026-02-22T08:06:19.286Z,10.35
2026-02-22T08:11:19.151Z,10.58
2026-02-22T08:16:19.327Z,10.89
2026-02-22T08:21:19.134Z,11.21
2026-02-22T08:26:19.061Z,11.5
2026-02-22T08:31:19.059Z,11.67
2026-02-22T08:36:19.187Z,11.87
2026-02-22T08:41:19.089Z,12.02
2026-02-22T08:46:19.316Z,12.19
2026-02-22T08:51:19.26Z,12.39
2026-02-22T08:56:19.239Z,12.62
2026-02-22T09:01:19.291Z,12.85
2026-02-22T09:06:19.174Z,13.08
2026-02-22T09:11:19.183Z,13.26
2026-02-22T09:16:19.124Z,13.54
2026-02-22T09:21:19.186Z,13.89
2026-02-22T09:26:19.274Z,14.12
2026-02-22T09:31:19.049Z,14.37
2026-02-22T09:36:19.171Z,14.52
2026-02-22T09:41:19.028Z,14.49
2026-02-22T09:46:19.29Z,14.78
2026-02-22T09:51:19.411Z,14.78
2026-02-22T09:56:19.044Z,15.01
2026-02-22T10:01:19.157Z,15.21
2026-02-22T10:06:19.294Z,15.67
2026-02-22T10:11:19.783Z,16.07
2026-02-22T10:16:19.295Z,16.48
2026-02-22T10:21:19.194Z,16.91
2026-02-22T10:26:19.338Z,17.14
2026-02-22T10:31:19.044Z,17.37
2026-02-22T10:36:19.285Z,17.31
2026-02-22T10:41:19.172Z,17.86
2026-02-22T10:46:19.214Z,17.97
2026-02-22T10:51:21.638Z,18.06
2026-02-22T10:56:19.056Z,18.49
2026-02-22T11:01:19.135Z,18.67
2026-02-22T11:06:19.107Z,18.93
2026-02-22T11:11:19.251Z,19.04
2026-02-22T11:16:19.159Z,19.47
2026-02-22T11:21:19.074Z,19.59
2026-02-22T11:26:20.102Z,19.59
2026-02-22T11:31:19.684Z,20.11
2026-02-22T11:36:19.194Z,20.31
2026-02-22T11:41:19.511Z,20.62
2026-02-22T11:46:19.313Z,20.97
2026-02-22T11:51:19.324Z,21.32
2026-02-22T11:56:19.201Z,21.32
2026-02-22T12:01:19.066Z,21.51
2026-02-22T12:06:19.574Z,21.81
2026-02-22T12:11:19.714Z,21.6
2026-02-22T12:16:19.06Z,21.95
2026-02-22T12:21:19.665Z,22.23
2026-02-22T12:26:19.659Z,22.0
2026-02-22T12:31:19.802Z,22.18
2026-02-22T12:36:20.035Z,22.29
2026-02-22T12:41:19.954Z,22.58
2026-02-22T12:46:19.281Z,22.67
2026-02-22T12:51:19.151Z,23.07
2026-02-22T12:56:20.104Z,22.95
2026-02-22T13:01:20.211Z,23.07
2026-02-22T13:06:19.255Z,23.1
2026-02-22T13:11:19.221Z,23.13
2026-02-22T13:16:20.199Z,23.27
2026-02-22T13:21:19.301Z,23.47
2026-02-22T13:26:20.606Z,23.67
2026-02-22T13:31:19.05Z,23.59
2026-02-22T13:36:20.367Z,23.5
2026-02-22T13:41:19.092Z,23.82
2026-02-22T13:46:20.686Z,24.05
2026-02-22T13:51:19.88Z,24.02
2026-02-22T13:56:20.528Z,24.19
2026-02-22T14:01:20.701Z,24.22
2026-02-22T14:06:19.157Z,24.34
2026-02-22T14:11:20.681Z,24.48
2026-02-22T14:16:20.843Z,24.62
2026-02-22T14:21:19.243Z,24.51
2026-02-22T14:26:21.246Z,24.51
2026-02-22T14:31:20.874Z,24.51
2026-02-22T14:36:19.186Z,24.51
2026-02-22T14:41:21.123Z,24.57
2026-02-22T14:46:20.993Z,24.68
2026-02-22T14:51:21.211Z,24.6
2026-02-22T14:56:21.037Z,24.71
2026-02-22T15:01:21.461Z,24.77
2026-02-22T15:06:21.267Z,24.83
2026-02-22T15:11:21.258Z,24.71
2026-02-22T15:16:19.492Z,24.97
2026-02-22T15:21:19.053Z,25.0
2026-02-22T15:26:21.363Z,25.06
2026-02-22T15:31:19.289Z,25.11
2026-02-22T15:36:19.141Z,25.29
2026-02-22T15:41:21.636Z,25.17
2026-02-22T15:46:19.036Z,25.26
2026-02-22T15:51:19.169Z,25.2
2026-02-22T15:56:19.395Z,25.06
2026-02-22T16:01:19.126Z,25.03
2026-02-22T16:06:19.03Z,24.85
2026-02-22T16:11:19.015Z,24.77
2026-02-22T16:16:19.28Z,24.83
2026-02-22T16:21:19.049Z,24.62
2026-02-22T16:26:19.046Z,24.54
2026-02-22T16:31:19.023Z,24.42
2026-02-22T16:36:19.161Z,24.34
2026-02-22T16:41:19.152Z,24.37
2026-02-22T16:46:19.276Z,24.16
2026-02-22T16:51:19.2Z,24.08
2026-02-22T16:56:19.139Z,24.08
2026-02-22T17:01:19.316Z,24.02
2026-02-22T17:06:19.269Z,23.93
2026-02-22T17:11:19.091Z,23.79
2026-02-22T17:16:19.203Z,23.7
2026-02-22T17:21:19.142Z,23.44
2026-02-22T17:26:19.043Z,23.07
2026-02-22T17:31:19.114Z,22.78
2026-02-22T17:36:19.194Z,22.52
2026-02-22T17:41:19.271Z,22.15
2026-02-22T17:46:19.253Z,21.4
2026-02-22T17:51:19.103Z,20.71
2026-02-22T17:56:19.128Z,20.14
2026-02-22T18:01:19.168Z,19.73
2026-02-22T18:06:19.067Z,19.62
2026-02-22T18:11:19.144Z,19.76
2026-02-22T18:16:19.203Z,19.56
2026-02-22T18:21:19.31Z,19.5
2026-02-22T18:26:19.168Z,19.21
2026-02-22T18:31:19.192Z,18.93
2026-02-22T18:36:19.157Z,18.67
2026-02-22T18:41:19.207Z,18.32
2026-02-22T18:46:19.168Z,18.03
2026-02-22T18:51:19.161Z,17.69
2026-02-22T18:56:19.322Z,17.31
2026-02-22T19:01:19.299Z,17.0
2026-02-22T19:06:19.594Z,16.71
2026-02-22T19:11:19.1Z,16.39
2026-02-22T19:16:19.148Z,16.05
2026-02-22T19:21:19.294Z,15.81
2026-02-22T19:26:19.159Z,15.65
2026-02-22T19:31:19.138Z,15.35
2026-02-22T19:36:19.118Z,15.12
2026-02-22T19:41:19.361Z,14.93
2026-02-22T19:46:19.309Z,14.7
2026-02-22T19:51:19.211Z,14.55
2026-02-22T19:56:19.328Z,14.35
2026-02-22T20:01:19.358Z,14.18
2026-02-22T20:06:19.227Z,14.0
2026-02-22T20:11:19.073Z,13.83
2026-02-22T20:16:19.071Z,13.72
2026-02-22T20:21:19.071Z,13.6
2026-02-22T20:26:19.087Z,13.69
2026-02-22T20:31:19.284Z,13.74
2026-02-22T20:36:19.089Z,13.74
2026-02-22T20:41:19.149Z,13.63
2026-02-22T20:46:19.194Z,13.43
2026-02-22T20:51:19.176Z,13.23
2026-02-22T20:56:19.31Z,13.05
2026-02-22T21:01:19.061Z,13.23
2026-02-22T21:06:19.275Z,13.08
2026-02-22T21:11:19.165Z,12.97
2026-02-22T21:16:19.301Z,12.77
2026-02-22T21:21:19.912Z,12.59
2026-02-22T21:26:19.317Z,12.54
2026-02-22T21:31:19.7Z,12.25
2026-02-22T21:36:19.572Z,12.1
2026-02-22T21:41:19.156Z,11.87
2026-02-22T21:46:19.664Z,11.61
2026-02-22T21:51:20.124Z,11.56
2026-02-22T21:56:19.117Z,11.44
2026-02-22T22:01:19.169Z,11.33
2026-02-22T22:06:20.135Z,11.27
2026-02-22T22:11:21.713Z,11.12
2026-02-22T22:16:20.09Z,11.1
2026-02-22T22:21:20.13Z,11.07
2026-02-22T22:26:20.332Z,11.01
2026-02-22T22:31:19.12Z,10.89
2026-02-22T22:36:19.311Z,10.78
2026-02-22T22:41:20.42Z,10.63
2026-02-22T22:46:20.526Z,10.55
2026-02-22T22:51:20.577Z,10.52
2026-02-22T22:56:20.341Z,10.49
2026-02-22T23:01:19.237Z,10.38
2026-02-22T23:06:20.373Z,10.61
2026-02-22T23:11:20.436Z,11.41
2026-02-22T23:16:19.257Z,11.61
2026-02-22T23:21:19.011Z,11.82
2026-02-22T23:26:19.042Z,11.93
2026-02-22T23:31:19.17Z,12.02
2026-02-22T23:36:19.211Z,12.02
2026-02-22T23:41:19.093Z,12.07
2026-02-22T23:46:19.97Z,12.07
2026-02-22T23:51:19.278Z,12.07
2026-02-22T23:56:19.214Z,12.05
2026-02-23T00:01:19.156Z,12.02
2026-02-23T00:06:19.078Z,11.82
2026-02-23T00:11:19.116Z,11.7
2026-02-23T00:16:19.074Z,11.53
2026-02-23T00:21:19.091Z,11.33
2026-02-23T00:26:19.25Z,11.15
2026-02-23T00:31:19.084Z,10.92
2026-02-23T00:36:19.125Z,10.72
2026-02-23T00:41:19.171Z,11.01
2026-02-23T00:46:19.093Z,11.3
2026-02-23T00:51:19.043Z,11.44
2026-02-23T00:56:19.143Z,11.35
2026-02-23T01:01:19.033Z,11.33
2026-02-23T01:06:19.132Z,11.38
2026-02-23T01:11:19.092Z,11.27
2026-02-23T01:16:19.147Z,11.19
2026-02-23T01:21:19.431Z,11.01
2026-02-23T01:26:19.49Z,10.81
2026-02-23T01:31:19.054Z,10.61
2026-02-23T01:36:19.607Z,10.58
2026-02-23T01:41:19.096Z,10.72
2026-02-23T01:46:19.036Z,10.92
2026-02-23T01:51:19.386Z,11.07
2026-02-23T01:56:19.202Z,11.1
2026-02-23T02:01:19.87Z,10.92
2026-02-23T02:06:19.709Z,10.96
2026-02-23T02:11:19.624Z,10.75
2026-02-23T02:16:19.014Z,10.63
2026-02-23T02:21:19.007Z,10.52
2026-02-23T02:26:19.092Z,10.55
2026-02-23T02:31:19.626Z,10.47
2026-02-23T02:36:19.651Z,10.43
2026-02-23T02:41:19.732Z,10.7
2026-02-23T02:46:19.963Z,10.72
2026-02-23T02:51:20.162Z,10.72
2026-02-23T02:56:19.091Z,10.78
2026-02-23T03:01:20.156Z,10.78
2026-02-23T03:06:19.104Z,10.75
2026-02-23T03:11:19.177Z,10.61
2026-02-23T03:16:20.111Z,10.58
2026-02-23T03:21:20.149Z,10.58
2026-02-23T03:26:20.126Z,10.61
2026-02-23T03:31:19.206Z,10.58
2026-02-23T03:36:20.374Z,10.52
2026-02-23T03:41:20.764Z,10.52
2026-02-23T03:46:20.486Z,10.43
2026-02-23T03:51:20.486Z,10.38
2026-02-23T03:56:19.108Z,10.26
2026-02-23T04:01:20.455Z,10.09
2026-02-23T04:06:19.185Z,9.91
2026-02-23T04:11:20.511Z,9.75
2026-02-23T04:16:19.095Z,10.0
2026-02-23T04:21:20.762Z,10.15
2026-02-23T04:26:19.237Z,10.38
2026-02-23T04:31:20.723Z,10.58
2026-02-23T04:36:20.765Z,10.89
2026-02-23T04:41:20.807Z,10.84
2026-02-23T04:46:20.891Z,10.86
2026-02-23T04:51:20.95Z,10.84
2026-02-23T04:56:20.916Z,10.75
2026-02-23T05:01:18.969Z,10.63
2026-02-23T05:06:21.013Z,10.75
2026-02-23T05:11:21.11Z,10.7
2026-02-23T05:16:21.073Z,10.61
2026-02-23T05:21:19.11Z,10.52
2026-02-23T05:26:21.164Z,10.72
2026-02-23T05:31:21.258Z,10.81
2026-02-23T05:36:21.265Z,10.78
2026-02-23T05:41:21.285Z,10.7
2026-02-23T05:46:19.004Z,10.52
2026-02-23T05:51:21.429Z,10.49
2026-02-23T05:56:19.086Z,10.38
2026-02-23T06:01:18.998Z,10.32
2026-02-23T06:06:19.019Z,10.17
2026-02-23T06:11:19.059Z,10.17
2026-02-23T06:16:19.031Z,10.52
2026-02-23T06:21:19.172Z,10.89
2026-02-23T06:26:19.082Z,11.15
2026-02-23T06:31:19.205Z,11.3
2026-02-23T06:36:19.198Z,11.38
2026-02-23T06:41:19.54Z,11.41
2026-02-23T06:46:19.014Z,11.47
2026-02-23T06:51:18.985Z,11.38
2026-02-23T06:56:19.114Z,11.47
2026-02-23T07:01:18.999Z,11.53
2026-02-23T07:06:19.135Z,11.44
2026-02-23T07:11:19.135Z,11.35
2026-02-23T07:16:19.253Z,11.27
2026-02-23T07:21:18.99Z,11.21
2026-02-23T07:26:18.996Z,11.15
2026-02-23T07:31:19.129Z,11.35
2026-02-23T07:36:19.005Z,11.64
2026-02-23T07:41:19.092Z,11.82
2026-02-23T07:46:19.243Z,11.93
2026-02-23T07:51:18.983Z,12.02
2026-02-23T07:56:19.203Z,12.07
2026-02-23T08:01:19.48Z,12.25
2026-02-23T08:06:19.066Z,12.42
2026-02-23T08:11:19.038Z,12.56
2026-02-23T08:16:19.148Z,12.79
2026-02-23T08:21:19.236Z,13.03
2026-02-23T08:26:19.258Z,13.28
2026-02-23T08:31:19.118Z,13.57
2026-02-23T08:36:19.009Z,13.89
2026-02-23T08:41:19.083Z,14.26
2026-02-23T08:46:19.094Z,14.58
2026-02-23T08:51:18.971Z,14.75
2026-02-23T08:56:19.719Z,15.04
2026-02-23T09:01:19.231Z,15.09
2026-02-23T09:06:19.111Z,15.33
2026-02-23T09:11:19.115Z,15.65
2026-02-23T09:16:19.019Z,15.88
2026-02-23T09:21:19.55Z,16.07
2026-02-23T09:26:19.91Z,16.19
2026-02-23T09:31:19.238Z,16.59
2026-02-23T09:36:19.078Z,16.88
2026-02-23T09:41:21.625Z,17.23
2026-02-23T09:46:21.7Z,17.57
2026-02-23T09:51:19.183Z,17.74
2026-02-23T09:56:19.117Z,18.15
2026-02-23T10:01:19.207Z,18.58
2026-02-23T10:06:19.015Z,19.1
2026-02-23T10:11:19.21Z,19.42
2026-02-23T10:16:18.993Z,19.39
2026-02-23T10:21:19.238Z,19.65
2026-02-23T10:26:20.023Z,19.96
2026-02-23T10:31:19.763Z,20.39
2026-02-23T10:36:19.09Z,20.19
2026-02-23T10:41:19.197Z,20.14
2026-02-23T10:46:19.572Z,20.22
2026-02-23T10:51:18.972Z,20.45
2026-02-23T10:56:19.086Z,20.79
2026-02-23T11:01:19.178Z,21.46
2026-02-23T11:06:19.01Z,21.57
2026-02-23T11:11:19.012Z,21.83
2026-02-23T11:16:19.023Z,22.0
2026-02-23T11:21:20.368Z,22.38
2026-02-23T11:26:20.317Z,22.78
2026-02-23T11:31:19.135Z,22.81
2026-02-23T11:36:20.194Z,22.52
2026-02-23T11:41:20.459Z,22.44
2026-02-23T11:46:19.098Z,22.52
2026-02-23T11:51:18.991Z,22.75
2026-02-23T11:56:20.494Z,22.69
2026-02-23T12:01:20.652Z,22.9
2026-02-23T12:06:20.612Z,23.1
2026-02-23T12:11:18.997Z,23.13
2026-02-23T12:16:20.656Z,23.18
2026-02-23T12:21:19.176Z,23.33
2026-02-23T12:26:21.186Z,23.65
2026-02-23T12:31:20.98Z,24.02
2026-02-23T12:36:19.036Z,23.96
2026-02-23T12:41:21.072Z,24.11
2026-02-23T12:46:22.052Z,24.45
2026-02-23T12:51:20.997Z,24.54
2026-02-23T12:56:21.009Z,24.71
2026-02-23T13:01:21.211Z,25.03
2026-02-23T13:06:19.043Z,25.32
2026-02-23T13:11:19.184Z,25.23
2026-02-23T13:16:19.044Z,25.6
2026-02-23T13:21:21.68Z,25.8
2026-02-23T13:26:19.184Z,25.92
2026-02-23T13:31:18.976Z,26.04
2026-02-23T13:36:19.04Z,25.95
2026-02-23T13:41:19.024Z,26.01
2026-02-23T13:46:19.436Z,25.8
2026-02-23T13:51:19.113Z,25.83
2026-02-23T13:56:19.036Z,26.18
2026-02-23T14:01:19.135Z,26.09
2026-02-23T14:06:19.155Z,26.01
2026-02-23T14:11:19.116Z,26.04
2026-02-23T14:16:19.102Z,26.06
2026-02-23T14:21:19.124Z,26.2
2026-02-23T14:26:19.059Z,26.27
2026-02-23T14:31:19.155Z,26.29
2026-02-23T14:36:19.157Z,26.38
2026-02-23T14:41:19.042Z,26.2
2026-02-23T14:46:19.223Z,26.24
2026-02-23T14:51:19.089Z,26.2
2026-02-23T14:56:19.129Z,26.35
2026-02-23T15:01:19.271Z,26.29
2026-02-23T15:06:19.219Z,26.24
2026-02-23T15:11:19.161Z,26.24
2026-02-23T15:16:19.681Z,26.29
2026-02-23T15:21:19.778Z,26.2
2026-02-23T15:26:19.919Z,26.24
2026-02-23T15:31:20.111Z,26.29
2026-02-23T15:36:20.132Z,26.01
2026-02-23T15:41:20.342Z,25.78
2026-02-23T15:46:19.142Z,25.63
2026-02-23T15:51:20.8Z,25.57
2026-02-23T15:56:18.991Z,25.32
2026-02-23T16:01:20.762Z,25.14
2026-02-23T16:06:20.876Z,25.11
2026-02-23T16:11:20.922Z,24.8
2026-02-23T16:16:21.207Z,24.54
2026-02-23T16:21:21.263Z,24.34
2026-02-23T16:26:21.316Z,24.16
2026-02-23T16:31:21.524Z,24.02
2026-02-23T16:36:19.101Z,23.85
2026-02-23T16:41:19.239Z,23.73
2026-02-23T16:46:19.022Z,23.33
2026-02-23T16:51:19.077Z,23.07
2026-02-23T16:56:18.97Z,22.78
2026-02-23T17:01:19.146Z,22.64
2026-02-23T17:06:19.222Z,22.46
2026-02-23T17:11:19.225Z,22.18
2026-02-23T17:16:19.017Z,21.97
2026-02-23T17:21:19.189Z,21.74
2026-02-23T17:26:19.051Z,21.57
2026-02-23T17:31:19.24Z,21.37
2026-02-23T17:36:19.055Z,21.09
2026-02-23T17:41:19.123Z,20.88
2026-02-23T17:46:19.147Z,20.74
2026-02-23T17:51:18.983Z,20.48
2026-02-23T17:56:19.008Z,20.28
2026-02-23T18:01:19.056Z,20.05
2026-02-23T18:06:19.004Z,19.88
2026-02-23T18:11:19.289Z,19.67
2026-02-23T18:16:19.448Z,19.5
2026-02-23T18:21:19.047Z,19.27
2026-02-23T18:26:20.335Z,19.1
2026-02-23T18:31:19.763Z,18.93
2026-02-23T18:36:19.181Z,18.75
2026-02-23T18:41:19.028Z,18.61
2026-02-23T18:46:19.653Z,18.58
2026-02-23T18:51:20.703Z,18.46
2026-02-23T18:56:19.036Z,18.23
2026-02-23T19:01:18.999Z,18.12
2026-02-23T19:06:19.112Z,17.97
2026-02-23T19:11:18.986Z,17.83
2026-02-23T19:16:18.995Z,17.6
2026-02-23T19:21:19.058Z,17.49
2026-02-23T19:26:18.995Z,17.17
2026-02-23T19:31:22.438Z,16.97
2026-02-23T19:36:18.995Z,16.74
2026-02-23T19:41:19.195Z,16.48
2026-02-23T19:46:19.055Z,16.25
2026-02-23T19:51:19.057Z,15.9
2026-02-23T19:56:19.086Z,15.67
2026-02-23T20:01:19.378Z,15.44
2026-02-23T20:06:20.594Z,15.16
2026-02-23T20:11:19.926Z,14.98
2026-02-23T20:16:19.125Z,14.84
2026-02-23T20:21:20.31Z,14.75
2026-02-23T20:26:20.684Z,14.55
2026-02-23T20:31:19.068Z,14.49
2026-02-23T20:36:20.705Z,14.21
2026-02-23T20:41:20.867Z,14.09
2026-02-23T20:46:20.447Z,13.95
2026-02-23T20:51:21.492Z,13.83
2026-02-23T20:56:18.999Z,13.66
2026-02-23T21:01:20.596Z,13.54
2026-02-23T21:06:19.137Z,13.46
2026-02-23T21:11:19.151Z,13.31
2026-02-23T21:16:19.052Z,13.17
2026-02-23T21:21:19.148Z,13.08
2026-02-23T21:26:19.197Z,12.97
2026-02-23T21:31:19.257Z,12.88
2026-02-23T21:36:19.309Z,12.79
2026-02-23T21:41:19.661Z,12.68
2026-02-23T21:46:19.067Z,12.54
2026-02-23T21:51:19.024Z,12.54
2026-02-23T21:56:19.075Z,12.45
2026-02-23T22:01:20.077Z,12.33
2026-02-23T22:06:19.034Z,12.16
2026-02-23T22:11:20.334Z,12.19
2026-02-23T22:16:20.529Z,12.05
2026-02-23T22:21:20.511Z,12.02
2026-02-23T22:26:19.063Z,11.93
2026-02-23T22:31:18.965Z,11.87
2026-02-23T22:36:21.111Z,12.16
2026-02-23T22:41:19.101Z,12.79
2026-02-23T22:46:19.2Z,13.2
2026-02-23T22:51:18.989Z,13.37
2026-02-23T22:56:21.656Z,13.57
2026-02-23T23:01:21.609Z,13.51
2026-02-23T23:06:19.134Z,13.51
2026-02-23T23:11:18.968Z,13.51
2026-02-23T23:16:19.047Z,13.43
2026-02-23T23:21:19.161Z,13.37
2026-02-23T23:26:19.123Z,13.23
2026-02-23T23:31:19.021Z,13.28
2026-02-23T23:36:18.981Z,13.14
2026-02-23T23:41:18.995Z,13.08
2026-02-23T23:46:19.159Z,12.94
2026-02-23T23:51:19.102Z,12.88
2026-02-23T23:56:19.122Z,12.65
2026-02-24T00:01:19.088Z,12.59
2026-02-24T00:06:18.99Z,12.51
2026-02-24T00:11:19.462Z,12.51
2026-02-24T00:16:19.105Z,12.45
2026-02-24T00:21:19.024Z,12.48
2026-02-24T00:26:19.503Z,12.42
2026-02-24T00:31:19.207Z,12.39
2026-02-24T00:36:19.322Z,12.36
2026-02-24T00:41:19.288Z,12.28
2026-02-24T00:46:19.308Z,12.13
2026-02-24T00:51:19.274Z,11.93
2026-02-24T00:56:19.03Z,11.76
2026-02-24T01:01:18.987Z,11.56
2026-02-24T01:06:19.836Z,11.35
2026-02-24T01:11:19.154Z,11.24
2026-02-24T01:16:20.2Z,11.3
2026-02-24T01:21:19.222Z,11.24
2026-02-24T01:26:19.212Z,11.12
2026-02-24T01:31:20.459Z,11.1
2026-02-24T01:36:19.192Z,11.07
2026-02-24T01:41:20.562Z,10.96
2026-02-24T01:46:19.046Z,11.07
2026-02-24T01:51:20.845Z,11.07
2026-02-24T01:56:21.117Z,11.01
2026-02-24T02:01:21.317Z,10.98
2026-02-24T02:06:19.151Z,11.01
2026-02-24T02:11:21.775Z,11.07
2026-02-24T02:16:21.51Z,11.12
2026-02-24T02:21:19.235Z,11.19
2026-02-24T02:26:22.295Z,11.33
2026-02-24T02:31:19.246Z,11.35
2026-02-24T02:36:19.698Z,11.44
2026-02-24T02:41:18.98Z,11.47
2026-02-24T02:46:19.064Z,11.56
2026-02-24T02:51:19.267Z,11.61
2026-02-24T02:56:18.966Z,11.7
2026-02-24T03:01:20.954Z,11.76
2026-02-24T03:06:21.029Z,11.67
2026-02-24T03:11:21.145Z,11.76
2026-02-24T03:16:21.339Z,11.67
2026-02-24T03:21:18.987Z,11.53
2026-02-24T03:26:21.828Z,11.35
2026-02-24T03:31:19.208Z,11.24
2026-02-24T03:36:21.919Z,11.04
2026-02-24T03:41:18.991Z,11.04
2026-02-24T03:46:19.102Z,11.01
2026-02-24T03:51:19.2Z,10.92
2026-02-24T03:56:19.182Z,10.81
2026-02-24T04:01:19.276Z,10.81
2026-02-24T04:06:19.752Z,10.81
2026-02-24T04:11:19.761Z,10.78
2026-02-24T04:16:19.819Z,10.78
2026-02-24T04:21:19.552Z,10.86
2026-02-24T04:26:20.044Z,11.21
2026-02-24T04:31:19.169Z,11.38
2026-02-24T04:36:19.185Z,11.33
2026-02-24T04:41:19.073Z,11.24
2026-02-24T04:46:19.221Z,11.12
2026-02-24T04:51:19.017Z,10.92
2026-02-24T04:56:19.196Z,10.75
2026-02-24T05:01:18.987Z,10.55
2026-02-24T05:06:20.557Z,10.49
2026-02-24T05:11:19.105Z,10.52
2026-02-24T05:16:20.978Z,10.38
2026-02-24T05:21:21.075Z,10.17
2026-02-24T05:26:18.967Z,10.06
2026-02-24T05:31:19.07Z,10.0
2026-02-24T05:36:19.215Z,9.98
2026-02-24T05:41:21.564Z,9.77
2026-02-24T05:46:21.877Z,9.66
2026-02-24T05:51:21.773Z,9.49
2026-02-24T05:56:18.974Z,9.31
2026-02-24T06:01:19.152Z,9.17
2026-02-24T06:06:19.057Z,9.14
2026-02-24T06:11:19.054Z,9.08
2026-02-24T06:16:18.994Z,9.05
2026-02-24T06:21:18.992Z,9.03
2026-02-24T06:26:18.962Z,9.05
2026-02-24T06:31:19.09Z,9.03
2026-02-24T06:36:19.053Z,9.05
2026-02-24T06:41:19.082Z,9.14
2026-02-24T06:46:19.085Z,9.17
2026-02-24T06:51:19.458Z,9.42
2026-02-24T06:56:19.008Z,9.68
2026-02-24T07:01:18.984Z,9.75
2026-02-24T07:06:19.278Z,9.89
2026-02-24T07:11:19.228Z,10.09
2026-02-24T07:16:19.099Z,10.35
2026-02-24T07:21:19.067Z,10.58
2026-02-24T07:26:19.474Z,10.81
2026-02-24T07:31:19.807Z,11.15
2026-02-24T07:36:19.692Z,11.35
2026-02-24T07:41:19.851Z,11.59
2026-02-24T07:46:20.114Z,11.87
2026-02-24T07:51:19.198Z,12.19
2026-02-24T07:56:20.226Z,12.39
2026-02-24T08:01:20.461Z,12.56
2026-02-24T08:06:18.986Z,12.68
2026-02-24T08:11:18.977Z,13.0
2026-02-24T08:16:19.051Z,13.11
2026-02-24T08:21:18.955Z,13.23
2026-02-24T08:26:20.986Z,13.37
2026-02-24T08:31:21.281Z,13.49
2026-02-24T08:36:21.373Z,13.72
2026-02-24T08:41:21.438Z,13.92
2026-02-24T08:46:21.464Z,14.03
2026-02-24T08:51:21.574Z,14.29
2026-02-24T08:56:19.168Z,14.41
2026-02-24T09:01:19.011Z,14.81
2026-02-24T09:06:18.948Z,15.12
2026-02-24T09:11:19.037Z,15.27
2026-02-24T09:16:18.978Z,15.39
2026-02-24T09:21:19.139Z,15.56
2026-02-24T09:26:18.92Z,15.81
2026-02-24T09:31:19.15Z,15.96
2026-02-24T09:36:19.076Z,16.1
2026-02-24T09:41:19.189Z,16.25
2026-02-24T09:46:18.996Z,16.62
2026-02-24T09:51:19.171Z,16.88
2026-02-24T09:56:18.919Z,17.11
2026-02-24T10:01:19.012Z,17.17
2026-02-24T10:06:19.049Z,17.51
2026-02-24T10:11:19.079Z,17.69
2026-02-24T10:16:19.066Z,17.74
2026-02-24T10:21:19.039Z,18.0
2026-02-24T10:26:19.824Z,18.46
2026-02-24T10:31:19.56Z,18.84
2026-02-24T10:36:19.688Z,19.18
2026-02-24T10:41:19.78Z,19.5
2026-02-24T10:46:19.078Z,19.73
2026-02-24T10:51:18.913Z,19.99
2026-02-24T10:56:19.118Z,20.11
2026-02-24T11:01:20.13Z,20.22
2026-02-24T11:06:19.002Z,20.57
2026-02-24T11:11:20.379Z,21.0
2026-02-24T11:16:20.751Z,21.43
2026-02-24T11:21:19.008Z,21.55
2026-02-24T11:26:20.918Z,21.55
2026-02-24T11:31:19.213Z,21.49
2026-02-24T11:36:20.011Z,21.66
2026-02-24T11:41:18.986Z,21.89
2026-02-24T11:46:19.861Z,22.21
2026-02-24T11:51:19.544Z,22.46
2026-02-24T11:56:19.966Z,23.04
2026-02-24T12:01:18.99Z,22.98
2026-02-24T12:06:19.696Z,23.18
2026-02-24T12:11:19.184Z,23.39
2026-02-24T12:16:18.968Z,23.73
2026-02-24T12:21:18.947Z,23.85
2026-02-24T12:26:19.072Z,23.9
2026-02-24T12:31:19.049Z,23.5
2026-02-24T12:36:18.961Z,23.5
2026-02-24T12:41:19.015Z,23.88
2026-02-24T12:46:19.064Z,23.85
2026-02-24T12:51:19.202Z,24.13
2026-02-24T12:56:19.198Z,24.31
2026-02-24T13:01:19.193Z,24.48
2026-02-24T13:06:18.96Z,24.62
2026-02-24T13:11:19.319Z,25.09
2026-02-24T13:16:20.422Z,25.26
2026-02-24T13:21:20.739Z,25.17
2026-02-24T13:26:19.074Z,25.09
2026-02-24T13:31:18.942Z,24.94
2026-02-24T13:36:21.484Z,25.0
2026-02-24T13:41:18.996Z,25.23
2026-02-24T13:46:19.027Z,25.37
2026-02-24T13:51:21.783Z,25.78
2026-02-24T13:56:22.023Z,25.78
2026-02-24T14:01:21.824Z,25.6
2026-02-24T14:06:18.951Z,25.49
2026-02-24T14:11:18.993Z,25.63
2026-02-24T14:16:18.918Z,26.15
2026-02-24T14:21:19.139Z,26.18
2026-02-24T14:26:19.106Z,26.01
2026-02-24T14:31:18.984Z,26.09
2026-02-24T14:36:19.009Z,26.06
2026-02-24T14:41:19.064Z,26.32
2026-02-24T14:46:19.118Z,26.41
2026-02-24T14:51:18.944Z,26.67
2026-02-24T14:56:19.183Z,26.81
2026-02-24T15:01:18.945Z,26.95
2026-02-24T15:06:19.034Z,26.61
2026-02-24T15:11:19.269Z,26.46
2026-02-24T15:16:19.193Z,26.64
2026-02-24T15:21:19.619Z,26.67
2026-02-24T15:26:19.08Z,26.73
2026-02-24T15:31:19.008Z,26.5
2026-02-24T15:36:19.374Z,26.5
2026-02-24T15:41:19.636Z,26.44
2026-02-24T15:46:19.179Z,26.44
2026-02-24T15:51:19.108Z,26.41
2026-02-24T15:56:19.098Z,26.5
2026-02-24T16:01:20.321Z,26.5
2026-02-24T16:06:19.03Z,26.46
2026-02-24T16:11:20.902Z,26.29
2026-02-24T16:16:20.699Z,26.18
2026-02-24T16:21:20.607Z,26.01
2026-02-24T16:26:21.189Z,26.04
2026-02-24T16:31:18.914Z,25.92
2026-02-24T16:36:21.192Z,25.78
2026-02-24T16:41:19.642Z,25.49
2026-02-24T16:46:19.028Z,25.37
2026-02-24T16:51:21.3Z,25.0
2026-02-24T16:56:18.938Z,25.0
2026-02-24T17:01:19.143Z,25.0
2026-02-24T17:06:22.032Z,24.83
2026-02-24T17:11:21.79Z,24.68
2026-02-24T17:16:21.967Z,24.31
2026-02-24T17:21:19.1Z,24.11
2026-02-24T17:26:18.924Z,23.7
2026-02-24T17:31:18.952Z,23.39
2026-02-24T17:36:19.057Z,23.01
2026-02-24T17:41:19.047Z,22.49
2026-02-24T17:46:19.153Z,22.04
2026-02-24T17:51:19.197Z,21.46
2026-02-24T17:56:19.037Z,21.09
2026-02-24T18:01:19.139Z,20.88
2026-02-24T18:06:20.154Z,20.79
2026-02-24T18:11:19.814Z,20.48
2026-02-24T18:16:19.9Z,20.45
2026-02-24T18:21:19.073Z,20.19
2026-02-24T18:26:21.104Z,20.02
2026-02-24T18:31:18.94Z,19.7
2026-02-24T18:36:20.543Z,19.39
2026-02-24T18:41:19.058Z,19.04
2026-02-24T18:46:19.17Z,18.87
2026-02-24T18:51:20.651Z,18.41
2026-02-24T18:56:19.129Z,18.21
2026-02-24T19:01:21.012Z,17.89
2026-02-24T19:06:18.926Z,17.69
2026-02-24T19:11:18.909Z,17.49
2026-02-24T19:16:18.91Z,17.2
2026-02-24T19:21:18.921Z,16.97
2026-02-24T19:26:19.043Z,16.71
2026-02-24T19:31:18.966Z,16.53
2026-02-24T19:36:19.015Z,16.3
2026-02-24T19:41:18.971Z,16.19
2026-02-24T19:46:19.41Z,15.9
2026-02-24T19:51:19.045Z,15.76
2026-02-24T19:56:19.18Z,15.7
2026-02-24T20:01:18.958Z,15.65
2026-02-24T20:06:18.927Z,15.56
2026-02-24T20:11:19.059Z,15.47
2026-02-24T20:16:18.907Z,15.3
2026-02-24T20:21:19.081Z,15.19
2026-02-24T20:26:18.929Z,15.16
2026-02-24T20:31:19.174Z,15.12
2026-02-24T20:36:18.955Z,15.04
2026-02-24T20:41:18.967Z,14.98
2026-02-24T20:46:18.928Z,14.95
2026-02-24T20:51:18.95Z,14.95
2026-02-24T20:56:19.036Z,14.81
2026-02-24T21:01:19.33Z,14.84
2026-02-24T21:06:19.018Z,14.81
2026-02-24T21:11:19.807Z,14.72
2026-02-24T21:16:19.197Z,14.7
2026-02-24T21:21:19.692Z,14.52
2026-02-24T21:26:19.184Z,14.35
2026-02-24T21:31:19.874Z,14.23
2026-02-24T21:36:19.991Z,14.06
2026-02-24T21:41:18.992Z,13.89
2026-02-24T21:46:20.631Z,13.74
2026-02-24T21:51:19.046Z,13.66
2026-02-24T21:56:20.558Z,13.54
2026-02-24T22:01:21.016Z,13.34
2026-02-24T22:06:18.957Z,13.28
2026-02-24T22:11:19.152Z,13.14
2026-02-24T22:16:21.152Z,13.08
2026-02-24T22:21:21.382Z,13.05
2026-02-24T22:26:21.442Z,13.0
2026-02-24T22:31:21.675Z,12.85
2026-02-24T22:36:19.018Z,12.68
2026-02-24T22:41:21.847Z,12.59
2026-02-24T22:46:21.868Z,12.39
2026-02-24T22:51:18.959Z,12.28
2026-02-24T22:56:19.181Z,12.13
2026-02-24T23:01:18.972Z,12.02
2026-02-24T23:06:19.048Z,12.05
2026-02-24T23:11:19.07Z,11.99
2026-02-24T23:16:18.923Z,11.93
2026-02-24T23:21:18.956Z,11.82
2026-02-24T23:26:19.148Z,11.79
2026-02-24T23:31:18.959Z,11.7
2026-02-24T23:36:19.172Z,11.53
2026-02-24T23:41:19.17Z,11.53
2026-02-24T23:46:18.97Z,11.38
2026-02-24T23:51:19.041Z,11.35
2026-02-24T23:56:19.129Z,11.53
2026-02-25T00:01:18.992Z,11.93
2026-02-25T00:06:19.174Z,12.25
2026-02-25T00:11:19.149Z,12.33
2026-02-25T00:16:19.052Z,12.36
2026-02-25T00:21:18.908Z,12.36
2026-02-25T00:26:19.162Z,12.28
2026-02-25T00:31:19.536Z,12.16
2026-02-25T00:36:18.953Z,11.96
2026-02-25T00:41:19.02Z,11.84
2026-02-25T00:46:18.904Z,11.73
2026-02-25T00:51:19.029Z,11.61
2026-02-25T00:56:18.962Z,11.56
2026-02-25T01:01:20.704Z,11.44
2026-02-25T01:06:21.272Z,11.35
2026-02-25T01:11:21.382Z,11.27
2026-02-25T01:16:19.801Z,11.33
2026-02-25T01:21:21.614Z,11.3
2026-02-25T01:26:18.902Z,11.3
2026-02-25T01:31:19.12Z,11.24
2026-02-25T01:36:20.548Z,11.15
2026-02-25T01:41:19.053Z,11.07
2026-02-25T01:46:19.018Z,11.07
2026-02-25T01:51:19.059Z,11.12
2026-02-25T01:56:20.709Z,11.1
2026-02-25T02:01:21.092Z,11.21
2026-02-25T02:06:18.934Z,11.3
2026-02-25T02:11:21.196Z,11.27
2026-02-25T02:16:19.033Z,11.35
2026-02-25T02:21:21.605Z,11.35
2026-02-25T02:26:19.201Z,11.33
2026-02-25T02:31:21.866Z,11.3
2026-02-25T02:36:21.771Z,11.3
2026-02-25T02:41:19.004Z,11.27
2026-02-25T02:46:18.995Z,11.15
2026-02-25T02:51:18.892Z,11.01
2026-02-25T02:56:18.95Z,10.7
2026-02-25T03:01:19.044Z,10.58
2026-02-25T03:06:18.981Z,10.47
2026-02-25T03:11:18.952Z,10.4
2026-02-25T03:16:19.115Z,10.4
2026-02-25T03:21:18.906Z,10.43
2026-02-25T03:26:18.999Z,10.47
2026-02-25T03:31:18.98Z,10.49
2026-02-25T03:36:18.871Z,10.43
2026-02-25T03:41:19.067Z,10.35
2026-02-25T03:46:19.116Z,10.38
2026-02-25T03:51:19.158Z,10.35
2026-02-25T03:56:19.176Z,10.35
2026-02-25T04:01:18.886Z,10.17
2026-02-25T04:06:19.003Z,10.12
2026-02-25T04:11:19.475Z,10.12
2026-02-25T04:16:19.595Z,10.15
2026-02-25T04:21:19.812Z,10.17
2026-02-25T04:26:20.458Z,10.17
2026-02-25T04:31:19.991Z,10.26
2026-02-25T04:36:19.962Z,10.43
2026-02-25T04:41:20.285Z,10.55
2026-02-25T04:46:18.896Z,10.58
2026-02-25T04:51:20.335Z,10.58
2026-02-25T04:56:21.544Z,10.49
2026-02-25T05:01:18.881Z,10.52
2026-02-25T05:06:18.864Z,10.35
2026-02-25T05:11:18.883Z,10.17
2026-02-25T05:16:19.028Z,10.09
2026-02-25T05:21:21.356Z,10.12
2026-02-25T05:26:18.946Z,10.15
2026-02-25T05:31:21.474Z,10.15
2026-02-25T05:36:18.992Z,10.26
2026-02-25T05:41:19.038Z,10.24
2026-02-25T05:46:21.851Z,10.24
2026-02-25T05:51:21.954Z,10.26
2026-02-25T05:56:19.147Z,10.17
2026-02-25T06:01:18.957Z,10.24
2026-02-25T06:06:19.169Z,10.17
2026-02-25T06:11:18.939Z,10.12
2026-02-25T06:16:18.97Z,10.15
2026-02-25T06:21:18.952Z,10.12
2026-02-25T06:26:18.982Z,10.32
2026-02-25T06:31:18.944Z,10.32
2026-02-25T06:36:18.967Z,10.29
2026-02-25T06:41:18.859Z,10.29
2026-02-25T06:46:19.045Z,10.26
2026-02-25T06:51:19.145Z,10.24
2026-02-25T06:56:19.12Z,10.21
2026-02-25T07:01:18.903Z,10.09
2026-02-25T07:06:20.497Z,10.32
2026-02-25T07:11:18.982Z,10.43
2026-02-25T07:16:19.194Z,10.4
2026-02-25T07:21:20.708Z,10.38
2026-02-25T07:26:19.12Z,10.55
2026-02-25T07:31:21Z,10.86
2026-02-25T07:36:18.941Z,11.15
2026-02-25T07:41:21.302Z,11.3
2026-02-25T07:46:21.886Z,11.47
2026-02-25T07:51:18.992Z,11.79
2026-02-25T07:56:21.784Z,11.99
2026-02-25T08:01:18.956Z,12.25
2026-02-25T08:06:19.125Z,12.56
2026-02-25T08:11:18.913Z,12.79
2026-02-25T08:16:19.51Z,12.91
2026-02-25T08:21:18.949Z,12.97
2026-02-25T08:26:19.5Z,13.26
2026-02-25T08:31:19.882Z,13.43
2026-02-25T08:36:19.981Z,13.69
2026-02-25T08:41:20.303Z,13.92
2026-02-25T08:46:20.25Z,14.15
2026-02-25T08:51:18.904Z,14.37
2026-02-25T08:56:18.99Z,14.52
2026-02-25T09:01:18.91Z,14.55
2026-02-25T09:06:19.136Z,14.7
2026-02-25T09:15:31.688Z,15.04
2026-02-25T09:17:34.625Z,15.3
2026-02-25T09:21:18.924Z,15.65
2026-02-25T09:26:19.046Z,15.88
2026-02-25T09:31:19.121Z,16.1
2026-02-25T09:36:19.143Z,16.3
2026-02-25T09:41:19.282Z,16.56
2026-02-25T09:46:21.225Z,16.88
2026-02-25T09:51:18.862Z,17.17
2026-02-25T09:56:19.039Z,17.4
2026-02-25T10:01:19.133Z,17.77
2026-02-25T10:06:19.133Z,18.23
2026-02-25T10:11:19.01Z,18.46
2026-02-25T10:16:20.581Z,18.69
2026-02-25T10:21:18.981Z,19.07
2026-02-25T10:26:18.856Z,19.3
2026-02-25T10:31:22.698Z,19.47
2026-02-25T10:36:18.897Z,19.76
2026-02-25T10:41:18.911Z,19.88
2026-02-25T10:46:19.142Z,20.05
2026-02-25T10:51:19.631Z,19.99
2026-02-25T10:56:18.903Z,20.37
2026-02-25T11:01:20.883Z,21.0
2026-02-25T11:06:21.443Z,21.11
2026-02-25T11:11:19.005Z,21.2
2026-02-25T11:16:18.992Z,21.25
2026-02-25T11:21:18.891Z,21.66
2026-02-25T11:26:18.926Z,21.92
2026-02-25T11:31:18.915Z,22.12
2026-02-25T11:36:18.897Z,21.97
2026-02-25T11:41:21.376Z,22.21
2026-02-25T11:46:19.125Z,22.41
2026-02-25T11:51:18.858Z,22.32
2026-02-25T11:56:19.306Z,22.61
2026-02-25T12:01:18.89Z,22.69
2026-02-25T12:06:19.171Z,22.75
2026-02-25T12:11:19.038Z,22.87
2026-02-25T12:16:20.142Z,23.04
2026-02-25T12:21:19.029Z,23.24
2026-02-25T12:26:21.751Z,23.33
2026-02-25T12:31:18.899Z,23.62
2026-02-25T12:36:18.95Z,23.62
2026-02-25T12:41:18.964Z,23.65
2026-02-25T12:46:18.939Z,23.7
2026-02-25T12:51:19.886Z,23.73
2026-02-25T12:56:20.277Z,23.9
2026-02-25T13:01:20.954Z,24.19
2026-02-25T13:06:21.335Z,24.19
2026-02-25T13:11:22.001Z,24.05
2026-02-25T13:16:18.96Z,24.25
2026-02-25T13:21:18.876Z,24.25
2026-02-25T13:26:19.351Z,24.39
2026-02-25T13:31:19.018Z,24.51
2026-02-25T13:36:23.091Z,24.6
2026-02-25T13:41:19.087Z,24.65
2026-02-25T13:46:21.834Z,24.54
2026-02-25T13:51:36.189Z,24.77
2026-02-25T13:56:18.961Z,24.94
2026-02-25T14:01:19.759Z,24.94
2026-02-25T14:06:19.99Z,25.03
2026-02-25T14:11:18.935Z,25.09
2026-02-25T14:16:22.121Z,25.09
2026-02-25T14:21:19.083Z,25.09
2026-02-25T14:26:18.883Z,25.0
2026-02-25T14:31:19.012Z,25.23
2026-02-25T14:36:20.285Z,25.2
2026-02-25T14:41:18.887Z,25.2
2026-02-25T14:46:19.175Z,25.26
2026-02-25T14:51:18.934Z,25.2
2026-02-25T14:56:19.122Z,25.09
2026-02-25T15:01:20.312Z,25.14
2026-02-25T15:06:18.884Z,25.2
2026-02-25T15:11:18.89Z,25.4
2026-02-25T15:16:59.671Z,25.29
2026-02-25T15:21:18.909Z,24.97
2026-02-25T15:26:19.02Z,24.94
2026-02-25T15:31:19.528Z,24.83
2026-02-25T15:36:19.005Z,24.6
2026-02-25T15:41:19.667Z,24.6
2026-02-25T15:46:19.117Z,24.37
2026-02-25T15:51:19.092Z,24.31
2026-02-25T15:56:19.002Z,24.22
2026-02-25T16:01:19.597Z,24.22
2026-02-25T16:06:18.912Z,24.08
2026-02-25T16:11:18.93Z,23.96
2026-02-25T16:16:22.206Z,23.67
2026-02-25T16:21:19.282Z,23.3
2026-02-25T16:26:18.948Z,23.04
2026-02-25T16:31:19.239Z,22.81
2026-02-25T16:36:19.128Z,22.72
2026-02-25T16:41:20.885Z,22.52
2026-02-25T16:46:21.947Z,22.41
2026-02-25T16:51:19.102Z,22.35
2026-02-25T16:56:19.685Z,22.12
2026-02-25T17:01:19.004Z,21.81
2026-02-25T17:06:19.099Z,21.51
2026-02-25T17:11:18.937Z,21.28
2026-02-25T17:16:20.172Z,20.97
2026-02-25T17:21:19.106Z,20.6
2026-02-25T17:26:19.484Z,20.08
2026-02-25T17:31:19.012Z,19.67
2026-02-25T17:36:19.479Z,19.3
2026-02-25T17:41:19.119Z,18.93
2026-02-25T17:46:21.66Z,18.67
2026-02-25T17:51:22.003Z,18.41
2026-02-25T17:56:19.072Z,18.26
2026-02-25T18:01:19.187Z,18.15
2026-02-25T18:06:19.566Z,17.95
2026-02-25T18:11:20.183Z,17.72
2026-02-25T18:16:21.863Z,17.6
2026-02-25T18:21:21.217Z,17.54
2026-02-25T18:26:21.953Z,17.31
2026-02-25T18:31:20.19Z,17.17
2026-02-25T18:36:19.024Z,17.02
2026-02-25T18:41:19.837Z,16.97
2026-02-25T18:46:20.529Z,16.85
2026-02-25T18:51:21.512Z,16.68
2026-02-25T18:56:18.887Z,16.53
2026-02-25T19:01:18.929Z,16.39
2026-02-25T19:06:18.99Z,16.25
2026-02-25T19:11:19.831Z,16.14
2026-02-25T19:16:19.136Z,15.93
2026-02-25T19:21:20.913Z,15.84
2026-02-25T19:26:18.89Z,15.7
2026-02-25T19:31:18.961Z,15.56
2026-02-25T19:36:18.936Z,15.47
2026-02-25T19:41:18.951Z,15.35
2026-02-25T19:46:20.07Z,15.3
2026-02-25T19:51:20.862Z,15.24
2026-02-25T19:56:21.521Z,15.19
2026-02-25T20:01:18.917Z,15.09
2026-02-25T20:06:18.86Z,15.01
2026-02-25T20:11:19.879Z,15.01
2026-02-25T20:16:20.422Z,15.04
2026-02-25T20:21:20.91Z,15.04
2026-02-25T20:26:21.733Z,15.01
2026-02-25T20:31:19.097Z,15.01
2026-02-25T20:36:19.116Z,15.01
2026-02-25T20:41:19.977Z,14.93
2026-02-25T20:46:19.078Z,14.95
2026-02-25T20:51:18.958Z,14.86
2026-02-25T20:56:21.651Z,14.81
2026-02-25T21:01:18.857Z,14.86
2026-02-25T21:06:18.889Z,14.7
2026-02-25T21:11:19.503Z,14.64
2026-02-25T21:16:18.893Z,14.61
2026-02-25T21:21:20.995Z,14.55
2026-02-25T21:26:21.86Z,14.44
2026-02-25T21:31:18.93Z,14.29
2026-02-25T21:36:18.874Z,14.21
2026-02-25T21:41:19.51Z,14.06
2026-02-25T21:46:20.241Z,13.8
2026-02-25T21:51:18.966Z,13.95
2026-02-25T21:56:21.99Z,13.89
2026-02-25T22:01:19.093Z,13.83
2026-02-25T22:06:19.034Z,13.72
2026-02-25T22:11:19.664Z,13.72
2026-02-25T22:16:18.895Z,13.72
2026-02-25T22:21:21.136Z,13.77
2026-02-25T22:26:21.939Z,13.77
2026-02-25T22:31:19.141Z,13.72
2026-02-25T22:36:19.094Z,13.51
2026-02-25T22:41:18.916Z,13.37
2026-02-25T22:46:18.93Z,13.34
2026-02-25T22:51:21.304Z,13.28
2026-02-25T22:56:19.023Z,13.14
2026-02-25T23:01:18.905Z,13.08
2026-02-25T23:06:19.114Z,13.03
2026-02-25T23:11:19.008Z,13.03
2026-02-25T23:16:21.038Z,12.97
2026-02-25T23:21:19.48Z,12.91
2026-02-25T23:26:19.099Z,12.79
2026-02-25T23:31:18.949Z,12.88
2026-02-25T23:36:18.938Z,12.94
2026-02-25T23:41:20.644Z,12.97
2026-02-25T23:46:21.46Z,12.91
2026-02-25T23:51:18.948Z,12.82
2026-02-25T23:56:19.1Z,12.85
2026-02-26T00:01:20.897Z,12.94
2026-02-26T00:06:21.619Z,12.82
2026-02-26T00:11:18.923Z,12.59
2026-02-26T00:16:20.497Z,12.1
2026-02-26T00:21:18.863Z,11.82
2026-02-26T00:26:19.846Z,11.73
2026-02-26T00:31:18.954Z,11.56
2026-02-26T00:36:19.114Z,11.33
2026-02-26T00:41:19.934Z,11.24
2026-02-26T00:46:20.15Z,11.3
2026-02-26T00:51:18.852Z,11.33
2026-02-26T00:56:21.911Z,11.24
2026-02-26T01:01:19.748Z,11.21
2026-02-26T01:06:20.229Z,11.21
2026-02-26T01:11:21.276Z,11.19
2026-02-26T01:16:22.014Z,11.19
2026-02-26T01:21:19.116Z,11.19
2026-02-26T01:26:19.1Z,11.12
2026-02-26T01:31:19.393Z,10.92
2026-02-26T01:36:19.004Z,10.78
2026-02-26T01:41:21.065Z,10.7
2026-02-26T01:46:19.042Z,10.75
2026-02-26T01:51:18.947Z,10.61
2026-02-26T01:56:19.194Z,10.52
2026-02-26T02:01:19.129Z,10.49
2026-02-26T02:06:18.896Z,10.4
2026-02-26T02:11:18.901Z,10.43
2026-02-26T02:16:19.339Z,10.55
2026-02-26T02:21:19.327Z,10.55
2026-02-26T02:26:19.268Z,10.52
2026-02-26T02:31:20.345Z,10.32
2026-02-26T02:36:19.105Z,10.24
2026-02-26T02:41:18.89Z,10.29
2026-02-26T02:46:18.873Z,10.21
2026-02-26T02:51:19.045Z,10.0
2026-02-26T02:56:18.946Z,9.94
2026-02-26T03:01:20.597Z,9.86
2026-02-26T03:06:18.926Z,9.66
2026-02-26T03:11:18.962Z,9.66
2026-02-26T03:16:18.922Z,9.68
2026-02-26T03:21:18.983Z,9.8
2026-02-26T03:26:19.07Z,9.89
2026-02-26T03:31:18.956Z,9.83
2026-02-26T03:36:18.935Z,9.89
2026-02-26T03:41:18.864Z,9.8
2026-02-26T03:46:18.907Z,9.72
2026-02-26T03:51:18.936Z,9.54
2026-02-26T03:56:19.938Z,9.54
2026-02-26T04:01:20.747Z,9.49
2026-02-26T04:06:21.778Z,9.72
2026-02-26T04:11:19.119Z,10.0
2026-02-26T04:16:19.097Z,10.26
2026-02-26T04:21:19.572Z,10.26
2026-02-26T04:26:20.255Z,9.91
2026-02-26T04:31:18.893Z,9.6
2026-02-26T04:36:21.861Z,9.42
2026-02-26T04:41:18.902Z,9.37
2026-02-26T04:46:19.075Z,9.31
2026-02-26T04:51:20.155Z,9.19
2026-02-26T04:56:20.373Z,9.23
2026-02-26T05:01:19.104Z,9.37
2026-02-26T05:06:19.008Z,9.42
2026-02-26T05:11:18.89Z,9.42
2026-02-26T05:16:19.195Z,9.68
2026-02-26T05:21:19.067Z,9.66
2026-02-26T05:26:18.836Z,9.77
2026-02-26T05:31:21.616Z,9.8
2026-02-26T05:36:18.877Z,9.86
2026-02-26T05:41:18.926Z,9.86
2026-02-26T05:46:19.398Z,9.98
2026-02-26T05:51:20.151Z,9.91
2026-02-26T05:56:20.735Z,9.98
2026-02-26T06:01:21.436Z,10.06
2026-02-26T06:06:18.897Z,10.09
2026-02-26T06:11:18.892Z,10.15
2026-02-26T06:16:19.388Z,10.24
2026-02-26T06:21:20.089Z,10.17
2026-02-26T06:26:21.212Z,10.09
2026-02-26T06:31:18.923Z,9.89
2026-02-26T06:36:19.831Z,9.75
2026-02-26T06:41:18.909Z,9.72
2026-02-26T06:46:19.808Z,9.68
2026-02-26T06:51:21.087Z,9.57
2026-02-26T06:56:21.485Z,9.63
2026-02-26T07:01:19.115Z,9.63
2026-02-26T07:06:19.056Z,9.63
2026-02-26T07:11:19.223Z,9.63
2026-02-26T07:16:20.104Z,9.63
2026-02-26T07:21:21.023Z,9.72
2026-02-26T07:26:21.979Z,9.8
2026-02-26T07:31:18.91Z,9.94
2026-02-26T07:36:19.04Z,10.17
2026-02-26T07:41:20.989Z,10.38
2026-02-26T07:46:18.968Z,10.61
2026-02-26T07:51:19.053Z,10.84
2026-02-26T07:56:18.849Z,11.19
2026-02-26T08:01:18.931Z,11.41
2026-02-26T08:06:19.378Z,11.64
2026-02-26T08:11:20.296Z,11.84
2026-02-26T08:16:19.538Z,12.16
2026-02-26T08:21:21.577Z,12.31
2026-02-26T08:26:18.975Z,12.59
2026-02-26T08:31:18.935Z,12.97
2026-02-26T08:36:18.971Z,13.2
2026-02-26T08:41:19.402Z,13.31
2026-02-26T08:46:19.149Z,13.57
2026-02-26T08:51:20.912Z,13.77
2026-02-26T08:56:19.056Z,13.92
2026-02-26T09:01:21.182Z,14.23
2026-02-26T09:06:19.281Z,14.37
2026-02-26T09:11:19.162Z,14.64
2026-02-26T09:16:19.953Z,14.64
2026-02-26T09:21:20.368Z,14.93
2026-02-26T09:26:21.288Z,15.04
2026-02-26T09:31:21.058Z,15.27
2026-02-26T09:36:18.964Z,15.58
2026-02-26T09:41:19.09Z,15.76
2026-02-26T09:46:19.11Z,16.22
2026-02-26T09:51:20.583Z,16.16
2026-02-26T09:56:21.418Z,16.59
2026-02-26T10:01:20.233Z,16.68
2026-02-26T10:06:18.988Z,16.71
2026-02-26T10:11:18.955Z,16.79
2026-02-26T10:16:21.163Z,17.08
2026-02-26T10:21:21.959Z,17.54
2026-02-26T10:26:18.93Z,17.74
2026-02-26T10:31:21.544Z,18.03
2026-02-26T10:36:18.806Z,18.35
2026-02-26T10:41:19.047Z,18.58
2026-02-26T10:46:19.835Z,18.93
2026-02-26T10:51:18.859Z,19.1
2026-02-26T10:56:18.882Z,19.36
2026-02-26T11:01:18.82Z,19.59
2026-02-26T11:06:19.491Z,19.76
2026-02-26T11:11:19.06Z,19.99
2026-02-26T11:16:18.813Z,20.39
2026-02-26T11:21:19.073Z,20.51
2026-02-26T11:26:19.032Z,20.62
2026-02-26T11:31:21.401Z,20.74
2026-02-26T11:36:18.806Z,20.97
2026-02-26T11:41:19.681Z,21.06
2026-02-26T11:46:19.233Z,21.2
2026-02-26T11:51:18.976Z,21.37
2026-02-26T11:56:20.744Z,21.55
2026-02-26T12:01:21.188Z,21.66
2026-02-26T12:06:19.062Z,21.77
2026-02-26T12:11:18.932Z,21.69
2026-02-26T12:16:18.886Z,21.97
2026-02-26T12:21:19.514Z,22.26
2026-02-26T12:26:20.519Z,22.32
2026-02-26T12:31:21.234Z,22.21
2026-02-26T12:36:21.993Z,22.32
2026-02-26T12:41:18.903Z,22.44
2026-02-26T12:46:19.141Z,22.26
2026-02-26T12:51:19.638Z,22.46
2026-02-26T12:56:18.857Z,22.41
2026-02-26T13:01:18.908Z,22.32
2026-02-26T13:06:22.025Z,22.29
2026-02-26T13:11:18.807Z,22.15
2026-02-26T13:16:19.205Z,22.35
2026-02-26T13:21:18.904Z,22.44
2026-02-26T13:26:19.188Z,22.72
2026-02-26T13:31:20.791Z,22.9
2026-02-26T13:36:21.8Z,23.1
2026-02-26T13:41:18.803Z,23.21
2026-02-26T13:46:19.065Z,23.36
2026-02-26T13:51:18.987Z,23.39
2026-02-26T13:56:18.844Z,23.16
2026-02-26T14:01:18.829Z,23.1
2026-02-26T14:06:18.882Z,23.01
2026-02-26T14:11:21.962Z,23.18
2026-02-26T14:16:19.173Z,22.95
2026-02-26T14:21:19.077Z,23.07
2026-02-26T14:26:19.841Z,23.16
2026-02-26T14:31:20.162Z,22.98
2026-02-26T14:36:20.782Z,22.87
2026-02-26T14:41:18.923Z,22.84
2026-02-26T14:46:18.845Z,22.87
2026-02-26T14:51:18.865Z,22.87
2026-02-26T14:56:20.085Z,22.67
2026-02-26T15:01:19.953Z,22.64
2026-02-26T15:06:18.901Z,22.58
2026-02-26T15:11:18.814Z,22.58
2026-02-26T15:16:19.432Z,22.52
2026-02-26T15:21:19.166Z,22.61
2026-02-26T15:26:20.172Z,22.52
2026-02-26T15:31:19.937Z,21.95
2026-02-26T15:36:21.14Z,21.66
2026-02-26T15:41:18.815Z,21.49
2026-02-26T15:46:18.849Z,21.34
2026-02-26T15:51:18.982Z,21.34
2026-02-26T15:56:19.232Z,21.32
2026-02-26T16:01:20.152Z,21.25
2026-02-26T16:06:18.871Z,21.17
2026-02-26T16:11:18.813Z,21.23
2026-02-26T16:16:18.841Z,21.17
2026-02-26T16:21:19.044Z,21.14
2026-02-26T16:26:19.034Z,20.76
2026-02-26T16:31:21.274Z,20.76
2026-02-26T16:36:19.038Z,20.74
2026-02-26T16:41:21.304Z,20.76
2026-02-26T16:46:18.854Z,20.83
2026-02-26T16:51:18.997Z,20.65
2026-02-26T16:56:20.214Z,20.39
2026-02-26T17:01:19.036Z,20.22
2026-02-26T17:06:19.43Z,19.99
2026-02-26T17:11:19.693Z,19.7
2026-02-26T17:16:21.346Z,19.62
2026-02-26T17:21:18.907Z,19.56
2026-02-26T17:26:18.881Z,19.27
2026-02-26T17:31:18.926Z,19.07
2026-02-26T17:36:20.041Z,18.87
2026-02-26T17:41:19.048Z,18.61
2026-02-26T17:46:19.056Z,18.44
2026-02-26T17:51:18.959Z,18.12
2026-02-26T17:56:20.459Z,17.95
2026-02-26T18:01:21.29Z,17.83
2026-02-26T18:06:22.18Z,17.6
2026-02-26T18:11:18.925Z,17.49
2026-02-26T18:16:20.355Z,17.23
2026-02-26T18:21:19.191Z,17.08
2026-02-26T18:26:18.82Z,16.91
2026-02-26T18:31:19.154Z,16.82
2026-02-26T18:36:20.321Z,16.68
2026-02-26T18:41:20.788Z,16.56
2026-02-26T18:46:18.807Z,16.45
2026-02-26T18:51:18.815Z,16.33
2026-02-26T18:56:18.845Z,16.19
2026-02-26T19:01:19.721Z,16.07
2026-02-26T19:06:18.826Z,16.05
2026-02-26T19:11:18.895Z,15.93
2026-02-26T19:16:18.941Z,15.84
2026-02-26T19:21:18.943Z,15.73
2026-02-26T19:26:19.549Z,15.61
2026-02-26T19:31:18.914Z,15.56
2026-02-26T19:36:18.838Z,15.33
2026-02-26T19:41:18.951Z,15.01
2026-02-26T19:46:18.99Z,14.98
2026-02-26T19:51:19.096Z,14.84
2026-02-26T19:56:19.082Z,14.7
2026-02-26T20:01:18.95Z,14.64
2026-02-26T20:06:18.838Z,14.49
2026-02-26T20:11:18.868Z,14.35
2026-02-26T20:16:21.841Z,14.26
2026-02-26T20:21:18.838Z,14.29
2026-02-26T20:26:18.838Z,14.26
2026-02-26T20:31:19.246Z,14.21
2026-02-26T20:36:19.985Z,14.12
2026-02-26T20:41:20.937Z,13.98
2026-02-26T20:46:18.997Z,13.92
2026-02-26T20:51:18.81Z,13.77
2026-02-26T20:56:18.85Z,13.63
2026-02-26T21:01:18.866Z,13.43
2026-02-26T21:06:18.863Z,13.34
2026-02-26T21:11:18.8Z,13.17
2026-02-26T21:16:21.352Z,12.97
2026-02-26T21:21:18.95Z,12.77
2026-02-26T21:26:18.886Z,12.59
2026-02-26T21:31:18.98Z,12.54
2026-02-26T21:36:18.989Z,12.59
2026-02-26T21:41:19.004Z,12.97
2026-02-26T21:46:21.071Z,12.94
2026-02-26T21:51:22.031Z,12.97
2026-02-26T21:56:19.087Z,12.85
2026-02-26T22:01:19.091Z,12.82
2026-02-26T22:06:18.968Z,12.79
2026-02-26T22:11:18.811Z,12.79
2026-02-26T22:16:21.35Z,12.68
2026-02-26T22:21:21.649Z,12.56
2026-02-26T22:26:18.916Z,12.71
2026-02-26T22:31:19.081Z,12.77
2026-02-26T22:36:19.01Z,12.82
2026-02-26T22:41:19.769Z,12.74
2026-02-26T22:46:20.699Z,12.71
2026-02-26T22:51:18.812Z,12.45
2026-02-26T22:56:18.955Z,12.31
2026-02-26T23:01:20.004Z,12.05
2026-02-26T23:06:20.907Z,11.99
2026-02-26T23:11:21.61Z,11.87
2026-02-26T23:16:19.091Z,11.73
2026-02-26T23:21:18.937Z,11.87
2026-02-26T23:26:18.986Z,11.96
2026-02-26T23:31:18.963Z,11.93
2026-02-26T23:36:20.654Z,11.93
2026-02-26T23:41:21.607Z,11.7
2026-02-26T23:46:18.921Z,11.73
2026-02-26T23:51:18.916Z,11.7
2026-02-26T23:56:18.996Z,11.76
2026-02-27T00:01:18.796Z,11.79
2026-02-27T00:06:18.899Z,11.7
2026-02-27T00:11:18.902Z,11.56
2026-02-27T00:16:19.888Z,11.44
2026-02-27T00:21:20.911Z,11.27
2026-02-27T00:26:21.519Z,11.07
2026-02-27T00:31:19.12Z,10.89
2026-02-27T00:36:18.831Z,10.72
2026-02-27T00:41:19.172Z,10.55
2026-02-27T00:46:18.811Z,10.38
2026-02-27T00:51:18.981Z,10.29
2026-02-27T00:56:18.838Z,10.09
2026-02-27T01:01:18.789Z,9.98
2026-02-27T01:06:20.389Z,9.89
2026-02-27T01:11:18.83Z,9.91
2026-02-27T01:16:18.853Z,9.89
2026-02-27T01:21:18.915Z,9.91
2026-02-27T01:26:18.915Z,9.89
2026-02-27T01:31:18.831Z,9.91
2026-02-27T01:36:19.777Z,10.09
2026-02-27T01:41:18.971Z,10.12
2026-02-27T01:46:21.424Z,10.12
2026-02-27T01:51:18.827Z,10.03
2026-02-27T01:56:18.889Z,9.94
2026-02-27T02:01:19.575Z,10.15
2026-02-27T02:06:19.857Z,10.35
2026-02-27T02:11:20.595Z,10.38
2026-02-27T02:16:21.444Z,10.49
2026-02-27T02:21:18.852Z,10.52
2026-02-27T02:26:18.931Z,10.52
2026-02-27T02:31:18.946Z,10.35
2026-02-27T02:36:19.923Z,10.15
2026-02-27T02:41:18.924Z,10.0
2026-02-27T02:46:18.778Z,9.86
2026-02-27T02:51:18.832Z,9.75
2026-02-27T02:56:18.841Z,9.6
2026-02-27T03:01:18.934Z,9.45
2026-02-27T03:06:18.909Z,9.77
2026-02-27T03:11:18.983Z,10.0
2026-02-27T03:16:19.043Z,10.29
2026-02-27T03:21:21.568Z,10.35
2026-02-27T03:26:18.822Z,10.35
2026-02-27T03:31:18.919Z,10.17
2026-02-27T03:36:19.088Z,9.98
2026-02-27T03:41:18.812Z,9.77
2026-02-27T03:46:20.821Z,9.45
2026-02-27T03:51:21.649Z,9.23
2026-02-27T03:56:18.866Z,9.08
2026-02-27T04:01:18.894Z,8.94
2026-02-27T04:06:19.163Z,8.91
2026-02-27T04:11:19.732Z,8.88
2026-02-27T04:16:20.779Z,8.68
2026-02-27T04:21:21.304Z,8.62
2026-02-27T04:26:18.781Z,8.59
2026-02-27T04:31:18.922Z,8.42
2026-02-27T04:36:19.041Z,8.39
2026-02-27T04:41:19.733Z,8.65
2026-02-27T04:46:20.539Z,8.88
2026-02-27T04:51:21.254Z,8.97
2026-02-27T04:56:21.921Z,8.88
2026-02-27T05:01:18.849Z,8.77
2026-02-27T05:06:18.802Z,8.48
2026-02-27T05:11:19.305Z,8.39
2026-02-27T05:16:20.012Z,8.22
2026-02-27T05:21:20.794Z,8.1
2026-02-27T05:26:18.911Z,7.93
2026-02-27T05:31:18.927Z,7.82
2026-02-27T05:36:18.903Z,7.73
2026-02-27T05:41:19.015Z,7.64
2026-02-27T05:46:18.989Z,7.73
2026-02-27T05:51:18.873Z,7.87
2026-02-27T05:56:19.046Z,8.05
2026-02-27T06:01:18.872Z,8.08
2026-02-27T06:06:18.954Z,7.99
2026-02-27T06:11:18.829Z,8.02
2026-02-27T06:16:18.895Z,7.96
2026-02-27T06:21:20.261Z,8.1
2026-02-27T06:26:21.271Z,8.19
2026-02-27T06:31:18.848Z,8.13
2026-02-27T06:36:18.894Z,7.93
2026-02-27T06:41:18.867Z,7.76
2026-02-27T06:46:19.63Z,7.87
2026-02-27T06:51:18.847Z,8.05
2026-02-27T06:56:18.762Z,8.42
2026-02-27T07:01:18.912Z,9.03
2026-02-27T07:06:18.981Z,9.26
2026-02-27T07:11:18.877Z,9.4
2026-02-27T07:16:19.59Z,9.4
2026-02-27T07:21:20.269Z,9.6
2026-02-27T07:26:20.774Z,9.77
2026-02-27T07:31:18.939Z,10.0
2026-02-27T07:36:19.99Z,10.24
2026-02-27T07:41:20.159Z,10.55
2026-02-27T07:46:21.144Z,10.78
2026-02-27T07:51:18.793Z,10.92
2026-02-27T07:56:18.89Z,11.1
2026-02-27T08:01:18.836Z,11.35
2026-02-27T08:06:18.985Z,11.73
2026-02-27T08:11:20.879Z,11.76
2026-02-27T08:16:20.041Z,11.84
2026-02-27T08:21:18.959Z,11.87
2026-02-27T08:26:21.552Z,11.9
2026-02-27T08:31:18.944Z,11.99
2026-02-27T08:36:18.967Z,12.07
2026-02-27T08:41:18.974Z,12.05
2026-02-27T08:46:18.796Z,12.02
2026-02-27T08:51:19.985Z,12.22
2026-02-27T08:56:18.918Z,12.22
2026-02-27T09:01:18.834Z,12.28
2026-02-27T09:06:19.824Z,12.62
2026-02-27T09:11:18.805Z,12.74
2026-02-27T09:16:21.851Z,13.05
2026-02-27T09:21:18.798Z,13.17
2026-02-27T09:26:18.867Z,13.63
2026-02-27T09:31:19.708Z,14.0
2026-02-27T09:36:21.585Z,14.03
2026-02-27T09:41:18.879Z,14.61
2026-02-27T09:46:18.816Z,15.12
2026-02-27T09:51:20.381Z,15.3
2026-02-27T09:56:20.512Z,15.53
2026-02-27T10:01:18.833Z,15.76
2026-02-27T10:06:18.764Z,15.76
2026-02-27T10:11:18.866Z,15.93
2026-02-27T10:16:19.23Z,15.84
2026-02-27T10:21:18.904Z,16.1
2026-02-27T10:26:18.958Z,16.25
2026-02-27T10:31:18.975Z,16.22
2026-02-27T10:36:18.806Z,16.45
2026-02-27T10:41:18.84Z,16.77
2026-02-27T10:46:18.881Z,16.94
2026-02-27T10:51:18.937Z,17.11
2026-02-27T10:56:18.759Z,17.31
2026-02-27T11:01:18.791Z,17.63
2026-02-27T11:06:18.904Z,17.54
2026-02-27T11:11:18.824Z,17.86
2026-02-27T11:16:18.923Z,18.23
2026-02-27T11:21:18.774Z,18.72
2026-02-27T11:26:19.043Z,18.58
2026-02-27T11:31:18.923Z,18.67
2026-02-27T11:36:18.868Z,18.78
2026-02-27T11:41:18.87Z,18.98
2026-02-27T11:46:18.911Z,18.84
2026-02-27T11:51:18.958Z,19.04
2026-02-27T11:56:18.829Z,19.18
2026-02-27T12:01:18.841Z,19.18
2026-02-27T12:06:18.924Z,19.44
2026-02-27T12:11:18.89Z,19.7
2026-02-27T12:16:18.948Z,20.31
2026-02-27T12:21:18.756Z,20.19
2026-02-27T12:26:18.774Z,20.08
2026-02-27T12:31:18.849Z,19.85
2026-02-27T12:36:18.744Z,19.93
2026-02-27T12:41:18.899Z,20.37
2026-02-27T12:46:18.76Z,20.37
2026-02-27T12:51:19.629Z,20.37
2026-02-27T12:56:18.841Z,20.28
2026-02-27T13:01:18.923Z,20.16
2026-02-27T13:06:18.796Z,20.39
2026-02-27T13:11:18.909Z,20.65
2026-02-27T13:16:18.8Z,20.65
2026-02-27T13:21:18.779Z,20.57
2026-02-27T13:26:19.289Z,20.65
2026-02-27T13:31:18.831Z,20.71
2026-02-27T13:36:18.754Z,20.68
2026-02-27T13:41:18.923Z,20.76
2026-02-27T13:46:18.825Z,20.76
2026-02-27T13:51:18.795Z,20.88
2026-02-27T13:56:18.775Z,20.97
2026-02-27T14:01:19.341Z,20.94
2026-02-27T14:06:18.865Z,20.88
2026-02-27T14:11:18.814Z,20.76
2026-02-27T14:16:18.843Z,20.65
2026-02-27T14:21:18.795Z,20.79
2026-02-27T14:26:18.827Z,21.17
2026-02-27T14:31:18.969Z,21.32
2026-02-27T14:36:18.945Z,21.23
2026-02-27T14:41:18.793Z,21.14
2026-02-27T14:46:19.029Z,21.2
2026-02-27T14:51:18.896Z,20.86
2026-02-27T14:56:18.819Z,20.83
2026-02-27T15:01:18.856Z,20.62
2026-02-27T15:06:18.888Z,20.37
2026-02-27T15:11:18.806Z,20.14
2026-02-27T15:16:19.014Z,19.93
2026-02-27T15:21:18.77Z,19.88
2026-02-27T15:26:18.869Z,19.53
2026-02-27T15:31:18.794Z,19.59
2026-02-27T15:36:18.838Z,19.42
2026-02-27T15:41:18.804Z,19.42
2026-02-27T15:46:19.398Z,19.21
2026-02-27T15:51:19.492Z,18.98
2026-02-27T15:56:18.952Z,18.72
2026-02-27T16:01:18.874Z,18.41
2026-02-27T16:06:19.061Z,18.23
2026-02-27T16:11:19.027Z,18.06
2026-02-27T16:16:18.82Z,17.77
2026-02-27T16:21:18.792Z,17.63
2026-02-27T16:26:19.118Z,17.46
2026-02-27T16:31:19.109Z,17.43
2026-02-27T16:36:18.747Z,17.17
2026-02-27T16:41:18.825Z,17.08
2026-02-27T16:46:18.83Z,17.02
2026-02-27T16:51:18.932Z,17.0
2026-02-27T16:56:18.771Z,16.77
2026-02-27T17:01:19.038Z,16.68
2026-02-27T17:06:19.042Z,16.42
2026-02-27T17:11:19.331Z,16.37
2026-02-27T17:16:18.859Z,16.25
2026-02-27T17:21:18.748Z,16.1
2026-02-27T17:26:18.923Z,15.96
2026-02-27T17:31:18.893Z,15.81
2026-02-27T17:36:18.801Z,15.81
2026-02-27T17:41:19.284Z,15.65
2026-02-27T17:46:18.935Z,15.56
2026-02-27T17:51:19.608Z,15.5
2026-02-27T17:56:18.778Z,15.35
2026-02-27T18:01:19.036Z,15.3
2026-02-27T18:06:19.109Z,15.16
2026-02-27T18:11:19.165Z,15.12
2026-02-27T18:16:18.766Z,15.01
2026-02-27T18:21:18.813Z,14.93
2026-02-27T18:26:18.898Z,14.93
2026-02-27T18:31:18.835Z,14.84
2026-02-27T18:36:18.927Z,14.72
2026-02-27T18:41:18.829Z,14.67
2026-02-27T18:46:19.02Z,14.75
2026-02-27T18:51:18.772Z,14.64
2026-02-27T18:56:18.758Z,14.58
2026-02-27T19:01:18.989Z,14.52
2026-02-27T19:06:18.775Z,14.47
2026-02-27T19:11:18.842Z,14.37
2026-02-27T19:16:18.899Z,14.26
2026-02-27T19:21:18.867Z,14.23
2026-02-27T19:26:19.035Z,14.21
2026-02-27T19:31:18.817Z,14.15
2026-02-27T19:36:19.038Z,14.09
2026-02-27T19:41:18.848Z,14.12
2026-02-27T19:46:18.867Z,14.03
2026-02-27T19:51:18.845Z,14.09
2026-02-27T19:56:18.876Z,14.12
2026-02-27T20:01:18.845Z,14.12
2026-02-27T20:06:20.122Z,14.0
2026-02-27T20:11:18.804Z,14.06
2026-02-27T20:16:18.813Z,14.06
2026-02-27T20:21:18.835Z,14.0
2026-02-27T20:26:19.011Z,13.95
2026-02-27T20:31:19.017Z,14.0
2026-02-27T20:36:18.863Z,14.06
2026-02-27T20:41:18.839Z,14.15
2026-02-27T20:46:19.207Z,14.21
2026-02-27T20:51:18.858Z,14.21
2026-02-27T20:56:18.934Z,14.21
2026-02-27T21:01:19.115Z,14.29
2026-02-27T21:06:19.142Z,14.29
2026-02-27T21:11:18.979Z,14.26
2026-02-27T21:16:18.802Z,14.26
2026-02-27T21:21:18.784Z,14.32
2026-02-27T21:26:18.823Z,14.23
2026-02-27T21:31:18.831Z,14.23
2026-02-27T21:36:18.965Z,14.21
2026-02-27T21:41:18.834Z,14.23
2026-02-27T21:46:18.818Z,14.23
2026-02-27T21:51:18.896Z,14.23
2026-02-27T21:56:18.755Z,14.26
2026-02-27T22:01:18.777Z,14.26
2026-02-27T22:06:18.877Z,14.32
2026-02-27T22:11:19.015Z,14.35
2026-02-27T22:16:18.979Z,14.32
2026-02-27T22:21:18.998Z,14.35
2026-02-27T22:26:18.844Z,14.32
2026-02-27T22:31:18.999Z,14.32
2026-02-27T22:36:18.824Z,14.32
2026-02-27T22:41:18.788Z,14.29
2026-02-27T22:46:18.857Z,14.32
2026-02-27T22:51:18.786Z,14.32
2026-02-27T22:56:18.772Z,14.23
2026-02-27T23:01:18.858Z,14.35
2026-02-27T23:06:18.979Z,14.32
2026-02-27T23:11:19.1Z,14.32
2026-02-27T23:16:19.249Z,14.41
2026-02-27T23:21:19.167Z,14.41
2026-02-27T23:26:18.875Z,14.44
2026-02-27T23:31:19.157Z,14.47
2026-02-27T23:36:19.248Z,14.44
2026-02-27T23:41:19.882Z,14.44
2026-02-27T23:46:18.779Z,14.49
2026-02-27T23:51:18.779Z,14.52
2026-02-27T23:56:19.376Z,14.47
2026-02-28T00:01:19.003Z,14.41
2026-02-28T00:06:19.477Z,14.37
2026-02-28T00:11:19.573Z,14.37
2026-02-28T00:16:19.461Z,14.47
2026-02-28T00:21:19.58Z,14.47
2026-02-28T00:26:19.674Z,14.32
2026-02-28T00:31:18.792Z,14.37
2026-02-28T00:36:19.477Z,14.41
2026-02-28T00:41:18.972Z,14.37
2026-02-28T00:46:18.807Z,14.37
2026-02-28T00:51:20.025Z,14.32
2026-02-28T00:56:19.934Z,14.35
2026-02-28T01:01:18.753Z,14.35
2026-02-28T01:06:18.792Z,14.32
2026-02-28T01:11:19.367Z,14.44
2026-02-28T01:16:18.81Z,14.37
2026-02-28T01:21:18.959Z,14.35
2026-02-28T01:26:18.868Z,14.29
2026-02-28T01:31:18.841Z,14.35
2026-02-28T01:36:18.746Z,14.37
2026-02-28T01:41:18.729Z,14.37
2026-02-28T01:46:18.787Z,14.44
2026-02-28T01:51:18.761Z,14.52
2026-02-28T01:56:18.983Z,14.52
2026-02-28T02:01:18.873Z,14.44
2026-02-28T02:06:18.838Z,14.52
2026-02-28T02:11:18.932Z,14.44
2026-02-28T02:16:18.803Z,14.32
2026-02-28T02:21:18.812Z,14.41
2026-02-28T02:26:18.812Z,14.37
2026-02-28T02:31:18.781Z,14.35
2026-02-28T02:36:18.896Z,14.32
2026-02-28T02:41:18.718Z,14.35
2026-02-28T02:46:18.75Z,14.29
2026-02-28T02:51:18.741Z,14.32
2026-02-28T02:56:18.832Z,14.29
2026-02-28T03:01:18.811Z,14.23
2026-02-28T03:06:19.725Z,14.23
2026-02-28T03:11:19.016Z,14.18
2026-02-28T03:16:18.752Z,14.21
2026-02-28T03:21:18.904Z,14.21
2026-02-28T03:26:18.808Z,14.26
2026-02-28T03:31:18.911Z,14.26
2026-02-28T03:36:18.824Z,14.21
2026-02-28T03:41:18.79Z,14.21
2026-02-28T03:46:18.807Z,14.18
2026-02-28T03:51:18.859Z,14.21
2026-02-28T03:56:18.824Z,14.18
2026-02-28T04:01:18.759Z,14.15
2026-02-28T04:06:18.929Z,14.15
2026-02-28T04:11:20.497Z,14.18
2026-02-28T04:16:18.801Z,14.12
2026-02-28T04:21:18.891Z,14.09
2026-02-28T04:26:18.808Z,14.15
2026-02-28T04:31:18.72Z,14.18
2026-02-28T04:36:18.851Z,14.18
2026-02-28T04:41:18.855Z,14.18
2026-02-28T04:46:18.959Z,14.18
2026-02-28T04:51:18.804Z,14.15
2026-02-28T04:56:18.761Z,14.18
2026-02-28T05:01:18.958Z,14.18
2026-02-28T05:06:18.924Z,14.18
2026-02-28T05:11:19.341Z,14.15
2026-02-28T05:16:18.819Z,14.12
2026-02-28T05:21:18.924Z,14.15
2026-02-28T05:26:18.894Z,14.15
2026-02-28T05:31:18.786Z,14.12
2026-02-28T05:36:18.896Z,14.09
2026-02-28T05:41:18.89Z,14.12
2026-02-28T05:46:19.055Z,14.06
2026-02-28T05:51:18.853Z,13.98
2026-02-28T05:56:18.963Z,14.09
2026-02-28T06:01:18.917Z,14.03
2026-02-28T06:06:18.983Z,13.98
2026-02-28T06:11:18.77Z,13.98
2026-02-28T06:16:18.755Z,14.0
2026-02-28T06:21:18.769Z,13.77
2026-02-28T06:26:18.822Z,13.72
2026-02-28T06:31:18.918Z,13.63
2026-02-28T06:36:18.794Z,13.57
2026-02-28T06:41:18.914Z,13.57
2026-02-28T06:46:19.235Z,13.54
2026-02-28T06:51:18.885Z,13.49
2026-02-28T06:56:19.551Z,13.51
2026-02-28T07:01:18.851Z,13.63
2026-02-28T07:06:18.801Z,13.6
2026-02-28T07:11:18.904Z,13.51
2026-02-28T07:16:18.76Z,13.6
2026-02-28T07:21:18.749Z,13.6
2026-02-28T07:26:19.191Z,13.57
2026-02-28T07:31:18.827Z,13.6
2026-02-28T07:36:18.765Z,13.6
2026-02-28T07:41:18.795Z,13.66
2026-02-28T07:46:19.015Z,13.74
2026-02-28T07:51:19.282Z,13.8
2026-02-28T07:56:18.819Z,13.77
2026-02-28T08:01:18.974Z,13.86
2026-02-28T08:06:18.976Z,13.95
2026-02-28T08:11:18.827Z,13.95
2026-02-28T08:16:18.913Z,14.03
2026-02-28T08:21:18.977Z,14.21
2026-02-28T08:26:19.37Z,14.23
2026-02-28T08:31:19.152Z,14.23
2026-02-28T08:36:20.09Z,14.35
2026-02-28T08:41:19.081Z,14.41
2026-02-28T08:46:20.493Z,14.55
2026-02-28T08:51:19.464Z,14.58
2026-02-28T08:56:19.131Z,14.64
2026-02-28T09:01:19.174Z,14.75
2026-02-28T09:06:19.26Z,14.86
2026-02-28T09:11:19.372Z,14.86
2026-02-28T09:16:19.31Z,14.75
2026-02-28T09:21:19.287Z,14.9
2026-02-28T09:26:19.404Z,14.86
2026-02-28T09:31:19.701Z,15.09
2026-02-28T09:36:19.564Z,15.12
2026-02-28T09:41:18.905Z,15.12
2026-02-28T09:46:18.95Z,15.24
2026-02-28T09:51:19.716Z,15.44
2026-02-28T09:56:18.884Z,15.65
2026-02-28T10:01:19.796Z,15.67
2026-02-28T10:06:19.825Z,15.58
2026-02-28T10:11:19.992Z,15.61
2026-02-28T10:16:19.877Z,15.7
2026-02-28T10:21:19.931Z,15.9
2026-02-28T10:26:20.154Z,16.02
2026-02-28T10:31:20.309Z,16.48
2026-02-28T10:36:18.799Z,16.53
2026-02-28T10:41:18.981Z,16.65
2026-02-28T10:46:18.766Z,16.65
2026-02-28T10:51:18.834Z,16.74
2026-02-28T10:56:20.364Z,16.68
2026-02-28T11:01:20.303Z,16.59
2026-02-28T11:06:20.418Z,16.51
2026-02-28T11:11:18.756Z,16.59
2026-02-28T11:16:20.731Z,16.77
2026-02-28T11:21:18.874Z,16.65
2026-02-28T11:26:20.598Z,16.65
2026-02-28T11:31:18.785Z,16.77
2026-02-28T11:36:20.694Z,16.82
2026-02-28T11:41:18.89Z,16.82
2026-02-28T11:46:18.806Z,16.88
2026-02-28T11:51:18.889Z,16.97
2026-02-28T11:56:19.441Z,17.02
2026-02-28T12:01:18.855Z,17.23
2026-02-28T12:06:18.728Z,17.37
2026-02-28T12:11:18.735Z,17.26
2026-02-28T12:16:18.982Z,17.6
2026-02-28T12:21:18.809Z,18.09
2026-02-28T12:26:18.794Z,18.38
2026-02-28T12:31:18.972Z,18.41
2026-02-28T12:36:18.883Z,18.23
2026-02-28T12:41:18.832Z,17.97
2026-02-28T12:46:18.915Z,17.95
2026-02-28T12:51:18.897Z,18.03
2026-02-28T12:56:18.777Z,17.97
2026-02-28T13:01:18.885Z,18.09
2026-02-28T13:06:18.86Z,18.32
2026-02-28T13:11:18.701Z,18.23
2026-02-28T13:16:18.905Z,18.12
2026-02-28T13:21:18.819Z,18.23
2026-02-28T13:26:19.281Z,18.32
2026-02-28T13:31:18.87Z,18.29
2026-02-28T13:36:18.714Z,18.35
2026-02-28T13:41:18.821Z,18.46
2026-02-28T13:46:18.68Z,18.35
2026-02-28T13:51:19.087Z,18.49
2026-02-28T13:56:18.772Z,18.78
2026-02-28T14:01:18.831Z,19.24
2026-02-28T14:06:18.873Z,19.56
2026-02-28T14:11:18.731Z,19.73
2026-02-28T14:16:19.523Z,19.53
2026-02-28T14:21:18.778Z,19.67
2026-02-28T14:26:18.905Z,19.99
2026-02-28T14:31:18.699Z,20.16
2026-02-28T14:36:18.863Z,19.99
2026-02-28T14:41:18.937Z,19.62
2026-02-28T14:46:18.712Z,19.59
2026-02-28T14:51:18.95Z,19.65
2026-02-28T14:56:18.721Z,19.53
2026-02-28T15:01:18.814Z,19.7
2026-02-28T15:06:18.761Z,19.67
2026-02-28T15:11:18.81Z,19.47
2026-02-28T15:16:18.863Z,19.24
2026-02-28T15:21:18.786Z,19.16
2026-02-28T15:26:19.039Z,19.1
2026-02-28T15:31:18.752Z,19.04
2026-02-28T15:36:18.804Z,18.95
2026-02-28T15:41:18.822Z,18.87
2026-02-28T15:46:18.765Z,18.9
2026-02-28T15:51:18.827Z,19.13
2026-02-28T15:56:18.954Z,19.13
2026-02-28T16:01:18.913Z,18.95
2026-02-28T16:06:18.854Z,18.9
2026-02-28T16:11:18.833Z,18.69
2026-02-28T16:16:18.887Z,18.29
2026-02-28T16:21:18.796Z,17.92
2026-02-28T16:26:18.919Z,17.8
2026-02-28T16:31:18.715Z,17.66
2026-02-28T16:36:19.009Z,17.37
2026-02-28T16:41:18.965Z,17.37
2026-02-28T16:46:19.918Z,17.26
2026-02-28T16:51:18.874Z,17.05
2026-02-28T16:56:18.764Z,17.14
2026-02-28T17:01:18.815Z,16.94
2026-02-28T17:06:18.814Z,16.94
2026-02-28T17:11:18.778Z,16.85
2026-02-28T17:16:18.777Z,16.82
2026-02-28T17:21:19.006Z,16.68
2026-02-28T17:26:19.223Z,16.74
2026-02-28T17:31:19.003Z,16.74
2026-02-28T17:36:18.965Z,16.62
2026-02-28T17:41:18.833Z,16.71
2026-02-28T17:46:19.231Z,16.59
2026-02-28T17:51:19.373Z,16.53
2026-02-28T17:56:19.443Z,16.28
2026-02-28T18:01:19.444Z,16.16
2026-02-28T18:06:18.796Z,15.99
2026-02-28T18:11:19.291Z,15.79
2026-02-28T18:16:19.45Z,15.79
2026-02-28T18:21:18.851Z,15.7
2026-02-28T18:26:19.38Z,15.61
2026-02-28T18:31:19.671Z,15.58
2026-02-28T18:36:19.853Z,15.53
2026-02-28T18:41:19.811Z,15.47
2026-02-28T18:46:19.715Z,15.47
2026-02-28T18:51:18.704Z,15.53
2026-02-28T18:56:19.706Z,15.47
2026-02-28T19:01:18.701Z,15.56
2026-02-28T19:06:18.672Z,15.56
2026-02-28T19:11:19.862Z,15.61
2026-02-28T19:16:19.813Z,15.65
2026-02-28T19:21:20.187Z,15.65
2026-02-28T19:26:18.883Z,15.67
2026-02-28T19:31:19.911Z,15.65
2026-02-28T19:36:19.932Z,15.79
2026-02-28T19:41:20.054Z,15.79
2026-02-28T19:46:20.051Z,15.84
2026-02-28T19:51:20.032Z,15.96
2026-02-28T19:56:18.739Z,15.93
2026-02-28T20:01:20.164Z,15.9
2026-02-28T20:06:18.766Z,15.84
2026-02-28T20:11:20.352Z,15.84
2026-02-28T20:16:20.458Z,15.88
2026-02-28T20:21:20.429Z,15.76
2026-02-28T20:26:20.44Z,15.73
2026-02-28T20:31:21.647Z,15.67
2026-02-28T20:36:18.839Z,15.61
2026-02-28T20:41:20.696Z,15.65
2026-02-28T20:46:20.462Z,15.65
2026-02-28T20:51:20.559Z,15.73
2026-02-28T20:56:20.63Z,15.67
2026-02-28T21:01:18.755Z,15.7
2026-02-28T21:06:18.807Z,15.67
2026-02-28T21:11:20.795Z,15.73
2026-02-28T21:16:20.769Z,15.67
2026-02-28T21:21:18.8Z,15.67
2026-02-28T21:26:18.751Z,15.65
2026-02-28T21:31:18.71Z,15.7
2026-02-28T21:36:18.821Z,15.73
2026-02-28T21:41:20.952Z,15.65
2026-02-28T21:46:18.699Z,15.65
2026-02-28T21:51:18.762Z,15.65
2026-02-28T21:56:18.771Z,15.65
2026-02-28T22:01:18.687Z,15.67
2026-02-28T22:06:18.876Z,15.61
2026-02-28T22:11:18.756Z,15.58
2026-02-28T22:16:18.798Z,15.56
2026-02-28T22:21:18.879Z,15.58
2026-02-28T22:26:18.716Z,15.5
2026-02-28T22:31:18.745Z,15.56
2026-02-28T22:36:18.714Z,15.58
2026-02-28T22:41:18.799Z,15.56
2026-02-28T22:46:19.348Z,15.53
2026-02-28T22:51:18.951Z,15.5
2026-02-28T22:56:18.927Z,15.5
2026-02-28T23:01:18.681Z,15.5
2026-02-28T23:06:18.783Z,15.44
2026-02-28T23:11:18.695Z,15.47
2026-02-28T23:16:18.738Z,15.53
2026-02-28T23:21:18.904Z,15.47
2026-02-28T23:26:18.888Z,15.44
2026-02-28T23:31:18.921Z,15.44
2026-02-28T23:36:18.789Z,15.39
2026-02-28T23:41:18.733Z,15.33
2026-02-28T23:46:18.958Z,15.35
2026-02-28T23:51:18.832Z,15.3
2026-02-28T23:56:18.785Z,15.33
2026-03-01T00:01:18.866Z,15.3
2026-03-01T00:06:18.9Z,15.27
2026-03-01T00:11:19.663Z,15.27
2026-03-01T00:16:18.806Z,15.27
2026-03-01T00:21:18.763Z,15.24
2026-03-01T00:26:18.905Z,15.35
2026-03-01T00:31:18.685Z,15.3
2026-03-01T00:36:18.69Z,15.3
2026-03-01T00:41:18.837Z,15.39
2026-03-01T00:46:18.893Z,15.3
2026-03-01T00:51:18.696Z,15.27
2026-03-01T00:56:18.654Z,15.24
2026-03-01T01:01:18.833Z,15.27
2026-03-01T01:06:18.724Z,15.27
2026-03-01T01:11:18.741Z,15.19
2026-03-01T01:16:18.665Z,15.16
2026-03-01T01:21:18.74Z,15.16
2026-03-01T01:26:18.693Z,15.16
2026-03-01T01:31:18.774Z,15.19
2026-03-01T01:36:18.779Z,15.16
2026-03-01T01:41:18.684Z,15.12
2026-03-01T01:46:18.681Z,15.09
2026-03-01T01:51:18.734Z,15.12
2026-03-01T01:56:18.892Z,15.07
2026-03-01T02:01:18.819Z,14.95
2026-03-01T02:06:18.709Z,14.95
2026-03-01T02:11:18.864Z,14.95
2026-03-01T02:16:18.685Z,14.95
2026-03-01T02:21:18.825Z,14.86
2026-03-01T02:26:18.653Z,14.78
2026-03-01T02:31:18.736Z,14.75
2026-03-01T02:36:18.896Z,14.72
2026-03-01T02:41:18.703Z,14.7
2026-03-01T02:46:18.891Z,14.64
2026-03-01T02:51:18.897Z,14.7
2026-03-01T02:56:18.655Z,14.64
2026-03-01T03:01:18.903Z,14.44
2026-03-01T03:06:19.236Z,14.29
2026-03-01T03:11:18.689Z,14.18
2026-03-01T03:16:19.28Z,13.89
2026-03-01T03:21:18.826Z,13.8
2026-03-01T03:26:18.826Z,13.54
2026-03-01T03:31:18.795Z,13.43
2026-03-01T03:36:19.293Z,13.26
2026-03-01T03:41:18.864Z,13.2
2026-03-01T03:46:19.109Z,13.11
2026-03-01T03:51:19.138Z,12.94
2026-03-01T03:56:18.815Z,12.79
2026-03-01T04:01:19.034Z,12.51
2026-03-01T04:06:18.724Z,12.36
2026-03-01T04:11:18.787Z,12.19
2026-03-01T04:16:19.436Z,12.07
2026-03-01T04:21:19.199Z,11.9
2026-03-01T04:26:19.433Z,11.82
2026-03-01T04:31:19.472Z,11.67
2026-03-01T04:36:19.646Z,11.56
2026-03-01T04:41:18.941Z,11.47
2026-03-01T04:46:19.38Z,11.44
2026-03-01T04:51:18.688Z,11.35
2026-03-01T04:56:19.595Z,11.3
2026-03-01T05:01:19.576Z,11.21
2026-03-01T05:06:18.704Z,11.12
2026-03-01T05:11:18.899Z,11.1
2026-03-01T05:16:18.798Z,11.01
2026-03-01T05:21:18.871Z,11.1
2026-03-01T05:26:19.688Z,11.12
2026-03-01T05:31:19.792Z,11.12
2026-03-01T05:36:18.75Z,11.1
2026-03-01T05:41:18.674Z,11.04
2026-03-01T05:46:18.679Z,10.96
2026-03-01T05:51:19.925Z,10.89
2026-03-01T05:56:20.327Z,10.78
2026-03-01T06:01:18.717Z,10.66
2026-03-01T06:06:20.641Z,10.58
2026-03-01T06:11:18.734Z,10.55
2026-03-01T06:16:20.176Z,10.38
2026-03-01T06:21:20.432Z,10.4
2026-03-01T06:26:20.161Z,10.43
2026-03-01T06:31:20.318Z,10.38
2026-03-01T06:36:20.299Z,10.32
2026-03-01T06:41:18.703Z,10.38
2026-03-01T06:46:18.823Z,10.38
2026-03-01T06:51:21.06Z,10.47
2026-03-01T06:56:20.459Z,10.86
2026-03-01T07:01:18.822Z,11.19
2026-03-01T07:06:20.618Z,11.33
2026-03-01T07:11:20.702Z,11.41
2026-03-01T07:16:18.891Z,11.53
2026-03-01T07:21:20.707Z,11.56
2026-03-01T07:26:18.744Z,11.61
2026-03-01T07:31:18.704Z,11.79
2026-03-01T07:36:20.828Z,11.87
2026-03-01T07:41:19.033Z,12.05
2026-03-01T07:46:21.16Z,12.19
2026-03-01T07:51:19.064Z,12.33
2026-03-01T07:56:19.393Z,12.65
2026-03-01T08:01:18.705Z,12.85
2026-03-01T08:06:18.737Z,13.11
2026-03-01T08:11:18.821Z,13.34
2026-03-01T08:16:18.757Z,13.63
2026-03-01T08:21:18.685Z,13.86
2026-03-01T08:26:18.74Z,13.95
2026-03-01T08:31:18.781Z,14.06
2026-03-01T08:36:18.709Z,14.12
2026-03-01T08:41:18.698Z,14.12
2026-03-01T08:46:18.727Z,14.15
2026-03-01T08:51:18.72Z,14.23
2026-03-01T08:56:18.878Z,14.32
2026-03-01T09:01:18.827Z,14.44
2026-03-01T09:06:19.728Z,14.55
2026-03-01T09:11:18.65Z,14.64
2026-03-01T09:16:18.719Z,14.75
2026-03-01T09:21:19.132Z,14.93
2026-03-01T09:26:18.837Z,15.04
2026-03-01T09:31:18.777Z,15.04
2026-03-01T09:36:18.681Z,15.12
2026-03-01T09:41:18.79Z,15.21
2026-03-01T09:46:18.996Z,15.27
2026-03-01T09:51:18.815Z,15.39
2026-03-01T09:56:18.975Z,15.47
2026-03-01T10:01:18.782Z,15.56
2026-03-01T10:06:18.781Z,15.67
2026-03-01T10:11:18.839Z,15.7
2026-03-01T10:16:19.83Z,15.84
2026-03-01T10:21:18.719Z,16.1
2026-03-01T10:26:18.708Z,16.33
2026-03-01T10:31:18.838Z,16.51
2026-03-01T10:36:18.824Z,16.56
2026-03-01T10:41:18.822Z,16.45
2026-03-01T10:46:18.872Z,16.59
2026-03-01T10:51:18.695Z,16.88
2026-03-01T10:56:18.705Z,17.08
2026-03-01T11:01:19.551Z,17.14
2026-03-01T11:06:18.863Z,17.26
2026-03-01T11:11:18.862Z,17.37
2026-03-01T11:16:18.651Z,17.37
2026-03-01T11:21:18.816Z,17.31
2026-03-01T11:26:18.687Z,17.28
2026-03-01T11:31:18.771Z,17.14
2026-03-01T11:36:18.826Z,17.14
2026-03-01T11:41:18.876Z,17.17
2026-03-01T11:46:18.692Z,17.49
2026-03-01T11:51:18.8Z,17.46
2026-03-01T11:56:19.612Z,17.31
2026-03-01T12:01:18.676Z,17.46
2026-03-01T12:06:18.751Z,17.37
2026-03-01T12:11:18.848Z,17.51
2026-03-01T12:16:18.848Z,17.37
2026-03-01T12:21:18.736Z,17.63
2026-03-01T12:26:18.668Z,17.51
2026-03-01T12:31:18.849Z,17.6
2026-03-01T12:36:18.776Z,17.54
2026-03-01T12:41:18.877Z,17.43
2026-03-01T12:46:18.648Z,17.46
2026-03-01T12:51:19.296Z,17.66
2026-03-01T12:56:19.302Z,18.0
2026-03-01T13:01:18.88Z,18.06
2026-03-01T13:06:18.669Z,18.0
2026-03-01T13:11:18.784Z,17.97
2026-03-01T13:16:18.859Z,18.0
2026-03-01T13:21:18.659Z,17.83
2026-03-01T13:26:18.718Z,17.95
2026-03-01T13:31:18.788Z,17.92
2026-03-01T13:36:18.839Z,18.23
2026-03-01T13:41:18.758Z,18.41
2026-03-01T13:46:18.807Z,18.29
2026-03-01T13:51:18.68Z,18.29
2026-03-01T13:56:18.619Z,18.49
2026-03-01T14:01:18.667Z,18.44
2026-03-01T14:06:18.926Z,18.26
2026-03-01T14:11:20.06Z,18.38
2026-03-01T14:16:18.626Z,18.38
2026-03-01T14:21:18.956Z,18.29
2026-03-01T14:26:19.046Z,18.32
2026-03-01T14:31:18.771Z,18.12
2026-03-01T14:36:19.291Z,18.12
2026-03-01T14:41:18.791Z,18.23
2026-03-01T14:46:19.671Z,18.0
2026-03-01T14:51:18.788Z,18.0
2026-03-01T14:56:19.487Z,18.06
2026-03-01T15:01:18.64Z,18.0
2026-03-01T15:06:18.665Z,17.74
2026-03-01T15:11:18.875Z,17.51
2026-03-01T15:16:18.735Z,17.66
2026-03-01T15:21:18.65Z,17.57
2026-03-01T15:26:18.736Z,17.72
2026-03-01T15:31:19.708Z,17.6
2026-03-01T15:36:19.763Z,17.69
2026-03-01T15:41:19.84Z,17.66
2026-03-01T15:46:19.836Z,17.43
2026-03-01T15:51:20.325Z,17.37
2026-03-01T15:56:20.569Z,17.28
2026-03-01T16:01:19.882Z,17.4
2026-03-01T16:06:18.878Z,17.4
2026-03-01T16:11:19.973Z,17.49
2026-03-01T16:16:20.185Z,17.54
2026-03-01T16:21:20.026Z,17.51
2026-03-01T16:26:20.1Z,17.51
2026-03-01T16:31:20.161Z,17.49
2026-03-01T16:36:18.631Z,17.37
2026-03-01T16:41:18.729Z,17.37
2026-03-01T16:46:18.864Z,17.23
2026-03-01T16:51:18.852Z,17.2
2026-03-01T16:56:20.544Z,17.2
2026-03-01T17:01:18.647Z,17.05
2026-03-01T17:06:20.455Z,17.05
2026-03-01T17:11:18.855Z,16.88
2026-03-01T17:16:18.846Z,16.91
2026-03-01T17:21:18.828Z,16.74
2026-03-01T17:26:18.708Z,16.71
2026-03-01T17:31:20.87Z,16.51
2026-03-01T17:36:18.724Z,16.33
2026-03-01T17:41:18.801Z,16.19
2026-03-01T17:46:20.738Z,16.07
2026-03-01T17:51:20.854Z,15.99
2026-03-01T17:56:18.645Z,15.88
2026-03-01T18:01:20.89Z,15.76
2026-03-01T18:06:18.733Z,15.65
2026-03-01T18:11:20.925Z,15.56
2026-03-01T18:16:18.656Z,15.5
2026-03-01T18:21:21.151Z,15.33
2026-03-01T18:26:18.788Z,15.24
2026-03-01T18:31:19.432Z,15.07
2026-03-01T18:36:18.728Z,15.01
2026-03-01T18:41:18.999Z,14.84
2026-03-01T18:46:18.808Z,14.75
2026-03-01T18:51:18.702Z,14.64
2026-03-01T18:56:18.821Z,14.55
2026-03-01T19:01:18.738Z,14.41
2026-03-01T19:06:18.74Z,14.29
2026-03-01T19:11:18.706Z,14.29
2026-03-01T19:16:18.977Z,14.26
2026-03-01T19:21:18.719Z,14.23
2026-03-01T19:26:18.861Z,14.26
2026-03-01T19:31:18.801Z,14.23
2026-03-01T19:36:18.828Z,14.18
2026-03-01T19:41:18.662Z,14.18
2026-03-01T19:46:18.656Z,14.18
2026-03-01T19:51:18.86Z,14.15
2026-03-01T19:56:18.768Z,14.12
2026-03-01T20:01:18.861Z,14.15
2026-03-01T20:06:18.74Z,14.0
2026-03-01T20:11:19.701Z,14.0
2026-03-01T20:16:18.751Z,14.09
2026-03-01T20:21:18.616Z,14.06
2026-03-01T20:26:19.018Z,14.03
2026-03-01T20:31:18.783Z,13.95
2026-03-01T20:36:18.622Z,14.0
2026-03-01T20:41:18.854Z,13.95
2026-03-01T20:46:18.89Z,13.92
2026-03-01T20:51:18.922Z,13.86
2026-03-01T20:56:18.631Z,13.8
2026-03-01T21:01:18.856Z,13.83
2026-03-01T21:06:18.725Z,13.83
2026-03-01T21:11:18.912Z,13.74
2026-03-01T21:16:18.783Z,13.69
2026-03-01T21:21:19.091Z,13.51
2026-03-01T21:26:18.793Z,13.46
2026-03-01T21:31:18.623Z,13.4
2026-03-01T21:36:18.646Z,13.31
2026-03-01T21:41:18.758Z,13.23
2026-03-01T21:46:18.646Z,13.11
2026-03-01T21:51:18.644Z,13.05
2026-03-01T21:56:18.659Z,12.94
2026-03-01T22:01:18.813Z,12.82
2026-03-01T22:06:18.711Z,12.77
2026-03-01T22:11:18.865Z,12.65
2026-03-01T22:16:18.629Z,12.48
2026-03-01T22:21:18.765Z,12.31
2026-03-01T22:26:18.622Z,12.16
2026-03-01T22:31:18.776Z,12.1
2026-03-01T22:36:18.745Z,12.02
2026-03-01T22:41:19.108Z,11.99
2026-03-01T22:46:18.795Z,11.87
2026-03-01T22:51:18.798Z,11.82
2026-03-01T22:56:18.619Z,11.82
2026-03-01T23:01:18.83Z,11.99
2026-03-01T23:06:18.667Z,12.1
2026-03-01T23:11:18.809Z,12.16
2026-03-01T23:16:19.288Z,12.16
2026-03-01T23:21:19.267Z,12.19
2026-03-01T23:26:18.612Z,12.22
2026-03-01T23:31:18.792Z,12.25
2026-03-01T23:36:18.775Z,12.28
2026-03-01T23:41:18.633Z,12.28
2026-03-01T23:46:18.718Z,12.25
2026-03-01T23:51:18.965Z,12.22
2026-03-01T23:56:18.711Z,12.19
2026-03-02T00:01:18.842Z,12.16
2026-03-02T00:06:18.833Z,12.1
2026-03-02T00:11:18.989Z,12.13
2026-03-02T00:16:18.94Z,12.1
2026-03-02T00:21:18.995Z,12.07
2026-03-02T00:26:18.894Z,12.05
2026-03-02T00:31:19.114Z,12.19
2026-03-02T00:36:19.107Z,12.16
2026-03-02T00:41:18.643Z,11.99
2026-03-02T00:46:19.31Z,11.93
2026-03-02T00:51:18.788Z,11.84
2026-03-02T00:56:19.286Z,11.84
2026-03-02T01:01:18.611Z,11.9
2026-03-02T01:06:18.702Z,11.9
2026-03-02T01:11:19.313Z,11.84
2026-03-02T01:16:19.455Z,11.82
2026-03-02T01:21:18.567Z,11.82
2026-03-02T01:26:19.734Z,11.59
2026-03-02T01:31:18.647Z,11.56
2026-03-02T01:36:18.78Z,11.47
2026-03-02T01:41:18.789Z,11.35
2026-03-02T01:46:19.633Z,11.15
2026-03-02T01:51:19.63Z,11.24
2026-03-02T01:56:19.722Z,11.24
2026-03-02T02:01:19.678Z,11.21
2026-03-02T02:06:18.634Z,11.21
2026-03-02T02:11:20.052Z,11.15
2026-03-02T02:16:18.684Z,11.19
2026-03-02T02:21:19.941Z,11.1
2026-03-02T02:26:20.364Z,11.07
2026-03-02T02:31:20.079Z,11.04
2026-03-02T02:36:18.985Z,11.1
2026-03-02T02:41:19.985Z,11.1
2026-03-02T02:46:20.053Z,11.12
2026-03-02T02:51:20.213Z,11.1
2026-03-02T02:56:18.723Z,11.19
2026-03-02T03:01:18.808Z,11.15
2026-03-02T03:06:20.197Z,11.21
2026-03-02T03:11:19.08Z,11.19
2026-03-02T03:16:20.249Z,11.21
2026-03-02T03:21:18.786Z,11.12
2026-03-02T03:26:18.723Z,11.19
2026-03-02T03:31:20.79Z,11.27
2026-03-02T03:36:20.447Z,11.35
2026-03-02T03:41:20.588Z,11.44
2026-03-02T03:46:19.089Z,11.3
2026-03-02T03:51:20.509Z,11.3
2026-03-02T03:56:20.748Z,11.21
2026-03-02T04:01:20.655Z,11.15
2026-03-02T04:06:20.975Z,11.15
2026-03-02T04:11:20.78Z,10.98
2026-03-02T04:16:18.631Z,10.75
2026-03-02T04:21:19.141Z,10.58
2026-03-02T04:26:18.554Z,10.58
2026-03-02T04:31:21.045Z,10.52
2026-03-02T04:36:18.808Z,10.4
2026-03-02T04:41:18.668Z,10.38
2026-03-02T04:46:18.616Z,10.4
2026-03-02T04:51:18.575Z,10.4
2026-03-02T04:56:18.578Z,10.43
2026-03-02T05:01:18.765Z,10.49
2026-03-02T05:06:18.803Z,10.49
2026-03-02T05:11:18.759Z,10.66
2026-03-02T05:16:18.847Z,10.78
2026-03-02T05:21:18.565Z,10.96
2026-03-02T05:26:18.783Z,10.98
2026-03-02T05:31:18.654Z,11.01
2026-03-02T05:36:18.694Z,11.12
2026-03-02T05:41:18.65Z,11.24
2026-03-02T05:46:18.682Z,11.21
2026-03-02T05:51:18.703Z,11.27
2026-03-02T05:56:18.633Z,11.33
2026-03-02T06:01:18.905Z,11.27
2026-03-02T06:06:18.79Z,11.21
2026-03-02T06:11:18.716Z,11.24
2026-03-02T06:16:19.111Z,11.3
2026-03-02T06:21:18.602Z,11.33
2026-03-02T06:26:19.11Z,11.41
2026-03-02T06:31:18.735Z,11.41
2026-03-02T06:36:18.598Z,11.41
2026-03-02T06:41:18.721Z,11.44
2026-03-02T06:46:18.68Z,11.53
2026-03-02T06:51:18.75Z,11.5
2026-03-02T06:56:18.847Z,11.53
2026-03-02T07:01:19.134Z,11.47
2026-03-02T07:06:18.717Z,11.53
2026-03-02T07:11:18.81Z,11.56
2026-03-02T07:16:18.675Z,11.67
2026-03-02T07:21:18.645Z,11.76
2026-03-02T07:26:18.624Z,11.79
2026-03-02T07:31:18.803Z,11.87
2026-03-02T07:36:18.677Z,11.87
2026-03-02T07:41:18.584Z,11.99
2026-03-02T07:46:18.741Z,12.07
2026-03-02T07:51:18.777Z,12.07
2026-03-02T07:56:18.754Z,12.16
2026-03-02T08:01:18.663Z,12.16
2026-03-02T08:06:18.612Z,12.25
2026-03-02T08:11:18.626Z,12.33
2026-03-02T08:16:18.688Z,12.39
2026-03-02T08:21:18.588Z,12.39
2026-03-02T08:26:19.336Z,12.42
2026-03-02T08:31:18.665Z,12.51
2026-03-02T08:36:18.993Z,12.56
2026-03-02T08:41:19.474Z,12.68
2026-03-02T08:46:18.702Z,12.97
2026-03-02T08:51:19.757Z,13.2
2026-03-02T08:56:18.799Z,13.4
2026-03-02T09:01:19.439Z,13.43
2026-03-02T09:06:18.64Z,13.51
2026-03-02T09:11:19.513Z,13.6
2026-03-02T09:16:19.553Z,13.66
2026-03-02T09:21:19.791Z,13.63
2026-03-02T09:26:18.632Z,13.63
2026-03-02T09:31:20.725Z,13.6
2026-03-02T09:36:19.548Z,13.74
2026-03-02T09:41:19.98Z,13.77
2026-03-02T09:46:18.639Z,13.77
2026-03-02T09:51:19.734Z,13.8
2026-03-02T09:56:20.324Z,13.83
2026-03-02T10:01:18.65Z,13.86
2026-03-02T10:06:18.658Z,13.89
2026-03-02T10:11:19.876Z,13.86
2026-03-02T10:16:18.817Z,13.89
2026-03-02T10:21:20.018Z,13.72
2026-03-02T10:26:18.69Z,13.69
2026-03-02T10:31:20.373Z,13.69
2026-03-02T10:36:20.158Z,13.77
2026-03-02T10:41:20.206Z,13.98
2026-03-02T10:46:20.364Z,14.12
2026-03-02T10:51:18.828Z,14.18
2026-03-02T10:56:19.179Z,14.23
2026-03-02T11:01:20.31Z,14.35
2026-03-02T11:06:20.694Z,14.47
2026-03-02T11:11:20.545Z,14.58
2026-03-02T11:16:18.811Z,14.61
2026-03-02T11:21:20.449Z,14.7
2026-03-02T11:26:20.548Z,14.84
2026-03-02T11:31:20.912Z,14.93
2026-03-02T11:36:18.688Z,15.16
2026-03-02T11:41:18.668Z,15.44
2026-03-02T11:46:18.738Z,15.5
2026-03-02T11:51:18.813Z,15.47
2026-03-02T11:56:18.728Z,15.5
2026-03-02T12:01:18.582Z,15.58
2026-03-02T12:06:18.629Z,15.65
2026-03-02T12:11:18.571Z,15.61
2026-03-02T12:16:18.714Z,15.65
2026-03-02T12:21:19.242Z,15.58
2026-03-02T12:26:18.719Z,15.61
2026-03-02T12:31:18.623Z,15.65
2026-03-02T12:36:18.72Z,15.84
2026-03-02T12:41:18.736Z,15.73
2026-03-02T12:46:18.675Z,15.53
2026-03-02T12:51:18.68Z,15.58
2026-03-02T12:56:18.778Z,15.58
2026-03-02T13:01:23.405Z,15.81
2026-03-02T13:06:18.794Z,15.88
2026-03-02T13:11:18.621Z,16.1
2026-03-02T13:16:18.731Z,16.1
2026-03-02T13:21:18.716Z,16.14
2026-03-02T13:26:18.71Z,16.07
2026-03-02T13:31:18.71Z,16.19
2026-03-02T13:36:18.598Z,16.22
2026-03-02T13:41:18.631Z,16.48
2026-03-02T13:46:19.157Z,16.56
2026-03-02T13:51:19.385Z,16.56
2026-03-02T13:56:18.59Z,16.59
2026-03-02T14:01:19.305Z,16.59
2026-03-02T14:06:18.735Z,16.56
2026-03-02T14:11:19.314Z,16.48
2026-03-02T14:16:19.468Z,16.48
2026-03-02T14:21:19.968Z,16.42
2026-03-02T14:26:19.024Z,16.42
2026-03-02T14:31:19.966Z,16.51
2026-03-02T14:36:19.951Z,16.39
2026-03-02T14:41:19.769Z,16.28
2026-03-02T14:46:20.713Z,16.39
2026-03-02T14:51:18.761Z,16.42
2026-03-02T14:56:18.598Z,16.48
2026-03-02T15:01:18.588Z,16.42
2026-03-02T15:06:20.4Z,16.42
2026-03-02T15:11:20.358Z,16.51
2026-03-02T15:16:20.36Z,16.59
2026-03-02T15:21:21.466Z,16.59
2026-03-02T15:26:18.61Z,16.42
2026-03-02T15:31:20.536Z,16.42
2026-03-02T15:36:18.557Z,16.28
2026-03-02T15:41:18.573Z,16.25
2026-03-02T15:46:18.593Z,16.33
2026-03-02T15:51:18.702Z,16.28
2026-03-02T15:56:18.788Z,16.3
2026-03-02T16:01:18.55Z,16.28
2026-03-02T16:06:18.608Z,16.22
2026-03-02T16:11:18.639Z,16.25
2026-03-02T16:16:18.791Z,16.14
2026-03-02T16:21:19.566Z,16.16
2026-03-02T16:26:18.725Z,16.14
2026-03-02T16:31:18.774Z,16.1
2026-03-02T16:36:18.7Z,16.22
2026-03-02T16:41:18.603Z,16.25
2026-03-02T16:46:18.616Z,16.25
2026-03-02T16:51:18.566Z,16.16
2026-03-02T16:56:18.777Z,16.22
2026-03-02T17:01:18.637Z,16.22
2026-03-02T17:06:18.821Z,16.28
2026-03-02T17:11:18.786Z,16.22
2026-03-02T17:16:18.735Z,16.16
2026-03-02T17:21:19.229Z,16.16
2026-03-02T17:26:18.589Z,16.16
2026-03-02T17:31:18.718Z,16.07
2026-03-02T17:36:18.621Z,16.07
2026-03-02T17:41:18.658Z,16.02
2026-03-02T17:46:18.922Z,15.96
2026-03-02T17:51:19.051Z,15.96
2026-03-02T17:56:18.605Z,15.93
2026-03-02T18:01:18.668Z,15.84
2026-03-02T18:06:18.9Z,15.88
2026-03-02T18:11:18.731Z,15.81
2026-03-02T18:16:18.62Z,15.79
2026-03-02T18:21:18.886Z,15.81
2026-03-02T18:26:18.69Z,15.81
2026-03-02T18:31:18.727Z,15.81
2026-03-02T18:36:18.689Z,15.79
2026-03-02T18:41:19.163Z,15.73
2026-03-02T18:46:18.56Z,15.67
2026-03-02T18:51:18.65Z,15.65
2026-03-02T18:56:19.201Z,15.61
2026-03-02T19:01:19.193Z,15.65
2026-03-02T19:06:19.387Z,15.65
2026-03-02T19:11:20.108Z,15.61
2026-03-02T19:16:19.405Z,15.65
2026-03-02T19:21:18.739Z,15.67
2026-03-02T19:26:19.634Z,15.61
2026-03-02T19:31:19.737Z,15.61
2026-03-02T19:36:19.746Z,15.61
2026-03-02T19:41:18.612Z,15.61
2026-03-02T19:46:20.053Z,15.61
2026-03-02T19:51:18.727Z,15.61
2026-03-02T19:56:18.645Z,15.67
2026-03-02T20:01:20.274Z,15.58
2026-03-02T20:06:20.328Z,15.61
2026-03-02T20:11:20.513Z,15.61
2026-03-02T20:16:20.532Z,15.58
2026-03-02T20:21:20.565Z,15.61
2026-03-02T20:26:18.659Z,15.67
2026-03-02T20:31:20.876Z,15.73
2026-03-02T20:36:18.71Z,15.7
2026-03-02T20:41:18.758Z,15.76
2026-03-02T20:46:18.72Z,15.67
2026-03-02T20:51:18.626Z,15.67
2026-03-02T20:56:18.723Z,15.65
2026-03-02T21:01:18.538Z,15.65
2026-03-02T21:06:18.705Z,15.67
2026-03-02T21:11:18.913Z,15.53
2026-03-02T21:16:18.625Z,15.5
2026-03-02T21:21:18.534Z,15.47
2026-03-02T21:26:18.694Z,15.5
2026-03-02T21:31:18.597Z,15.53
2026-03-02T21:36:18.521Z,15.53
2026-03-02T21:41:18.618Z,15.56
2026-03-02T21:46:18.518Z,15.42
2026-03-02T21:51:18.6Z,15.39
2026-03-02T21:56:18.772Z,15.5
2026-03-02T22:01:18.594Z,15.5
2026-03-02T22:06:18.717Z,15.5
2026-03-02T22:11:18.629Z,15.39
2026-03-02T22:16:18.646Z,15.33
2026-03-02T22:21:18.577Z,15.27
2026-03-02T22:26:18.644Z,15.35
2026-03-02T22:31:18.618Z,15.35
2026-03-02T22:36:18.593Z,15.3
2026-03-02T22:41:18.601Z,15.21
2026-03-02T22:46:18.549Z,15.24
2026-03-02T22:51:18.699Z,15.19
2026-03-02T22:56:18.616Z,15.16
2026-03-02T23:01:18.763Z,14.98
2026-03-02T23:06:18.658Z,14.95
2026-03-02T23:11:18.616Z,14.93
2026-03-02T23:16:18.751Z,14.81
2026-03-02T23:21:18.869Z,14.75
2026-03-02T23:26:18.767Z,14.72
2026-03-02T23:31:18.872Z,14.64
2026-03-02T23:36:18.619Z,14.61
2026-03-02T23:41:18.812Z,14.58
2026-03-02T23:46:18.919Z,14.52
2026-03-02T23:51:18.731Z,14.58
2026-03-02T23:56:19.066Z,14.55
2026-03-03T00:01:19.118Z,14.67
2026-03-03T00:06:19.132Z,14.58
2026-03-03T00:11:18.564Z,14.64
2026-03-03T00:16:19.421Z,14.75
2026-03-03T00:21:18.707Z,14.78
2026-03-03T00:26:18.619Z,14.86
2026-03-03T00:31:18.527Z,14.84
2026-03-03T00:36:19.773Z,14.81
2026-03-03T00:41:19.727Z,14.9
2026-03-03T00:46:19.839Z,14.81
2026-03-03T00:51:18.536Z,14.78
2026-03-03T00:56:20.027Z,14.84
2026-03-03T01:01:20.067Z,14.81
2026-03-03T01:06:20.172Z,14.81
2026-03-03T01:11:20.465Z,14.64
2026-03-03T01:16:20.358Z,14.61
2026-03-03T01:21:20.361Z,14.55
2026-03-03T01:26:20.524Z,14.49
2026-03-03T01:31:20.527Z,14.55
2026-03-03T01:36:20.7Z,14.61
2026-03-03T01:41:18.678Z,14.52
2026-03-03T01:46:18.579Z,14.58
2026-03-03T01:51:18.517Z,14.67
2026-03-03T01:56:18.731Z,14.7
2026-03-03T02:01:18.907Z,14.64
2026-03-03T02:06:18.632Z,14.7
2026-03-03T02:11:18.584Z,14.7
2026-03-03T02:16:18.72Z,14.64
2026-03-03T02:21:18.706Z,14.47
2026-03-03T02:26:18.665Z,14.37
2026-03-03T02:31:18.541Z,14.18
2026-03-03T02:36:18.618Z,14.03
2026-03-03T02:41:18.763Z,14.06
2026-03-03T02:46:18.574Z,13.98
2026-03-03T02:51:18.741Z,13.83
2026-03-03T02:56:18.662Z,13.83
2026-03-03T03:01:18.585Z,13.89
2026-03-03T03:06:18.544Z,13.86
2026-03-03T03:11:18.657Z,13.83
2026-03-03T03:16:18.516Z,13.72
2026-03-03T03:21:18.784Z,13.69
2026-03-03T03:26:18.523Z,13.72
2026-03-03T03:31:18.697Z,13.72
2026-03-03T03:36:18.487Z,13.8
2026-03-03T03:41:18.649Z,13.77
2026-03-03T03:46:18.62Z,13.77
2026-03-03T03:51:18.657Z,13.83
2026-03-03T03:56:18.626Z,13.86
2026-03-03T04:01:19.395Z,13.8
2026-03-03T04:06:19.004Z,13.77
2026-03-03T04:11:18.634Z,13.69
2026-03-03T04:16:18.543Z,13.57
2026-03-03T04:21:18.906Z,13.63
2026-03-03T04:26:18.735Z,13.63
2026-03-03T04:31:18.702Z,13.54
2026-03-03T04:36:18.545Z,13.46
2026-03-03T04:41:18.699Z,13.37
2026-03-03T04:46:19.052Z,13.4
2026-03-03T04:51:18.557Z,13.4
2026-03-03T04:56:18.849Z,13.4
2026-03-03T05:01:19.448Z,13.34
2026-03-03T05:06:19.044Z,13.31
2026-03-03T05:11:19.139Z,13.26
2026-03-03T05:16:18.583Z,13.23
2026-03-03T05:21:19.257Z,13.2
2026-03-03T05:26:19.372Z,13.11
2026-03-03T05:31:19.83Z,13.17
2026-03-03T05:36:18.697Z,13.2
2026-03-03T05:41:18.615Z,13.23
2026-03-03T05:46:19.672Z,13.23
2026-03-03T05:51:18.689Z,13.17
2026-03-03T05:56:19.926Z,13.14
2026-03-03T06:01:18.568Z,13.08
2026-03-03T06:06:19.948Z,13.0
2026-03-03T06:11:20.152Z,12.77
2026-03-03T06:16:18.494Z,12.62
2026-03-03T06:21:20.307Z,12.59
2026-03-03T06:26:18.554Z,12.45
2026-03-03T06:31:20.468Z,12.25
2026-03-03T06:36:18.622Z,12.25
2026-03-03T06:41:20.728Z,12.13
2026-03-03T06:46:20.633Z,12.13
2026-03-03T06:51:20.657Z,12.13
2026-03-03T06:56:20.826Z,12.02
2026-03-03T07:01:18.704Z,12.13
2026-03-03T07:06:18.698Z,12.07
2026-03-03T07:11:18.498Z,12.1
2026-03-03T07:16:18.621Z,12.16
2026-03-03T07:21:18.53Z,12.31
2026-03-03T07:26:18.548Z,12.39
2026-03-03T07:31:18.535Z,12.42
2026-03-03T07:36:18.568Z,12.51
2026-03-03T07:41:18.565Z,12.51
2026-03-03T07:46:18.664Z,12.65
2026-03-03T07:51:18.537Z,12.74
2026-03-03T07:56:18.636Z,12.94
2026-03-03T08:01:18.751Z,13.05
2026-03-03T08:06:18.62Z,13.23
2026-03-03T08:11:18.659Z,13.37
2026-03-03T08:16:18.591Z,13.63
2026-03-03T08:21:18.707Z,13.83
2026-03-03T08:26:18.594Z,13.98
2026-03-03T08:31:18.571Z,14.06
2026-03-03T08:36:18.669Z,14.32
2026-03-03T08:41:18.651Z,14.52
2026-03-03T08:46:18.713Z,14.67
2026-03-03T08:51:18.751Z,14.84
2026-03-03T08:56:18.652Z,14.93
2026-03-03T09:01:18.662Z,15.07
2026-03-03T09:06:18.549Z,15.01
2026-03-03T09:11:18.661Z,15.21
2026-03-03T09:16:18.69Z,15.39
2026-03-03T09:21:18.667Z,15.65
2026-03-03T09:26:18.963Z,15.88
2026-03-03T09:31:18.535Z,16.07
2026-03-03T09:36:18.729Z,16.25
2026-03-03T09:41:18.657Z,16.56
2026-03-03T09:46:18.55Z,16.88
2026-03-03T09:51:18.607Z,17.17
2026-03-03T09:56:19.199Z,17.34
2026-03-03T10:01:18.682Z,17.54
2026-03-03T10:06:19.209Z,17.69
2026-03-03T10:11:18.709Z,17.74
2026-03-03T10:16:19.335Z,17.86
2026-03-03T10:21:19.461Z,18.0
2026-03-03T10:26:18.662Z,18.26
2026-03-03T10:31:19.559Z,18.41
2026-03-03T10:36:20.193Z,18.69
2026-03-03T10:41:19.734Z,19.04
2026-03-03T10:46:18.569Z,19.04
2026-03-03T10:51:18.711Z,19.13
2026-03-03T10:56:20.3Z,19.39
2026-03-03T11:01:20.342Z,19.36
2026-03-03T11:06:20.315Z,19.73
2026-03-03T11:11:20.451Z,20.16
2026-03-03T11:16:18.86Z,20.31
2026-03-03T11:21:20.727Z,20.39
2026-03-03T11:26:18.569Z,20.42
2026-03-03T11:31:18.673Z,20.25
2026-03-03T11:36:19.402Z,20.28
2026-03-03T11:41:18.787Z,20.68
2026-03-03T11:46:18.577Z,20.65
2026-03-03T11:51:19.324Z,20.48
2026-03-03T11:56:18.817Z,20.53
2026-03-03T12:01:18.651Z,20.76
2026-03-03T12:06:18.731Z,20.79
2026-03-03T12:11:18.71Z,20.88
2026-03-03T12:16:18.72Z,21.02
2026-03-03T12:21:18.533Z,20.91
2026-03-03T12:26:18.646Z,20.79
2026-03-03T12:31:18.613Z,20.91
2026-03-03T12:36:18.527Z,20.91
2026-03-03T12:41:18.58Z,21.09
2026-03-03T12:46:18.602Z,21.37
2026-03-03T12:51:18.685Z,21.4
2026-03-03T12:56:18.644Z,21.2
2026-03-03T13:01:18.744Z,21.2
2026-03-03T13:06:18.587Z,21.51
2026-03-03T13:11:18.579Z,21.55
2026-03-03T13:16:18.691Z,21.57
2026-03-03T13:21:18.741Z,21.4
2026-03-03T13:26:18.702Z,21.6
2026-03-03T13:31:18.633Z,21.46
2026-03-03T13:36:18.745Z,21.6
2026-03-03T13:41:18.693Z,21.66
2026-03-03T13:46:18.84Z,21.81
2026-03-03T13:51:18.953Z,22.09
2026-03-03T13:56:18.677Z,22.18
2026-03-03T14:01:18.599Z,22.26
2026-03-03T14:06:18.497Z,22.23
2026-03-03T14:11:19.537Z,22.23
2026-03-03T14:16:18.54Z,22.41
2026-03-03T14:21:19.606Z,22.26
2026-03-03T14:26:20.027Z,22.44
2026-03-03T14:31:19.736Z,22.23
2026-03-03T14:36:19.938Z,22.04
2026-03-03T14:41:18.616Z,21.89
2026-03-03T14:46:20.148Z,21.95
2026-03-03T14:51:20.289Z,21.74
2026-03-03T14:56:18.638Z,21.57
2026-03-03T15:01:20.386Z,21.55
2026-03-03T15:06:18.63Z,21.6
2026-03-03T15:11:18.583Z,21.77
2026-03-03T15:16:20.718Z,21.77
2026-03-03T15:21:21.13Z,21.92
2026-03-03T15:26:18.55Z,22.04
2026-03-03T15:31:18.922Z,22.04
2026-03-03T15:36:18.597Z,21.95
2026-03-03T15:41:18.748Z,21.92
2026-03-03T15:46:18.49Z,21.89
2026-03-03T15:51:18.614Z,21.81
2026-03-03T15:56:18.626Z,21.86
2026-03-03T16:01:18.692Z,21.74
2026-03-03T16:06:18.627Z,21.6
2026-03-03T16:11:18.566Z,21.46
2026-03-03T16:16:18.695Z,20.88
2026-03-03T16:21:18.527Z,20.65
2026-03-03T16:26:18.512Z,20.51
2026-03-03T16:31:18.542Z,20.53
2026-03-03T16:36:18.601Z,20.39
2026-03-03T16:41:18.509Z,20.28
2026-03-03T16:46:18.532Z,20.02
2026-03-03T16:51:18.594Z,19.99
2026-03-03T16:56:19.098Z,19.99
2026-03-03T17:01:18.711Z,19.9
2026-03-03T17:06:18.737Z,19.73
2026-03-03T17:11:18.552Z,19.56
2026-03-03T17:16:18.699Z,19.42
2026-03-03T17:21:18.956Z,19.3
2026-03-03T17:26:18.654Z,19.21
2026-03-03T17:31:40.373Z,19.07
2026-03-03T17:36:18.531Z,19.04
2026-03-03T17:41:18.669Z,18.9
2026-03-03T17:46:18.554Z,18.93
2026-03-03T17:51:18.631Z,18.67
2026-03-03T17:56:18.726Z,18.52
2026-03-03T18:01:18.523Z,18.44
2026-03-03T18:06:18.747Z,18.23
2026-03-03T18:11:18.602Z,18.12
2026-03-03T18:16:18.579Z,18.06
2026-03-03T18:21:18.712Z,17.97
2026-03-03T18:26:18.661Z,17.95
2026-03-03T18:31:18.535Z,17.92
2026-03-03T18:36:18.6Z,17.72
2026-03-03T18:41:18.558Z,17.72
2026-03-03T18:46:18.614Z,17.66
2026-03-03T18:51:18.626Z,17.63
2026-03-03T18:56:18.649Z,17.57
2026-03-03T19:01:19.154Z,17.46
2026-03-03T19:06:18.733Z,17.34
2026-03-03T19:11:18.769Z,17.26
2026-03-03T19:16:18.912Z,17.17
2026-03-03T19:21:19.205Z,17.11
2026-03-03T19:26:19.106Z,16.94
2026-03-03T19:31:19.331Z,16.82
2026-03-03T19:36:18.812Z,16.53
2026-03-03T19:41:19.527Z,16.3
2026-03-03T19:46:19.545Z,16.14
2026-03-03T19:51:19.773Z,15.93
2026-03-03T19:56:19.93Z,15.81
2026-03-03T20:01:19.93Z,15.7
2026-03-03T20:06:20.127Z,15.44
2026-03-03T20:11:20.133Z,15.33
2026-03-03T20:16:20.213Z,15.19
2026-03-03T20:21:20.521Z,14.93
2026-03-03T20:26:18.708Z,14.81
2026-03-03T20:31:18.776Z,14.93
2026-03-03T20:36:20.568Z,15.04
2026-03-03T20:41:18.865Z,14.93
2026-03-03T20:46:20.82Z,14.9
2026-03-03T20:51:21.003Z,14.86
2026-03-03T20:56:18.726Z,14.86
2026-03-03T21:01:18.783Z,14.9
2026-03-03T21:06:18.663Z,15.04
2026-03-03T21:11:18.645Z,15.04
2026-03-03T21:16:18.718Z,15.12
2026-03-03T21:21:18.864Z,15.27
2026-03-03T21:26:18.906Z,15.56
2026-03-03T21:31:18.885Z,15.7
2026-03-03T21:36:18.635Z,15.81
2026-03-03T21:41:18.83Z,15.9
2026-03-03T21:46:18.823Z,15.84
2026-03-03T21:51:18.733Z,15.93
2026-03-03T21:56:18.685Z,15.96
2026-03-03T22:01:18.667Z,15.99
2026-03-03T22:06:18.826Z,15.99
2026-03-03T22:11:19.161Z,16.07
2026-03-03T22:16:18.637Z,16.07
2026-03-03T22:21:18.757Z,16.14
2026-03-03T22:26:18.862Z,16.1
2026-03-03T22:31:18.703Z,16.05
2026-03-03T22:36:18.746Z,16.05
2026-03-03T22:41:18.764Z,16.02
2026-03-03T22:46:18.698Z,15.88
2026-03-03T22:51:18.666Z,15.7
2026-03-03T22:56:19.216Z,15.56
2026-03-03T23:01:18.726Z,15.24
2026-03-03T23:06:18.679Z,14.78
2026-03-03T23:11:18.629Z,14.61
2026-03-03T23:16:18.908Z,14.41
2026-03-03T23:21:18.739Z,14.15
2026-03-03T23:26:18.821Z,13.86
2026-03-03T23:31:18.683Z,13.72
2026-03-03T23:36:18.752Z,13.6
2026-03-03T23:41:19.388Z,13.54
2026-03-03T23:46:18.714Z,13.49
2026-03-03T23:51:18.862Z,13.43
2026-03-03T23:56:18.815Z,13.31
2026-03-04T00:01:18.768Z,13.2
2026-03-04T00:06:18.634Z,13.17
2026-03-04T00:11:18.816Z,13.0
2026-03-04T00:16:18.805Z,13.0
2026-03-04T00:21:18.801Z,13.08
2026-03-04T00:26:18.756Z,13.11
2026-03-04T00:31:18.734Z,13.14
2026-03-04T00:36:18.661Z,13.34
2026-03-04T00:41:18.806Z,13.26
2026-03-04T00:46:18.697Z,13.2
2026-03-04T00:51:18.806Z,13.2
2026-03-04T00:56:18.832Z,13.14
2026-03-04T01:01:18.741Z,13.2
2026-03-04T01:06:18.63Z,13.17
2026-03-04T01:11:18.648Z,13.2
2026-03-04T01:16:18.813Z,13.2
2026-03-04T01:21:18.706Z,13.14
2026-03-04T01:26:18.678Z,13.2
2026-03-04T01:31:18.703Z,13.26
2026-03-04T01:36:18.796Z,13.26
2026-03-04T01:41:18.663Z,13.34
2026-03-04T01:46:18.644Z,13.4
2026-03-04T01:51:18.647Z,13.49
2026-03-04T01:56:18.779Z,13.43
2026-03-04T02:01:18.874Z,13.37
2026-03-04T02:06:18.903Z,13.34
2026-03-04T02:11:18.801Z,13.54
2026-03-04T02:16:18.842Z,13.66
2026-03-04T02:21:18.656Z,13.74
2026-03-04T02:26:18.892Z,13.83
2026-03-04T02:31:18.769Z,13.92
2026-03-04T02:36:18.733Z,13.86
2026-03-04T02:41:18.754Z,13.72
2026-03-04T02:46:18.759Z,13.72
2026-03-04T02:51:18.707Z,13.74
2026-03-04T02:56:18.891Z,13.77
2026-03-04T03:01:18.711Z,13.74
2026-03-04T03:06:18.71Z,13.77
2026-03-04T03:11:19.015Z,13.69
2026-03-04T03:16:19.107Z,13.72
2026-03-04T03:21:18.808Z,13.83
2026-03-04T03:26:18.643Z,13.92
2026-03-04T03:31:18.846Z,14.06
2026-03-04T03:36:18.717Z,14.15
2026-03-04T03:41:18.846Z,14.12
2026-03-04T03:46:19.406Z,14.26
2026-03-04T03:51:19.841Z,14.41
2026-03-04T03:56:18.804Z,14.49
2026-03-04T04:01:18.769Z,14.58
2026-03-04T04:06:19.615Z,14.67
2026-03-04T04:11:18.708Z,14.67
2026-03-04T04:16:18.755Z,14.64
2026-03-04T04:21:18.85Z,14.67
2026-03-04T04:26:18.697Z,14.72
2026-03-04T04:31:18.875Z,14.61
2026-03-04T04:36:18.643Z,14.61
2026-03-04T04:41:18.887Z,14.61
2026-03-04T04:46:18.728Z,14.55
2026-03-04T04:51:18.768Z,14.52
2026-03-04T04:56:18.687Z,14.47
2026-03-04T05:01:18.655Z,14.52
2026-03-04T05:06:18.625Z,14.55
2026-03-04T05:11:18.774Z,14.52
2026-03-04T05:16:18.694Z,14.49
2026-03-04T05:21:18.705Z,14.55
2026-03-04T05:26:18.727Z,14.64
2026-03-04T05:31:18.688Z,14.72
2026-03-04T05:36:18.824Z,14.78
2026-03-04T05:41:18.815Z,14.81
2026-03-04T05:46:18.708Z,14.67
2026-03-04T05:51:18.732Z,14.58
2026-03-04T05:56:18.856Z,14.55
2026-03-04T06:01:18.697Z,14.55
2026-03-04T06:06:18.654Z,14.64
2026-03-04T06:11:18.815Z,14.47
2026-03-04T06:16:18.674Z,14.18
2026-03-04T06:21:18.639Z,14.06
2026-03-04T06:26:18.771Z,14.06
2026-03-04T06:31:18.929Z,14.03
2026-03-04T06:36:18.727Z,13.98
2026-03-04T06:41:18.841Z,14.21
2026-03-04T06:46:18.977Z,14.35
2026-03-04T06:51:18.921Z,14.44
2026-03-04T06:56:19.977Z,14.29
2026-03-04T07:01:18.674Z,14.26
2026-03-04T07:06:18.877Z,14.18
2026-03-04T07:11:18.87Z,14.18
2026-03-04T07:16:18.802Z,14.23
2026-03-04T07:21:18.787Z,14.26
2026-03-04T07:26:18.786Z,14.26
2026-03-04T07:31:18.855Z,14.32
2026-03-04T07:36:18.796Z,14.37
2026-03-04T07:41:18.92Z,14.41
2026-03-04T07:46:18.866Z,14.52
2026-03-04T07:51:18.646Z,14.72
2026-03-04T07:56:18.779Z,14.86
2026-03-04T08:01:19.092Z,15.12
2026-03-04T08:06:18.855Z,15.24
2026-03-04T08:11:18.872Z,15.42
2026-03-04T08:16:18.634Z,15.58
2026-03-04T08:21:18.782Z,15.76
2026-03-04T08:26:18.681Z,15.93
2026-03-04T08:31:18.846Z,15.96
2026-03-04T08:36:18.878Z,15.99
2026-03-04T08:41:18.881Z,15.93
2026-03-04T08:46:18.63Z,15.96
2026-03-04T08:51:18.87Z,16.19
2026-03-04T08:56:18.787Z,16.22
2026-03-04T09:01:18.881Z,16.3
2026-03-04T09:06:18.918Z,16.37
2026-03-04T09:11:19.427Z,16.56
2026-03-04T09:16:18.785Z,16.74
2026-03-04T09:21:18.693Z,16.68
2026-03-04T09:26:18.785Z,16.94
2026-03-04T09:31:18.767Z,17.05
2026-03-04T09:36:18.679Z,17.14
2026-03-04T09:41:18.636Z,17.34
2026-03-04T09:46:18.723Z,17.46
2026-03-04T09:51:18.784Z,17.54
2026-03-04T09:56:18.865Z,17.74
2026-03-04T10:01:18.93Z,17.66
2026-03-04T10:06:18.918Z,17.63
2026-03-04T10:11:18.838Z,17.57
2026-03-04T10:16:18.677Z,17.54
2026-03-04T10:21:18.919Z,17.54
2026-03-04T10:26:18.646Z,17.57
2026-03-04T10:31:20.552Z,17.66
2026-03-04T10:36:19.413Z,17.74
2026-03-04T10:41:18.827Z,17.8
2026-03-04T10:46:20.235Z,17.97
2026-03-04T10:51:18.665Z,18.23
2026-03-04T10:56:18.654Z,18.26
2026-03-04T11:01:18.851Z,18.38
2026-03-04T11:06:18.782Z,18.44
2026-03-04T11:11:18.629Z,18.41
2026-03-04T11:16:18.852Z,18.58
2026-03-04T11:21:18.681Z,18.61
2026-03-04T11:26:18.639Z,18.72
2026-03-04T11:31:18.917Z,18.75
2026-03-04T11:36:18.666Z,18.93
2026-03-04T11:41:18.762Z,18.78
2026-03-04T11:46:18.786Z,18.81
2026-03-04T11:51:18.612Z,18.81
2026-03-04T11:56:18.65Z,18.72
2026-03-04T12:01:18.74Z,18.64
2026-03-04T12:06:18.657Z,18.72
2026-03-04T12:11:18.908Z,18.84
2026-03-04T12:16:18.644Z,18.9
2026-03-04T12:21:18.781Z,18.93
2026-03-04T12:26:18.847Z,19.04
2026-03-04T12:31:18.617Z,18.95
2026-03-04T12:36:18.888Z,18.81
2026-03-04T12:41:18.649Z,18.72
2026-03-04T12:46:18.703Z,18.95
2026-03-04T12:51:18.68Z,19.07
2026-03-04T12:56:18.784Z,19.16
2026-03-04T13:01:18.833Z,19.3
2026-03-04T13:06:19.197Z,19.27
2026-03-04T13:11:18.911Z,19.36
2026-03-04T13:16:19.061Z,19.47
2026-03-04T13:21:18.746Z,19.42
2026-03-04T13:26:18.919Z,19.36
2026-03-04T13:31:18.849Z,19.36
2026-03-04T13:36:18.904Z,19.5
2026-03-04T13:41:18.86Z,19.53
2026-03-04T13:46:18.723Z,19.65
2026-03-04T13:51:18.632Z,19.65
2026-03-04T13:56:18.69Z,19.62
2026-03-04T14:01:18.762Z,19.5
2026-03-04T14:06:18.855Z,19.42
2026-03-04T14:11:18.906Z,19.36
2026-03-04T14:16:18.898Z,19.27
2026-03-04T14:21:18.686Z,19.3
2026-03-04T14:26:18.929Z,19.42
2026-03-04T14:31:18.736Z,19.53
2026-03-04T14:36:18.763Z,19.67
2026-03-04T14:41:18.815Z,19.85
2026-03-04T14:46:18.732Z,19.88
2026-03-04T14:51:18.752Z,19.73
2026-03-04T14:56:18.681Z,19.67
2026-03-04T15:01:18.841Z,19.59
2026-03-04T15:06:18.72Z,19.56
2026-03-04T15:11:18.742Z,19.65
2026-03-04T15:16:18.853Z,19.79
2026-03-04T15:21:18.671Z,19.73
2026-03-04T15:26:18.71Z,19.65
2026-03-04T15:31:18.835Z,19.76
2026-03-04T15:36:18.909Z,19.79
2026-03-04T15:41:18.661Z,19.82
2026-03-04T15:46:18.743Z,19.76
2026-03-04T15:51:18.667Z,19.9
2026-03-04T15:56:18.673Z,19.93
2026-03-04T16:01:18.778Z,19.96
2026-03-04T16:06:18.737Z,20.05
2026-03-04T16:11:18.749Z,20.08
2026-03-04T16:16:18.706Z,20.02
2026-03-04T16:21:18.887Z,19.99
2026-03-04T16:26:18.745Z,20.05
2026-03-04T16:31:18.759Z,20.05
2026-03-04T16:36:18.629Z,20.16
2026-03-04T16:41:18.66Z,20.14
2026-03-04T16:46:18.75Z,20.14
2026-03-04T16:51:18.713Z,19.99
2026-03-04T16:56:18.807Z,19.9
2026-03-04T17:01:18.688Z,19.85
2026-03-04T17:06:18.677Z,19.85
2026-03-04T17:11:19.034Z,19.65
2026-03-04T17:16:18.624Z,19.36
2026-03-04T17:21:18.619Z,18.98
2026-03-04T17:26:19.111Z,18.75
2026-03-04T17:31:18.837Z,18.75
2026-03-04T17:36:19.248Z,18.52
2026-03-04T17:41:18.631Z,18.23
2026-03-04T17:46:18.628Z,18.18
2026-03-04T17:51:18.695Z,18.21
2026-03-04T17:56:19.945Z,18.09
2026-03-04T18:01:18.899Z,18.0
2026-03-04T18:06:18.736Z,17.97
2026-03-04T18:11:18.591Z,17.95
2026-03-04T18:16:18.758Z,17.95
2026-03-04T18:21:18.851Z,17.86
2026-03-04T18:26:18.865Z,17.72
2026-03-04T18:31:18.74Z,17.66
2026-03-04T18:36:18.801Z,17.49
2026-03-04T18:41:18.806Z,17.4
2026-03-04T18:46:18.704Z,17.17
2026-03-04T18:51:18.668Z,17.17
2026-03-04T18:56:18.735Z,17.05
2026-03-04T19:01:18.7Z,16.82
2026-03-04T19:06:18.764Z,16.88
2026-03-04T19:11:18.751Z,16.68
2026-03-04T19:16:18.831Z,16.62
2026-03-04T19:21:18.798Z,16.62
2026-03-04T19:26:18.664Z,16.59
2026-03-04T19:31:18.653Z,16.79
2026-03-04T19:36:18.784Z,16.88
2026-03-04T19:41:18.694Z,16.91
2026-03-04T19:46:18.773Z,17.0
2026-03-04T19:51:18.7Z,16.88
2026-03-04T19:56:18.788Z,16.94
2026-03-04T20:01:18.673Z,16.94
2026-03-04T20:06:18.808Z,16.97
2026-03-04T20:11:18.583Z,17.0
2026-03-04T20:16:18.774Z,17.08
2026-03-04T20:21:18.618Z,16.71
2026-03-04T20:26:18.835Z,16.56
2026-03-04T20:31:18.801Z,16.42
2026-03-04T20:36:18.735Z,16.39
2026-03-04T20:41:18.774Z,16.37
2026-03-04T20:46:18.74Z,16.37
2026-03-04T20:51:18.948Z,16.16
2026-03-04T20:56:18.698Z,16.14
2026-03-04T21:01:18.662Z,15.96
2026-03-04T21:06:18.79Z,15.81
2026-03-04T21:11:18.83Z,15.76
2026-03-04T21:16:18.589Z,15.88
2026-03-04T21:21:18.76Z,15.79
2026-03-04T21:26:18.731Z,15.76
2026-03-04T21:31:18.816Z,15.76
2026-03-04T21:36:18.658Z,15.7
2026-03-04T21:41:18.793Z,15.65
2026-03-04T21:46:18.728Z,15.47
2026-03-04T21:51:18.706Z,15.3
2026-03-04T21:56:18.578Z,15.19
2026-03-04T22:01:18.601Z,15.24
2026-03-04T22:06:18.754Z,15.24
2026-03-04T22:11:19.217Z,15.19
2026-03-04T22:16:19.077Z,15.21
2026-03-04T22:21:18.758Z,15.21
2026-03-04T22:26:18.975Z,15.21
2026-03-04T22:31:18.562Z,15.19
2026-03-04T22:36:18.75Z,15.21
2026-03-04T22:41:18.619Z,15.09
2026-03-04T22:46:18.77Z,14.93
2026-03-04T22:51:18.643Z,14.9
2026-03-04T22:56:18.601Z,15.01
2026-03-04T23:01:18.77Z,14.98
2026-03-04T23:06:18.732Z,14.93
2026-03-04T23:11:18.741Z,14.81
2026-03-04T23:16:18.615Z,14.61
2026-03-04T23:21:18.764Z,14.61
2026-03-04T23:26:18.695Z,14.64
2026-03-04T23:31:18.59Z,14.72
2026-03-04T23:36:18.571Z,14.67
2026-03-04T23:41:18.696Z,14.64
2026-03-04T23:46:19.284Z,14.64
2026-03-04T23:51:18.744Z,14.58
2026-03-04T23:56:18.554Z,14.58
2026-03-05T00:01:19.734Z,14.61
2026-03-05T00:06:18.686Z,14.55
2026-03-05T00:11:18.977Z,14.52
2026-03-05T00:16:19.05Z,14.49
2026-03-05T00:21:18.71Z,14.35
2026-03-05T00:26:18.597Z,14.32
2026-03-05T00:31:18.688Z,14.15
2026-03-05T00:36:19.228Z,14.0
2026-03-05T00:41:18.558Z,13.89
2026-03-05T00:46:18.546Z,13.89
2026-03-05T00:51:18.735Z,13.77
2026-03-05T00:56:18.65Z,13.74
2026-03-05T01:01:18.607Z,13.77
2026-03-05T01:06:18.954Z,13.69
2026-03-05T01:11:18.665Z,13.77
2026-03-05T01:16:18.673Z,13.77
2026-03-05T01:21:18.727Z,13.83
2026-03-05T01:26:18.548Z,13.72
2026-03-05T01:31:18.607Z,13.69
2026-03-05T01:36:18.79Z,13.8
2026-03-05T01:41:18.565Z,13.92
2026-03-05T01:46:18.758Z,13.95
2026-03-05T01:51:18.753Z,14.0
2026-03-05T01:56:18.607Z,14.0
2026-03-05T02:01:18.65Z,13.98
2026-03-05T02:06:18.676Z,13.74
2026-03-05T02:11:18.734Z,13.57
2026-03-05T02:16:18.795Z,13.51
2026-03-05T02:21:18.76Z,13.4
2026-03-05T02:26:18.662Z,13.54
2026-03-05T02:31:18.743Z,13.43
2026-03-05T02:36:18.68Z,13.4
2026-03-05T02:41:18.579Z,13.31
2026-03-05T02:46:18.722Z,13.14
2026-03-05T02:51:18.755Z,13.0
2026-03-05T02:56:18.777Z,12.97
2026-03-05T03:01:18.787Z,12.91
2026-03-05T03:06:18.557Z,12.91
2026-03-05T03:11:18.672Z,12.82
2026-03-05T03:16:19.179Z,12.74
2026-03-05T03:21:18.7Z,12.79
2026-03-05T03:26:18.738Z,12.91
2026-03-05T03:31:18.661Z,12.91
2026-03-05T03:36:18.678Z,13.03
2026-03-05T03:41:18.644Z,13.11
2026-03-05T03:46:18.785Z,13.11
2026-03-05T03:51:18.701Z,13.23
2026-03-05T03:56:18.624Z,13.2
2026-03-05T04:01:18.792Z,13.17
2026-03-05T04:06:18.706Z,13.11
2026-03-05T04:11:18.547Z,13.11
2026-03-05T04:16:18.606Z,13.17
2026-03-05T04:21:19.193Z,13.23
2026-03-05T04:26:18.588Z,13.26
2026-03-05T04:31:18.606Z,13.37
2026-03-05T04:36:18.588Z,13.37
2026-03-05T04:41:18.878Z,13.37
2026-03-05T04:46:18.756Z,13.4
2026-03-05T04:51:18.763Z,13.28
2026-03-05T04:56:18.603Z,13.2
2026-03-05T05:01:18.565Z,13.08
2026-03-05T05:06:18.78Z,13.05
2026-03-05T05:11:18.551Z,12.97
2026-03-05T05:16:18.63Z,12.91
2026-03-05T05:21:18.835Z,12.79
2026-03-05T05:26:18.721Z,12.79
2026-03-05T05:31:18.588Z,12.65
2026-03-05T05:36:18.623Z,12.42
2026-03-05T05:41:18.759Z,12.31
2026-03-05T05:46:18.78Z,12.39
2026-03-05T05:51:18.565Z,12.59
2026-03-05T05:56:18.844Z,12.71
2026-03-05T06:01:18.606Z,12.71
2026-03-05T06:06:18.709Z,12.88
2026-03-05T06:11:18.572Z,13.11
2026-03-05T06:16:18.741Z,13.23
2026-03-05T06:21:19.26Z,13.4
2026-03-05T06:26:18.73Z,13.54
2026-03-05T06:31:18.558Z,13.63
2026-03-05T06:36:18.668Z,13.63
2026-03-05T06:41:18.637Z,13.69
2026-03-05T06:46:18.814Z,13.8
2026-03-05T06:51:18.684Z,13.86
2026-03-05T06:56:18.601Z,13.86
2026-03-05T07:01:18.692Z,13.89
2026-03-05T07:06:18.629Z,13.83
2026-03-05T07:11:18.692Z,13.83
2026-03-05T07:16:18.636Z,13.86
2026-03-05T07:21:19.731Z,13.98
2026-03-05T07:26:19.449Z,14.0
2026-03-05T07:31:19.023Z,14.0
2026-03-05T07:36:18.712Z,13.98
2026-03-05T07:41:18.849Z,14.03
2026-03-05T07:46:19.197Z,14.0
2026-03-05T07:51:18.689Z,14.06
2026-03-05T07:56:18.556Z,14.12
2026-03-05T08:01:18.898Z,14.18
2026-03-05T08:06:18.774Z,14.26
2026-03-05T08:11:18.836Z,14.32
2026-03-05T08:16:19.054Z,14.44
2026-03-05T08:21:18.596Z,14.44
2026-03-05T08:26:18.56Z,14.61
2026-03-05T08:31:18.828Z,14.81
2026-03-05T08:36:18.63Z,14.81
2026-03-05T08:41:18.602Z,14.86
2026-03-05T08:46:18.721Z,14.98
2026-03-05T08:51:18.594Z,15.04
2026-03-05T08:56:18.553Z,15.04
2026-03-05T09:01:18.758Z,15.16
2026-03-05T09:06:18.613Z,15.3
2026-03-05T09:11:18.655Z,15.33
2026-03-05T09:16:18.748Z,15.44
2026-03-05T09:21:18.738Z,15.47
2026-03-05T09:26:18.679Z,15.53
2026-03-05T09:31:18.574Z,15.65
2026-03-05T09:36:18.687Z,15.73
2026-03-05T09:41:18.704Z,15.93
2026-03-05T09:46:18.608Z,16.14
2026-03-05T09:51:18.811Z,16.28
2026-03-05T09:56:18.751Z,16.45
2026-03-05T10:01:18.723Z,16.59
2026-03-05T10:06:18.585Z,16.77
2026-03-05T10:11:18.634Z,16.94
2026-03-05T10:16:18.742Z,17.02
2026-03-05T10:21:19.049Z,17.11
2026-03-05T10:26:18.586Z,17.02
2026-03-05T10:31:18.807Z,17.05
2026-03-05T10:36:18.65Z,17.17
2026-03-05T10:41:18.604Z,17.2
2026-03-05T10:46:18.709Z,17.28
2026-03-05T10:51:18.583Z,17.23
2026-03-05T10:56:18.955Z,17.28
2026-03-05T11:01:18.697Z,17.2
2026-03-05T11:06:18.649Z,16.62
2026-03-05T11:11:18.714Z,16.25
2026-03-05T11:16:18.697Z,15.88
2026-03-05T11:21:18.559Z,15.73
2026-03-05T11:26:18.584Z,15.61
2026-03-05T11:31:18.683Z,15.39
2026-03-05T11:36:18.673Z,15.5
2026-03-05T11:41:18.824Z,15.42
2026-03-05T11:46:18.737Z,15.21
2026-03-05T11:51:18.734Z,15.19
2026-03-05T11:56:18.62Z,15.07
2026-03-05T12:01:18.697Z,15.01
2026-03-05T12:06:18.563Z,14.93
2026-03-05T12:11:18.563Z,14.93
2026-03-05T12:16:18.636Z,14.95
2026-03-05T12:21:18.569Z,14.98
2026-03-05T12:26:18.622Z,14.95
2026-03-05T12:31:18.676Z,14.95
2026-03-05T12:36:18.548Z,14.86
2026-03-05T12:41:18.694Z,14.93
2026-03-05T12:46:18.84Z,14.78
2026-03-05T12:51:18.676Z,14.78
2026-03-05T12:56:18.831Z,14.58
2026-03-05T13:01:18.69Z,14.41
2026-03-05T13:06:18.668Z,14.32
2026-03-05T13:11:18.564Z,14.18
2026-03-05T13:16:18.62Z,14.12
2026-03-05T13:21:18.733Z,14.12
2026-03-05T13:26:18.616Z,14.12
2026-03-05T13:31:19.051Z,14.03
2026-03-05T13:36:18.614Z,13.89
2026-03-05T13:41:18.806Z,13.89
2026-03-05T13:46:18.796Z,13.77
2026-03-05T13:51:18.724Z,13.69
2026-03-05T13:56:18.946Z,13.66
2026-03-05T14:01:18.843Z,13.46
2026-03-05T14:06:18.806Z,13.4
2026-03-05T14:11:18.742Z,13.4
2026-03-05T14:16:18.665Z,13.28
2026-03-05T14:21:19.029Z,13.28
2026-03-05T14:26:19.107Z,13.2
2026-03-05T14:31:18.661Z,13.17
2026-03-05T14:36:18.717Z,13.17
2026-03-05T14:41:18.784Z,13.17
2026-03-05T14:46:18.646Z,13.2
2026-03-05T14:51:19.097Z,13.26
2026-03-05T14:56:18.616Z,13.28
2026-03-05T15:01:18.558Z,13.26
2026-03-05T15:06:18.572Z,13.26
2026-03-05T15:11:18.683Z,13.37
2026-03-05T15:16:18.538Z,13.4
2026-03-05T15:21:18.736Z,13.46
2026-03-05T15:26:18.602Z,13.4
2026-03-05T15:31:18.634Z,13.49
2026-03-05T15:36:18.615Z,13.57
2026-03-05T15:41:18.615Z,13.69
2026-03-05T15:46:18.681Z,13.83
2026-03-05T15:51:18.644Z,13.83
2026-03-05T15:56:18.79Z,14.0
2026-03-05T16:01:19.516Z,13.98
2026-03-05T16:06:18.718Z,13.98
2026-03-05T16:11:18.808Z,13.95
2026-03-05T16:16:18.632Z,13.98
2026-03-05T16:21:18.587Z,13.95
2026-03-05T16:26:18.756Z,13.95
2026-03-05T16:31:18.706Z,14.0
2026-03-05T16:36:18.734Z,13.95
2026-03-05T16:41:18.737Z,13.89
2026-03-05T16:46:18.636Z,13.89
2026-03-05T16:51:18.6Z,13.86
2026-03-05T16:56:18.532Z,13.83
2026-03-05T17:01:18.537Z,13.8
2026-03-05T17:06:18.52Z,13.89
2026-03-05T17:11:18.536Z,13.98
2026-03-05T17:16:18.509Z,13.98
2026-03-05T17:21:18.672Z,14.06
2026-03-05T17:26:18.542Z,14.12
2026-03-05T17:31:18.534Z,14.09
2026-03-05T17:36:18.569Z,14.18
2026-03-05T17:41:18.542Z,14.15
2026-03-05T17:46:18.804Z,14.15
2026-03-05T17:51:18.681Z,14.15
2026-03-05T17:56:18.686Z,14.03
2026-03-05T18:01:18.793Z,13.98
2026-03-05T18:06:18.521Z,14.06
2026-03-05T18:11:18.652Z,14.0
2026-03-05T18:16:18.532Z,14.06
2026-03-05T18:21:18.807Z,14.06
2026-03-05T18:26:18.622Z,14.0
2026-03-05T18:31:19.433Z,14.0
2026-03-05T18:36:18.542Z,14.03
2026-03-05T18:41:18.679Z,14.06
2026-03-05T18:46:18.814Z,14.06
2026-03-05T18:51:18.588Z,14.09
2026-03-05T18:56:18.575Z,14.0
2026-03-05T19:01:18.641Z,13.98
2026-03-05T19:06:18.788Z,14.03
2026-03-05T19:11:18.552Z,14.03
2026-03-05T19:16:18.802Z,14.09
2026-03-05T19:21:18.585Z,14.12
2026-03-05T19:26:18.786Z,14.09
2026-03-05T19:31:18.663Z,14.12
2026-03-05T19:36:18.727Z,14.09
2026-03-05T19:41:18.654Z,14.12
2026-03-05T19:46:18.636Z,14.15
2026-03-05T19:51:18.694Z,14.21
2026-03-05T19:56:18.516Z,14.21
2026-03-05T20:01:18.515Z,14.21
2026-03-05T20:06:18.624Z,14.26
2026-03-05T20:11:19.401Z,14.26
2026-03-05T20:16:18.714Z,14.32
2026-03-05T20:21:18.511Z,14.21
2026-03-05T20:26:18.55Z,14.18
2026-03-05T20:31:18.764Z,14.09
2026-03-05T20:36:19.346Z,14.06
2026-03-05T20:41:19.116Z,14.12
2026-03-05T20:46:18.58Z,14.12
2026-03-05T20:51:18.772Z,14.09
2026-03-05T20:56:18.731Z,14.06
2026-03-05T21:01:18.8Z,14.09
2026-03-05T21:06:18.897Z,14.03
2026-03-05T21:11:18.675Z,14.06
2026-03-05T21:16:18.774Z,13.98
2026-03-05T21:21:18.558Z,13.95
2026-03-05T21:26:19.158Z,13.89
2026-03-05T21:31:18.534Z,13.86
2026-03-05T21:36:18.52Z,13.83
2026-03-05T21:41:18.698Z,13.77
2026-03-05T21:46:18.568Z,13.66
2026-03-05T21:51:18.609Z,13.6
2026-03-05T21:56:18.528Z,13.51
2026-03-05T22:01:18.873Z,13.43
2026-03-05T22:06:18.551Z,13.2
2026-03-05T22:11:18.813Z,13.08
2026-03-05T22:16:18.664Z,13.05
2026-03-05T22:21:18.643Z,13.11
2026-03-05T22:26:18.657Z,13.11
2026-03-05T22:31:18.611Z,13.08
2026-03-05T22:36:18.593Z,13.17
2026-03-05T22:41:18.633Z,13.17
2026-03-05T22:46:18.581Z,13.14
2026-03-05T22:51:18.642Z,13.11
2026-03-05T22:56:18.571Z,13.17
2026-03-05T23:01:18.575Z,13.17
2026-03-05T23:06:18.832Z,13.23
2026-03-05T23:11:19.349Z,13.26
2026-03-05T23:16:18.982Z,13.26
2026-03-05T23:21:18.54Z,13.23
2026-03-05T23:26:18.815Z,13.26
2026-03-05T23:31:18.608Z,13.2
2026-03-05T23:36:18.519Z,13.2
2026-03-05T23:41:18.769Z,13.26
2026-03-05T23:46:18.849Z,13.28
2026-03-05T23:51:18.612Z,13.28
2026-03-05T23:56:18.773Z,13.17
2026-03-06T00:01:18.779Z,13.08
2026-03-06T00:06:18.764Z,13.2
2026-03-06T00:11:18.769Z,13.08
2026-03-06T00:16:18.609Z,13.14
2026-03-06T00:21:18.562Z,13.03
2026-03-06T00:26:18.55Z,13.03
2026-03-06T00:31:18.724Z,13.03
2026-03-06T00:36:18.658Z,13.0
2026-03-06T00:41:18.698Z,13.03
2026-03-06T00:46:18.591Z,13.0
2026-03-06T00:51:18.521Z,13.05
2026-03-06T00:56:19.039Z,13.05
2026-03-06T01:01:18.61Z,13.03
2026-03-06T01:06:18.573Z,12.94
2026-03-06T01:11:18.548Z,12.91
2026-03-06T01:16:18.507Z,12.68
2026-03-06T01:21:18.649Z,12.45
2026-03-06T01:26:18.751Z,12.31
2026-03-06T01:31:18.665Z,12.31
2026-03-06T01:36:18.599Z,12.25
2026-03-06T01:41:19.265Z,12.13
2026-03-06T01:46:18.58Z,12.05
2026-03-06T01:51:18.629Z,12.07
2026-03-06T01:56:18.599Z,12.1
2026-03-06T02:01:18.475Z,12.05
2026-03-06T02:06:18.78Z,12.07
2026-03-06T02:11:18.476Z,11.99
2026-03-06T02:16:18.566Z,11.84
2026-03-06T02:21:18.615Z,11.64
2026-03-06T02:26:18.596Z,11.64
2026-03-06T02:31:18.671Z,11.64
2026-03-06T02:36:18.642Z,11.44
2026-03-06T02:41:18.633Z,11.33
2026-03-06T02:46:18.683Z,11.21
2026-03-06T02:51:18.595Z,11.12
2026-03-06T02:56:18.669Z,11.1
2026-03-06T03:01:18.656Z,11.07
2026-03-06T03:06:18.681Z,11.01
2026-03-06T03:11:18.518Z,10.98
2026-03-06T03:16:18.674Z,11.01
2026-03-06T03:21:18.505Z,10.98
2026-03-06T03:26:18.633Z,10.96
2026-03-06T03:31:19.081Z,10.86
2026-03-06T03:36:18.752Z,10.96
2026-03-06T03:41:18.637Z,11.01
2026-03-06T03:46:18.543Z,11.01
2026-03-06T03:51:18.479Z,11.07
2026-03-06T03:56:18.708Z,11.1
2026-03-06T04:01:20.048Z,11.04
2026-03-06T04:06:18.501Z,11.1
2026-03-06T04:11:18.782Z,11.04
2026-03-06T04:16:18.762Z,11.07
2026-03-06T04:21:18.941Z,10.92
2026-03-06T04:26:18.55Z,10.63
2026-03-06T04:31:18.542Z,10.52
2026-03-06T04:36:18.574Z,10.43
2026-03-06T04:41:18.764Z,10.32
2026-03-06T04:46:18.523Z,10.24
2026-03-06T04:51:19.201Z,10.24
2026-03-06T04:56:18.642Z,10.17
2026-03-06T05:01:18.579Z,10.15
2026-03-06T05:06:18.726Z,10.12
2026-03-06T05:11:18.481Z,10.03
2026-03-06T05:16:18.738Z,10.03
2026-03-06T05:21:18.585Z,9.94
2026-03-06T05:26:18.491Z,9.8
2026-03-06T05:31:18.573Z,9.68
2026-03-06T05:36:18.651Z,9.54
2026-03-06T05:41:18.483Z,9.49
2026-03-06T05:46:19.153Z,9.37
2026-03-06T05:51:18.548Z,9.4
2026-03-06T05:56:18.741Z,9.26
2026-03-06T06:01:18.595Z,9.28
2026-03-06T06:06:18.752Z,9.37
2026-03-06T06:11:18.744Z,9.42
2026-03-06T06:16:18.608Z,9.4
2026-03-06T06:21:18.489Z,9.26
2026-03-06T06:26:18.741Z,9.28
2026-03-06T06:31:18.602Z,9.19
2026-03-06T06:36:18.458Z,9.23
2026-03-06T06:41:18.526Z,9.23
2026-03-06T06:46:18.554Z,9.19
2026-03-06T06:51:18.507Z,9.19
2026-03-06T06:56:18.593Z,9.31
2026-03-06T07:01:18.523Z,9.42
2026-03-06T07:06:18.659Z,9.51
2026-03-06T07:11:18.736Z,9.72
2026-03-06T07:16:18.49Z,9.89
2026-03-06T07:21:18.734Z,10.12
2026-03-06T07:26:18.661Z,10.32
2026-03-06T07:31:18.605Z,10.61
2026-03-06T07:36:18.539Z,10.78
2026-03-06T07:41:18.729Z,11.01
2026-03-06T07:46:18.474Z,11.21
2026-03-06T07:51:18.58Z,11.47
2026-03-06T07:56:18.485Z,11.59
2026-03-06T08:01:18.723Z,11.82
2026-03-06T08:06:18.606Z,12.07
2026-03-06T08:11:18.638Z,12.16
2026-03-06T08:16:18.723Z,12.36
2026-03-06T08:21:18.665Z,12.51
2026-03-06T08:26:18.638Z,12.62
2026-03-06T08:31:18.627Z,12.91
2026-03-06T08:36:18.471Z,13.17
2026-03-06T08:41:18.713Z,13.37
2026-03-06T08:46:18.465Z,13.72
2026-03-06T08:51:18.64Z,14.12
2026-03-06T08:56:19.686Z,14.52
2026-03-06T09:01:18.735Z,14.84
2026-03-06T09:06:18.623Z,14.98
2026-03-06T09:11:18.522Z,15.09
2026-03-06T09:16:18.712Z,15.42
2026-03-06T09:21:18.451Z,15.65
2026-03-06T09:26:18.566Z,15.84
2026-03-06T09:31:18.606Z,16.16
2026-03-06T09:36:18.49Z,16.14
2026-03-06T09:41:18.6Z,16.22
2026-03-06T09:46:18.57Z,16.39
2026-03-06T09:51:18.576Z,16.39
2026-03-06T09:56:18.545Z,16.74
2026-03-06T10:01:18.627Z,16.97
2026-03-06T10:06:18.596Z,17.34
2026-03-06T10:11:18.738Z,17.37
2026-03-06T10:16:18.742Z,17.28
2026-03-06T10:21:18.748Z,17.49
2026-03-06T10:26:18.745Z,17.49
2026-03-06T10:31:18.72Z,17.74
2026-03-06T10:36:18.489Z,18.09
2026-03-06T10:41:18.917Z,18.15
2026-03-06T10:46:18.62Z,17.97
2026-03-06T10:51:18.649Z,18.23
2026-03-06T10:56:18.649Z,18.03
2026-03-06T11:01:18.485Z,17.92
2026-03-06T11:06:19.108Z,18.0
2026-03-06T11:11:18.523Z,18.06
2026-03-06T11:16:18.475Z,18.38
2026-03-06T11:21:18.841Z,18.75
2026-03-06T11:26:18.491Z,18.84
2026-03-06T11:31:18.639Z,18.35
2026-03-06T11:36:18.608Z,18.44
2026-03-06T11:41:18.52Z,18.75
2026-03-06T11:46:19.084Z,19.18
2026-03-06T11:51:18.526Z,19.27
2026-03-06T11:56:18.716Z,19.07
2026-03-06T12:01:19.27Z,19.13
2026-03-06T12:06:18.585Z,19.27
2026-03-06T12:11:18.725Z,19.24
2026-03-06T12:16:18.559Z,19.27
2026-03-06T12:21:18.626Z,19.1
2026-03-06T12:26:18.973Z,19.01
2026-03-06T12:31:18.536Z,19.01
2026-03-06T12:36:18.455Z,18.95
2026-03-06T12:41:18.614Z,18.84
2026-03-06T12:46:18.817Z,18.69
2026-03-06T12:51:18.629Z,18.67
2026-03-06T12:56:19.484Z,18.52
2026-03-06T13:01:18.563Z,18.67
2026-03-06T13:06:18.526Z,18.69
2026-03-06T13:11:18.591Z,18.84
2026-03-06T13:16:18.464Z,19.04
2026-03-06T13:21:18.938Z,19.44
2026-03-06T13:26:18.625Z,19.65
2026-03-06T13:31:18.604Z,20.28
2026-03-06T13:36:18.723Z,20.28
2026-03-06T13:41:18.455Z,20.37
2026-03-06T13:46:18.48Z,20.65
2026-03-06T13:51:18.547Z,20.6
2026-03-06T13:56:18.481Z,20.62
2026-03-06T14:01:18.703Z,20.39
2026-03-06T14:06:18.521Z,20.28
2026-03-06T14:11:18.557Z,20.14
2026-03-06T14:16:18.456Z,20.53
2026-03-06T14:21:18.459Z,20.11
2026-03-06T14:26:18.581Z,20.16
2026-03-06T14:31:18.704Z,20.16
2026-03-06T14:36:18.442Z,19.93
2026-03-06T14:41:18.68Z,19.79
2026-03-06T14:46:18.896Z,19.56
2026-03-06T14:51:19.072Z,19.36
2026-03-06T14:56:18.781Z,19.18
2026-03-06T15:01:19.01Z,19.39
2026-03-06T15:06:18.602Z,19.73
2026-03-06T15:11:18.756Z,19.93
2026-03-06T15:16:18.908Z,20.08
2026-03-06T15:21:18.711Z,20.31
2026-03-06T15:26:19.03Z,20.16
2026-03-06T15:31:18.735Z,20.19
2026-03-06T15:36:18.56Z,19.96
2026-03-06T15:41:18.701Z,19.7
2026-03-06T15:46:18.704Z,19.44
2026-03-06T15:51:18.465Z,19.21
2026-03-06T15:56:18.619Z,19.01
2026-03-06T16:01:18.578Z,19.04
2026-03-06T16:06:18.481Z,18.95
2026-03-06T16:11:18.585Z,18.93
2026-03-06T16:16:18.704Z,18.87
2026-03-06T16:21:18.591Z,18.69
2026-03-06T16:26:18.721Z,18.52
2026-03-06T16:31:18.575Z,18.32
2026-03-06T16:36:18.543Z,18.06
2026-03-06T16:41:18.694Z,17.95
2026-03-06T16:46:18.858Z,17.83
2026-03-06T16:51:18.56Z,17.63
2026-03-06T16:56:18.489Z,17.54
2026-03-06T17:01:18.815Z,17.43
2026-03-06T17:06:18.581Z,17.28
2026-03-06T17:11:18.476Z,17.34
2026-03-06T17:16:18.67Z,17.14
2026-03-06T17:21:18.504Z,17.02
2026-03-06T17:26:19.475Z,16.97
2026-03-06T17:31:18.691Z,16.88
2026-03-06T17:36:19.688Z,16.74
2026-03-06T17:41:18.466Z,16.68
2026-03-06T17:46:18.426Z,16.62
2026-03-06T17:51:18.711Z,16.59
2026-03-06T17:56:18.723Z,16.53
2026-03-06T18:01:18.689Z,16.59
2026-03-06T18:06:18.547Z,16.56
2026-03-06T18:11:18.544Z,16.56
2026-03-06T18:16:18.75Z,16.37
2026-03-06T18:21:18.648Z,16.37
2026-03-06T18:26:18.476Z,16.28
2026-03-06T18:31:18.468Z,16.25
2026-03-06T18:36:18.519Z,16.19
2026-03-06T18:41:18.579Z,16.02
2026-03-06T18:46:18.696Z,15.96
2026-03-06T18:51:18.586Z,15.84
2026-03-06T18:56:18.438Z,15.67
2026-03-06T19:01:18.664Z,15.58
2026-03-06T19:06:18.72Z,15.42
2026-03-06T19:11:18.675Z,15.27
2026-03-06T19:16:18.611Z,15.21
2026-03-06T19:21:18.493Z,15.33
2026-03-06T19:26:18.526Z,15.27
2026-03-06T19:31:18.491Z,14.93
2026-03-06T19:36:18.498Z,14.37
2026-03-06T19:41:18.486Z,13.83
2026-03-06T19:46:18.593Z,13.28
2026-03-06T19:51:18.653Z,12.45
2026-03-06T19:56:18.729Z,11.93
2026-03-06T20:01:18.563Z,11.56
2026-03-06T20:06:18.672Z,11.47
2026-03-06T20:11:18.491Z,11.35
2026-03-06T20:16:18.516Z,11.27
2026-03-06T20:21:18.767Z,11.07
2026-03-06T20:26:18.478Z,11.01
2026-03-06T20:31:18.456Z,11.04
2026-03-06T20:36:18.63Z,11.1
2026-03-06T20:41:18.48Z,11.15
2026-03-06T20:46:18.688Z,11.07
2026-03-06T20:51:18.675Z,11.07
2026-03-06T20:56:18.429Z,11.01
2026-03-06T21:01:18.842Z,10.89
2026-03-06T21:06:18.682Z,10.84
2026-03-06T21:11:18.683Z,10.81
2026-03-06T21:16:18.564Z,10.89
2026-03-06T21:21:18.584Z,11.07
2026-03-06T21:26:18.426Z,11.07
2026-03-06T21:31:18.961Z,11.07
2026-03-06T21:36:18.48Z,10.92
2026-03-06T21:41:18.554Z,10.75
2026-03-06T21:46:18.554Z,10.72
2026-03-06T21:51:18.541Z,10.63
2026-03-06T21:56:18.449Z,10.75
2026-03-06T22:01:18.655Z,10.7
2026-03-06T22:06:18.714Z,10.55
2026-03-06T22:11:18.588Z,10.38
2026-03-06T22:16:18.523Z,10.21
2026-03-06T22:21:18.667Z,10.09
2026-03-06T22:26:18.87Z,10.12
2026-03-06T22:31:18.487Z,10.15
2026-03-06T22:36:18.426Z,10.24
2026-03-06T22:41:18.572Z,10.26
2026-03-06T22:46:18.43Z,10.26
2026-03-06T22:51:18.664Z,10.17
2026-03-06T22:56:18.448Z,10.09
2026-03-06T23:01:18.429Z,10.06
2026-03-06T23:06:18.682Z,10.03
2026-03-06T23:11:18.703Z,9.98
2026-03-06T23:16:18.663Z,9.86
2026-03-06T23:21:18.688Z,9.83
2026-03-06T23:26:18.561Z,9.66
2026-03-06T23:31:18.693Z,9.54
2026-03-06T23:36:18.497Z,9.49
2026-03-06T23:41:18.461Z,9.42
2026-03-06T23:46:18.477Z,9.4
2026-03-06T23:51:18.668Z,9.4
2026-03-06T23:56:18.66Z,9.26
2026-03-07T00:01:18.457Z,9.19
2026-03-07T00:06:18.47Z,9.08
2026-03-07T00:11:18.694Z,9.05
2026-03-07T00:16:18.577Z,9.08
2026-03-07T00:21:18.581Z,8.97
2026-03-07T00:26:18.437Z,8.94
2026-03-07T00:31:18.487Z,8.97
2026-03-07T00:36:18.556Z,8.91
2026-03-07T00:41:18.507Z,9.0
2026-03-07T00:46:18.471Z,9.08
2026-03-07T00:51:18.67Z,9.14
2026-03-07T00:56:18.706Z,9.19
2026-03-07T01:01:18.527Z,9.19
2026-03-07T01:06:18.525Z,9.28
2026-03-07T01:11:18.96Z,9.31
2026-03-07T01:16:18.651Z,9.37
2026-03-07T01:21:18.531Z,9.37
2026-03-07T01:26:18.468Z,9.42
2026-03-07T01:31:18.676Z,9.37
2026-03-07T01:36:18.676Z,9.4
2026-03-07T01:41:18.428Z,9.4
2026-03-07T01:46:18.42Z,9.34
2026-03-07T01:51:18.95Z,9.45
2026-03-07T01:56:18.535Z,9.51
2026-03-07T02:01:18.554Z,9.6
2026-03-07T02:06:18.408Z,9.72
2026-03-07T02:11:18.701Z,9.72
2026-03-07T02:16:18.673Z,9.75
2026-03-07T02:21:18.424Z,9.83
2026-03-07T02:26:18.56Z,9.8
2026-03-07T02:31:18.665Z,9.89
2026-03-07T02:36:18.437Z,9.8
2026-03-07T02:41:18.793Z,9.77
2026-03-07T02:46:18.54Z,9.72
2026-03-07T02:51:19.274Z,9.77
2026-03-07T02:56:18.606Z,9.66
2026-03-07T03:01:18.546Z,9.72
2026-03-07T03:06:18.645Z,9.75
2026-03-07T03:11:18.685Z,9.75
2026-03-07T03:16:18.44Z,9.83
2026-03-07T03:21:18.644Z,9.89
2026-03-07T03:26:18.437Z,9.89
2026-03-07T03:31:18.461Z,9.94
2026-03-07T03:36:18.532Z,10.06
2026-03-07T03:41:18.701Z,10.06
2026-03-07T03:46:18.617Z,10.09
2026-03-07T03:51:18.402Z,9.91
2026-03-07T03:56:18.577Z,9.86
2026-03-07T04:01:18.515Z,9.77
2026-03-07T04:06:18.544Z,9.63
2026-03-07T04:11:18.863Z,9.49
2026-03-07T04:16:18.655Z,9.31
2026-03-07T04:21:18.638Z,9.26
2026-03-07T04:26:19.07Z,9.08
2026-03-07T04:31:18.531Z,8.97
2026-03-07T04:36:18.452Z,8.94
2026-03-07T04:41:18.412Z,8.82
2026-03-07T04:46:18.58Z,8.77
2026-03-07T04:51:18.645Z,8.82
2026-03-07T04:56:18.463Z,8.77
2026-03-07T05:01:18.64Z,8.56
2026-03-07T05:06:18.453Z,8.51
2026-03-07T05:11:18.67Z,8.45
2026-03-07T05:16:18.399Z,8.42
2026-03-07T05:21:18.474Z,8.36
2026-03-07T05:26:19.05Z,8.36
2026-03-07T05:31:18.685Z,8.36
2026-03-07T05:36:18.395Z,8.28
2026-03-07T05:41:18.637Z,8.22
2026-03-07T05:46:18.487Z,8.22
2026-03-07T05:51:18.684Z,8.22
2026-03-07T05:56:19Z,8.28
2026-03-07T06:01:18.698Z,8.31
2026-03-07T06:06:18.67Z,8.28
2026-03-07T06:11:18.469Z,8.31
2026-03-07T06:16:18.451Z,8.33
2026-03-07T06:21:18.696Z,8.39
2026-03-07T06:26:19.147Z,8.31
2026-03-07T06:31:19.749Z,8.22
2026-03-07T06:36:18.477Z,8.19
2026-03-07T06:41:18.659Z,8.22
2026-03-07T06:46:18.668Z,8.19
2026-03-07T06:51:19.086Z,8.16
2026-03-07T06:56:18.417Z,8.13
2026-03-07T07:01:18.633Z,8.22
2026-03-07T07:06:19.328Z,8.33
2026-03-07T07:11:18.539Z,8.39
2026-03-07T07:16:18.431Z,8.51
2026-03-07T07:21:18.379Z,8.71
2026-03-07T07:26:18.487Z,8.91
2026-03-07T07:31:18.468Z,9.19
2026-03-07T07:36:18.493Z,9.45
2026-03-07T07:41:18.628Z,9.68
2026-03-07T07:46:18.509Z,9.8
2026-03-07T07:51:18.623Z,10.09
2026-03-07T07:56:18.401Z,10.35
2026-03-07T08:01:18.418Z,10.49
2026-03-07T08:06:18.542Z,10.58
2026-03-07T08:11:18.906Z,10.61
2026-03-07T08:16:18.602Z,10.49
2026-03-07T08:21:18.81Z,10.49
2026-03-07T08:26:18.436Z,10.49
2026-03-07T08:31:18.407Z,10.72
2026-03-07T08:36:18.671Z,10.98
2026-03-07T08:41:18.377Z,11.21
2026-03-07T08:46:18.79Z,11.47
2026-03-07T08:51:18.469Z,11.53
2026-03-07T08:56:18.648Z,11.64
2026-03-07T09:01:18.903Z,11.79
2026-03-07T09:06:18.92Z,11.76
2026-03-07T09:11:18.41Z,11.93
2026-03-07T09:16:18.491Z,12.25
2026-03-07T09:21:18.498Z,12.33
2026-03-07T09:26:18.641Z,12.45
2026-03-07T09:31:18.425Z,12.65
2026-03-07T09:36:18.424Z,12.79
2026-03-07T09:41:18.679Z,12.97
2026-03-07T09:46:18.363Z,12.97
2026-03-07T09:51:18.511Z,13.08
2026-03-07T09:56:18.404Z,13.4
2026-03-07T10:01:18.644Z,13.54
2026-03-07T10:06:18.705Z,13.69
2026-03-07T10:11:18.481Z,13.92
2026-03-07T10:16:18.449Z,13.86
2026-03-07T10:21:18.555Z,13.98
2026-03-07T10:26:18.618Z,13.98
2026-03-07T10:31:18.449Z,13.95
2026-03-07T10:36:18.401Z,14.06
2026-03-07T10:41:18.655Z,14.29
2026-03-07T10:46:18.498Z,14.55
2026-03-07T10:51:18.607Z,14.72
2026-03-07T10:56:18.563Z,15.01
2026-03-07T11:01:18.465Z,15.01
2026-03-07T11:06:19.481Z,15.07
2026-03-07T11:11:18.415Z,15.5
2026-03-07T11:16:18.637Z,15.21
2026-03-07T11:21:19.057Z,15.56
2026-03-07T11:26:19.042Z,15.76
2026-03-07T11:31:18.512Z,15.76
2026-03-07T11:36:18.374Z,15.81
2026-03-07T11:41:18.546Z,15.73
2026-03-07T11:46:18.595Z,15.79
2026-03-07T11:51:18.533Z,16.02
2026-03-07T11:56:18.627Z,16.65
2026-03-07T12:01:18.375Z,16.97
2026-03-07T12:06:18.624Z,16.88
2026-03-07T12:11:18.46Z,16.74
2026-03-07T12:16:18.421Z,16.62
2026-03-07T12:21:18.726Z,16.45
2026-03-07T12:26:18.618Z,16.22
2026-03-07T12:31:18.637Z,16.62
2026-03-07T12:36:18.391Z,17.05
2026-03-07T12:41:18.489Z,17.63
2026-03-07T12:46:18.622Z,17.97
2026-03-07T12:51:18.407Z,18.06
2026-03-07T12:56:18.43Z,17.74
2026-03-07T13:01:18.435Z,17.63
2026-03-07T13:06:18.747Z,17.51
2026-03-07T13:11:18.672Z,17.05
2026-03-07T13:16:18.544Z,16.94
2026-03-07T13:21:18.625Z,17.02
2026-03-07T13:26:18.414Z,17.05
2026-03-07T13:31:18.636Z,17.57
2026-03-07T13:36:18.491Z,17.8
2026-03-07T13:41:18.538Z,17.83
2026-03-07T13:46:18.681Z,18.06
2026-03-07T13:51:18.381Z,18.06
2026-03-07T13:56:19.04Z,17.83
2026-03-07T14:01:18.408Z,18.03
2026-03-07T14:06:18.639Z,17.8
2026-03-07T14:11:18.395Z,17.72
2026-03-07T14:16:18.479Z,17.97
2026-03-07T14:21:18.658Z,17.92
2026-03-07T14:26:18.474Z,17.86
2026-03-07T14:31:18.617Z,17.77
2026-03-07T14:36:18.443Z,17.72
2026-03-07T14:41:19.032Z,17.66
2026-03-07T14:46:18.501Z,17.66
2026-03-07T14:51:18.5Z,17.43
2026-03-07T14:56:18.861Z,17.26
2026-03-07T15:01:18.675Z,17.08
2026-03-07T15:06:18.468Z,16.94
2026-03-07T15:11:18.517Z,17.05
2026-03-07T15:16:18.65Z,17.02
2026-03-07T15:21:18.475Z,17.11
2026-03-07T15:26:18.532Z,17.17
2026-03-07T15:31:18.475Z,17.28
2026-03-07T15:36:18.398Z,17.34
2026-03-07T15:41:18.615Z,17.31
2026-03-07T15:46:18.636Z,17.34
2026-03-07T15:51:18.529Z,17.46
2026-03-07T15:56:18.445Z,17.31
2026-03-07T16:01:18.613Z,17.23
2026-03-07T16:06:18.418Z,17.05
2026-03-07T16:11:19.315Z,17.0
2026-03-07T16:16:18.5Z,16.82
2026-03-07T16:21:18.392Z,16.74
2026-03-07T16:26:18.59Z,16.68
2026-03-07T16:31:19.083Z,16.59
2026-03-07T16:36:18.64Z,16.59
2026-03-07T16:41:18.645Z,16.65
2026-03-07T16:46:18.377Z,16.51
2026-03-07T16:51:18.637Z,16.68
2026-03-07T16:56:18.387Z,16.71
2026-03-07T17:01:18.423Z,16.65
2026-03-07T17:06:18.499Z,16.48
2026-03-07T17:11:19.039Z,16.39
2026-03-07T17:16:18.447Z,16.3
2026-03-07T17:21:18.428Z,16.07
2026-03-07T17:26:18.645Z,16.02
2026-03-07T17:31:18.505Z,15.84
2026-03-07T17:36:18.637Z,15.79
2026-03-07T17:41:18.518Z,15.67
2026-03-07T17:46:18.378Z,15.61
2026-03-07T17:51:18.434Z,15.44
2026-03-07T17:56:18.606Z,15.39
2026-03-07T18:01:18.804Z,15.33
2026-03-07T18:06:18.476Z,15.16
2026-03-07T18:11:18.416Z,15.09
2026-03-07T18:16:18.377Z,15.07
2026-03-07T18:21:18.616Z,15.07
2026-03-07T18:26:18.37Z,14.93
2026-03-07T18:31:18.37Z,14.86
2026-03-07T18:36:18.392Z,14.78
2026-03-07T18:41:18.386Z,14.86
2026-03-07T18:46:18.604Z,14.78
2026-03-07T18:51:18.79Z,14.67
2026-03-07T18:56:18.464Z,14.67
2026-03-07T19:01:18.424Z,14.52
2026-03-07T19:06:18.392Z,14.41
2026-03-07T19:11:18.485Z,14.37
2026-03-07T19:16:18.625Z,14.29
2026-03-07T19:21:18.401Z,14.26
2026-03-07T19:26:18.401Z,14.23
2026-03-07T19:31:18.362Z,14.15
2026-03-07T19:36:18.442Z,14.12
2026-03-07T19:41:18.417Z,14.0
2026-03-07T19:46:18.526Z,14.03
2026-03-07T19:51:18.647Z,14.0
2026-03-07T19:56:18.441Z,14.0
2026-03-07T20:01:18.61Z,13.95
2026-03-07T20:06:18.766Z,13.95
2026-03-07T20:11:18.448Z,13.92
2026-03-07T20:16:18.362Z,13.92
2026-03-07T20:21:18.521Z,13.89
2026-03-07T20:26:18.631Z,13.89
2026-03-07T20:31:18.457Z,13.86
2026-03-07T20:36:18.45Z,13.86
2026-03-07T20:41:18.512Z,13.77
2026-03-07T20:46:18.812Z,13.77
2026-03-07T20:51:18.354Z,13.72
2026-03-07T20:56:18.411Z,13.74
2026-03-07T21:01:18.616Z,13.74
2026-03-07T21:06:18.355Z,13.72
2026-03-07T21:11:18.497Z,13.69
2026-03-07T21:16:18.335Z,13.66
2026-03-07T21:21:18.589Z,13.51
2026-03-07T21:26:18.509Z,13.46
2026-03-07T21:31:18.473Z,13.34
2026-03-07T21:36:18.633Z,13.28
2026-03-07T21:41:18.461Z,13.2
2026-03-07T21:46:18.391Z,13.11
2026-03-07T21:51:18.382Z,13.17
2026-03-07T21:56:18.347Z,13.08
2026-03-07T22:01:18.587Z,13.03
2026-03-07T22:06:18.612Z,13.0
2026-03-07T22:11:18.382Z,13.03
2026-03-07T22:16:18.384Z,12.97
2026-03-07T22:21:18.638Z,12.88
2026-03-07T22:26:18.484Z,12.79
2026-03-07T22:31:18.396Z,12.71
2026-03-07T22:36:18.341Z,12.74
2026-03-07T22:41:18.976Z,12.71
2026-03-07T22:46:18.582Z,12.85
2026-03-07T22:51:18.562Z,12.79
2026-03-07T22:56:18.397Z,12.74
2026-03-07T23:01:18.497Z,12.79
2026-03-07T23:06:18.347Z,12.79
2026-03-07T23:11:18.596Z,12.82
2026-03-07T23:16:18.469Z,12.79
2026-03-07T23:21:18.663Z,12.79
2026-03-07T23:26:18.597Z,12.74
2026-03-07T23:31:18.728Z,12.74
2026-03-07T23:36:18.381Z,12.74
2026-03-07T23:41:18.454Z,12.65
2026-03-07T23:46:18.437Z,12.71
2026-03-07T23:51:18.548Z,12.71
2026-03-07T23:56:19.268Z,12.74
2026-03-08T00:01:18.588Z,12.79
2026-03-08T00:06:18.611Z,12.74
2026-03-08T00:11:18.469Z,12.74
2026-03-08T00:16:18.333Z,12.74
2026-03-08T00:21:19.032Z,12.77
2026-03-08T00:26:18.419Z,12.71
2026-03-08T00:31:18.343Z,12.77
2026-03-08T00:36:18.445Z,12.79
2026-03-08T00:41:18.623Z,12.77
2026-03-08T00:46:19.314Z,12.77
2026-03-08T00:51:18.408Z,12.77
2026-03-08T00:56:18.377Z,12.77
2026-03-08T01:01:18.593Z,12.68
2026-03-08T01:06:18.818Z,12.65
2026-03-08T01:11:18.413Z,12.62
2026-03-08T01:16:18.605Z,12.51
2026-03-08T01:21:18.485Z,12.45
2026-03-08T01:26:18.442Z,12.48
2026-03-08T01:31:18.542Z,12.54
2026-03-08T01:36:18.408Z,12.45
2026-03-08T01:41:19.117Z,12.33
2026-03-08T01:46:18.434Z,12.31
2026-03-08T01:51:18.583Z,12.36
2026-03-08T01:56:18.37Z,12.36
2026-03-08T02:01:18.41Z,12.39
2026-03-08T02:06:18.533Z,12.22
2026-03-08T02:11:18.474Z,12.19
2026-03-08T02:16:18.553Z,12.1
2026-03-08T02:21:18.417Z,12.1
2026-03-08T02:26:18.599Z,12.13
2026-03-08T02:31:18.608Z,12.19
2026-03-08T02:36:18.434Z,12.13
2026-03-08T02:41:18.322Z,12.13
2026-03-08T02:46:18.569Z,11.99
2026-03-08T02:51:18.424Z,12.05
2026-03-08T02:56:18.388Z,12.1
2026-03-08T03:01:18.471Z,12.19
2026-03-08T03:06:18.621Z,12.22
2026-03-08T03:11:18.437Z,12.22
2026-03-08T03:16:18.578Z,12.13
2026-03-08T03:21:18.575Z,12.19
2026-03-08T03:26:18.365Z,12.19
2026-03-08T03:31:18.36Z,12.1
2026-03-08T03:36:18.826Z,12.07
2026-03-08T03:41:18.334Z,12.07
2026-03-08T03:46:18.446Z,12.05
2026-03-08T03:51:18.593Z,12.05
2026-03-08T03:56:18.585Z,12.1
2026-03-08T04:01:18.345Z,12.16
2026-03-08T04:06:18.601Z,12.1
2026-03-08T04:11:18.365Z,12.13
2026-03-08T04:16:18.577Z,12.1
2026-03-08T04:21:18.488Z,12.1
2026-03-08T04:26:18.403Z,12.1
2026-03-08T04:31:18.595Z,12.16
2026-03-08T04:36:18.601Z,12.16
2026-03-08T04:41:18.315Z,12.16
2026-03-08T04:46:18.573Z,12.1
2026-03-08T04:51:18.589Z,12.07
2026-03-08T04:56:18.899Z,12.16
2026-03-08T05:01:18.389Z,12.1
2026-03-08T05:06:18.572Z,12.13
2026-03-08T05:11:18.552Z,12.13
2026-03-08T05:16:18.598Z,12.19
2026-03-08T05:21:18.309Z,12.25
2026-03-08T05:26:18.302Z,12.31
2026-03-08T05:31:18.585Z,12.33
2026-03-08T05:36:18.386Z,12.33
2026-03-08T05:41:18.347Z,12.39
2026-03-08T05:46:18.442Z,12.36
2026-03-08T05:51:18.361Z,12.36
2026-03-08T05:56:18.602Z,12.36
2026-03-08T06:01:18.581Z,12.28
2026-03-08T06:06:18.572Z,12.22
2026-03-08T06:11:18.579Z,12.19
2026-03-08T06:16:18.573Z,12.25
2026-03-08T06:21:18.34Z,12.13
2026-03-08T06:26:18.365Z,12.02
2026-03-08T06:31:18.478Z,12.13
2026-03-08T06:36:18.482Z,12.16
2026-03-08T06:41:18.41Z,12.16
2026-03-08T06:46:18.411Z,12.19
2026-03-08T06:51:19.666Z,12.25
2026-03-08T06:56:18.433Z,12.22
2026-03-08T07:01:18.398Z,12.22
2026-03-08T07:06:18.434Z,12.22
2026-03-08T07:11:18.505Z,12.28
2026-03-08T07:16:18.607Z,12.28
2026-03-08T07:21:18.36Z,12.28
2026-03-08T07:26:18.42Z,12.39
2026-03-08T07:31:18.453Z,12.48
2026-03-08T07:36:18.375Z,12.59
2026-03-08T07:41:19.354Z,12.71
2026-03-08T07:46:18.346Z,12.77
2026-03-08T07:51:18.554Z,12.85
2026-03-08T07:56:18.444Z,12.97
2026-03-08T08:01:18.41Z,12.94
2026-03-08T08:06:18.432Z,12.97
2026-03-08T08:11:18.326Z,13.11
2026-03-08T08:16:18.62Z,13.11
2026-03-08T08:21:18.321Z,13.08
2026-03-08T08:26:18.538Z,13.2
2026-03-08T08:31:18.433Z,13.31
2026-03-08T08:36:18.893Z,13.37
2026-03-08T08:41:18.597Z,13.31
2026-03-08T08:46:18.459Z,13.49
2026-03-08T08:51:18.549Z,13.69
2026-03-08T08:56:18.346Z,13.72
2026-03-08T09:01:18.598Z,13.72
2026-03-08T09:06:18.54Z,13.77
2026-03-08T09:11:18.338Z,13.98
2026-03-08T09:16:18.552Z,14.03
2026-03-08T09:21:18.321Z,14.23
2026-03-08T09:26:18.344Z,14.44
2026-03-08T09:31:18.362Z,14.61
2026-03-08T09:36:18.564Z,14.78
2026-03-08T09:41:18.604Z,14.84
2026-03-08T09:46:18.406Z,14.93
2026-03-08T09:51:18.403Z,15.16
2026-03-08T09:56:18.345Z,15.24
2026-03-08T10:01:18.759Z,15.3
2026-03-08T10:06:18.339Z,15.5
2026-03-08T10:11:18.397Z,15.76
2026-03-08T10:16:18.547Z,15.96
2026-03-08T10:21:18.383Z,15.7
2026-03-08T10:26:18.314Z,15.88
2026-03-08T10:31:18.588Z,15.9
2026-03-08T10:36:18.543Z,16.1
2026-03-08T10:41:18.369Z,16.16
2026-03-08T10:46:18.55Z,16.37
2026-03-08T10:51:18.34Z,16.71
2026-03-08T10:56:18.365Z,16.88
2026-03-08T11:01:18.349Z,17.31
2026-03-08T11:06:18.459Z,17.46
2026-03-08T11:11:18.418Z,17.23
2026-03-08T11:16:18.964Z,17.02
2026-03-08T11:21:18.317Z,17.0
2026-03-08T11:26:18.441Z,16.91
2026-03-08T11:31:18.581Z,16.97
2026-03-08T11:36:18.403Z,16.74
2026-03-08T11:41:18.319Z,16.82
2026-03-08T11:46:18.441Z,16.88
2026-03-08T11:51:18.325Z,17.08
2026-03-08T11:56:18.336Z,17.17
2026-03-08T12:01:19.169Z,17.2
2026-03-08T12:06:18.315Z,17.11
2026-03-08T12:11:18.423Z,17.11
2026-03-08T12:16:18.404Z,17.08
2026-03-08T12:21:18.546Z,17.23
2026-03-08T12:26:18.438Z,17.11
2026-03-08T12:31:18.451Z,17.08
2026-03-08T12:36:18.447Z,17.34
2026-03-08T12:41:18.467Z,17.26
2026-03-08T12:46:18.397Z,17.31
2026-03-08T12:51:18.441Z,17.31
2026-03-08T12:56:18.428Z,17.34
2026-03-08T13:01:18.59Z,17.34
2026-03-08T13:06:18.344Z,17.43
2026-03-08T13:11:18.413Z,17.6
2026-03-08T13:16:18.413Z,17.72
2026-03-08T13:21:18.315Z,17.89
2026-03-08T13:26:18.572Z,18.03
2026-03-08T13:31:18.542Z,17.92
2026-03-08T13:36:18.537Z,17.89
2026-03-08T13:41:18.48Z,17.77
2026-03-08T13:46:18.416Z,17.95
2026-03-08T13:51:18.579Z,17.8
2026-03-08T13:56:18.432Z,17.72
2026-03-08T14:01:18.369Z,17.77
2026-03-08T14:06:18.485Z,17.77
2026-03-08T14:11:18.446Z,17.63
2026-03-08T14:16:18.336Z,17.6
2026-03-08T14:21:18.406Z,17.43
2026-03-08T14:26:19.532Z,17.46
2026-03-08T14:31:18.34Z,17.26
2026-03-08T14:36:18.59Z,17.08
2026-03-08T14:41:18.471Z,16.91
2026-03-08T14:46:18.34Z,16.53
2026-03-08T14:51:18.567Z,16.1
2026-03-08T14:56:18.551Z,16.07
2026-03-08T15:01:19.179Z,15.9
2026-03-08T15:06:18.51Z,15.65
2026-03-08T15:11:18.6Z,15.67
2026-03-08T15:16:18.648Z,15.61
2026-03-08T15:21:18.545Z,15.84
2026-03-08T15:26:18.499Z,15.93
2026-03-08T15:31:18.641Z,15.96
2026-03-08T15:36:18.537Z,15.84
2026-03-08T15:41:19.073Z,15.9
2026-03-08T15:46:19.066Z,15.93
2026-03-08T15:51:18.467Z,16.02
2026-03-08T15:56:18.417Z,15.9
2026-03-08T16:01:18.419Z,15.7
2026-03-08T16:06:18.296Z,15.5
2026-03-08T16:11:18.576Z,15.42
2026-03-08T16:16:18.54Z,15.44
2026-03-08T16:21:18.325Z,15.5
2026-03-08T16:26:18.432Z,15.5
2026-03-08T16:31:18.42Z,15.53
2026-03-08T16:36:18.33Z,15.47
2026-03-08T16:41:18.594Z,15.5
2026-03-08T16:46:18.544Z,15.56
2026-03-08T16:51:18.483Z,15.44
2026-03-08T16:56:18.559Z,15.42
2026-03-08T17:01:18.334Z,15.42
2026-03-08T17:06:18.306Z,15.33
2026-03-08T17:11:18.387Z,15.3
2026-03-08T17:16:18.338Z,15.19
2026-03-08T17:21:18.448Z,15.21
2026-03-08T17:26:18.355Z,15.09
2026-03-08T17:31:18.583Z,15.04
2026-03-08T17:36:18.43Z,15.04
2026-03-08T17:41:18.52Z,15.09
2026-03-08T17:46:18.535Z,15.07
2026-03-08T17:51:18.564Z,15.07
2026-03-08T17:56:18.459Z,15.09
2026-03-08T18:01:18.523Z,14.98
2026-03-08T18:06:18.32Z,14.9
2026-03-08T18:11:18.291Z,14.81
2026-03-08T18:16:18.374Z,14.75
2026-03-08T18:21:18.326Z,14.67
2026-03-08T18:26:18.555Z,14.44
2026-03-08T18:31:18.344Z,14.23
2026-03-08T18:36:18.284Z,14.15
2026-03-08T18:41:18.916Z,14.12
2026-03-08T18:46:18.4Z,14.12
2026-03-08T18:51:18.567Z,14.03
2026-03-08T18:56:18.356Z,14.06
2026-03-08T19:01:18.272Z,13.98
2026-03-08T19:06:18.756Z,13.8
2026-03-08T19:11:18.58Z,13.66
2026-03-08T19:16:19.42Z,13.6
2026-03-08T19:21:18.392Z,13.63
2026-03-08T19:26:18.347Z,13.66
2026-03-08T19:31:18.308Z,13.54
2026-03-08T19:36:18.451Z,13.46
2026-03-08T19:41:18.708Z,13.37
2026-03-08T19:46:18.459Z,13.43
2026-03-08T19:51:18.272Z,13.54
2026-03-08T19:56:18.296Z,13.54
2026-03-08T20:01:18.377Z,13.46
2026-03-08T20:06:18.505Z,13.37
2026-03-08T20:11:18.458Z,13.37
2026-03-08T20:16:18.363Z,13.17
2026-03-08T20:21:18.273Z,13.17
2026-03-08T20:26:18.393Z,13.05
2026-03-08T20:31:18.5Z,13.08
2026-03-08T20:36:18.581Z,13.08
2026-03-08T20:41:18.658Z,13.23
2026-03-08T20:46:18.887Z,13.31
2026-03-08T20:51:18.396Z,13.4
2026-03-08T20:56:18.411Z,13.2
2026-03-08T21:01:19.846Z,12.74
2026-03-08T21:06:18.529Z,12.45
2026-03-08T21:11:18.366Z,12.16
2026-03-08T21:16:18.431Z,11.99
2026-03-08T21:21:18.386Z,11.96
2026-03-08T21:26:18.343Z,11.93
2026-03-08T21:31:18.321Z,11.87
2026-03-08T21:36:18.354Z,11.79
2026-03-08T21:41:18.574Z,11.82
2026-03-08T21:46:18.485Z,11.7
2026-03-08T21:51:18.395Z,11.64
2026-03-08T21:56:18.325Z,11.53
2026-03-08T22:01:18.552Z,11.5
2026-03-08T22:06:18.39Z,11.44
2026-03-08T22:11:18.309Z,11.44
2026-03-08T22:16:18.53Z,11.38
2026-03-08T22:21:18.531Z,11.47
2026-03-08T22:26:18.354Z,11.38
2026-03-08T22:31:18.327Z,11.41
2026-03-08T22:36:18.282Z,11.38
2026-03-08T22:41:18.836Z,11.3
2026-03-08T22:46:18.531Z,11.21
2026-03-08T22:51:18.494Z,11.19
2026-03-08T22:56:18.506Z,11.12
2026-03-08T23:01:18.505Z,11.12
2026-03-08T23:06:18.869Z,10.98
2026-03-08T23:11:18.274Z,10.92
2026-03-08T23:16:18.296Z,10.84
2026-03-08T23:21:18.34Z,10.78
2026-03-08T23:26:18.358Z,10.72
2026-03-08T23:31:18.545Z,10.81
2026-03-08T23:36:18.538Z,10.7
2026-03-08T23:41:18.478Z,10.75
2026-03-08T23:46:18.329Z,10.7
2026-03-08T23:51:18.539Z,10.66
2026-03-08T23:56:18.558Z,10.61
2026-03-09T00:01:18.507Z,10.55
2026-03-09T00:06:18.371Z,10.52
2026-03-09T00:11:18.316Z,10.47
2026-03-09T00:16:18.517Z,10.43
2026-03-09T00:21:18.311Z,10.43
2026-03-09T00:26:18.392Z,10.47
2026-03-09T00:31:18.369Z,10.35
2026-03-09T00:36:18.273Z,10.35
2026-03-09T00:41:18.543Z,10.21
2026-03-09T00:46:18.482Z,10.26
2026-03-09T00:51:18.533Z,10.24
2026-03-09T00:56:18.314Z,10.17
2026-03-09T01:01:18.342Z,10.12
2026-03-09T01:06:18.341Z,10.15
2026-03-09T01:11:18.318Z,10.12
2026-03-09T01:16:18.326Z,10.03
2026-03-09T01:21:18.367Z,9.83
2026-03-09T01:26:18.272Z,9.89
2026-03-09T01:31:18.481Z,9.94
2026-03-09T01:36:18.251Z,9.98
2026-03-09T01:41:18.263Z,9.98
2026-03-09T01:46:18.249Z,10.0
2026-03-09T01:51:18.366Z,9.91
2026-03-09T01:56:18.686Z,9.86
2026-03-09T02:01:18.323Z,9.77
2026-03-09T02:06:18.269Z,9.77
2026-03-09T02:11:18.247Z,9.77
2026-03-09T02:16:18.501Z,9.75
2026-03-09T02:21:18.473Z,9.75
2026-03-09T02:26:18.398Z,9.63
2026-03-09T02:31:18.592Z,9.6
2026-03-09T02:36:18.469Z,9.51
2026-03-09T02:41:18.513Z,9.49
2026-03-09T02:46:18.285Z,9.45
2026-03-09T02:51:18.489Z,9.4
2026-03-09T02:56:18.545Z,9.42
2026-03-09T03:01:18.323Z,9.42
2026-03-09T03:06:18.29Z,9.31
2026-03-09T03:11:18.368Z,9.23
2026-03-09T03:16:18.52Z,9.0
2026-03-09T03:21:18.489Z,8.97
2026-03-09T03:26:18.373Z,8.88
2026-03-09T03:31:19.918Z,9.0
2026-03-09T03:36:18.535Z,9.0
2026-03-09T03:41:18.711Z,9.03
2026-03-09T03:46:18.359Z,9.03
2026-03-09T03:51:18.292Z,9.08
2026-03-09T03:56:18.469Z,9.03
2026-03-09T04:01:18.887Z,9.05
2026-03-09T04:06:18.248Z,9.14
2026-03-09T04:11:18.464Z,9.19
2026-03-09T04:16:18.327Z,9.26
2026-03-09T04:21:18.519Z,9.28
2026-03-09T04:26:18.308Z,9.17
2026-03-09T04:31:18.303Z,9.08
2026-03-09T04:36:18.319Z,8.91
2026-03-09T04:41:18.468Z,8.88
2026-03-09T04:46:18.279Z,8.79
2026-03-09T04:51:18.366Z,8.74
2026-03-09T04:56:18.297Z,8.74
2026-03-09T05:01:18.522Z,8.71
2026-03-09T05:06:18.339Z,8.59
2026-03-09T05:11:18.531Z,8.68
2026-03-09T05:16:18.43Z,8.65
2026-03-09T05:21:18.536Z,8.65
2026-03-09T05:26:18.253Z,8.62
2026-03-09T05:31:18.343Z,8.51
2026-03-09T05:36:18.381Z,8.39
2026-03-09T05:41:18.506Z,8.28
2026-03-09T05:46:18.461Z,8.25
2026-03-09T05:51:18.309Z,8.16
2026-03-09T05:56:18.29Z,8.08
2026-03-09T06:01:18.485Z,8.13
2026-03-09T06:06:18.533Z,8.05
2026-03-09T06:11:18.356Z,7.99
2026-03-09T06:16:18.473Z,7.93
2026-03-09T06:21:18.511Z,7.99
2026-03-09T06:26:18.27Z,8.05
2026-03-09T06:31:18.392Z,8.1
2026-03-09T06:36:18.823Z,7.99
2026-03-09T06:41:18.241Z,8.08
2026-03-09T06:46:18.334Z,8.05
2026-03-09T06:51:18.336Z,8.1
2026-03-09T06:56:18.466Z,8.22
2026-03-09T07:01:18.48Z,8.33
2026-03-09T07:06:18.488Z,8.48
2026-03-09T07:11:18.352Z,8.65
2026-03-09T07:16:18.341Z,8.94
2026-03-09T07:21:18.318Z,9.23
2026-03-09T07:26:18.303Z,9.54
2026-03-09T07:31:18.509Z,9.72
2026-03-09T07:36:18.324Z,9.75
2026-03-09T07:41:18.262Z,9.89
2026-03-09T07:46:18.375Z,10.0
2026-03-09T07:51:18.385Z,10.12
2026-03-09T07:56:18.341Z,10.29
2026-03-09T08:01:18.513Z,10.49
2026-03-09T08:06:18.306Z,10.58
2026-03-09T08:11:18.64Z,10.7
2026-03-09T08:16:18.246Z,10.96
2026-03-09T08:21:18.923Z,11.12
2026-03-09T08:26:18.572Z,11.33
2026-03-09T08:31:18.338Z,11.5
2026-03-09T08:36:18.241Z,11.64
2026-03-09T08:41:18.453Z,11.99
2026-03-09T08:46:18.253Z,12.42
2026-03-09T08:51:18.345Z,12.82
2026-03-09T08:56:18.349Z,12.97
2026-03-09T09:01:18.525Z,12.79
2026-03-09T09:06:18.346Z,12.94
2026-03-09T09:11:18.242Z,13.05
2026-03-09T09:16:18.777Z,12.94
2026-03-09T09:21:18.353Z,13.26
2026-03-09T09:26:18.472Z,13.54
2026-03-09T09:31:18.482Z,13.51
2026-03-09T09:36:18.534Z,13.92
2026-03-09T09:41:18.472Z,14.26
2026-03-09T09:46:18.513Z,14.18
2026-03-09T09:51:18.363Z,14.15
2026-03-09T09:56:18.376Z,14.37
2026-03-09T10:01:18.349Z,14.61
2026-03-09T10:06:18.349Z,14.7
2026-03-09T10:11:18.272Z,14.86
2026-03-09T10:16:18.476Z,14.86
2026-03-09T10:21:18.28Z,14.95
2026-03-09T10:26:18.29Z,15.27
2026-03-09T10:31:18.567Z,15.61
2026-03-09T10:36:18.425Z,16.05
2026-03-09T10:41:18.832Z,16.16
2026-03-09T10:46:18.273Z,16.39
2026-03-09T10:51:18.277Z,16.3
2026-03-09T10:56:18.485Z,16.65
2026-03-09T11:01:18.471Z,16.94
2026-03-09T11:06:18.555Z,17.37
2026-03-09T11:11:18.36Z,17.4
2026-03-09T11:16:18.281Z,17.6
2026-03-09T11:21:18.314Z,17.51
2026-03-09T11:26:18.428Z,17.92
2026-03-09T11:31:18.296Z,18.26
2026-03-09T11:36:18.255Z,18.29
2026-03-09T11:41:18.361Z,18.26
2026-03-09T11:46:18.365Z,18.09
2026-03-09T11:51:18.224Z,18.21
2026-03-09T11:56:18.335Z,18.32
2026-03-09T12:01:18.529Z,18.44
2026-03-09T12:06:18.269Z,18.98
2026-03-09T12:11:18.26Z,19.13
2026-03-09T12:16:18.265Z,19.3
2026-03-09T12:21:18.372Z,19.47
2026-03-09T12:26:18.466Z,19.44
2026-03-09T12:31:18.291Z,19.27
2026-03-09T12:36:18.362Z,19.24
2026-03-09T12:41:18.304Z,19.27
2026-03-09T12:46:18.515Z,19.5
2026-03-09T12:51:19.43Z,19.7
2026-03-09T12:56:18.531Z,19.85
2026-03-09T13:01:18.262Z,20.08
2026-03-09T13:06:18.333Z,20.22
2026-03-09T13:11:18.497Z,20.16
2026-03-09T13:16:18.336Z,20.65
2026-03-09T13:21:18.243Z,20.74
2026-03-09T13:26:18.699Z,20.51
2026-03-09T13:31:18.312Z,20.37
2026-03-09T13:36:18.405Z,20.28
2026-03-09T13:41:19.362Z,20.51
2026-03-09T13:46:18.327Z,20.79
2026-03-09T13:51:18.248Z,21.28
2026-03-09T13:56:18.454Z,21.0
2026-03-09T14:01:18.497Z,20.74
2026-03-09T14:06:18.305Z,20.53
2026-03-09T14:11:18.416Z,20.16
2026-03-09T14:16:18.324Z,19.99
2026-03-09T14:21:18.348Z,20.05
2026-03-09T14:26:18.458Z,20.02
2026-03-09T14:31:18.478Z,19.99
2026-03-09T14:36:18.218Z,19.93
2026-03-09T14:41:18.45Z,19.96
2026-03-09T14:46:18.241Z,19.99
2026-03-09T14:51:18.501Z,19.9
2026-03-09T14:56:18.251Z,20.11
2026-03-09T15:01:18.314Z,19.99
2026-03-09T15:06:18.79Z,19.93
2026-03-09T15:11:18.28Z,19.9
2026-03-09T15:16:18.213Z,19.9
2026-03-09T15:21:18.452Z,19.99
2026-03-09T15:26:18.334Z,19.88
2026-03-09T15:31:18.434Z,19.76
2026-03-09T15:36:18.4Z,19.53
2026-03-09T15:41:18.456Z,19.3
2026-03-09T15:46:18.435Z,19.27
2026-03-09T15:51:18.273Z,19.16
2026-03-09T15:56:18.255Z,19.04
2026-03-09T16:01:18.662Z,18.9
2026-03-09T16:06:18.286Z,18.61
2026-03-09T16:11:18.273Z,18.55
2026-03-09T16:16:18.495Z,18.44
2026-03-09T16:21:18.215Z,18.21
2026-03-09T16:26:18.607Z,18.03
2026-03-09T16:31:18.238Z,17.89
2026-03-09T16:36:18.273Z,17.95
2026-03-09T16:41:18.219Z,17.86
2026-03-09T16:46:18.249Z,17.86
2026-03-09T16:51:18.433Z,17.77
2026-03-09T16:56:18.337Z,17.77
2026-03-09T17:01:18.477Z,17.66
2026-03-09T17:06:18.47Z,17.69
2026-03-09T17:11:18.273Z,17.49
2026-03-09T17:16:18.455Z,17.23
2026-03-09T17:21:18.218Z,16.97
2026-03-09T17:26:18.269Z,16.88
2026-03-09T17:31:18.461Z,16.74
2026-03-09T17:36:18.468Z,16.65
2026-03-09T17:41:18.206Z,16.51
2026-03-09T17:46:18.493Z,16.42
2026-03-09T17:51:18.228Z,16.3
2026-03-09T17:56:18.195Z,16.28
2026-03-09T18:01:18.456Z,16.16
2026-03-09T18:06:18.207Z,16.22
2026-03-09T18:11:18.64Z,16.16
2026-03-09T18:16:18.49Z,16.16
2026-03-09T18:21:18.493Z,16.02
2026-03-09T18:26:18.34Z,15.99
2026-03-09T18:31:18.215Z,16.05
2026-03-09T18:36:18.443Z,15.84
2026-03-09T18:41:18.494Z,15.76
2026-03-09T18:46:18.465Z,15.67
2026-03-09T18:51:18.307Z,15.44
2026-03-09T18:56:18.317Z,15.39
2026-03-09T19:01:18.216Z,15.19
2026-03-09T19:06:18.262Z,15.09
2026-03-09T19:11:18.312Z,14.9
2026-03-09T19:16:18.912Z,14.81
2026-03-09T19:21:18.298Z,14.55
2026-03-09T19:26:18.416Z,14.41
2026-03-09T19:31:18.21Z,14.26
2026-03-09T19:36:18.383Z,14.12
2026-03-09T19:41:18.368Z,13.95
2026-03-09T19:46:18.213Z,13.8
2026-03-09T19:51:18.226Z,13.63
2026-03-09T19:56:18.274Z,13.63
2026-03-09T20:01:18.413Z,13.46
2026-03-09T20:06:18.441Z,13.34
2026-03-09T20:11:18.187Z,13.31
2026-03-09T20:16:18.286Z,13.2
2026-03-09T20:21:18.433Z,13.17
2026-03-09T20:26:18.449Z,13.17
2026-03-09T20:31:18.227Z,13.08
2026-03-09T20:36:18.314Z,13.03
2026-03-09T20:41:18.443Z,13.08
2026-03-09T20:46:18.212Z,13.11
2026-03-09T20:51:18.323Z,13.05
2026-03-09T20:56:18.202Z,13.08
2026-03-09T21:01:18.316Z,13.03
2026-03-09T21:06:18.274Z,13.11
2026-03-09T21:11:18.286Z,13.05
2026-03-09T21:16:18.165Z,13.08
2026-03-09T21:21:18.766Z,13.11
2026-03-09T21:26:18.384Z,13.08
2026-03-09T21:31:18.436Z,13.23
2026-03-09T21:36:18.452Z,13.37
2026-03-09T21:41:18.29Z,13.43
2026-03-09T21:46:18.466Z,13.46
2026-03-09T21:51:18.191Z,13.43
2026-03-09T21:56:18.42Z,13.54
2026-03-09T22:01:18.381Z,13.63
2026-03-09T22:06:18.209Z,13.54
2026-03-09T22:11:18.364Z,13.51
2026-03-09T22:16:18.294Z,13.57
2026-03-09T22:21:18.467Z,13.63
2026-03-09T22:26:18.205Z,13.63
2026-03-09T22:31:18.269Z,13.72
2026-03-09T22:36:18.26Z,13.63
2026-03-09T22:41:18.269Z,13.66
2026-03-09T22:46:18.295Z,13.63
2026-03-09T22:51:18.45Z,13.63
2026-03-09T22:56:18.244Z,13.66
2026-03-09T23:01:18.169Z,13.63
2026-03-09T23:06:18.365Z,13.63
2026-03-09T23:11:18.447Z,13.66
2026-03-09T23:16:18.357Z,13.6
2026-03-09T23:21:18.428Z,13.49
2026-03-09T23:26:18.254Z,13.46
2026-03-09T23:31:18.3Z,13.37
2026-03-09T23:36:18.168Z,13.4
2026-03-09T23:41:18.177Z,13.49
2026-03-09T23:46:18.373Z,13.54
2026-03-09T23:51:18.289Z,13.57
2026-03-09T23:56:18.236Z,13.57
2026-03-10T00:01:18.187Z,13.6
2026-03-10T00:06:18.767Z,13.6
2026-03-10T00:11:18.165Z,13.57
2026-03-10T00:16:18.441Z,13.6
2026-03-10T00:21:18.177Z,13.69
2026-03-10T00:26:18.241Z,13.72
2026-03-10T00:31:18.42Z,13.74
2026-03-10T00:36:18.25Z,13.83
2026-03-10T00:41:18.399Z,13.86
2026-03-10T00:46:18.231Z,13.77
2026-03-10T00:51:18.293Z,13.8
2026-03-10T00:56:18.361Z,13.74
2026-03-10T01:01:18.21Z,13.77
2026-03-10T01:06:18.443Z,13.77
2026-03-10T01:11:18.37Z,13.69
2026-03-10T01:16:18.286Z,13.72
2026-03-10T01:21:18.457Z,13.77
2026-03-10T01:26:18.426Z,13.8
2026-03-10T01:31:18.162Z,13.8
2026-03-10T01:36:18.229Z,13.77
2026-03-10T01:41:18.228Z,13.74
2026-03-10T01:46:18.724Z,13.8
2026-03-10T01:51:18.427Z,13.92
2026-03-10T01:56:18.161Z,13.89
2026-03-10T02:01:18.207Z,13.86
2026-03-10T02:06:18.293Z,13.77
2026-03-10T02:11:18.442Z,13.86
2026-03-10T02:16:18.293Z,13.89
2026-03-10T02:21:18.41Z,13.95
2026-03-10T02:26:18.282Z,13.98
2026-03-10T02:31:19.387Z,14.03
2026-03-10T02:36:18.3Z,14.0
2026-03-10T02:41:18.426Z,14.03
2026-03-10T02:46:18.249Z,13.95
2026-03-10T02:51:18.398Z,13.92
2026-03-10T02:56:18.246Z,13.86
2026-03-10T03:01:18.196Z,13.86
2026-03-10T03:06:18.41Z,13.72
2026-03-10T03:11:18.405Z,13.03
2026-03-10T03:16:18.409Z,12.45
2026-03-10T03:21:18.188Z,12.07
2026-03-10T03:26:18.265Z,11.87
2026-03-10T03:31:18.417Z,11.7
2026-03-10T03:36:18.228Z,11.53
2026-03-10T03:41:18.237Z,11.35
2026-03-10T03:46:18.186Z,11.33
2026-03-10T03:51:18.245Z,11.24
2026-03-10T03:56:18.391Z,11.3
2026-03-10T04:01:18.289Z,11.19
2026-03-10T04:06:18.425Z,11.21
2026-03-10T04:11:18.263Z,11.3
2026-03-10T04:16:18.203Z,11.3
2026-03-10T04:21:18.241Z,11.38
2026-03-10T04:26:18.301Z,11.5
2026-03-10T04:31:18.437Z,11.47
2026-03-10T04:36:18.223Z,11.53
2026-03-10T04:41:18.181Z,11.53
2026-03-10T04:46:18.179Z,11.5
2026-03-10T04:51:18.429Z,11.5
2026-03-10T04:56:18.183Z,11.53
2026-03-10T05:01:18.348Z,11.5
2026-03-10T05:06:18.413Z,11.5
2026-03-10T05:11:18.352Z,11.47
2026-03-10T05:16:18.169Z,11.33
2026-03-10T05:21:18.434Z,11.19
2026-03-10T05:26:18.507Z,10.98
2026-03-10T05:31:18.446Z,10.84
2026-03-10T05:36:18.28Z,10.7
2026-03-10T05:41:19.098Z,10.63
2026-03-10T05:46:18.181Z,10.55
2026-03-10T05:51:18.279Z,10.55
2026-03-10T05:56:18.342Z,10.35
2026-03-10T06:01:18.42Z,10.38
2026-03-10T06:06:18.243Z,10.4
2026-03-10T06:11:18.285Z,10.43
2026-03-10T06:16:18.261Z,10.47
2026-03-10T06:21:18.566Z,10.49
2026-03-10T06:26:18.423Z,10.52
2026-03-10T06:31:18.331Z,10.55
2026-03-10T06:36:18.189Z,10.49
2026-03-10T06:41:18.429Z,10.47
2026-03-10T06:46:18.412Z,10.43
2026-03-10T06:51:18.163Z,10.55
2026-03-10T06:56:18.345Z,10.61
2026-03-10T07:01:18.419Z,10.78
2026-03-10T07:06:18.336Z,10.81
2026-03-10T07:11:18.167Z,10.7
2026-03-10T07:16:18.159Z,10.58
2026-03-10T07:21:18.44Z,10.58
2026-03-10T07:26:18.292Z,10.47
2026-03-10T07:31:18.745Z,10.26
2026-03-10T07:36:18.281Z,10.24
2026-03-10T07:41:18.221Z,10.32
2026-03-10T07:46:18.407Z,10.38
2026-03-10T07:51:18.221Z,10.43
2026-03-10T07:56:18.242Z,10.43
2026-03-10T08:01:18.212Z,10.58
2026-03-10T08:06:18.423Z,10.75
2026-03-10T08:11:18.371Z,10.84
2026-03-10T08:16:18.381Z,11.01
2026-03-10T08:21:18.221Z,11.04
2026-03-10T08:26:18.235Z,11.15
2026-03-10T08:31:18.191Z,11.15
2026-03-10T08:36:18.347Z,11.12
2026-03-10T08:41:18.305Z,11.19
2026-03-10T08:46:18.179Z,11.3
2026-03-10T08:51:18.349Z,11.47
2026-03-10T08:56:18.37Z,11.53
2026-03-10T09:01:18.763Z,11.61
2026-03-10T09:06:18.436Z,11.7
2026-03-10T09:11:18.22Z,11.76
2026-03-10T09:16:18.253Z,11.9
2026-03-10T09:21:19.041Z,11.76
2026-03-10T09:26:18.14Z,11.76
2026-03-10T09:31:18.139Z,11.76
2026-03-10T09:36:18.331Z,11.76
2026-03-10T09:41:18.21Z,11.82
2026-03-10T09:46:18.943Z,11.87
2026-03-10T09:51:18.148Z,12.02
2026-03-10T09:56:18.158Z,11.96
2026-03-10T10:01:18.253Z,12.02
2026-03-10T10:06:18.202Z,12.07
2026-03-10T10:11:18.363Z,12.02
2026-03-10T10:16:18.158Z,11.99
2026-03-10T10:21:18.221Z,11.99
2026-03-10T10:26:18.903Z,11.76
2026-03-10T10:31:18.228Z,11.67
2026-03-10T10:36:18.18Z,11.56
2026-03-10T10:41:18.375Z,11.35
2026-03-10T10:46:18.233Z,11.24
2026-03-10T10:51:18.372Z,11.24
2026-03-10T10:56:18.399Z,11.07
2026-03-10T11:01:18.388Z,11.01
2026-03-10T11:06:18.329Z,11.04
2026-03-10T11:11:18.154Z,10.98
2026-03-10T11:16:18.382Z,11.21
2026-03-10T11:21:18.226Z,11.27
2026-03-10T11:26:18.349Z,11.27
2026-03-10T11:31:18.217Z,11.41
2026-03-10T11:36:18.145Z,11.53
2026-03-10T11:41:18.352Z,11.33
2026-03-10T11:46:18.186Z,11.35
2026-03-10T11:51:18.348Z,11.47
2026-03-10T11:56:18.354Z,11.53
2026-03-10T12:01:18.354Z,11.38
2026-03-10T12:06:18.117Z,11.24
2026-03-10T12:11:18.173Z,11.19
2026-03-10T12:16:18.17Z,11.12
2026-03-10T12:21:18.299Z,11.1
2026-03-10T12:26:18.443Z,10.86
2026-03-10T12:31:18.399Z,10.89
2026-03-10T12:36:18.243Z,10.96
2026-03-10T12:41:18.326Z,10.96
2026-03-10T12:46:18.218Z,10.92
2026-03-10T12:51:19.134Z,10.96
2026-03-10T12:56:18.307Z,11.01
2026-03-10T13:01:18.74Z,10.98
2026-03-10T13:06:18.381Z,10.92
2026-03-10T13:11:18.368Z,10.84
2026-03-10T13:16:18.163Z,10.84
2026-03-10T13:21:18.152Z,10.89
2026-03-10T13:26:18.387Z,11.04
2026-03-10T13:31:18.365Z,10.86
2026-03-10T13:36:18.297Z,10.86
2026-03-10T13:41:18.143Z,10.84
2026-03-10T13:46:18.268Z,11.07
2026-03-10T13:51:18.225Z,11.04
2026-03-10T13:56:18.209Z,11.04
2026-03-10T14:01:18.121Z,10.98
2026-03-10T14:06:18.294Z,11.07
2026-03-10T14:11:18.162Z,11.12
2026-03-10T14:16:18.373Z,11.12
2026-03-10T14:21:18.186Z,11.27
2026-03-10T14:26:18.209Z,11.21
2026-03-10T14:31:18.356Z,11.27
2026-03-10T14:36:18.233Z,11.35
2026-03-10T14:41:18.236Z,11.38
2026-03-10T14:46:18.204Z,11.33
2026-03-10T14:51:18.221Z,11.44
2026-03-10T14:56:18.223Z,11.56
2026-03-10T15:01:18.114Z,11.61
2026-03-10T15:06:18.178Z,11.67
2026-03-10T15:11:18.363Z,11.76
2026-03-10T15:16:18.399Z,11.79
2026-03-10T15:21:18.263Z,11.82
2026-03-10T15:26:18.917Z,11.87
2026-03-10T15:31:19.531Z,11.84
2026-03-10T15:36:18.21Z,11.9
2026-03-10T15:41:18.132Z,11.87
2026-03-10T15:46:18.248Z,11.99
2026-03-10T15:51:18.368Z,12.02
2026-03-10T15:56:18.849Z,12.02
2026-03-10T16:01:18.166Z,11.93
2026-03-10T16:06:18.189Z,12.02
2026-03-10T16:11:18.213Z,12.1
2026-03-10T16:16:18.117Z,12.02
2026-03-10T16:21:18.241Z,12.13
2026-03-10T16:26:18.174Z,12.07
2026-03-10T16:31:18.243Z,12.07
2026-03-10T16:36:18.201Z,12.07
2026-03-10T16:41:18.167Z,12.02
2026-03-10T16:46:18.314Z,12.02
2026-03-10T16:51:18.159Z,12.05
2026-03-10T16:56:18.238Z,12.07
2026-03-10T17:01:18.147Z,12.16
2026-03-10T17:06:18.298Z,12.16
2026-03-10T17:11:18.311Z,12.1
2026-03-10T17:16:18.303Z,12.13
2026-03-10T17:21:18.236Z,12.07
2026-03-10T17:26:18.388Z,12.07
2026-03-10T17:31:18.393Z,12.05
2026-03-10T17:36:18.304Z,11.93
2026-03-10T17:41:18.371Z,11.93
2026-03-10T17:46:18.204Z,11.99
2026-03-10T17:51:18.375Z,11.96
2026-03-10T17:56:18.286Z,11.87
2026-03-10T18:01:18.389Z,11.87
2026-03-10T18:06:18.354Z,11.87
2026-03-10T18:11:18.292Z,11.87
2026-03-10T18:16:18.215Z,11.9
2026-03-10T18:21:18.307Z,11.96
2026-03-10T18:26:18.124Z,12.02
2026-03-10T18:31:18.351Z,11.99
2026-03-10T18:36:18.123Z,12.02
2026-03-10T18:41:18.246Z,12.07
2026-03-10T18:46:18.573Z,12.05
2026-03-10T18:51:18.32Z,12.02
2026-03-10T18:56:18.385Z,12.05
2026-03-10T19:01:18.712Z,11.99
2026-03-10T19:06:18.274Z,12.02
2026-03-10T19:11:18.139Z,12.02
2026-03-10T19:16:18.263Z,12.05
2026-03-10T19:21:18.16Z,11.96
2026-03-10T19:26:18.111Z,11.96
2026-03-10T19:31:18.192Z,11.99
2026-03-10T19:36:18.178Z,11.99
2026-03-10T19:41:18.29Z,11.93
2026-03-10T19:46:18.328Z,12.02
2026-03-10T19:51:18.378Z,12.05
2026-03-10T19:56:18.134Z,12.02
2026-03-10T20:01:18.348Z,12.1
2026-03-10T20:06:18.145Z,12.13
2026-03-10T20:11:18.291Z,12.1
2026-03-10T20:16:18.636Z,12.16
2026-03-10T20:21:18.133Z,12.22
2026-03-10T20:26:18.293Z,12.22
2026-03-10T20:31:18.096Z,12.19
2026-03-10T20:36:18.363Z,12.25
2026-03-10T20:41:18.157Z,12.25
2026-03-10T20:46:18.402Z,12.28
2026-03-10T20:51:18.194Z,12.25
2026-03-10T20:56:18.328Z,12.33
2026-03-10T21:01:18.313Z,12.45
2026-03-10T21:06:18.318Z,12.42
2026-03-10T21:11:18.096Z,12.45
2026-03-10T21:16:18.181Z,12.36
2026-03-10T21:21:18.462Z,12.42
2026-03-10T21:26:18.111Z,12.36
2026-03-10T21:31:18.32Z,12.31
2026-03-10T21:36:18.366Z,12.28
2026-03-10T21:41:18.308Z,12.31
2026-03-10T21:46:18.119Z,12.33
2026-03-10T21:51:18.205Z,12.33
2026-03-10T21:56:18.106Z,12.33
2026-03-10T22:01:18.254Z,12.31
2026-03-10T22:06:18.374Z,12.42
2026-03-10T22:11:18.091Z,12.45
2026-03-10T22:16:18.354Z,12.54
2026-03-10T22:21:18.158Z,12.51
2026-03-10T22:26:18.352Z,12.51
2026-03-10T22:31:18.258Z,12.31
2026-03-10T22:36:18.298Z,12.22
2026-03-10T22:41:18.141Z,12.25
2026-03-10T22:46:18.319Z,12.16
2026-03-10T22:51:18.117Z,12.31
2026-03-10T22:56:18.264Z,12.31
2026-03-10T23:01:18.283Z,12.36
2026-03-10T23:06:18.091Z,12.39
2026-03-10T23:11:18.345Z,12.48
2026-03-10T23:16:18.143Z,12.51
2026-03-10T23:21:18.341Z,12.51
2026-03-10T23:26:18.341Z,12.45
2026-03-10T23:31:18.237Z,12.45
2026-03-10T23:36:18.085Z,12.39
2026-03-10T23:41:18.353Z,12.28
2026-03-10T23:46:18.174Z,12.22
2026-03-10T23:51:18.155Z,12.25
2026-03-10T23:56:18.149Z,12.25
2026-03-11T00:01:18.304Z,12.1
2026-03-11T00:06:18.296Z,12.13
2026-03-11T00:11:18.112Z,12.16
2026-03-11T00:16:18.128Z,12.13
2026-03-11T00:21:18.252Z,12.19
2026-03-11T00:26:18.313Z,12.22
2026-03-11T00:31:18.358Z,12.19
2026-03-11T00:36:18.286Z,12.25
2026-03-11T00:41:18.299Z,12.22
2026-03-11T00:46:18.122Z,12.22
2026-03-11T00:51:18.131Z,12.22
2026-03-11T00:56:18.266Z,12.25
2026-03-11T01:01:18.257Z,12.28
2026-03-11T01:06:18.276Z,12.25
2026-03-11T01:11:18.332Z,12.25
2026-03-11T01:16:18.072Z,12.19
2026-03-11T01:21:18.349Z,12.22
2026-03-11T01:26:18.32Z,12.22
2026-03-11T01:31:19.291Z,12.19
2026-03-11T01:36:18.266Z,12.31
2026-03-11T01:41:18.125Z,12.36
2026-03-11T01:46:18.083Z,12.33
2026-03-11T01:51:18.14Z,12.33
2026-03-11T01:56:18.15Z,12.28
2026-03-11T02:01:18.061Z,12.13
2026-03-11T02:06:18.173Z,12.19
2026-03-11T02:11:18.397Z,12.13
2026-03-11T02:16:18.335Z,12.1
2026-03-11T02:21:18.238Z,12.05
2026-03-11T02:26:18.23Z,12.07
2026-03-11T02:31:18.13Z,12.07
2026-03-11T02:36:18.145Z,12.05
2026-03-11T02:41:18.337Z,12.1
2026-03-11T02:46:18.145Z,12.07
2026-03-11T02:51:18.324Z,12.13
2026-03-11T02:56:18.082Z,12.16
2026-03-11T03:01:18.044Z,12.07
2026-03-11T03:06:18.084Z,12.1
2026-03-11T03:11:18.326Z,12.07
2026-03-11T03:16:18.313Z,12.07
2026-03-11T03:21:18.058Z,12.13
2026-03-11T03:26:18.107Z,12.1
2026-03-11T03:31:18.171Z,12.16
2026-03-11T03:36:18.646Z,12.13
2026-03-11T03:41:18.316Z,12.19
2026-03-11T03:46:18.284Z,12.19
2026-03-11T03:51:18.067Z,12.22
2026-03-11T03:56:18.256Z,12.31
2026-03-11T04:01:18.228Z,12.36
2026-03-11T04:06:18.092Z,12.36
2026-03-11T04:11:18.308Z,12.42
2026-03-11T04:16:18.066Z,12.48
2026-03-11T04:21:18.036Z,12.48
2026-03-11T04:26:18.025Z,12.42
2026-03-11T04:31:18.227Z,12.45
2026-03-11T04:36:18.285Z,12.48
2026-03-11T04:41:18.284Z,12.33
2026-03-11T04:46:18.127Z,12.33
2026-03-11T04:51:18.114Z,12.28
2026-03-11T04:56:18.209Z,12.31
2026-03-11T05:01:18.036Z,12.25
2026-03-11T05:06:18.303Z,12.31
2026-03-11T05:11:18.266Z,12.36
2026-03-11T05:16:18.304Z,12.33
2026-03-11T05:21:18.055Z,12.36
2026-03-11T05:26:18.158Z,12.45
2026-03-11T05:31:18.016Z,12.45
2026-03-11T05:36:18.286Z,12.45
2026-03-11T05:41:18.155Z,12.42
2026-03-11T05:46:18.365Z,12.45
2026-03-11T05:51:18.265Z,12.54
2026-03-11T05:56:18.432Z,12.54
2026-03-11T06:01:18.157Z,12.56
2026-03-11T06:06:18.051Z,12.48
2026-03-11T06:11:18.037Z,12.48
2026-03-11T06:16:18.238Z,12.48
2026-03-11T06:21:18.245Z,12.45
2026-03-11T06:26:18.24Z,12.42
2026-03-11T06:31:18.444Z,12.39
2026-03-11T06:36:18.245Z,12.48
2026-03-11T06:41:18.131Z,12.42
2026-03-11T06:46:18.207Z,12.51
2026-03-11T06:51:18.299Z,12.42
2026-03-11T06:56:18.263Z,12.56
2026-03-11T07:01:18.085Z,12.42
2026-03-11T07:06:18.127Z,12.42
2026-03-11T07:11:18.178Z,12.45
2026-03-11T07:16:18.254Z,12.54
2026-03-11T07:21:18.082Z,12.56
2026-03-11T07:26:18.233Z,12.65
2026-03-11T07:31:18.289Z,12.71
2026-03-11T07:36:18.268Z,12.82
2026-03-11T07:41:18.152Z,12.94
2026-03-11T07:46:18.231Z,13.05
2026-03-11T07:51:18.207Z,13.14
2026-03-11T07:56:18.918Z,13.05
2026-03-11T08:01:18.021Z,13.08
2026-03-11T08:06:18.095Z,13.14
2026-03-11T08:11:18.031Z,13.14
2026-03-11T08:16:18.068Z,13.17
2026-03-11T08:21:18.069Z,13.14
2026-03-11T08:26:19.11Z,13.08
2026-03-11T08:31:18.065Z,13.03
2026-03-11T08:36:18.12Z,13.14
2026-03-11T08:41:18.274Z,13.23
2026-03-11T08:46:18.248Z,13.2
2026-03-11T08:51:18.095Z,13.28
2026-03-11T08:56:18.129Z,13.43
2026-03-11T09:01:18.221Z,13.51
2026-03-11T09:06:18.101Z,13.6
2026-03-11T09:11:18.062Z,13.74
2026-03-11T09:16:17.999Z,13.89
2026-03-11T09:21:18.088Z,14.23
2026-03-11T09:26:18.179Z,14.23
2026-03-11T09:31:18.127Z,14.35
2026-03-11T09:36:18.025Z,14.47
2026-03-11T09:41:18.131Z,14.58
2026-03-11T09:46:18.209Z,14.52
2026-03-11T09:51:17.996Z,14.55
2026-03-11T09:56:18.024Z,14.7
2026-03-11T10:01:18.252Z,14.86
2026-03-11T10:06:18.642Z,14.9
2026-03-11T10:11:18.129Z,15.07
2026-03-11T10:16:17.998Z,15.44
2026-03-11T10:21:18.025Z,15.56
2026-03-11T10:26:17.992Z,15.67
2026-03-11T10:31:18.002Z,15.84
2026-03-11T10:36:18.057Z,16.14
2026-03-11T10:41:18.238Z,16.37
2026-03-11T10:46:18.254Z,16.68
2026-03-11T10:51:18.09Z,16.88
2026-03-11T10:56:18.288Z,16.97
2026-03-11T11:01:18.194Z,16.94
2026-03-11T11:06:18.049Z,16.91
2026-03-11T11:11:18.124Z,17.05
2026-03-11T11:16:18.207Z,17.2
2026-03-11T11:21:18.025Z,17.17
2026-03-11T11:26:18.24Z,17.11
2026-03-11T11:31:18.274Z,17.08
2026-03-11T11:36:18.03Z,17.14
2026-03-11T11:41:17.977Z,16.91
2026-03-11T11:46:18.112Z,16.53
2026-03-11T11:51:18.105Z,16.53
2026-03-11T11:56:18.21Z,16.65
2026-03-11T12:01:18.143Z,16.71
2026-03-11T12:06:18.223Z,16.88
2026-03-11T12:11:18.101Z,17.05
2026-03-11T12:16:18.03Z,17.46
2026-03-11T12:21:17.985Z,17.74
2026-03-11T12:26:18.268Z,17.89
2026-03-11T12:31:18.22Z,17.77
2026-03-11T12:36:18.493Z,17.92
2026-03-11T12:41:18.021Z,17.97
2026-03-11T12:46:18.084Z,17.69
2026-03-11T12:51:18.219Z,17.49
2026-03-11T12:56:18.243Z,17.31
2026-03-11T13:01:18.098Z,17.26
2026-03-11T13:06:18.018Z,17.26
2026-03-11T13:11:18.064Z,17.49
2026-03-11T13:16:17.996Z,17.46
2026-03-11T13:21:18.104Z,17.63
2026-03-11T13:26:19.007Z,17.66
2026-03-11T13:31:18.059Z,17.89
2026-03-11T13:36:18.063Z,17.92
2026-03-11T13:41:18.055Z,18.0
2026-03-11T13:46:18.176Z,18.09
2026-03-11T13:51:18.268Z,18.09
2026-03-11T13:56:17.974Z,18.21
2026-03-11T14:01:18.192Z,18.26
2026-03-11T14:06:17.958Z,18.18
2026-03-11T14:11:18.938Z,18.29
2026-03-11T14:16:18.049Z,18.44
2026-03-11T14:21:18.26Z,18.52
2026-03-11T14:26:18.102Z,18.93
2026-03-11T14:31:18.221Z,19.1
2026-03-11T14:36:18.2Z,19.04
2026-03-11T14:41:18.076Z,19.24
2026-03-11T14:46:17.963Z,19.04
2026-03-11T14:51:17.998Z,18.69
2026-03-11T14:56:18.007Z,18.75
2026-03-11T15:01:18.162Z,18.87
2026-03-11T15:06:18.224Z,18.75
2026-03-11T15:11:18.098Z,18.69
2026-03-11T15:16:18.166Z,19.16
2026-03-11T15:21:18.235Z,19.65
2026-03-11T15:26:17.974Z,19.65
2026-03-11T15:31:19.165Z,19.44
2026-03-11T15:36:18.164Z,19.53
2026-03-11T15:41:18.042Z,19.44
2026-03-11T15:46:18.161Z,19.59
2026-03-11T15:51:18.05Z,19.56
2026-03-11T15:56:17.949Z,19.62
2026-03-11T16:01:18.108Z,19.65
2026-03-11T16:06:18.617Z,19.7
2026-03-11T16:11:17.985Z,19.79
2026-03-11T16:16:18.033Z,19.9
2026-03-11T16:21:18.113Z,19.99
2026-03-11T16:26:18.245Z,20.02
2026-03-11T16:31:18.016Z,19.59
2026-03-11T16:36:18.088Z,19.07
2026-03-11T16:41:18.215Z,18.87
2026-03-11T16:46:17.975Z,18.61
2026-03-11T16:51:18.01Z,18.38
2026-03-11T16:56:18.063Z,18.26
2026-03-11T17:01:17.969Z,18.26
2026-03-11T17:06:17.979Z,18.21
2026-03-11T17:11:18.048Z,18.21
2026-03-11T17:16:18.575Z,18.15
2026-03-11T17:21:18.111Z,18.09
2026-03-11T17:26:17.946Z,17.97
2026-03-11T17:31:18.078Z,18.03
2026-03-11T17:36:18.075Z,18.0
2026-03-11T17:41:18.209Z,17.95
2026-03-11T17:46:17.94Z,17.72
2026-03-11T17:51:19.248Z,17.54
2026-03-11T17:56:18.054Z,17.49
2026-03-11T18:01:18.011Z,17.34
2026-03-11T18:06:18.03Z,17.14
2026-03-11T18:11:18.071Z,17.08
2026-03-11T18:16:18.091Z,16.94
2026-03-11T18:21:18.044Z,16.79
2026-03-11T18:26:18.064Z,16.77
2026-03-11T18:31:18.087Z,16.68
2026-03-11T18:36:18.09Z,16.56
2026-03-11T18:41:18.141Z,16.45
2026-03-11T18:46:17.987Z,16.19
2026-03-11T18:51:18.222Z,15.96
2026-03-11T18:56:18.212Z,15.93
2026-03-11T19:01:18.07Z,15.9
2026-03-11T19:06:18.198Z,15.81
2026-03-11T19:11:18.176Z,15.79
2026-03-11T19:16:18.023Z,15.67
2026-03-11T19:21:17.938Z,15.56
2026-03-11T19:26:18.026Z,15.44
2026-03-11T19:31:18.142Z,15.42
2026-03-11T19:36:18.504Z,15.21
2026-03-11T19:41:17.999Z,15.16
2026-03-11T19:46:18.076Z,15.12
2026-03-11T19:51:18.186Z,15.16
2026-03-11T19:56:18.158Z,15.09
2026-03-11T20:01:18.018Z,15.01
2026-03-11T20:06:18.071Z,15.01
2026-03-11T20:11:18.085Z,14.93
2026-03-11T20:16:18.141Z,14.9
2026-03-11T20:21:18.016Z,14.67
2026-03-11T20:26:18.042Z,14.55
2026-03-11T20:31:18.152Z,14.41
2026-03-11T20:36:18.177Z,14.29
2026-03-11T20:41:18.047Z,14.26
2026-03-11T20:46:17.991Z,14.15
2026-03-11T20:51:18.035Z,14.06
2026-03-11T20:56:17.931Z,13.98
2026-03-11T21:01:18.102Z,14.03
2026-03-11T21:06:17.932Z,13.86
2026-03-11T21:11:18.04Z,13.8
2026-03-11T21:16:18.604Z,13.72
2026-03-11T21:21:18.195Z,13.69
2026-03-11T21:26:18.178Z,13.74
2026-03-11T21:31:18.037Z,13.77
2026-03-11T21:36:17.963Z,13.8
2026-03-11T21:41:18.043Z,13.83
2026-03-11T21:46:17.994Z,13.74
2026-03-11T21:51:18.195Z,13.69
2026-03-11T21:56:17.954Z,13.63
2026-03-11T22:01:18.098Z,13.49
2026-03-11T22:06:17.963Z,13.37
2026-03-11T22:11:18.06Z,13.23
2026-03-11T22:16:17.972Z,13.14
2026-03-11T22:21:17.989Z,13.17
2026-03-11T22:26:17.93Z,13.05
2026-03-11T22:31:17.933Z,13.05
2026-03-11T22:36:18Z,13.05
2026-03-11T22:41:17.96Z,13.05
2026-03-11T22:46:18.082Z,13.11
2026-03-11T22:51:18.297Z,13.26
2026-03-11T22:56:18.065Z,13.43
2026-03-11T23:01:18.099Z,13.54
2026-03-11T23:06:18.067Z,13.6
2026-03-11T23:11:17.995Z,13.72
2026-03-11T23:16:18.113Z,13.74
2026-03-11T23:21:18.038Z,13.77
2026-03-11T23:26:18.014Z,13.86
2026-03-11T23:31:18.096Z,13.92
2026-03-11T23:36:17.968Z,13.98
2026-03-11T23:41:19.134Z,13.95
2026-03-11T23:46:18.148Z,13.92
2026-03-11T23:51:17.923Z,13.98
2026-03-11T23:56:17.952Z,13.98
2026-03-12T00:01:17.967Z,13.95
2026-03-12T00:06:17.911Z,13.89
2026-03-12T00:11:18.918Z,13.74
2026-03-12T00:16:17.982Z,13.66
2026-03-12T00:21:18.054Z,13.63
2026-03-12T00:26:17.997Z,13.69
2026-03-12T00:31:17.912Z,13.57
2026-03-12T00:36:18.075Z,13.63
2026-03-12T00:41:18.014Z,13.63
2026-03-12T00:46:18.107Z,13.63
2026-03-12T00:51:18.08Z,13.72
2026-03-12T00:56:17.911Z,13.77
2026-03-12T01:01:17.892Z,13.77
2026-03-12T01:06:18.075Z,13.8
2026-03-12T01:11:17.919Z,13.8
2026-03-12T01:16:18.074Z,13.86
2026-03-12T01:21:17.937Z,13.86
2026-03-12T01:26:18.125Z,13.92
2026-03-12T01:31:17.986Z,13.92
2026-03-12T01:36:18.094Z,13.83
2026-03-12T01:41:18.145Z,13.86
2026-03-12T01:46:17.979Z,13.95
2026-03-12T01:51:18.1Z,13.89
2026-03-12T01:56:17.896Z,14.03
2026-03-12T02:01:18.066Z,14.09
2026-03-12T02:06:18.815Z,14.15
2026-03-12T02:11:18.138Z,14.15
2026-03-12T02:16:18.179Z,14.21
2026-03-12T02:21:18.085Z,14.18
2026-03-12T02:26:18.639Z,14.23
2026-03-12T02:31:18.07Z,14.29
2026-03-12T02:36:17.893Z,14.29
2026-03-12T02:41:18.183Z,14.23
2026-03-12T02:46:18.119Z,14.26
2026-03-12T02:51:17.978Z,14.23
2026-03-12T02:56:17.946Z,14.26
2026-03-12T03:01:17.938Z,14.32
2026-03-12T03:06:17.947Z,14.35
2026-03-12T03:11:17.974Z,14.37
2026-03-12T03:16:18.135Z,14.23
2026-03-12T03:21:17.999Z,14.32
2026-03-12T03:26:17.982Z,14.23
2026-03-12T03:31:17.915Z,14.26
2026-03-12T03:36:17.994Z,14.18
2026-03-12T03:41:17.916Z,14.15
2026-03-12T03:46:18.151Z,14.06
2026-03-12T03:51:18.179Z,14.09
2026-03-12T03:56:18.077Z,14.0
2026-03-12T04:01:17.913Z,13.92
2026-03-12T04:06:17.926Z,13.89
2026-03-12T04:11:17.909Z,13.89
2026-03-12T04:16:18.109Z,13.74
2026-03-12T04:21:18.086Z,13.6
2026-03-12T04:26:17.917Z,13.66
2026-03-12T04:31:18.003Z,13.63
2026-03-12T04:36:18.081Z,13.54
2026-03-12T04:41:18.033Z,13.63
2026-03-12T04:46:17.887Z,13.66
2026-03-12T04:51:18.169Z,13.63
2026-03-12T04:56:17.892Z,13.49
2026-03-12T05:01:18.065Z,13.51
2026-03-12T05:06:18.118Z,13.54
2026-03-12T05:11:17.993Z,13.43
2026-03-12T05:16:18.029Z,13.4
2026-03-12T05:21:18.079Z,13.31
2026-03-12T05:26:18.101Z,13.26
2026-03-12T05:31:17.899Z,13.2
2026-03-12T05:36:18.191Z,13.11
2026-03-12T05:41:18.045Z,13.17
2026-03-12T05:46:18.3Z,13.17
2026-03-12T05:51:18.33Z,13.03
2026-03-12T05:56:18.361Z,12.77
2026-03-12T06:01:18.84Z,12.71
2026-03-12T06:06:18.046Z,12.65
2026-03-12T06:11:18.429Z,12.51
2026-03-12T06:16:19.025Z,12.39
2026-03-12T06:21:18.435Z,12.33
2026-03-12T06:26:18.908Z,12.22
2026-03-12T06:31:17.932Z,12.07
2026-03-12T06:36:18.032Z,12.07
2026-03-12T06:41:18.041Z,11.96
2026-03-12T06:46:17.946Z,11.84
2026-03-12T06:51:18.026Z,11.7
2026-03-12T06:56:18.146Z,11.67
2026-03-12T07:01:17.908Z,11.67
2026-03-12T07:06:18.162Z,11.7
2026-03-12T07:11:17.892Z,11.76
2026-03-12T07:16:17.992Z,11.87
2026-03-12T07:21:18.231Z,11.99
2026-03-12T07:26:17.939Z,12.07
2026-03-12T07:31:17.894Z,12.22
2026-03-12T07:36:18.146Z,12.36
2026-03-12T07:41:17.933Z,12.65
2026-03-12T07:46:18.035Z,12.71
2026-03-12T07:51:17.891Z,12.82
2026-03-12T07:56:17.978Z,12.91
2026-03-12T08:01:18.141Z,13.0
2026-03-12T08:06:18.015Z,13.17
2026-03-12T08:11:18.135Z,13.49
2026-03-12T08:16:18.017Z,13.6
2026-03-12T08:21:17.991Z,13.69
2026-03-12T08:26:17.905Z,13.8
2026-03-12T08:31:17.958Z,13.98
2026-03-12T08:36:17.843Z,14.12
2026-03-12T08:41:18.483Z,14.35
2026-03-12T08:46:18.645Z,14.64
2026-03-12T08:51:17.835Z,14.86
2026-03-12T08:56:17.985Z,15.04
2026-03-12T09:01:18.054Z,15.33
2026-03-12T09:06:17.879Z,15.42
2026-03-12T09:11:18.038Z,15.35
2026-03-12T09:16:18.025Z,15.53
2026-03-12T09:21:17.955Z,15.73
2026-03-12T09:26:17.83Z,16.07
2026-03-12T09:31:18.029Z,16.3
2026-03-12T09:36:17.903Z,16.65
2026-03-12T09:41:17.986Z,16.68
2026-03-12T09:46:17.911Z,16.74
2026-03-12T09:51:18.566Z,17.02
2026-03-12T09:56:17.857Z,17.4
2026-03-12T10:01:18.054Z,17.51
2026-03-12T10:06:17.915Z,17.95
2026-03-12T10:11:17.941Z,18.06
2026-03-12T10:16:17.875Z,18.35
2026-03-12T10:21:17.851Z,18.49
2026-03-12T10:26:18.015Z,18.64
2026-03-12T10:31:17.994Z,18.84
2026-03-12T10:36:17.909Z,18.98
2026-03-12T10:41:17.95Z,18.95
2026-03-12T10:46:17.89Z,19.16
2026-03-12T10:51:18.566Z,19.42
2026-03-12T10:56:18.146Z,19.21
2026-03-12T11:01:18.157Z,19.39
2026-03-12T11:06:17.943Z,19.42
2026-03-12T11:11:17.889Z,19.59
2026-03-12T11:16:17.856Z,19.62
2026-03-12T11:21:17.846Z,19.36
2026-03-12T11:26:17.981Z,19.42
2026-03-12T11:31:18.015Z,19.67
2026-03-12T11:36:17.946Z,19.65
2026-03-12T11:41:18.02Z,19.82
2026-03-12T11:46:17.98Z,20.05
2026-03-12T11:51:18.033Z,19.73
2026-03-12T11:56:17.949Z,20.11
2026-03-12T12:01:18.115Z,20.08
2026-03-12T12:06:17.851Z,20.14
2026-03-12T12:11:18.004Z,19.79
2026-03-12T12:16:17.901Z,20.02
2026-03-12T12:21:18.025Z,20.25
2026-03-12T12:26:18.094Z,20.25
2026-03-12T12:31:17.862Z,20.68
2026-03-12T12:36:18.018Z,20.76
2026-03-12T12:41:17.854Z,20.91
2026-03-12T12:46:17.843Z,20.88
2026-03-12T12:51:18.137Z,20.79
2026-03-12T12:56:17.912Z,20.68
2026-03-12T13:01:18.284Z,20.6
2026-03-12T13:06:19.204Z,20.79
2026-03-12T13:11:17.942Z,20.71
2026-03-12T13:16:18.383Z,21.02
2026-03-12T13:21:17.975Z,21.23
2026-03-12T13:26:18.1Z,21.49
2026-03-12T13:31:17.82Z,21.28
2026-03-12T13:36:18.011Z,21.32
2026-03-12T13:41:18.02Z,21.51
2026-03-12T13:46:17.844Z,21.72
2026-03-12T13:51:17.951Z,22.04
2026-03-12T13:56:17.93Z,21.97
2026-03-12T14:01:17.844Z,21.83
2026-03-12T14:06:18.052Z,21.63
2026-03-12T14:11:17.982Z,21.28
2026-03-12T14:16:17.946Z,20.83
2026-03-12T14:21:17.923Z,20.71
2026-03-12T14:26:17.892Z,20.91
2026-03-12T14:31:17.867Z,21.25
2026-03-12T14:36:17.852Z,21.74
2026-03-12T14:41:18.073Z,21.86
2026-03-12T14:46:18.083Z,21.69
2026-03-12T14:51:17.867Z,21.86
2026-03-12T14:56:17.912Z,21.89
2026-03-12T15:01:17.868Z,21.66
2026-03-12T15:06:17.903Z,21.74
2026-03-12T15:11:17.912Z,21.86
2026-03-12T15:16:18.236Z,22.18
2026-03-12T15:21:18.394Z,22.35
2026-03-12T15:26:18.181Z,22.61
2026-03-12T15:31:17.959Z,22.78
2026-03-12T15:36:18.008Z,22.93
2026-03-12T15:41:18.174Z,22.87
2026-03-12T15:46:18.088Z,22.84
2026-03-12T15:51:18.07Z,22.52
2026-03-12T15:56:17.858Z,22.38
2026-03-12T16:01:17.958Z,22.32
2026-03-12T16:06:17.825Z,22.58
2026-03-12T16:11:18.134Z,22.69
2026-03-12T16:16:17.876Z,22.58
2026-03-12T16:21:18.526Z,22.55
2026-03-12T16:26:18.076Z,22.52
2026-03-12T16:31:17.983Z,22.15
2026-03-12T16:36:17.987Z,22.18
2026-03-12T16:41:17.927Z,22.0
2026-03-12T16:46:18.13Z,21.72
2026-03-12T16:51:17.941Z,21.77
2026-03-12T16:56:17.918Z,21.63
2026-03-12T17:01:17.89Z,21.46
2026-03-12T17:06:18.007Z,21.32
2026-03-12T17:11:17.899Z,21.2
2026-03-12T17:16:18.102Z,21.06
2026-03-12T17:21:18.462Z,20.97
2026-03-12T17:26:17.961Z,20.88
2026-03-12T17:31:18.251Z,20.94
2026-03-12T17:36:17.983Z,20.83
2026-03-12T17:41:18.074Z,20.68
2026-03-12T17:46:18.058Z,20.34
2026-03-12T17:51:18.051Z,20.14
2026-03-12T17:56:18.213Z,19.93
2026-03-12T18:01:19.208Z,19.79
2026-03-12T18:06:17.937Z,19.5
2026-03-12T18:11:18.014Z,19.16
2026-03-12T18:16:18.126Z,18.87
2026-03-12T18:21:17.996Z,18.72
2026-03-12T18:26:17.825Z,18.55
2026-03-12T18:31:18Z,18.46
2026-03-12T18:36:18.024Z,18.26
2026-03-12T18:41:18.008Z,18.06
2026-03-12T18:46:17.914Z,17.97
2026-03-12T18:51:17.9Z,17.77
2026-03-12T18:56:19.209Z,17.66
2026-03-12T19:01:17.845Z,17.43
2026-03-12T19:06:18.659Z,17.26
2026-03-12T19:11:18.021Z,17.11
2026-03-12T19:16:17.83Z,17.05
2026-03-12T19:21:17.85Z,16.79
2026-03-12T19:26:17.889Z,16.62
2026-03-12T19:31:17.896Z,16.39
2026-03-12T19:36:17.908Z,16.28
2026-03-12T19:41:17.935Z,16.14
2026-03-12T19:46:18.112Z,15.96
2026-03-12T19:51:17.954Z,15.81
2026-03-12T19:56:19.523Z,15.65
2026-03-12T20:01:17.973Z,15.58
2026-03-12T20:06:18.01Z,15.53
2026-03-12T20:11:18.4Z,15.44
2026-03-12T20:16:17.821Z,15.33
2026-03-12T20:21:18.116Z,15.19
2026-03-12T20:26:18.264Z,15.07
2026-03-12T20:31:17.993Z,15.09
2026-03-12T20:36:17.967Z,14.95
2026-03-12T20:41:17.96Z,14.93
2026-03-12T20:46:17.878Z,15.01
2026-03-12T20:51:17.966Z,14.93
2026-03-12T20:56:17.999Z,14.86
2026-03-12T21:01:18.698Z,14.75
2026-03-12T21:06:18.403Z,14.7
2026-03-12T21:11:18.092Z,14.58
2026-03-12T21:16:17.993Z,14.58
2026-03-12T21:21:17.885Z,14.55
2026-03-12T21:26:17.839Z,14.61
2026-03-12T21:31:18.098Z,14.58
2026-03-12T21:36:18.589Z,14.49
2026-03-12T21:41:17.848Z,14.47
2026-03-12T21:46:17.903Z,14.35
2026-03-12T21:51:17.916Z,14.37
2026-03-12T21:56:17.987Z,14.29
2026-03-12T22:01:18.025Z,14.15
2026-03-12T22:06:17.974Z,14.23
2026-03-12T22:11:17.998Z,14.29
2026-03-12T22:16:18.123Z,14.21
2026-03-12T22:21:17.887Z,14.21
2026-03-12T22:26:18.03Z,14.21
2026-03-12T22:31:17.982Z,14.21
2026-03-12T22:36:17.874Z,14.18
2026-03-12T22:41:17.915Z,14.09
2026-03-12T22:46:18.013Z,14.06
2026-03-12T22:51:17.948Z,13.89
2026-03-12T22:56:17.913Z,13.77
2026-03-12T23:01:17.997Z,13.66
2026-03-12T23:06:18.015Z,13.51
2026-03-12T23:11:17.847Z,13.46
2026-03-12T23:16:17.959Z,13.37
2026-03-12T23:21:18.021Z,13.17
2026-03-12T23:26:17.957Z,13.08
2026-03-12T23:31:17.916Z,12.88
2026-03-12T23:36:18.112Z,12.94
2026-03-12T23:41:17.872Z,12.88
2026-03-12T23:46:18.043Z,12.88
2026-03-12T23:51:17.877Z,12.91
2026-03-12T23:56:17.971Z,12.91
2026-03-13T00:01:17.952Z,12.82
2026-03-13T00:06:17.935Z,12.77
2026-03-13T00:11:18.029Z,12.65
2026-03-13T00:16:17.877Z,12.62
2026-03-13T00:21:17.834Z,12.48
2026-03-13T00:26:17.971Z,12.42
2026-03-13T00:31:18.012Z,12.31
2026-03-13T00:36:17.901Z,12.22
2026-03-13T00:41:18.071Z,12.16
2026-03-13T00:46:17.919Z,11.96
2026-03-13T00:51:17.928Z,11.84
2026-03-13T00:56:17.927Z,11.76
2026-03-13T01:01:17.992Z,11.7
2026-03-13T01:06:18.02Z,11.59
2026-03-13T01:11:18.105Z,11.53
2026-03-13T01:16:17.997Z,11.47
2026-03-13T01:21:17.871Z,11.5
2026-03-13T01:26:17.858Z,11.47
2026-03-13T01:31:17.912Z,11.38
2026-03-13T01:36:18.04Z,11.35
2026-03-13T01:41:18.031Z,11.3
2026-03-13T01:46:17.973Z,11.5
2026-03-13T01:51:17.839Z,11.53
2026-03-13T01:56:17.991Z,11.53
2026-03-13T02:01:17.925Z,11.44
2026-03-13T02:06:18.207Z,11.38
2026-03-13T02:11:17.851Z,11.35
2026-03-13T02:16:17.932Z,11.24
2026-03-13T02:21:17.928Z,11.3
2026-03-13T02:26:17.927Z,11.44
2026-03-13T02:31:17.832Z,11.5
2026-03-13T02:36:17.969Z,11.5
2026-03-13T02:41:17.922Z,11.5
2026-03-13T02:46:18.124Z,11.5
2026-03-13T02:51:17.826Z,11.5
2026-03-13T02:56:17.849Z,11.47
2026-03-13T03:01:18.09Z,11.44
2026-03-13T03:06:18.092Z,11.44
2026-03-13T03:11:17.894Z,11.44
2026-03-13T03:16:17.86Z,11.41
2026-03-13T03:21:17.897Z,11.35
2026-03-13T03:26:17.914Z,11.3
2026-03-13T03:31:17.908Z,11.33
2026-03-13T03:36:17.96Z,11.35
2026-03-13T03:41:17.852Z,11.24
2026-03-13T03:46:18.719Z,11.21
2026-03-13T03:51:17.995Z,11.12
2026-03-13T03:56:17.887Z,11.04
2026-03-13T04:01:18.218Z,10.89
2026-03-13T04:06:18.093Z,10.72
2026-03-13T04:11:17.928Z,10.61
2026-03-13T04:16:17.845Z,10.49
2026-03-13T04:21:17.867Z,10.47
2026-03-13T04:26:17.95Z,10.32
2026-03-13T04:31:17.952Z,10.26
2026-03-13T04:36:18.266Z,10.26
2026-03-13T04:41:18.103Z,10.24
2026-03-13T04:46:18.079Z,10.15
2026-03-13T04:51:17.842Z,10.26
2026-03-13T04:56:17.977Z,10.38
2026-03-13T05:01:17.996Z,10.47
2026-03-13T05:06:18.447Z,10.43
2026-03-13T05:11:18.086Z,10.47
2026-03-13T05:16:17.957Z,10.43
2026-03-13T05:21:18.059Z,10.4
2026-03-13T05:26:18.09Z,10.35
2026-03-13T05:31:17.86Z,10.52
2026-03-13T05:36:18.05Z,10.92
2026-03-13T05:41:17.861Z,10.98
2026-03-13T05:46:18.093Z,10.96
2026-03-13T05:51:17.969Z,10.84
2026-03-13T05:56:18.258Z,10.81
2026-03-13T06:01:17.884Z,10.66
2026-03-13T06:06:17.876Z,10.47
2026-03-13T06:11:17.954Z,10.32
2026-03-13T06:16:18.098Z,10.26
2026-03-13T06:21:17.971Z,10.26
2026-03-13T06:26:17.993Z,10.26
2026-03-13T06:31:17.876Z,10.38
2026-03-13T06:36:17.876Z,10.35
2026-03-13T06:41:17.837Z,10.38
2026-03-13T06:46:17.986Z,10.47
2026-03-13T06:51:17.984Z,10.47
2026-03-13T06:56:17.81Z,10.58
2026-03-13T07:01:17.865Z,10.55
2026-03-13T07:06:17.91Z,10.58
2026-03-13T07:11:17.872Z,10.63
2026-03-13T07:16:17.964Z,10.7
2026-03-13T07:21:17.912Z,10.89
2026-03-13T07:26:17.886Z,11.07
2026-03-13T07:31:18.736Z,11.41
2026-03-13T07:36:17.904Z,11.93
2026-03-13T07:41:17.893Z,12.31
2026-03-13T07:46:17.827Z,12.65
2026-03-13T07:51:18.046Z,12.91
2026-03-13T07:56:17.8Z,13.08
2026-03-13T08:01:17.912Z,13.28
2026-03-13T08:06:18.055Z,13.54
2026-03-13T08:11:17.977Z,13.83
2026-03-13T08:16:17.865Z,14.12
2026-03-13T08:21:18.048Z,14.55
2026-03-13T08:26:17.966Z,14.84
2026-03-13T08:31:17.997Z,14.98
2026-03-13T08:36:17.943Z,15.07
2026-03-13T08:41:17.827Z,15.24
2026-03-13T08:46:17.797Z,15.53
2026-03-13T08:51:18.045Z,15.81
2026-03-13T08:56:18.033Z,16.02
2026-03-13T09:01:17.954Z,16.53
2026-03-13T09:06:17.963Z,16.74
2026-03-13T09:11:17.962Z,16.82
2026-03-13T09:16:17.937Z,17.0
2026-03-13T09:21:18.058Z,17.05
2026-03-13T09:26:17.865Z,17.26
2026-03-13T09:31:18.048Z,17.49
2026-03-13T09:36:17.976Z,17.4
2026-03-13T09:41:17.816Z,17.72
2026-03-13T09:46:17.959Z,17.74
2026-03-13T09:51:17.904Z,18.15
2026-03-13T09:56:17.87Z,18.58
2026-03-13T10:01:17.879Z,18.64
2026-03-13T10:06:17.937Z,18.84
2026-03-13T10:11:17.873Z,19.04
2026-03-13T10:16:17.955Z,18.95
2026-03-13T10:21:17.879Z,19.36
2026-03-13T10:26:17.836Z,19.62
2026-03-13T10:31:17.95Z,19.7
2026-03-13T10:36:17.823Z,19.9
2026-03-13T10:41:17.827Z,20.31
2026-03-13T10:46:17.831Z,20.51
2026-03-13T10:51:17.899Z,20.79
2026-03-13T10:56:17.934Z,21.2
2026-03-13T11:01:17.877Z,21.17
2026-03-13T11:06:17.915Z,21.32
2026-03-13T11:11:18Z,21.69
2026-03-13T11:16:17.86Z,22.04
2026-03-13T11:21:17.809Z,21.92
2026-03-13T11:26:17.951Z,22.0
2026-03-13T11:31:18.007Z,22.26
2026-03-13T11:36:18.074Z,22.64
2026-03-13T11:41:18.037Z,22.78
2026-03-13T11:46:18.066Z,22.69
2026-03-13T11:51:18.29Z,22.81
2026-03-13T11:56:17.876Z,23.1
2026-03-13T12:01:17.947Z,23.41
2026-03-13T12:06:18.061Z,23.47
2026-03-13T12:11:17.987Z,23.67
2026-03-13T12:16:17.84Z,23.53
2026-03-13T12:21:18.072Z,23.65
2026-03-13T12:26:18.078Z,23.85
2026-03-13T12:31:17.939Z,23.79
2026-03-13T12:36:17.994Z,23.99
2026-03-13T12:41:17.788Z,24.05
2026-03-13T12:46:18.294Z,24.08
2026-03-13T12:51:18.01Z,24.13
2026-03-13T12:56:17.906Z,24.19
2026-03-13T13:01:18.442Z,24.31
2026-03-13T13:06:18.677Z,24.11
2026-03-13T13:11:17.93Z,24.08
2026-03-13T13:16:18.631Z,24.34
2026-03-13T13:21:17.934Z,24.57
2026-03-13T13:26:17.9Z,24.8
2026-03-13T13:31:17.767Z,24.62
2026-03-13T13:36:17.795Z,24.94
2026-03-13T13:41:17.905Z,25.14
2026-03-13T13:46:17.905Z,24.8
2026-03-13T13:51:17.927Z,24.57
2026-03-13T13:56:17.883Z,24.51
2026-03-13T14:01:18.61Z,24.71
2026-03-13T14:06:17.789Z,25.06
2026-03-13T14:11:17.948Z,25.14
2026-03-13T14:16:17.86Z,25.11
2026-03-13T14:21:18.025Z,25.06
2026-03-13T14:26:17.934Z,25.06
2026-03-13T14:31:17.906Z,25.4
2026-03-13T14:36:17.886Z,25.4
2026-03-13T14:41:17.856Z,25.52
2026-03-13T14:46:18.01Z,25.57
2026-03-13T14:51:18.047Z,25.43
2026-03-13T14:56:17.946Z,25.29
2026-03-13T15:01:17.946Z,25.32
2026-03-13T15:06:17.932Z,25.34
2026-03-13T15:11:17.938Z,25.26
2026-03-13T15:16:18.045Z,25.46
2026-03-13T15:21:17.912Z,25.34
2026-03-13T15:26:17.807Z,25.43
2026-03-13T15:31:18.173Z,25.49
2026-03-13T15:36:18.04Z,25.52
2026-03-13T15:41:17.83Z,25.78
2026-03-13T15:46:17.925Z,25.75
2026-03-13T15:51:17.76Z,25.83
2026-03-13T15:56:17.834Z,25.6
2026-03-13T16:01:18.01Z,25.75
2026-03-13T16:06:17.932Z,25.83
2026-03-13T16:11:17.881Z,26.04
2026-03-13T16:16:17.75Z,25.92
2026-03-13T16:21:17.937Z,25.43
2026-03-13T16:26:17.752Z,25.11
2026-03-13T16:31:17.868Z,24.65
2026-03-13T16:36:18.038Z,24.37
2026-03-13T16:41:17.814Z,24.13
2026-03-13T16:46:17.927Z,24.11
2026-03-13T16:51:17.775Z,23.73
2026-03-13T16:56:17.762Z,23.36
2026-03-13T17:01:17.881Z,23.21
2026-03-13T17:06:17.977Z,23.21
2026-03-13T17:11:17.989Z,23.04
2026-03-13T17:16:17.912Z,22.72
2026-03-13T17:21:18.322Z,22.46
2026-03-13T17:26:18.897Z,22.26
2026-03-13T17:31:17.836Z,22.06
2026-03-13T17:36:18.054Z,21.86
2026-03-13T17:41:17.767Z,21.6
2026-03-13T17:46:17.842Z,21.17
2026-03-13T17:51:19.166Z,20.86
2026-03-13T17:56:17.856Z,20.6
2026-03-13T18:01:18.065Z,20.42
2026-03-13T18:06:17.892Z,20.19
2026-03-13T18:11:18.899Z,19.9
2026-03-13T18:16:17.846Z,19.76
2026-03-13T18:21:17.837Z,19.62
2026-03-13T18:26:17.889Z,19.56
2026-03-13T18:31:17.939Z,19.36
2026-03-13T18:36:17.914Z,19.21
2026-03-13T18:41:17.84Z,19.07
2026-03-13T18:46:17.964Z,18.93
2026-03-13T18:51:18.186Z,18.84
2026-03-13T18:56:17.791Z,18.72
2026-03-13T19:01:18.047Z,18.61
2026-03-13T19:06:17.807Z,18.55
2026-03-13T19:11:17.791Z,18.46
2026-03-13T19:16:17.8Z,18.46
2026-03-13T19:21:17.832Z,18.49
2026-03-13T19:26:17.887Z,18.46
2026-03-13T19:31:17.852Z,18.41
2026-03-13T19:36:17.984Z,18.35
2026-03-13T19:41:17.776Z,18.15
2026-03-13T19:46:17.83Z,17.97
2026-03-13T19:51:17.774Z,17.92
2026-03-13T19:56:17.957Z,17.92
2026-03-13T20:01:17.948Z,17.83
2026-03-13T20:06:17.966Z,17.69
2026-03-13T20:11:17.979Z,17.6
2026-03-13T20:16:17.921Z,17.37
2026-03-13T20:21:19.045Z,17.17
2026-03-13T20:26:18.288Z,17.0
2026-03-13T20:31:17.846Z,16.97
2026-03-13T20:36:17.832Z,17.0
2026-03-13T20:41:18.473Z,17.46
2026-03-13T20:46:17.836Z,17.77
2026-03-13T20:51:17.777Z,17.86
2026-03-13T20:56:18.01Z,17.74
2026-03-13T21:01:17.742Z,17.74
2026-03-13T21:06:17.903Z,17.74
2026-03-13T21:11:17.796Z,17.6
2026-03-13T21:16:17.837Z,17.63
2026-03-13T21:21:17.786Z,17.51
2026-03-13T21:26:17.887Z,17.37
2026-03-13T21:31:18.039Z,17.23
2026-03-13T21:36:17.866Z,17.28
2026-03-13T21:41:17.811Z,17.26
2026-03-13T21:46:17.802Z,17.11
2026-03-13T21:51:17.743Z,17.05
2026-03-13T21:56:17.996Z,17.02
2026-03-13T22:01:17.766Z,16.85
2026-03-13T22:06:17.785Z,16.74
2026-03-13T22:11:17.748Z,16.74
2026-03-13T22:16:17.983Z,16.65
2026-03-13T22:21:17.864Z,16.65
2026-03-13T22:26:18.036Z,16.68
2026-03-13T22:31:18.288Z,16.62
2026-03-13T22:36:18.007Z,16.65
2026-03-13T22:41:17.736Z,16.62
2026-03-13T22:46:17.996Z,16.56
2026-03-13T22:51:17.863Z,16.3
2026-03-13T22:56:17.96Z,16.02
2026-03-13T23:01:17.868Z,15.79
2026-03-13T23:06:17.84Z,15.53
2026-03-13T23:11:17.86Z,15.3
2026-03-13T23:16:17.994Z,15.07
2026-03-13T23:21:17.883Z,14.93
2026-03-13T23:26:17.781Z,14.95
2026-03-13T23:31:17.791Z,15.04
2026-03-13T23:36:17.891Z,14.93
2026-03-13T23:41:17.962Z,14.78
2026-03-13T23:46:17.776Z,14.61
2026-03-13T23:51:17.802Z,14.55
2026-03-13T23:56:17.872Z,14.58
2026-03-14T00:01:19.348Z,14.44
2026-03-14T00:06:18.024Z,14.21
2026-03-14T00:11:17.848Z,14.06
2026-03-14T00:16:17.943Z,14.06
2026-03-14T00:21:17.871Z,13.72
2026-03-14T00:26:17.985Z,13.49
2026-03-14T00:31:17.948Z,13.37
2026-03-14T00:36:17.997Z,13.23
2026-03-14T00:41:17.78Z,13.08
2026-03-14T00:46:17.813Z,13.03
2026-03-14T00:51:17.779Z,12.91
2026-03-14T00:56:18.013Z,12.97
2026-03-14T01:01:17.738Z,12.88
2026-03-14T01:06:17.806Z,12.85
2026-03-14T01:11:17.977Z,12.85
2026-03-14T01:16:17.796Z,12.77
2026-03-14T01:21:17.821Z,12.68
2026-03-14T01:26:17.939Z,13.28
2026-03-14T01:31:17.973Z,14.03
2026-03-14T01:36:17.857Z,14.26
2026-03-14T01:41:17.938Z,14.26
2026-03-14T01:46:17.983Z,14.18
2026-03-14T01:51:18.244Z,14.12
2026-03-14T01:56:17.787Z,13.95
2026-03-14T02:01:17.888Z,13.77
2026-03-14T02:06:17.841Z,13.57
2026-03-14T02:11:17.802Z,13.49
2026-03-14T02:16:17.977Z,13.37
2026-03-14T02:21:17.742Z,13.43
2026-03-14T02:26:17.904Z,13.51
2026-03-14T02:31:17.852Z,13.49
2026-03-14T02:36:17.859Z,13.49
2026-03-14T02:41:17.795Z,13.46
2026-03-14T02:46:17.892Z,13.46
2026-03-14T02:51:17.855Z,13.51
2026-03-14T02:56:17.779Z,13.26
2026-03-14T03:01:18.029Z,13.2
2026-03-14T03:06:17.801Z,13.08
2026-03-14T03:11:17.788Z,12.94
2026-03-14T03:16:17.88Z,12.68
2026-03-14T03:21:17.999Z,12.59
2026-03-14T03:26:17.963Z,12.59
2026-03-14T03:31:17.973Z,12.74
2026-03-14T03:36:18.005Z,12.85
2026-03-14T03:41:17.995Z,12.97
2026-03-14T03:46:17.949Z,12.97
2026-03-14T03:51:18.831Z,12.97
2026-03-14T03:56:17.848Z,13.14
2026-03-14T04:01:17.953Z,13.11
2026-03-14T04:06:18.17Z,12.65
2026-03-14T04:11:17.86Z,12.45
2026-03-14T04:16:17.733Z,12.42
2026-03-14T04:21:17.768Z,12.31
2026-03-14T04:26:17.961Z,12.22
2026-03-14T04:31:17.771Z,12.28
2026-03-14T04:36:17.728Z,12.07
2026-03-14T04:41:17.865Z,11.82
2026-03-14T04:46:18.599Z,11.84
2026-03-14T04:51:18.975Z,11.84
2026-03-14T04:56:17.735Z,11.96
2026-03-14T05:01:17.782Z,12.39
2026-03-14T05:06:17.971Z,12.79
2026-03-14T05:11:17.835Z,13.08
2026-03-14T05:16:17.998Z,13.17
2026-03-14T05:21:17.809Z,13.31
2026-03-14T05:26:17.778Z,13.46
2026-03-14T05:31:17.917Z,13.46
2026-03-14T05:36:17.724Z,13.28
2026-03-14T05:41:18.62Z,13.31
2026-03-14T05:46:17.921Z,13.23
2026-03-14T05:51:18.369Z,12.94
2026-03-14T05:56:17.736Z,12.88
2026-03-14T06:01:17.811Z,12.82
2026-03-14T06:06:17.787Z,12.85
2026-03-14T06:11:17.782Z,12.94
2026-03-14T06:16:17.948Z,13.0
2026-03-14T06:21:17.802Z,13.05
2026-03-14T06:26:17.82Z,13.14
2026-03-14T06:31:17.951Z,13.4
2026-03-14T06:36:17.98Z,13.63
2026-03-14T06:41:17.96Z,13.86
2026-03-14T06:46:17.963Z,14.0
2026-03-14T06:51:17.9Z,13.95
2026-03-14T06:56:17.83Z,13.54
2026-03-14T07:01:18.014Z,13.43
2026-03-14T07:06:17.731Z,13.2
2026-03-14T07:11:17.847Z,13.17
2026-03-14T07:16:17.92Z,13.11
2026-03-14T07:21:17.756Z,12.94
2026-03-14T07:26:17.939Z,12.88
2026-03-14T07:31:17.711Z,12.82
2026-03-14T07:36:17.791Z,12.74
2026-03-14T07:41:17.766Z,12.68
2026-03-14T07:46:17.789Z,12.74
2026-03-14T07:51:18.488Z,12.77
2026-03-14T07:56:17.989Z,13.03
2026-03-14T08:01:17.736Z,13.34
2026-03-14T08:06:17.731Z,13.54
2026-03-14T08:11:17.918Z,13.86
2026-03-14T08:16:17.723Z,14.21
2026-03-14T08:21:17.728Z,14.58
2026-03-14T08:26:17.943Z,14.81
2026-03-14T08:31:17.802Z,14.98
2026-03-14T08:36:17.94Z,15.04
2026-03-14T08:41:17.824Z,15.12
2026-03-14T08:46:17.818Z,15.24
2026-03-14T08:51:17.949Z,15.35
2026-03-14T08:56:17.92Z,15.53
2026-03-14T09:01:17.719Z,15.67
2026-03-14T09:06:17.966Z,15.73
2026-03-14T09:11:18.167Z,15.73
2026-03-14T09:16:17.838Z,15.76
2026-03-14T09:21:17.898Z,15.81
2026-03-14T09:26:17.694Z,15.9
2026-03-14T09:31:17.967Z,16.02
2026-03-14T09:36:17.923Z,16.25
2026-03-14T09:41:17.96Z,16.45
2026-03-14T09:46:17.842Z,16.65
2026-03-14T09:51:17.907Z,16.97
2026-03-14T09:56:17.744Z,17.2
2026-03-14T10:01:17.833Z,17.34
2026-03-14T10:06:17.829Z,17.43
2026-03-14T10:11:18.006Z,17.6
2026-03-14T10:16:17.744Z,17.49
2026-03-14T10:21:17.748Z,17.6
2026-03-14T10:26:17.705Z,17.4
2026-03-14T10:31:17.961Z,17.4
2026-03-14T10:36:17.851Z,17.43
2026-03-14T10:41:17.847Z,17.43
2026-03-14T10:46:17.741Z,17.49
2026-03-14T10:51:17.901Z,17.54
2026-03-14T10:56:18.121Z,17.57
2026-03-14T11:01:18.077Z,17.63
2026-03-14T11:06:17.789Z,17.77
2026-03-14T11:11:17.911Z,17.89
2026-03-14T11:16:18.196Z,18.09
2026-03-14T11:21:17.794Z,18.18
2026-03-14T11:26:17.994Z,18.18
2026-03-14T11:31:17.815Z,18.26
2026-03-14T11:36:17.783Z,18.41
2026-03-14T11:41:18.51Z,18.49
2026-03-14T11:46:18.519Z,18.41
2026-03-14T11:51:17.72Z,18.35
2026-03-14T11:56:18.541Z,18.41
2026-03-14T12:01:17.756Z,18.52
2026-03-14T12:06:17.758Z,18.67
2026-03-14T12:11:17.757Z,18.98
2026-03-14T12:16:17.936Z,19.07
2026-03-14T12:21:18.947Z,19.07
2026-03-14T12:26:17.822Z,19.1
2026-03-14T12:31:17.725Z,19.1
2026-03-14T12:36:17.736Z,18.98
2026-03-14T12:41:17.912Z,18.93
2026-03-14T12:46:17.891Z,18.98
2026-03-14T12:51:17.936Z,18.9
2026-03-14T12:56:17.695Z,18.98
2026-03-14T13:01:17.919Z,19.04
2026-03-14T13:06:17.719Z,19.13
2026-03-14T13:11:17.884Z,19.1
2026-03-14T13:16:17.788Z,19.04
2026-03-14T13:21:18.585Z,19.04
2026-03-14T13:26:17.789Z,19.07
2026-03-14T13:31:17.971Z,18.95
2026-03-14T13:36:17.896Z,18.93
2026-03-14T13:41:17.788Z,19.07
2026-03-14T13:46:17.816Z,19.04
2026-03-14T13:51:17.752Z,18.98
2026-03-14T13:56:17.971Z,18.95
2026-03-14T14:01:17.89Z,19.1
2026-03-14T14:06:17.849Z,18.98
2026-03-14T14:11:17.936Z,18.95
2026-03-14T14:16:17.797Z,18.87
2026-03-14T14:21:17.957Z,18.87
2026-03-14T14:26:18.007Z,18.78
2026-03-14T14:31:17.77Z,18.78
2026-03-14T14:36:17.828Z,18.87
2026-03-14T14:41:17.958Z,19.04
2026-03-14T14:46:17.954Z,19.42
2026-03-14T14:51:17.801Z,19.53
2026-03-14T14:56:17.965Z,19.42
2026-03-14T15:01:17.796Z,19.39
2026-03-14T15:06:17.903Z,19.24
2026-03-14T15:11:17.781Z,19.04
2026-03-14T15:16:17.928Z,18.98
2026-03-14T15:21:18.046Z,18.84
2026-03-14T15:26:17.921Z,18.75
2026-03-14T15:31:17.688Z,18.61
2026-03-14T15:36:17.948Z,18.61
2026-03-14T15:41:19.523Z,18.64
2026-03-14T15:46:17.842Z,18.61
2026-03-14T15:51:17.726Z,18.61
2026-03-14T15:56:17.991Z,18.55
2026-03-14T16:01:17.932Z,18.46
2026-03-14T16:06:17.706Z,18.41
2026-03-14T16:11:17.922Z,18.44
2026-03-14T16:16:17.746Z,18.41
2026-03-14T16:21:17.988Z,18.49
2026-03-14T16:26:17.756Z,18.44
2026-03-14T16:31:17.94Z,18.32
2026-03-14T16:36:17.766Z,18.26
2026-03-14T16:41:17.731Z,18.18
2026-03-14T16:46:17.756Z,18.06
2026-03-14T16:51:18.055Z,17.89
2026-03-14T16:56:17.885Z,17.92
2026-03-14T17:01:17.838Z,17.92
2026-03-14T17:06:17.917Z,17.86
2026-03-14T17:11:17.953Z,17.74
2026-03-14T17:16:17.724Z,17.86
2026-03-14T17:21:17.778Z,17.86
2026-03-14T17:26:17.683Z,17.72
2026-03-14T17:31:17.778Z,17.77
2026-03-14T17:36:18.193Z,17.66
2026-03-14T17:41:18.014Z,17.66
2026-03-14T17:46:17.997Z,17.6
2026-03-14T17:51:18.089Z,17.57
2026-03-14T17:56:18.165Z,17.37
2026-03-14T18:01:18.388Z,17.31
2026-03-14T18:06:17.76Z,17.23
2026-03-14T18:11:17.9Z,17.11
2026-03-14T18:16:17.86Z,17.05
2026-03-14T18:21:17.681Z,17.14
2026-03-14T18:26:17.759Z,17.11
2026-03-14T18:31:17.87Z,17.14
2026-03-14T18:36:17.837Z,17.14
2026-03-14T18:41:17.901Z,17.17
2026-03-14T18:46:17.654Z,17.4
2026-03-14T18:51:17.794Z,17.46
2026-03-14T18:56:17.79Z,17.49
2026-03-14T19:01:18.379Z,17.49
2026-03-14T19:06:17.779Z,17.43
2026-03-14T19:11:17.71Z,17.37
2026-03-14T19:16:17.754Z,17.31
2026-03-14T19:21:17.669Z,17.31
2026-03-14T19:26:17.72Z,17.28
2026-03-14T19:31:17.629Z,17.26
2026-03-14T19:36:17.886Z,17.14
2026-03-14T19:41:17.919Z,17.14
2026-03-14T19:46:17.915Z,17.02
2026-03-14T19:51:17.842Z,17.02
2026-03-14T19:56:17.875Z,16.94
2026-03-14T20:01:17.641Z,16.94
2026-03-14T20:06:17.922Z,16.97
2026-03-14T20:11:17.747Z,17.02
2026-03-14T20:16:17.66Z,16.97
2026-03-14T20:21:17.901Z,17.0
2026-03-14T20:26:18.175Z,17.08
2026-03-14T20:31:17.735Z,17.05
2026-03-14T20:36:17.68Z,17.0
2026-03-14T20:41:17.882Z,16.97
2026-03-14T20:46:17.679Z,16.79
2026-03-14T20:51:17.896Z,16.53
2026-03-14T20:56:17.754Z,16.39
2026-03-14T21:01:17.896Z,16.3
2026-03-14T21:06:17.723Z,16.3
2026-03-14T21:11:18.054Z,16.19
2026-03-14T21:16:17.671Z,16.16
2026-03-14T21:21:17.702Z,16.1
2026-03-14T21:26:17.914Z,15.93
2026-03-14T21:31:17.713Z,15.88
2026-03-14T21:36:17.839Z,15.81
2026-03-14T21:41:17.647Z,15.73
2026-03-14T21:46:17.879Z,15.67
2026-03-14T21:51:17.766Z,15.56
2026-03-14T21:56:17.753Z,15.42
2026-03-14T22:01:17.612Z,15.19
2026-03-14T22:06:17.764Z,15.04
2026-03-14T22:11:17.667Z,15.04
2026-03-14T22:16:17.873Z,15.09
2026-03-14T22:21:17.632Z,14.98
2026-03-14T22:26:17.93Z,14.95
2026-03-14T22:31:17.888Z,15.01
2026-03-14T22:36:17.654Z,15.07
2026-03-14T22:41:17.756Z,15.16
2026-03-14T22:46:17.85Z,15.19
2026-03-14T22:51:17.72Z,15.12
2026-03-14T22:56:17.686Z,15.01
2026-03-14T23:01:17.753Z,15.07
2026-03-14T23:06:17.693Z,15.09
2026-03-14T23:11:18.864Z,15.16
2026-03-14T23:16:17.843Z,15.24
2026-03-14T23:21:17.65Z,15.24
2026-03-14T23:26:17.997Z,15.27
2026-03-14T23:31:18.052Z,15.21
2026-03-14T23:36:18.142Z,15.21
2026-03-14T23:41:18.111Z,15.27
2026-03-14T23:46:17.893Z,15.24
2026-03-14T23:51:18.275Z,15.21
2026-03-14T23:56:17.88Z,15.16
2026-03-15T00:01:17.869Z,15.04
2026-03-15T00:06:18.39Z,15.01
2026-03-15T00:11:18.498Z,15.01
2026-03-15T00:16:17.611Z,14.95
2026-03-15T00:21:18.57Z,14.98
2026-03-15T00:26:17.838Z,14.98
2026-03-15T00:31:17.756Z,14.93
2026-03-15T00:36:17.618Z,14.81
2026-03-15T00:41:17.868Z,14.44
2026-03-15T00:46:17.673Z,14.12
2026-03-15T00:51:17.891Z,13.86
2026-03-15T00:56:17.822Z,13.74
2026-03-15T01:01:17.656Z,13.72
2026-03-15T01:06:17.68Z,13.63
2026-03-15T01:11:17.754Z,13.57
2026-03-15T01:16:17.729Z,13.46
2026-03-15T01:21:17.652Z,13.43
2026-03-15T01:26:17.675Z,13.37
2026-03-15T01:31:17.837Z,13.34
2026-03-15T01:36:17.711Z,13.31
2026-03-15T01:41:17.815Z,13.26
2026-03-15T01:46:17.812Z,13.17
2026-03-15T01:51:17.82Z,13.08
2026-03-15T01:56:17.703Z,13.11
2026-03-15T02:01:18.01Z,13.0
2026-03-15T02:06:17.816Z,12.97
2026-03-15T02:11:17.695Z,13.03
2026-03-15T02:16:17.878Z,13.03
2026-03-15T02:21:17.856Z,13.0
2026-03-15T02:26:17.888Z,13.11
2026-03-15T02:31:17.696Z,13.11
2026-03-15T02:36:17.868Z,13.14
2026-03-15T02:41:17.835Z,13.2
2026-03-15T02:46:17.625Z,13.14
2026-03-15T02:51:17.878Z,13.17
2026-03-15T02:56:17.731Z,13.14
2026-03-15T03:01:17.735Z,13.08
2026-03-15T03:06:17.659Z,13.08
2026-03-15T03:11:17.707Z,13.14
2026-03-15T03:16:17.726Z,13.11
2026-03-15T03:21:17.655Z,13.2
2026-03-15T03:26:17.816Z,13.03
2026-03-15T03:31:17.825Z,13.11
2026-03-15T03:36:17.693Z,13.11
2026-03-15T03:41:17.655Z,13.14
2026-03-15T03:46:18.469Z,13.08
2026-03-15T03:51:17.899Z,13.05
2026-03-15T03:56:17.72Z,13.0
2026-03-15T04:01:17.785Z,13.03
2026-03-15T04:06:17.591Z,13.03
2026-03-15T04:11:17.852Z,13.03
2026-03-15T04:16:17.749Z,13.03
2026-03-15T04:21:17.789Z,13.0
2026-03-15T04:26:17.858Z,12.94
2026-03-15T04:31:17.732Z,12.94
2026-03-15T04:36:17.853Z,12.97
2026-03-15T04:41:18.459Z,12.91
2026-03-15T04:46:17.867Z,12.94
2026-03-15T04:51:17.819Z,12.91
2026-03-15T04:56:17.835Z,13.05
2026-03-15T05:01:17.727Z,13.17
2026-03-15T05:06:17.851Z,13.2
2026-03-15T05:11:17.668Z,13.26
2026-03-15T05:16:17.88Z,13.23
2026-03-15T05:21:17.585Z,13.4
2026-03-15T05:26:17.803Z,13.43
2026-03-15T05:31:17.694Z,13.34
2026-03-15T05:36:17.828Z,13.31
2026-03-15T05:41:17.755Z,13.37
2026-03-15T05:46:17.731Z,13.37
2026-03-15T05:51:17.826Z,13.34
2026-03-15T05:56:17.82Z,13.28
2026-03-15T06:01:17.813Z,13.14
2026-03-15T06:06:17.621Z,13.17
2026-03-15T06:11:17.659Z,13.11
2026-03-15T06:16:18.425Z,12.97
2026-03-15T06:21:17.663Z,12.79
2026-03-15T06:26:18.209Z,12.65
2026-03-15T06:31:17.715Z,12.59
2026-03-15T06:36:17.776Z,12.59
2026-03-15T06:41:17.915Z,12.56
2026-03-15T06:46:17.713Z,12.77
2026-03-15T06:51:17.724Z,12.79
2026-03-15T06:56:17.751Z,12.85
2026-03-15T07:01:17.771Z,12.88
2026-03-15T07:06:17.653Z,13.03
2026-03-15T07:11:17.832Z,13.2
2026-03-15T07:16:17.656Z,13.34
2026-03-15T07:21:17.621Z,13.37
2026-03-15T07:26:17.702Z,13.49
2026-03-15T07:31:17.626Z,13.6
2026-03-15T07:36:17.828Z,13.72
2026-03-15T07:41:18.479Z,13.89
2026-03-15T07:46:17.706Z,14.09
2026-03-15T07:51:17.616Z,14.23
2026-03-15T07:56:17.783Z,14.37
2026-03-15T08:01:17.661Z,14.52
2026-03-15T08:06:17.601Z,14.72
2026-03-15T08:11:17.597Z,14.84
2026-03-15T08:16:17.794Z,14.95
2026-03-15T08:21:17.774Z,15.04
2026-03-15T08:26:17.778Z,15.12
2026-03-15T08:31:17.606Z,15.21
2026-03-15T08:36:18.452Z,15.33
2026-03-15T08:41:17.774Z,15.53
2026-03-15T08:46:17.589Z,15.65
2026-03-15T08:51:17.721Z,15.84
2026-03-15T08:56:18.125Z,15.99
2026-03-15T09:01:18.098Z,16.02
2026-03-15T09:06:17.79Z,16.02
2026-03-15T09:11:17.598Z,16.19
2026-03-15T09:16:17.836Z,16.25
2026-03-15T09:21:17.694Z,16.16
2026-03-15T09:26:17.56Z,16.33
2026-03-15T09:31:17.858Z,16.59
2026-03-15T09:36:17.637Z,16.59
2026-03-15T09:41:17.591Z,16.85
2026-03-15T09:46:17.675Z,16.88
2026-03-15T09:51:17.828Z,16.91
2026-03-15T09:56:18.597Z,16.94
2026-03-15T10:01:17.775Z,17.2
2026-03-15T10:06:17.638Z,17.08
2026-03-15T10:11:17.677Z,17.2
2026-03-15T10:16:17.65Z,17.2
2026-03-15T10:21:17.579Z,17.11
2026-03-15T10:26:17.701Z,17.28
2026-03-15T10:31:17.673Z,17.37
2026-03-15T10:36:17.794Z,17.37
2026-03-15T10:41:17.828Z,17.37
2026-03-15T10:46:17.708Z,17.43
2026-03-15T10:51:17.812Z,17.54
2026-03-15T10:56:17.798Z,17.57
2026-03-15T11:01:17.556Z,17.74
2026-03-15T11:06:17.637Z,17.66
2026-03-15T11:11:17.844Z,17.69
2026-03-15T11:16:17.771Z,17.77
2026-03-15T11:21:17.659Z,18.09
2026-03-15T11:26:17.791Z,17.8
2026-03-15T11:31:18.124Z,18.0
2026-03-15T11:36:17.785Z,18.06
2026-03-15T11:41:17.805Z,18.0
2026-03-15T11:46:17.636Z,17.97
2026-03-15T11:51:17.804Z,17.8
2026-03-15T11:56:17.604Z,17.8
2026-03-15T12:01:18.221Z,17.92
2026-03-15T12:06:17.594Z,18.35
2026-03-15T12:11:17.789Z,18.0
2026-03-15T12:16:17.574Z,18.35
2026-03-15T12:21:17.679Z,18.38
2026-03-15T12:26:17.612Z,18.41
2026-03-15T12:31:17.758Z,18.09
2026-03-15T12:36:18.67Z,18.38
2026-03-15T12:41:17.567Z,18.09
2026-03-15T12:46:17.811Z,18.35
2026-03-15T12:51:17.807Z,18.46
2026-03-15T12:56:18.047Z,18.75
2026-03-15T13:01:17.798Z,18.58
2026-03-15T13:06:18.371Z,18.61
2026-03-15T13:11:17.768Z,18.81
2026-03-15T13:16:17.574Z,18.72
2026-03-15T13:21:17.776Z,18.9
2026-03-15T13:26:17.547Z,18.87
2026-03-15T13:31:17.61Z,19.07
2026-03-15T13:36:17.812Z,19.27
2026-03-15T13:41:17.554Z,19.13
2026-03-15T13:46:18.379Z,18.9
2026-03-15T13:51:17.755Z,18.38
2026-03-15T13:56:17.719Z,18.58
2026-03-15T14:01:17.662Z,18.44
2026-03-15T14:06:17.694Z,18.44
2026-03-15T14:11:17.703Z,18.64
2026-03-15T14:16:17.769Z,18.67
2026-03-15T14:21:17.583Z,18.84
2026-03-15T14:26:17.634Z,18.69
2026-03-15T14:31:17.642Z,18.64
2026-03-15T14:36:17.673Z,18.9
2026-03-15T14:41:17.738Z,19.39
2026-03-15T14:46:18.278Z,18.98
2026-03-15T14:51:17.535Z,18.64
2026-03-15T14:56:17.786Z,18.58
2026-03-15T15:01:17.639Z,18.69
2026-03-15T15:06:17.795Z,18.72
2026-03-15T15:11:17.673Z,18.52
2026-03-15T15:16:18.247Z,18.61
2026-03-15T15:21:17.538Z,18.61
2026-03-15T15:26:18.317Z,18.61
2026-03-15T15:31:17.585Z,18.55
2026-03-15T15:36:18.404Z,18.78
2026-03-15T15:41:18.496Z,18.87
2026-03-15T15:46:17.694Z,18.95
2026-03-15T15:51:18.612Z,19.39
2026-03-15T15:56:17.74Z,19.18
2026-03-15T16:01:17.781Z,19.3
2026-03-15T16:06:17.571Z,19.33
2026-03-15T16:11:17.589Z,19.27
2026-03-15T16:16:17.582Z,19.1
2026-03-15T16:21:17.623Z,19.39
2026-03-15T16:26:17.554Z,19.44
2026-03-15T16:31:17.689Z,19.56
2026-03-15T16:36:17.763Z,19.65
2026-03-15T16:41:17.771Z,19.5
2026-03-15T16:46:17.78Z,19.56
2026-03-15T16:51:17.759Z,19.67
2026-03-15T16:56:17.66Z,19.65
2026-03-15T17:01:17.553Z,19.62
2026-03-15T17:06:17.691Z,19.59
2026-03-15T17:11:17.578Z,19.47
2026-03-15T17:16:17.738Z,19.47
2026-03-15T17:21:17.793Z,19.39
2026-03-15T17:26:17.544Z,19.42
2026-03-15T17:31:17.784Z,19.3
2026-03-15T17:36:17.522Z,19.21
2026-03-15T17:41:17.531Z,19.07
2026-03-15T17:46:17.786Z,18.9
2026-03-15T17:51:17.592Z,18.72
2026-03-15T17:56:17.582Z,18.64
2026-03-15T18:01:17.742Z,18.64
2026-03-15T18:06:17.577Z,18.52
2026-03-15T18:11:17.761Z,18.32
2026-03-15T18:16:17.594Z,18.06
2026-03-15T18:21:17.559Z,17.89
2026-03-15T18:26:17.648Z,17.77
2026-03-15T18:31:17.929Z,17.66
2026-03-15T18:36:17.748Z,17.51
2026-03-15T18:41:17.657Z,17.43
2026-03-15T18:46:17.674Z,17.2
2026-03-15T18:51:17.628Z,17.14
2026-03-15T18:56:17.673Z,17.11
2026-03-15T19:01:17.644Z,17.05
2026-03-15T19:06:17.562Z,16.91
2026-03-15T19:11:17.796Z,16.91
2026-03-15T19:16:18.247Z,16.82
2026-03-15T19:21:17.634Z,16.82
2026-03-15T19:26:17.766Z,16.74
2026-03-15T19:31:17.668Z,16.62
2026-03-15T19:36:17.531Z,16.56
2026-03-15T19:41:17.62Z,16.37
2026-03-15T19:46:17.679Z,16.3
2026-03-15T19:51:18.168Z,16.19
2026-03-15T19:56:17.869Z,16.14
2026-03-15T20:01:17.582Z,16.02
2026-03-15T20:06:17.685Z,15.9
2026-03-15T20:11:18.412Z,15.79
2026-03-15T20:16:17.663Z,15.79
2026-03-15T20:21:17.596Z,15.84
2026-03-15T20:26:17.557Z,15.88
2026-03-15T20:31:17.53Z,15.9
2026-03-15T20:36:17.619Z,16.02
2026-03-15T20:41:17.601Z,15.96
2026-03-15T20:46:17.602Z,15.93
2026-03-15T20:51:17.776Z,15.61
2026-03-15T20:56:18.381Z,15.47
2026-03-15T21:01:17.738Z,15.24
2026-03-15T21:06:17.57Z,14.95
2026-03-15T21:11:17.65Z,14.86
2026-03-15T21:16:17.641Z,14.86
2026-03-15T21:21:18.182Z,14.9
2026-03-15T21:26:17.745Z,14.86
2026-03-15T21:31:17.581Z,14.84
2026-03-15T21:36:17.569Z,14.84
2026-03-15T21:41:17.907Z,14.67
2026-03-15T21:46:17.611Z,14.23
2026-03-15T21:51:17.568Z,13.92
2026-03-15T21:56:17.539Z,13.72
2026-03-15T22:01:17.6Z,13.4
2026-03-15T22:06:17.542Z,13.17
2026-03-15T22:11:17.507Z,13.11
2026-03-15T22:16:17.522Z,13.03
2026-03-15T22:21:17.807Z,13.23
2026-03-15T22:26:17.906Z,13.23
2026-03-15T22:31:17.508Z,13.05
2026-03-15T22:36:17.627Z,12.94
2026-03-15T22:41:17.57Z,12.65
2026-03-15T22:46:17.726Z,12.36
2026-03-15T22:51:18.029Z,12.22
2026-03-15T22:56:18.091Z,11.96
2026-03-15T23:01:18.199Z,11.64
2026-03-15T23:06:17.551Z,11.5
2026-03-15T23:11:17.549Z,11.44
2026-03-15T23:16:17.603Z,11.44
2026-03-15T23:21:17.725Z,11.5
2026-03-15T23:26:17.745Z,11.56
2026-03-15T23:31:17.743Z,11.35
2026-03-15T23:36:17.522Z,11.3
2026-03-15T23:41:17.763Z,11.07
2026-03-15T23:46:17.767Z,10.86
2026-03-15T23:51:19.121Z,10.98
2026-03-15T23:56:17.73Z,11.44
2026-03-16T00:01:17.848Z,11.93
2026-03-16T00:06:17.766Z,12.33
2026-03-16T00:11:17.765Z,12.77
2026-03-16T00:16:17.754Z,13.23
2026-03-16T00:21:17.609Z,13.49
2026-03-16T00:26:17.776Z,13.6
2026-03-16T00:31:17.62Z,13.6
2026-03-16T00:36:18.04Z,13.49
2026-03-16T00:41:17.6Z,13.28
2026-03-16T00:46:17.501Z,13.11
2026-03-16T00:51:17.728Z,12.82
2026-03-16T00:56:17.617Z,12.68
2026-03-16T01:01:17.608Z,12.54
2026-03-16T01:06:17.652Z,12.45
2026-03-16T01:11:17.647Z,12.45
2026-03-16T01:16:18.257Z,12.39
2026-03-16T01:21:17.576Z,12.28
2026-03-16T01:26:17.698Z,12.22
2026-03-16T01:31:17.701Z,12.28
2026-03-16T01:36:17.579Z,12.16
2026-03-16T01:41:17.516Z,12.07
2026-03-16T01:46:17.533Z,11.87
2026-03-16T01:51:17.524Z,11.44
2026-03-16T01:56:17.713Z,11.1
2026-03-16T02:01:17.693Z,10.78
2026-03-16T02:06:17.574Z,10.47
2026-03-16T02:11:17.473Z,10.15
2026-03-16T02:16:17.52Z,9.8
2026-03-16T02:21:17.601Z,9.51
2026-03-16T02:26:17.64Z,9.19
2026-03-16T02:31:17.604Z,9.0
2026-03-16T02:36:17.743Z,8.65
2026-03-16T02:41:17.758Z,8.48
2026-03-16T02:46:17.529Z,8.45
2026-03-16T02:51:17.612Z,8.28
2026-03-16T02:56:17.496Z,8.25
2026-03-16T03:01:17.54Z,8.36
2026-03-16T03:06:18.076Z,8.33
2026-03-16T03:11:17.55Z,8.33
2026-03-16T03:16:17.543Z,8.31
2026-03-16T03:21:17.605Z,8.31
2026-03-16T03:26:17.691Z,8.48
2026-03-16T03:31:17.592Z,8.65
2026-03-16T03:36:17.715Z,8.85
2026-03-16T03:41:17.649Z,8.77
2026-03-16T03:46:17.745Z,8.71
2026-03-16T03:51:17.544Z,8.62
2026-03-16T03:56:17.578Z,8.48
2026-03-16T04:01:17.72Z,8.36
2026-03-16T04:06:17.715Z,8.19
2026-03-16T04:11:17.708Z,8.05
2026-03-16T04:16:17.538Z,8.16
2026-03-16T04:21:17.756Z,8.45
2026-03-16T04:26:17.588Z,8.59
2026-03-16T04:31:17.583Z,8.54
2026-03-16T04:36:17.586Z,8.39
2026-03-16T04:41:17.598Z,8.25
2026-03-16T04:46:17.711Z,8.08
2026-03-16T04:51:17.502Z,7.82
2026-03-16T04:56:17.514Z,7.61
2026-03-16T05:01:17.938Z,7.5
2026-03-16T05:06:17.61Z,7.38
2026-03-16T05:11:17.568Z,7.38
2026-03-16T05:16:17.756Z,7.21
2026-03-16T05:21:17.709Z,7.15
2026-03-16T05:26:17.704Z,7.12
2026-03-16T05:31:17.593Z,7.12
2026-03-16T05:36:17.666Z,7.33
2026-03-16T05:41:17.659Z,7.44
2026-03-16T05:46:17.52Z,7.59
2026-03-16T05:51:17.529Z,7.7
2026-03-16T05:56:17.732Z,7.79
2026-03-16T06:01:17.594Z,8.05
2026-03-16T06:06:17.712Z,8.25
2026-03-16T06:11:17.715Z,8.42
2026-03-16T06:16:17.683Z,8.48
2026-03-16T06:21:17.877Z,8.51
2026-03-16T06:26:17.8Z,8.56
2026-03-16T06:31:17.92Z,8.51
2026-03-16T06:36:17.56Z,8.45
2026-03-16T06:41:17.555Z,8.19
2026-03-16T06:46:17.705Z,8.31
2026-03-16T06:51:18.038Z,8.42
2026-03-16T06:56:18.149Z,8.65
2026-03-16T07:01:17.724Z,8.79
2026-03-16T07:06:17.671Z,9.03
2026-03-16T07:11:17.573Z,9.28
2026-03-16T07:16:17.561Z,9.45
2026-03-16T07:21:17.588Z,9.66
2026-03-16T07:26:17.928Z,9.83
2026-03-16T07:36:17.574Z,10.29
2026-03-16T07:41:17.494Z,10.55
2026-03-16T07:46:17.528Z,10.81
2026-03-16T07:51:17.738Z,11.1
2026-03-16T07:56:17.736Z,11.33
2026-03-16T08:01:17.523Z,11.59
2026-03-16T08:06:17.564Z,11.76
2026-03-16T08:11:17.597Z,11.87
2026-03-16T08:16:17.587Z,12.13
2026-03-16T08:21:18.823Z,12.36
2026-03-16T08:26:17.578Z,12.56
2026-03-16T08:31:17.486Z,12.79
2026-03-16T08:36:17.723Z,13.03
2026-03-16T08:41:17.487Z,13.14
2026-03-16T08:46:17.493Z,13.11
2026-03-16T08:51:17.541Z,13.37
2026-03-16T08:56:17.562Z,13.51
2026-03-16T09:01:18.299Z,13.66
2026-03-16T09:06:17.737Z,14.0
2026-03-16T09:11:17.504Z,14.29
2026-03-16T09:16:18.129Z,14.61
2026-03-16T09:21:18.465Z,14.9
2026-03-16T09:26:17.488Z,15.04
2026-03-16T09:31:17.766Z,15.16
2026-03-16T09:36:18.197Z,15.47
2026-03-16T09:41:17.585Z,15.96
2026-03-16T09:46:17.861Z,16.25
2026-03-16T09:51:18.87Z,16.25
2026-03-16T09:56:17.516Z,15.99
2026-03-16T10:01:17.579Z,16.22
2026-03-16T10:06:17.574Z,16.39
2026-03-16T10:11:18.568Z,16.53
2026-03-16T10:16:17.534Z,16.77
2026-03-16T10:21:17.494Z,16.79
2026-03-16T10:26:17.539Z,16.77
2026-03-16T10:31:17.678Z,16.65
2026-03-16T10:36:17.605Z,16.91
2026-03-16T10:41:17.684Z,17.23
2026-03-16T10:46:17.836Z,17.17
2026-03-16T10:51:17.69Z,17.4
2026-03-16T10:56:17.55Z,17.2
2026-03-16T11:01:17.519Z,17.57
2026-03-16T11:06:17.469Z,18.0
2026-03-16T11:11:17.547Z,18.29
2026-03-16T11:16:17.547Z,18.18
2026-03-16T11:21:17.816Z,17.97
2026-03-16T11:26:17.559Z,17.89
2026-03-16T11:31:17.584Z,18.29
2026-03-16T11:36:17.708Z,18.72
2026-03-16T11:41:17.525Z,18.41
2026-03-16T11:46:17.555Z,18.58
2026-03-16T11:51:17.748Z,18.95
2026-03-16T11:56:17.57Z,18.95
2026-03-16T12:01:17.605Z,18.93
2026-03-16T12:06:17.527Z,18.98
2026-03-16T12:11:17.668Z,19.3
2026-03-16T12:16:17.476Z,19.79
2026-03-16T12:21:17.684Z,20.08
2026-03-16T12:26:17.633Z,19.93
2026-03-16T12:31:17.56Z,19.99
2026-03-16T12:36:17.499Z,19.7
2026-03-16T12:41:17.478Z,19.56
2026-03-16T12:46:17.629Z,19.76
2026-03-16T12:51:17.679Z,19.88
2026-03-16T12:56:17.478Z,20.25
2026-03-16T13:01:17.537Z,20.45
2026-03-16T13:06:17.695Z,20.6
2026-03-16T13:11:17.518Z,20.71
2026-03-16T13:16:17.49Z,20.76
2026-03-16T13:21:17.539Z,20.65
2026-03-16T13:26:17.543Z,20.76
2026-03-16T13:31:17.559Z,20.79
2026-03-16T13:36:17.856Z,20.88
2026-03-16T13:41:17.67Z,21.02
2026-03-16T13:46:17.534Z,21.23
2026-03-16T13:51:17.65Z,21.09
2026-03-16T13:56:17.693Z,21.49
2026-03-16T14:01:17.886Z,21.81
2026-03-16T14:06:17.535Z,21.57
2026-03-16T14:11:17.851Z,21.17
2026-03-16T14:16:17.941Z,21.32
2026-03-16T14:21:17.668Z,21.4
2026-03-16T14:26:17.538Z,21.55
2026-03-16T14:31:18.12Z,21.4
2026-03-16T14:36:17.67Z,21.74
2026-03-16T14:41:17.483Z,21.69
2026-03-16T14:46:17.63Z,21.6
2026-03-16T14:51:17.499Z,21.37
2026-03-16T14:56:18.288Z,21.14
2026-03-16T15:01:17.688Z,21.57
2026-03-16T15:06:17.692Z,21.95
2026-03-16T15:11:18.481Z,22.09
2026-03-16T15:16:17.49Z,22.18
2026-03-16T15:21:18.351Z,22.0
2026-03-16T15:26:17.558Z,21.86
2026-03-16T15:31:17.464Z,21.97
2026-03-16T15:36:17.554Z,22.04
2026-03-16T15:41:18.659Z,22.06
2026-03-16T15:46:17.894Z,21.6
2026-03-16T15:51:17.701Z,21.4
2026-03-16T15:56:17.534Z,21.32
2026-03-16T16:01:17.836Z,21.2
2026-03-16T16:06:17.709Z,21.23
2026-03-16T16:11:17.631Z,21.25
2026-03-16T16:16:17.679Z,21.23
2026-03-16T16:21:18.379Z,20.97
2026-03-16T16:26:17.808Z,20.97
2026-03-16T16:31:17.7Z,20.88
2026-03-16T16:36:17.689Z,21.0
2026-03-16T16:41:17.758Z,20.94
2026-03-16T16:46:17.517Z,20.91
2026-03-16T16:51:17.461Z,20.68
2026-03-16T16:56:17.643Z,20.57
2026-03-16T17:01:17.527Z,20.42
2026-03-16T17:06:17.622Z,20.22
2026-03-16T17:11:17.552Z,19.9
2026-03-16T17:16:17.64Z,19.56
2026-03-16T17:21:17.51Z,19.39
2026-03-16T17:26:18.06Z,19.42
2026-03-16T17:31:17.565Z,19.18
2026-03-16T17:36:17.465Z,19.01
2026-03-16T17:41:17.707Z,18.84
2026-03-16T17:46:17.648Z,18.52
2026-03-16T17:51:17.533Z,18.23
2026-03-16T17:56:17.661Z,17.92
2026-03-16T18:01:17.638Z,17.66
2026-03-16T18:06:17.671Z,17.54
2026-03-16T18:11:18.021Z,17.2
2026-03-16T18:16:17.623Z,17.0
2026-03-16T18:21:17.46Z,16.82
2026-03-16T18:26:17.723Z,16.56
2026-03-16T18:31:17.717Z,16.33
2026-03-16T18:36:17.662Z,16.1
2026-03-16T18:41:17.647Z,15.88
2026-03-16T18:46:17.568Z,15.7
2026-03-16T18:51:17.676Z,15.53
2026-03-16T18:56:17.677Z,15.42
2026-03-16T19:01:17.571Z,15.21
2026-03-16T19:06:17.604Z,15.01
2026-03-16T19:11:17.472Z,14.95
2026-03-16T19:16:17.66Z,14.84
2026-03-16T19:21:17.643Z,14.67
2026-03-16T19:26:17.703Z,14.58
2026-03-16T19:31:17.687Z,14.44
2026-03-16T19:36:17.495Z,14.32
2026-03-16T19:41:17.526Z,14.26
2026-03-16T19:46:17.732Z,14.09
2026-03-16T19:51:17.555Z,14.06
2026-03-16T19:56:17.515Z,13.92
2026-03-16T20:01:17.643Z,13.83
2026-03-16T20:06:17.503Z,13.72
2026-03-16T20:11:17.482Z,13.74
2026-03-16T20:16:17.506Z,13.74
2026-03-16T20:21:17.653Z,13.77
2026-03-16T20:26:17.649Z,13.86
2026-03-16T20:31:18.488Z,13.86
2026-03-16T20:36:17.495Z,13.89
2026-03-16T20:41:17.596Z,13.89
2026-03-16T20:46:17.517Z,13.86
2026-03-16T20:51:17.523Z,13.72
2026-03-16T20:56:17.678Z,13.6
2026-03-16T21:01:17.572Z,13.51
2026-03-16T21:06:17.716Z,13.54
2026-03-16T21:11:17.496Z,13.63
2026-03-16T21:16:17.479Z,13.66
2026-03-16T21:21:17.649Z,13.72
2026-03-16T21:26:18.868Z,13.69
2026-03-16T21:31:17.7Z,13.66
2026-03-16T21:36:17.496Z,13.6
2026-03-16T21:41:17.707Z,13.57
2026-03-16T21:46:18.226Z,13.43
2026-03-16T21:51:17.716Z,13.43
2026-03-16T21:56:17.63Z,13.43
2026-03-16T22:01:17.492Z,13.17
2026-03-16T22:06:17.905Z,13.14
2026-03-16T22:11:17.567Z,13.05
2026-03-16T22:16:17.746Z,12.82
2026-03-16T22:21:17.7Z,12.71
2026-03-16T22:26:17.653Z,12.54
2026-03-16T22:31:17.57Z,12.45
2026-03-16T22:36:17.926Z,12.33
2026-03-16T22:41:17.483Z,12.28
2026-03-16T22:46:17.693Z,12.19
2026-03-16T22:51:17.526Z,12.28
2026-03-16T22:56:17.584Z,12.25
2026-03-16T23:01:17.504Z,12.22
2026-03-16T23:06:17.729Z,12.22
2026-03-16T23:11:17.516Z,11.99
2026-03-16T23:16:17.522Z,11.96
2026-03-16T23:21:17.632Z,11.93
2026-03-16T23:26:17.699Z,12.05
2026-03-16T23:31:18.239Z,11.99
2026-03-16T23:36:17.759Z,11.93
2026-03-16T23:41:17.48Z,11.84
2026-03-16T23:46:17.703Z,11.73
2026-03-16T23:51:17.521Z,11.67
2026-03-16T23:56:17.542Z,11.53
2026-03-17T00:01:17.652Z,11.47
2026-03-17T00:06:17.723Z,11.44
2026-03-17T00:11:17.643Z,11.35
2026-03-17T00:16:17.683Z,11.38
2026-03-17T00:21:17.712Z,11.38
2026-03-17T00:26:17.56Z,11.33
2026-03-17T00:31:17.452Z,11.24
2026-03-17T00:36:17.543Z,11.27
2026-03-17T00:41:17.572Z,11.01
2026-03-17T00:46:17.466Z,10.96
2026-03-17T00:51:17.686Z,10.86
2026-03-17T00:56:17.548Z,10.92
2026-03-17T01:01:17.476Z,10.86
2026-03-17T01:06:17.612Z,10.7
2026-03-17T01:11:17.531Z,10.61
2026-03-17T01:16:17.555Z,10.58
2026-03-17T01:21:17.488Z,10.43
2026-03-17T01:26:17.63Z,10.47
2026-03-17T01:31:17.519Z,10.32
2026-03-17T01:36:17.678Z,10.09
2026-03-17T01:41:17.67Z,9.91
2026-03-17T01:46:17.543Z,9.8
2026-03-17T01:51:17.496Z,9.68
2026-03-17T01:56:17.487Z,9.57
2026-03-17T02:01:17.595Z,9.57
2026-03-17T02:06:17.512Z,9.68
2026-03-17T02:11:17.922Z,9.68
2026-03-17T02:16:17.636Z,9.63
2026-03-17T02:21:17.716Z,9.57
2026-03-17T02:26:17.656Z,9.45
2026-03-17T02:31:18.763Z,9.4
2026-03-17T02:36:17.672Z,9.31
2026-03-17T02:41:17.884Z,9.11
2026-03-17T02:46:17.554Z,8.97
2026-03-17T02:51:17.689Z,8.82
2026-03-17T02:56:17.486Z,8.77
2026-03-17T03:01:17.721Z,8.71
2026-03-17T03:06:17.852Z,8.74
2026-03-17T03:11:17.912Z,8.65
2026-03-17T03:16:17.596Z,8.71
2026-03-17T03:21:17.503Z,8.77
2026-03-17T03:26:17.706Z,8.71
2026-03-17T03:31:17.517Z,8.71
2026-03-17T03:36:17.471Z,8.56
2026-03-17T03:41:17.475Z,8.54
2026-03-17T03:46:17.688Z,8.39
2026-03-17T03:51:17.628Z,8.19
2026-03-17T03:56:18.492Z,8.08
2026-03-17T04:01:17.652Z,8.1
2026-03-17T04:06:17.625Z,8.22
2026-03-17T04:11:17.523Z,8.22
2026-03-17T04:16:17.486Z,8.19
2026-03-17T04:21:17.468Z,8.28
2026-03-17T04:26:17.695Z,8.33
2026-03-17T04:31:17.611Z,8.31
2026-03-17T04:36:17.613Z,8.28
2026-03-17T04:41:17.545Z,8.28
2026-03-17T04:46:17.733Z,8.28
2026-03-17T04:51:17.723Z,8.22
2026-03-17T04:56:17.757Z,8.25
2026-03-17T05:01:17.811Z,8.16
2026-03-17T05:06:17.93Z,8.16
2026-03-17T05:11:17.494Z,8.02
2026-03-17T05:16:17.677Z,7.93
2026-03-17T05:21:17.611Z,7.9
2026-03-17T05:26:17.772Z,7.82
2026-03-17T05:31:17.6Z,7.82
2026-03-17T05:36:17.814Z,7.73
2026-03-17T05:41:17.849Z,7.7
2026-03-17T05:46:17.946Z,7.84
2026-03-17T05:51:17.584Z,7.87
2026-03-17T05:56:17.531Z,7.93
2026-03-17T06:01:17.496Z,7.93
2026-03-17T06:06:18.087Z,7.79
2026-03-17T06:11:18.059Z,7.7
2026-03-17T06:16:17.501Z,7.53
2026-03-17T06:21:17.437Z,7.53
2026-03-17T06:26:19.547Z,7.44
2026-03-17T06:31:18.202Z,7.41
2026-03-17T06:36:17.504Z,7.44
2026-03-17T06:41:17.618Z,7.41
2026-03-17T06:46:17.536Z,7.44
2026-03-17T06:51:17.463Z,7.44
2026-03-17T06:56:17.583Z,7.61
2026-03-17T07:01:17.985Z,7.82
2026-03-17T07:06:17.628Z,7.9
2026-03-17T07:11:17.655Z,8.28
2026-03-17T07:16:17.485Z,8.51
2026-03-17T07:21:17.433Z,8.82
2026-03-17T07:26:17.522Z,9.0
2026-03-17T07:31:17.515Z,9.28
2026-03-17T07:36:17.438Z,9.45
2026-03-17T07:41:17.472Z,9.75
2026-03-17T07:46:17.878Z,9.91
2026-03-17T07:51:17.424Z,10.32
2026-03-17T07:56:17.651Z,10.52
2026-03-17T08:01:17.611Z,10.72
2026-03-17T08:06:17.477Z,10.84
2026-03-17T08:11:17.622Z,11.04
2026-03-17T08:16:17.619Z,11.27
2026-03-17T08:21:17.671Z,11.33
2026-03-17T08:26:17.66Z,11.5
2026-03-17T08:31:17.513Z,11.73
2026-03-17T08:36:17.691Z,11.99
2026-03-17T08:41:17.484Z,12.07
2026-03-17T08:46:17.699Z,12.22
2026-03-17T08:51:18.151Z,12.51
2026-03-17T08:56:17.627Z,12.79
2026-03-17T09:01:17.519Z,13.17
2026-03-17T09:06:17.434Z,13.46
2026-03-17T09:11:17.478Z,13.86
2026-03-17T09:16:17.535Z,14.03
2026-03-17T09:21:17.655Z,14.29
2026-03-17T09:26:17.623Z,14.52
2026-03-17T09:31:17.559Z,14.81
2026-03-17T09:36:17.458Z,15.27
2026-03-17T09:41:17.446Z,15.3
2026-03-17T09:46:17.648Z,16.02
2026-03-17T09:51:17.634Z,16.07
2026-03-17T09:56:17.528Z,16.45
2026-03-17T10:01:17.612Z,16.91
2026-03-17T10:06:17.424Z,17.02
2026-03-17T10:11:17.586Z,17.11
2026-03-17T10:16:18.816Z,17.43
2026-03-17T10:21:17.647Z,17.86
2026-03-17T10:26:17.503Z,18.29
2026-03-17T10:31:17.479Z,18.67
2026-03-17T10:36:17.429Z,18.75
2026-03-17T10:41:17.621Z,19.01
2026-03-17T10:46:17.467Z,19.16
2026-03-17T10:51:17.678Z,19.33
2026-03-17T10:56:17.495Z,19.65
2026-03-17T11:01:17.619Z,19.65
2026-03-17T11:06:17.629Z,19.93
2026-03-17T11:11:17.66Z,20.34
2026-03-17T11:16:17.432Z,20.53
2026-03-17T11:21:17.485Z,20.51
2026-03-17T11:26:17.671Z,20.74
2026-03-17T11:31:17.654Z,21.14
2026-03-17T11:36:17.448Z,21.6
2026-03-17T11:41:17.61Z,21.43
2026-03-17T11:46:17.487Z,21.55
2026-03-17T11:51:17.583Z,21.55
2026-03-17T11:56:17.54Z,21.69
2026-03-17T12:01:17.461Z,21.92
2026-03-17T12:06:17.488Z,22.26
2026-03-17T12:11:17.537Z,22.35
2026-03-17T12:16:17.655Z,22.35
2026-03-17T12:21:17.67Z,22.52
2026-03-17T12:26:17.506Z,22.93
2026-03-17T12:31:17.475Z,23.24
2026-03-17T12:36:17.819Z,23.39
2026-03-17T12:41:17.654Z,23.62
2026-03-17T12:46:18.382Z,23.79
2026-03-17T12:51:17.519Z,23.62
2026-03-17T12:56:17.59Z,23.44
2026-03-17T13:01:17.503Z,23.5
2026-03-17T13:06:17.639Z,23.3
2026-03-17T13:11:18.173Z,23.5
2026-03-17T13:16:17.65Z,23.79
2026-03-17T13:21:17.531Z,23.59
2026-03-17T13:26:17.688Z,23.5
2026-03-17T13:31:17.671Z,23.41
2026-03-17T13:36:17.497Z,23.21
2026-03-17T13:41:17.485Z,23.33
2026-03-17T13:46:17.601Z,23.47
2026-03-17T13:51:17.571Z,23.67
2026-03-17T13:56:17.639Z,23.65
2026-03-17T14:01:17.454Z,23.9
2026-03-17T14:06:17.744Z,23.9
2026-03-17T14:11:17.598Z,23.79
2026-03-17T14:16:17.686Z,23.76
2026-03-17T14:21:17.397Z,23.7
2026-03-17T14:26:17.416Z,23.47
2026-03-17T14:31:17.457Z,23.41
2026-03-17T14:36:18.597Z,23.39
2026-03-17T14:41:17.577Z,23.5
2026-03-17T14:46:17.65Z,23.59
2026-03-17T14:51:17.637Z,23.3
2026-03-17T14:56:17.483Z,23.33
2026-03-17T15:01:17.446Z,23.33
2026-03-17T15:06:17.526Z,23.21
2026-03-17T15:11:17.508Z,23.39
2026-03-17T15:16:17.53Z,23.39
2026-03-17T15:21:17.497Z,23.33
2026-03-17T15:26:17.51Z,23.21
2026-03-17T15:31:17.479Z,23.21
2026-03-17T15:36:17.431Z,23.01
2026-03-17T15:41:18.701Z,22.75
2026-03-17T15:46:17.414Z,22.52
2026-03-17T15:51:17.502Z,22.64
2026-03-17T15:56:17.596Z,22.69
2026-03-17T16:01:19.021Z,22.52
2026-03-17T16:06:17.458Z,22.49
2026-03-17T16:11:17.454Z,22.32
2026-03-17T16:16:17.462Z,22.29
2026-03-17T16:21:17.539Z,22.41
2026-03-17T16:26:17.41Z,22.26
2026-03-17T16:31:17.461Z,22.18
2026-03-17T16:36:17.85Z,21.92
2026-03-17T16:41:17.579Z,21.74
2026-03-17T16:46:17.651Z,21.72
2026-03-17T16:51:17.622Z,21.51
2026-03-17T16:56:17.479Z,21.51
2026-03-17T17:01:17.501Z,21.43
2026-03-17T17:06:17.428Z,21.43
2026-03-17T17:11:17.701Z,21.25
2026-03-17T17:16:17.603Z,21.0
2026-03-17T17:21:17.526Z,20.91
2026-03-17T17:26:18.318Z,20.71
2026-03-17T17:31:17.601Z,20.53
2026-03-17T17:36:17.669Z,20.45
2026-03-17T17:41:17.447Z,20.25
2026-03-17T17:46:17.697Z,19.99
2026-03-17T17:51:19.212Z,19.82
2026-03-17T17:56:17.435Z,19.5
2026-03-17T18:01:17.855Z,19.3
2026-03-17T18:06:17.679Z,18.98
2026-03-17T18:11:17.584Z,18.78
2026-03-17T18:16:17.776Z,18.38
2026-03-17T18:21:18.791Z,18.06
2026-03-17T18:26:17.43Z,17.72
2026-03-17T18:31:17.428Z,17.31
2026-03-17T18:36:18.037Z,17.08
2026-03-17T18:41:17.496Z,16.79
2026-03-17T18:46:17.564Z,16.51
2026-03-17T18:51:17.583Z,16.07
2026-03-17T18:56:17.64Z,15.79
2026-03-17T19:01:17.408Z,15.47
2026-03-17T19:06:17.416Z,15.19
2026-03-17T19:11:17.605Z,15.04
2026-03-17T19:16:17.437Z,14.84
2026-03-17T19:21:17.497Z,14.44
2026-03-17T19:26:17.602Z,14.23
2026-03-17T19:31:17.611Z,14.03
2026-03-17T19:36:17.537Z,13.83
2026-03-17T19:41:17.698Z,13.69
2026-03-17T19:46:17.499Z,13.63
2026-03-17T19:51:17.41Z,13.57
2026-03-17T19:56:17.425Z,13.46
2026-03-17T20:01:17.448Z,13.37
2026-03-17T20:06:17.612Z,13.23
2026-03-17T20:11:17.595Z,13.17
2026-03-17T20:16:17.552Z,13.11
2026-03-17T20:21:17.45Z,13.0
2026-03-17T20:26:17.835Z,12.85
2026-03-17T20:31:17.571Z,12.77
2026-03-17T20:36:17.579Z,12.79
2026-03-17T20:41:17.516Z,12.82
2026-03-17T20:46:17.474Z,12.62
2026-03-17T20:51:17.598Z,12.39
2026-03-17T20:56:17.644Z,12.33
2026-03-17T21:01:17.466Z,12.28
2026-03-17T21:06:17.686Z,12.19
2026-03-17T21:11:17.666Z,12.05
2026-03-17T21:16:17.685Z,11.87
2026-03-17T21:21:17.495Z,11.73
2026-03-17T21:26:17.691Z,11.73
2026-03-17T21:31:17.746Z,11.67
2026-03-17T21:36:17.493Z,11.59
2026-03-17T21:41:18.751Z,11.38
2026-03-17T21:46:17.691Z,11.19
2026-03-17T21:51:17.573Z,11.04
2026-03-17T21:56:17.772Z,10.92
2026-03-17T22:01:17.457Z,10.92
2026-03-17T22:06:17.611Z,10.84
2026-03-17T22:11:17.628Z,10.66
2026-03-17T22:16:17.578Z,10.66
2026-03-17T22:21:17.63Z,10.63
2026-03-17T22:26:17.491Z,10.61
2026-03-17T22:31:17.398Z,10.43
2026-03-17T22:36:17.758Z,10.26
2026-03-17T22:41:17.42Z,10.12
2026-03-17T22:46:17.691Z,10.0
2026-03-17T22:51:17.621Z,9.8
2026-03-17T22:56:17.485Z,9.75
2026-03-17T23:01:17.679Z,9.49
2026-03-17T23:06:17.44Z,9.49
2026-03-17T23:11:17.389Z,9.4
2026-03-17T23:16:17.462Z,9.19
2026-03-17T23:21:17.552Z,9.14
2026-03-17T23:26:17.561Z,9.08
2026-03-17T23:31:17.44Z,9.19
2026-03-17T23:36:17.932Z,9.37
2026-03-17T23:41:17.605Z,9.4
2026-03-17T23:46:17.404Z,9.54
2026-03-17T23:51:17.58Z,9.89
2026-03-17T23:56:17.562Z,10.26
2026-03-18T00:01:17.535Z,10.43
2026-03-18T00:06:17.587Z,10.35
2026-03-18T00:11:17.629Z,10.29
2026-03-18T00:16:17.577Z,10.29
2026-03-18T00:21:17.538Z,10.03
2026-03-18T00:26:17.491Z,9.8
2026-03-18T00:31:17.752Z,9.57
2026-03-18T00:36:17.39Z,9.34
2026-03-18T00:41:17.465Z,9.11
2026-03-18T00:46:17.411Z,8.94
2026-03-18T00:51:17.365Z,8.68
2026-03-18T00:56:17.611Z,8.65
2026-03-18T01:01:17.445Z,9.05
2026-03-18T01:06:17.479Z,9.26
2026-03-18T01:11:17.476Z,9.28
2026-03-18T01:16:17.609Z,9.28
2026-03-18T01:21:17.582Z,9.31
2026-03-18T01:26:17.551Z,9.31
2026-03-18T01:31:17.474Z,9.08
2026-03-18T01:36:17.637Z,8.94
2026-03-18T01:41:17.415Z,8.77
2026-03-18T01:46:17.569Z,8.71
2026-03-18T01:51:17.547Z,8.71
2026-03-18T01:56:17.536Z,8.65
2026-03-18T02:01:17.536Z,8.59
2026-03-18T02:06:17.492Z,8.51
2026-03-18T02:11:17.527Z,8.54
2026-03-18T02:16:17.447Z,8.56
2026-03-18T02:21:18.518Z,8.54
2026-03-18T02:26:17.46Z,8.62
2026-03-18T02:31:17.429Z,8.71
2026-03-18T02:36:17.429Z,8.62
2026-03-18T02:41:17.447Z,8.54
2026-03-18T02:46:17.396Z,8.48
2026-03-18T02:51:17.573Z,8.48
2026-03-18T02:56:17.428Z,8.36
2026-03-18T03:01:17.445Z,8.28
2026-03-18T03:06:18.536Z,8.25
2026-03-18T03:11:17.482Z,8.28
2026-03-18T03:16:17.48Z,8.36
2026-03-18T03:21:17.59Z,8.54
2026-03-18T03:26:17.71Z,8.51
2026-03-18T03:31:17.386Z,8.59
2026-03-18T03:36:17.376Z,8.68
2026-03-18T03:41:17.475Z,8.65
2026-03-18T03:46:17.598Z,8.65
2026-03-18T03:51:17.385Z,8.39
2026-03-18T03:56:17.49Z,8.28
2026-03-18T04:01:17.628Z,8.22
2026-03-18T04:06:17.53Z,8.25
2026-03-18T04:11:17.518Z,8.22
2026-03-18T04:16:17.571Z,8.19
2026-03-18T04:21:17.523Z,7.93
2026-03-18T04:26:17.419Z,7.61
2026-03-18T04:31:17.461Z,7.59
2026-03-18T04:36:17.518Z,7.67
2026-03-18T04:41:17.826Z,7.73
2026-03-18T04:46:17.425Z,7.79
2026-03-18T04:51:17.529Z,7.82
2026-03-18T04:56:17.567Z,7.79
2026-03-18T05:01:17.379Z,7.56
2026-03-18T05:06:17.36Z,7.3
2026-03-18T05:11:17.578Z,7.21
2026-03-18T05:16:17.591Z,7.24
2026-03-18T05:21:17.554Z,7.3
2026-03-18T05:26:17.368Z,7.59
2026-03-18T05:31:17.572Z,7.7
2026-03-18T05:36:17.494Z,7.73
2026-03-18T05:41:17.439Z,7.73
2026-03-18T05:46:17.582Z,7.93
2026-03-18T05:51:17.583Z,8.13
2026-03-18T05:56:17.504Z,8.16
2026-03-18T06:01:17.562Z,8.1
2026-03-18T06:06:17.664Z,8.02
2026-03-18T06:11:17.564Z,7.79
2026-03-18T06:16:17.401Z,7.7
2026-03-18T06:21:17.461Z,7.73
2026-03-18T06:26:17.562Z,7.76
2026-03-18T06:31:17.55Z,7.82
2026-03-18T06:36:18.384Z,7.93
2026-03-18T06:41:19.121Z,8.02
2026-03-18T06:46:17.619Z,8.02
2026-03-18T06:51:17.459Z,8.1
2026-03-18T06:56:17.423Z,8.19
2026-03-18T07:01:18.107Z,8.31
2026-03-18T07:06:17.857Z,8.42
2026-03-18T07:11:17.915Z,8.45
2026-03-18T07:16:17.412Z,8.56
2026-03-18T07:21:17.416Z,8.82
2026-03-18T07:26:17.954Z,9.14
2026-03-18T07:31:17.501Z,9.63
2026-03-18T07:36:17.495Z,9.98
2026-03-18T07:41:17.377Z,10.17
2026-03-18T07:46:18.457Z,10.29
2026-03-18T07:51:17.584Z,10.35
2026-03-18T07:56:18.442Z,10.24
2026-03-18T08:01:17.532Z,10.29
2026-03-18T08:06:17.653Z,10.24
2026-03-18T08:11:17.42Z,10.21
2026-03-18T08:16:17.484Z,10.15
2026-03-18T08:21:17.509Z,10.29
2026-03-18T08:26:17.537Z,10.38
2026-03-18T08:31:17.412Z,10.61
2026-03-18T08:36:17.58Z,10.81
2026-03-18T08:41:18.085Z,10.89
2026-03-18T08:46:17.603Z,11.07
2026-03-18T08:51:17.526Z,11.19
2026-03-18T08:56:17.518Z,11.38
2026-03-18T09:01:17.344Z,11.7
2026-03-18T09:06:17.415Z,12.02
2026-03-18T09:11:17.515Z,12.19
2026-03-18T09:16:17.485Z,12.45
2026-03-18T09:21:17.54Z,12.77
2026-03-18T09:26:17.332Z,12.88
2026-03-18T09:31:17.507Z,13.11
2026-03-18T09:36:17.403Z,13.34
2026-03-18T09:41:17.39Z,13.77
2026-03-18T09:46:17.375Z,14.23
2026-03-18T09:51:17.396Z,14.72
2026-03-18T09:56:17.788Z,14.9
2026-03-18T10:01:17.547Z,15.5
2026-03-18T10:06:17.385Z,15.67
2026-03-18T10:11:17.387Z,16.07
2026-03-18T10:16:17.577Z,16.59
2026-03-18T10:21:17.404Z,17.08
2026-03-18T10:26:17.487Z,17.4
2026-03-18T10:31:18.156Z,17.43
2026-03-18T10:36:17.595Z,17.6
2026-03-18T10:41:17.361Z,17.8
2026-03-18T10:46:17.384Z,17.89
2026-03-18T10:51:17.334Z,18.0
2026-03-18T10:56:18.058Z,18.18
2026-03-18T11:01:17.465Z,18.21
2026-03-18T11:06:17.543Z,18.44
2026-03-18T11:11:17.385Z,19.07
2026-03-18T11:16:17.364Z,19.36
2026-03-18T11:21:17.362Z,19.62
2026-03-18T11:26:17.955Z,20.08
2026-03-18T11:31:17.612Z,19.93
2026-03-18T11:36:17.474Z,19.5
2026-03-18T11:41:17.436Z,19.62
2026-03-18T11:46:17.865Z,19.85
2026-03-18T11:51:18.511Z,20.34
2026-03-18T11:56:17.514Z,20.74
2026-03-18T12:01:17.388Z,20.91
2026-03-18T12:06:17.525Z,20.76
2026-03-18T12:11:17.564Z,20.68
2026-03-18T12:16:17.573Z,20.48
2026-03-18T12:21:17.483Z,20.19
2026-03-18T12:26:17.429Z,20.11
2026-03-18T12:31:17.364Z,19.85
2026-03-18T12:36:17.545Z,20.05
2026-03-18T12:41:17.393Z,20.6
2026-03-18T12:46:17.46Z,21.2
2026-03-18T12:51:17.51Z,21.17
2026-03-18T12:56:17.607Z,21.02
2026-03-18T13:01:17.559Z,20.83
2026-03-18T13:06:17.433Z,21.11
2026-03-18T13:11:17.481Z,21.28
2026-03-18T13:16:17.32Z,21.37
2026-03-18T13:21:17.386Z,21.55
2026-03-18T13:26:17.535Z,21.34
2026-03-18T13:31:17.57Z,21.55
2026-03-18T13:36:18.456Z,21.37
2026-03-18T13:41:17.381Z,21.46
2026-03-18T13:46:17.499Z,21.25
2026-03-18T13:51:17.55Z,21.25
2026-03-18T13:56:17.473Z,21.28
2026-03-18T14:01:17.583Z,21.11
2026-03-18T14:06:17.462Z,21.23
2026-03-18T14:11:17.564Z,21.14
2026-03-18T14:16:17.331Z,21.17
2026-03-18T14:21:17.336Z,21.09
2026-03-18T14:26:18.594Z,21.14
2026-03-18T14:31:17.3Z,21.14
2026-03-18T14:36:17.402Z,21.09
2026-03-18T14:41:17.546Z,21.06
2026-03-18T14:46:17.388Z,21.02
2026-03-18T14:51:17.379Z,20.83
2026-03-18T14:56:17.312Z,20.74
2026-03-18T15:01:17.862Z,20.65
2026-03-18T15:06:17.485Z,20.62
2026-03-18T15:11:17.331Z,20.74
2026-03-18T15:16:17.323Z,20.79
2026-03-18T15:21:17.39Z,20.79
2026-03-18T15:26:17.496Z,20.65
2026-03-18T15:31:17.384Z,20.42
2026-03-18T15:36:17.555Z,20.31
2026-03-18T15:41:18.565Z,20.08
2026-03-18T15:46:17.567Z,20.05
2026-03-18T15:51:17.43Z,20.08
2026-03-18T15:56:17.52Z,20.08
2026-03-18T16:01:17.545Z,20.08
2026-03-18T16:06:17.416Z,20.02
2026-03-18T16:11:17.454Z,19.88
2026-03-18T16:16:17.308Z,19.79
2026-03-18T16:21:17.304Z,19.65
2026-03-18T16:26:17.423Z,19.62
2026-03-18T16:31:17.299Z,19.42
2026-03-18T16:36:17.501Z,19.36
2026-03-18T16:41:17.5Z,19.27
2026-03-18T16:46:17.517Z,19.16
2026-03-18T16:51:17.5Z,19.04
2026-03-18T16:56:17.336Z,18.81
2026-03-18T17:01:17.307Z,18.87
2026-03-18T17:06:17.515Z,18.64
2026-03-18T17:11:17.31Z,18.58
2026-03-18T17:16:17.408Z,18.52
2026-03-18T17:21:17.385Z,18.52
2026-03-18T17:26:17.527Z,18.46
2026-03-18T17:31:17.524Z,18.35
2026-03-18T17:36:17.544Z,18.26
2026-03-18T17:41:17.644Z,18.09
2026-03-18T17:46:17.332Z,18.03
2026-03-18T17:51:17.622Z,17.92
2026-03-18T17:56:17.582Z,17.74
2026-03-18T18:01:17.638Z,17.74
2026-03-18T18:06:17.699Z,17.6
2026-03-18T18:11:17.895Z,17.51
2026-03-18T18:16:17.527Z,17.37
2026-03-18T18:21:17.314Z,17.34
2026-03-18T18:26:17.407Z,17.28
2026-03-18T18:31:17.467Z,17.0
2026-03-18T18:36:17.569Z,16.94
2026-03-18T18:41:17.771Z,16.88
2026-03-18T18:46:17.47Z,16.82
2026-03-18T18:51:17.35Z,16.71
2026-03-18T18:56:17.28Z,16.62
2026-03-18T19:01:17.535Z,16.48
2026-03-18T19:06:17.815Z,16.28
2026-03-18T19:11:17.42Z,16.37
2026-03-18T19:16:17.433Z,16.25
2026-03-18T19:21:17.325Z,16.25
2026-03-18T19:26:17.511Z,16.25
2026-03-18T19:31:17.83Z,16.16
2026-03-18T19:36:17.457Z,16.14
2026-03-18T19:41:17.32Z,16.1
2026-03-18T19:46:17.521Z,16.16
2026-03-18T19:51:17.548Z,16.14
2026-03-18T19:56:17.429Z,16.05
2026-03-18T20:01:17.373Z,15.96
2026-03-18T20:06:17.444Z,15.9
2026-03-18T20:11:17.262Z,15.9
2026-03-18T20:16:17.54Z,15.84
2026-03-18T20:21:17.275Z,15.88
2026-03-18T20:26:17.375Z,15.81
2026-03-18T20:31:17.49Z,15.73
2026-03-18T20:36:17.446Z,15.67
2026-03-18T20:41:17.299Z,15.7
2026-03-18T20:46:17.274Z,15.61
2026-03-18T20:51:17.388Z,15.61
2026-03-18T20:56:17.36Z,15.61
2026-03-18T21:01:17.334Z,15.5
2026-03-18T21:06:17.385Z,15.56
2026-03-18T21:11:17.412Z,15.5
2026-03-18T21:16:17.471Z,15.44
2026-03-18T21:21:17.443Z,15.47
2026-03-18T21:26:17.702Z,15.42
2026-03-18T21:31:17.258Z,15.33
2026-03-18T21:36:17.51Z,15.3
2026-03-18T21:41:17.266Z,15.24
2026-03-18T21:46:17.638Z,15.12
2026-03-18T21:51:17.289Z,15.01
2026-03-18T21:56:17.509Z,15.01
2026-03-18T22:01:17.55Z,15.04
2026-03-18T22:06:17.28Z,15.07
2026-03-18T22:11:17.543Z,15.04
2026-03-18T22:16:17.526Z,15.07
2026-03-18T22:21:17.43Z,14.93
2026-03-18T22:26:17.254Z,14.67
2026-03-18T22:31:17.284Z,14.47
2026-03-18T22:36:17.468Z,14.26
2026-03-18T22:41:17.324Z,14.26
2026-03-18T22:46:17.271Z,14.26
2026-03-18T22:51:17.472Z,14.29
2026-03-18T22:56:18.302Z,14.29
2026-03-18T23:01:17.363Z,14.32
2026-03-18T23:06:17.441Z,14.41
2026-03-18T23:11:17.459Z,14.44
2026-03-18T23:16:17.348Z,14.37
2026-03-18T23:21:17.504Z,14.37
2026-03-18T23:26:17.524Z,14.29
2026-03-18T23:31:17.271Z,14.12
2026-03-18T23:36:17.467Z,13.86
2026-03-18T23:41:17.264Z,13.77
2026-03-18T23:46:17.947Z,13.69
2026-03-18T23:51:17.534Z,13.72
2026-03-18T23:56:17.42Z,13.8
2026-03-19T00:01:17.587Z,13.95
2026-03-19T00:06:17.629Z,13.92
2026-03-19T00:11:17.694Z,13.95
2026-03-19T00:16:18.247Z,13.89
2026-03-19T00:21:17.902Z,13.83
2026-03-19T00:26:17.33Z,13.74
2026-03-19T00:31:17.476Z,13.77
2026-03-19T00:36:17.438Z,13.77
2026-03-19T00:41:17.417Z,13.83
2026-03-19T00:46:17.514Z,13.83
2026-03-19T00:51:17.942Z,13.8
2026-03-19T00:56:17.508Z,13.63
2026-03-19T01:01:17.488Z,13.57
2026-03-19T01:06:17.317Z,13.37
2026-03-19T01:11:17.418Z,13.37
2026-03-19T01:16:17.319Z,13.34
2026-03-19T01:21:17.544Z,13.2
2026-03-19T01:26:17.369Z,13.17
2026-03-19T01:31:17.268Z,13.14
2026-03-19T01:36:17.354Z,13.14
2026-03-19T01:41:17.357Z,13.11
2026-03-19T01:46:17.371Z,13.14
2026-03-19T01:51:17.839Z,13.08
2026-03-19T01:56:17.507Z,13.08
2026-03-19T02:01:17.495Z,12.97
2026-03-19T02:06:17.453Z,12.82
2026-03-19T02:11:17.352Z,12.85
2026-03-19T02:16:17.707Z,12.71
2026-03-19T02:21:17.473Z,12.59
2026-03-19T02:26:17.281Z,12.51
2026-03-19T02:31:17.52Z,12.45
2026-03-19T02:36:17.507Z,12.42
2026-03-19T02:41:17.317Z,12.28
2026-03-19T02:46:17.532Z,12.33
2026-03-19T02:51:17.439Z,12.28
2026-03-19T02:56:17.35Z,12.25
2026-03-19T03:01:17.37Z,12.22
2026-03-19T03:06:17.447Z,12.25
2026-03-19T03:11:17.442Z,12.31
2026-03-19T03:16:17.435Z,12.39
2026-03-19T03:21:17.414Z,12.31
2026-03-19T03:26:17.367Z,12.28
2026-03-19T03:31:17.271Z,12.16
2026-03-19T03:36:17.375Z,12.1
2026-03-19T03:41:17.245Z,12.19
2026-03-19T03:46:17.412Z,12.16
2026-03-19T03:51:17.439Z,12.13
2026-03-19T03:56:17.305Z,12.1
2026-03-19T04:01:17.318Z,12.16
2026-03-19T04:06:17.568Z,12.07
2026-03-19T04:11:17.314Z,12.13
2026-03-19T04:16:17.351Z,12.05
2026-03-19T04:21:17.47Z,11.99
2026-03-19T04:26:17.407Z,11.96
2026-03-19T04:31:17.748Z,11.99
2026-03-19T04:36:17.487Z,11.96
2026-03-19T04:41:17.503Z,11.93
2026-03-19T04:46:17.473Z,12.05
2026-03-19T04:51:17.328Z,12.05
2026-03-19T04:56:17.277Z,12.13
2026-03-19T05:01:17.371Z,12.25
2026-03-19T05:06:17.349Z,12.39
2026-03-19T05:11:17.446Z,12.56
2026-03-19T05:16:18.406Z,12.54
2026-03-19T05:21:17.796Z,12.56
2026-03-19T05:26:17.467Z,12.62
2026-03-19T05:31:17.361Z,12.62
2026-03-19T05:36:17.269Z,12.36
2026-03-19T05:41:17.873Z,12.05
2026-03-19T05:46:17.483Z,11.93
2026-03-19T05:51:18.445Z,12.05
2026-03-19T05:56:17.264Z,12.05
2026-03-19T06:01:17.473Z,12.1
2026-03-19T06:06:17.361Z,12.13
2026-03-19T06:11:17.506Z,11.9
2026-03-19T06:16:17.374Z,11.7
2026-03-19T06:21:17.388Z,11.61
2026-03-19T06:26:17.248Z,11.67
2026-03-19T06:31:18.359Z,11.76
2026-03-19T06:36:17.433Z,11.84
2026-03-19T06:41:17.388Z,11.76
2026-03-19T06:46:17.321Z,11.64
2026-03-19T06:51:17.357Z,11.64
2026-03-19T06:56:17.37Z,11.82
2026-03-19T07:01:17.358Z,12.07
2026-03-19T07:06:17.433Z,12.1
2026-03-19T07:11:17.348Z,12.31
2026-03-19T07:16:17.458Z,12.42
2026-03-19T07:21:17.419Z,12.51
2026-03-19T07:26:17.295Z,12.77
2026-03-19T07:31:17.455Z,12.85
2026-03-19T07:36:17.455Z,13.03
2026-03-19T07:41:17.532Z,13.34
2026-03-19T07:46:17.438Z,13.57
2026-03-19T07:51:17.413Z,13.86
2026-03-19T07:56:17.274Z,14.12
2026-03-19T08:01:17.345Z,14.29
2026-03-19T08:06:17.859Z,14.67
2026-03-19T08:11:17.363Z,14.86
2026-03-19T08:16:17.469Z,15.04
2026-03-19T08:21:17.275Z,15.42
2026-03-19T08:26:17.343Z,15.56
2026-03-19T08:31:17.315Z,15.88
2026-03-19T08:36:17.487Z,16.14
2026-03-19T08:41:17.446Z,16.42
2026-03-19T08:46:17.807Z,16.56
2026-03-19T08:51:17.307Z,16.59
2026-03-19T08:56:17.316Z,16.56
2026-03-19T09:01:17.46Z,16.85
2026-03-19T09:06:19.102Z,17.05
2026-03-19T09:11:17.24Z,17.23
2026-03-19T09:16:17.247Z,17.31
2026-03-19T09:21:17.24Z,17.4
2026-03-19T09:26:17.473Z,17.26
2026-03-19T09:31:17.505Z,17.14
2026-03-19T09:36:17.273Z,17.05
2026-03-19T09:41:17.312Z,17.28
2026-03-19T09:46:17.327Z,17.6
2026-03-19T09:51:17.283Z,17.77
2026-03-19T09:56:17.376Z,17.8
2026-03-19T10:01:17.327Z,17.92
2026-03-19T10:06:17.475Z,17.83
2026-03-19T10:11:17.436Z,18.15
2026-03-19T10:16:17.304Z,18.38
2026-03-19T10:21:17.264Z,18.64
2026-03-19T10:26:17.365Z,18.84
2026-03-19T10:31:17.253Z,18.84
2026-03-19T10:36:17.355Z,18.46
2026-03-19T10:41:17.474Z,18.26
2026-03-19T10:46:17.424Z,18.72
2026-03-19T10:51:17.267Z,19.1
2026-03-19T10:56:17.283Z,19.24
2026-03-19T11:01:17.278Z,19.5
2026-03-19T11:06:17.429Z,19.36
2026-03-19T11:11:17.469Z,19.56
2026-03-19T11:16:17.275Z,19.36
2026-03-19T11:21:17.438Z,19.36
2026-03-19T11:26:17.268Z,19.44
2026-03-19T11:31:17.317Z,19.42
2026-03-19T11:36:17.473Z,19.33
2026-03-19T11:41:17.589Z,19.39
2026-03-19T11:46:17.425Z,19.47
2026-03-19T11:51:17.233Z,19.67
2026-03-19T11:56:17.331Z,19.88
2026-03-19T12:01:17.877Z,19.88
2026-03-19T12:06:17.796Z,19.85
2026-03-19T12:11:17.257Z,19.7
2026-03-19T12:16:17.265Z,19.5
2026-03-19T12:21:18.354Z,19.88
2026-03-19T12:26:17.307Z,19.7
2026-03-19T12:31:17.26Z,19.88
2026-03-19T12:36:17.255Z,19.82
2026-03-19T12:41:17.302Z,19.82
2026-03-19T12:46:17.431Z,19.65
2026-03-19T12:51:17.337Z,19.73
2026-03-19T12:56:17.329Z,20.02
2026-03-19T13:01:17.227Z,19.65
2026-03-19T13:06:17.441Z,19.65
2026-03-19T13:11:17.302Z,19.7
2026-03-19T13:16:17.342Z,19.9
2026-03-19T13:21:17.207Z,19.5
2026-03-19T13:26:17.301Z,19.13
2026-03-19T13:31:17.318Z,18.72
2026-03-19T13:36:17.32Z,18.9
2026-03-19T13:41:17.475Z,18.93
2026-03-19T13:46:17.225Z,19.33
2026-03-19T13:51:17.273Z,19.27
2026-03-19T13:56:17.292Z,19.3
2026-03-19T14:01:17.296Z,19.44
2026-03-19T14:06:17.488Z,19.36
2026-03-19T14:11:17.383Z,19.18
2026-03-19T14:16:17.265Z,19.27
2026-03-19T14:21:17.418Z,19.47
2026-03-19T14:26:17.387Z,19.42
2026-03-19T14:31:17.295Z,19.44
2026-03-19T14:36:17.43Z,19.18
2026-03-19T14:41:17.338Z,19.27
2026-03-19T14:46:17.27Z,19.01
2026-03-19T14:51:17.264Z,18.9
2026-03-19T14:56:17.301Z,18.52
2026-03-19T15:01:17.383Z,18.52
2026-03-19T15:06:17.214Z,18.26
2026-03-19T15:11:17.39Z,18.32
2026-03-19T15:16:17.454Z,18.15
2026-03-19T15:21:17.335Z,18.32
2026-03-19T15:26:17.223Z,18.18
2026-03-19T15:31:17.295Z,18.29
2026-03-19T15:36:17.316Z,18.29
2026-03-19T15:41:17.561Z,18.21
2026-03-19T15:46:17.286Z,18.23
2026-03-19T15:51:17.315Z,18.46
2026-03-19T15:56:17.258Z,18.26
2026-03-19T16:01:17.245Z,18.32
2026-03-19T16:06:17.403Z,18.23
2026-03-19T16:11:17.288Z,18.18
2026-03-19T16:16:17.234Z,18.29
2026-03-19T16:21:17.356Z,18.26
2026-03-19T16:26:17.239Z,18.44
2026-03-19T16:31:17.192Z,18.52
2026-03-19T16:36:17.232Z,18.18
2026-03-19T16:41:17.233Z,17.8
2026-03-19T16:46:17.447Z,17.77
2026-03-19T16:51:17.305Z,17.86
2026-03-19T16:56:17.434Z,18.03
2026-03-19T17:01:17.311Z,18.09
2026-03-19T17:06:17.374Z,18.03
2026-03-19T17:11:17.46Z,17.8
2026-03-19T17:16:17.625Z,17.51
2026-03-19T17:21:17.285Z,17.26
2026-03-19T17:26:17.225Z,17.0
2026-03-19T17:31:17.301Z,16.74
2026-03-19T17:36:17.184Z,16.71
2026-03-19T17:41:17.25Z,16.59
2026-03-19T17:46:17.442Z,16.56
2026-03-19T17:51:17.251Z,16.59
2026-03-19T17:56:17.191Z,16.48
2026-03-19T18:01:17.422Z,16.42
2026-03-19T18:06:17.429Z,16.28
2026-03-19T18:11:17.186Z,16.25
2026-03-19T18:16:17.184Z,16.25
2026-03-19T18:21:17.279Z,16.19
2026-03-19T18:26:17.309Z,16.16
2026-03-19T18:31:17.387Z,15.96
2026-03-19T18:36:17.175Z,16.02
2026-03-19T18:41:17.399Z,15.99
2026-03-19T18:46:17.243Z,16.02
2026-03-19T18:51:17.234Z,15.79
2026-03-19T18:56:17.265Z,15.81
2026-03-19T19:01:17.32Z,15.7
2026-03-19T19:06:17.34Z,15.58
2026-03-19T19:11:17.298Z,15.5
2026-03-19T19:16:17.242Z,15.47
2026-03-19T19:21:17.262Z,15.42
2026-03-19T19:26:17.23Z,15.35
2026-03-19T19:31:17.417Z,15.3
2026-03-19T19:36:17.586Z,15.19
2026-03-19T19:41:17.46Z,15.12
2026-03-19T19:46:17.377Z,15.09
2026-03-19T19:51:17.385Z,15.09
2026-03-19T19:56:17.397Z,15.07
2026-03-19T20:01:17.259Z,15.07
2026-03-19T20:06:17.382Z,15.09
2026-03-19T20:11:17.278Z,15.01
2026-03-19T20:16:17.334Z,15.04
2026-03-19T20:21:17.453Z,15.07
2026-03-19T20:26:17.315Z,15.04
2026-03-19T20:31:17.428Z,15.04
2026-03-19T20:36:17.205Z,15.04
2026-03-19T20:41:17.259Z,15.09
2026-03-19T20:46:17.297Z,15.12
2026-03-19T20:51:17.304Z,15.04
2026-03-19T20:56:17.79Z,15.09
2026-03-19T21:01:17.193Z,15.04
2026-03-19T21:06:17.315Z,15.07
2026-03-19T21:11:17.287Z,15.07
2026-03-19T21:16:17.605Z,15.09
2026-03-19T21:21:17.358Z,15.01
2026-03-19T21:26:17.158Z,15.01
2026-03-19T21:31:17.394Z,14.9
2026-03-19T21:36:18.021Z,14.84
2026-03-19T21:41:17.297Z,14.78
2026-03-19T21:46:17.393Z,14.55
2026-03-19T21:51:17.331Z,14.58
2026-03-19T21:56:17.228Z,14.41
2026-03-19T22:01:17.421Z,14.37
2026-03-19T22:06:17.179Z,14.26
2026-03-19T22:11:17.372Z,14.21
2026-03-19T22:16:17.681Z,14.18
2026-03-19T22:21:17.212Z,14.21
2026-03-19T22:26:17.311Z,14.18
2026-03-19T22:31:17.673Z,14.06
2026-03-19T22:36:17.381Z,14.03
2026-03-19T22:41:17.575Z,14.03
2026-03-19T22:46:17.231Z,13.95
2026-03-19T22:51:17.383Z,13.92
2026-03-19T22:56:17.699Z,13.89
2026-03-19T23:01:17.426Z,13.83
2026-03-19T23:06:17.688Z,13.92
2026-03-19T23:11:17.227Z,13.89
2026-03-19T23:16:17.471Z,13.83
2026-03-19T23:21:17.795Z,13.63
2026-03-19T23:26:17.266Z,13.63
2026-03-19T23:31:17.87Z,13.66
2026-03-19T23:36:17.915Z,13.77
2026-03-19T23:41:17.169Z,13.8
2026-03-19T23:46:17.946Z,13.86
2026-03-19T23:51:18.087Z,13.92
2026-03-19T23:56:17.703Z,13.95
2026-03-20T00:01:17.413Z,13.98
2026-03-20T00:06:17.445Z,13.98
2026-03-20T00:11:17.447Z,14.03
2026-03-20T00:16:17.375Z,13.95
2026-03-20T00:21:17.384Z,13.98
2026-03-20T00:26:17.276Z,13.98
2026-03-20T00:31:17.178Z,13.92
2026-03-20T00:36:17.436Z,13.92
2026-03-20T00:41:17.338Z,13.98
2026-03-20T00:46:17.395Z,14.12
2026-03-20T00:51:17.18Z,14.12
2026-03-20T00:56:17.256Z,14.18
2026-03-20T01:01:17.379Z,14.18
2026-03-20T01:06:17.345Z,14.21
2026-03-20T01:11:17.27Z,14.29
2026-03-20T01:16:17.412Z,14.29
2026-03-20T01:21:17.373Z,14.32
2026-03-20T01:26:17.322Z,14.32
2026-03-20T01:31:17.208Z,14.41
2026-03-20T01:36:17.217Z,14.47
2026-03-20T01:41:17.208Z,14.44
2026-03-20T01:46:17.182Z,14.55
2026-03-20T01:51:17.338Z,14.47
2026-03-20T01:56:17.383Z,14.47
2026-03-20T02:01:17.397Z,14.37
2026-03-20T02:06:17.417Z,14.32
2026-03-20T02:11:17.325Z,14.44
2026-03-20T02:16:17.408Z,14.41
2026-03-20T02:21:17.427Z,14.32
2026-03-20T02:26:17.32Z,14.32
2026-03-20T02:31:17.179Z,14.23
2026-03-20T02:36:17.365Z,14.26
2026-03-20T02:41:17.211Z,14.26
2026-03-20T02:46:17.16Z,14.29
2026-03-20T02:51:17.234Z,14.26
2026-03-20T02:56:17.265Z,14.37
2026-03-20T03:01:17.381Z,14.41
2026-03-20T03:06:17.189Z,14.35
2026-03-20T03:11:17.365Z,14.35
2026-03-20T03:16:17.36Z,14.41
2026-03-20T03:21:17.15Z,14.44
2026-03-20T03:26:17.32Z,14.41
2026-03-20T03:31:17.416Z,14.47
2026-03-20T03:36:17.231Z,14.44
2026-03-20T03:41:17.227Z,14.52
2026-03-20T03:46:17.383Z,14.47
2026-03-20T03:51:17.408Z,14.29
2026-03-20T03:56:17.379Z,14.23
2026-03-20T04:01:17.259Z,14.26
2026-03-20T04:06:17.352Z,14.23
2026-03-20T04:11:17.393Z,14.21
2026-03-20T04:16:17.782Z,14.21
2026-03-20T04:21:17.255Z,14.26
2026-03-20T04:26:17.196Z,14.23
2026-03-20T04:31:17.173Z,14.29
2026-03-20T04:36:17.346Z,14.18
2026-03-20T04:41:17.245Z,14.18
2026-03-20T04:46:17.231Z,14.26
2026-03-20T04:51:17.256Z,14.29
2026-03-20T04:56:17.234Z,14.29
2026-03-20T05:01:17.689Z,14.29
2026-03-20T05:06:17.299Z,14.29
2026-03-20T05:11:17.146Z,14.26
2026-03-20T05:16:17.398Z,14.35
2026-03-20T05:21:17.143Z,14.35
2026-03-20T05:26:17.398Z,14.26
2026-03-20T05:31:17.196Z,14.26
2026-03-20T05:36:17.371Z,14.26
2026-03-20T05:41:17.233Z,14.32
2026-03-20T05:46:17.181Z,14.23
2026-03-20T05:51:17.191Z,14.21
2026-03-20T05:56:17.175Z,14.32
2026-03-20T06:01:17.174Z,14.26
2026-03-20T06:06:17.166Z,14.29
2026-03-20T06:11:17.407Z,14.23
2026-03-20T06:16:17.368Z,14.23
2026-03-20T06:21:17.373Z,14.26
2026-03-20T06:26:17.214Z,14.21
2026-03-20T06:31:17.31Z,14.26
2026-03-20T06:36:17.355Z,14.23
2026-03-20T06:41:17.306Z,14.26
2026-03-20T06:46:17.186Z,14.37
2026-03-20T06:51:17.285Z,14.44
2026-03-20T06:56:17.382Z,14.47
2026-03-20T07:01:17.913Z,14.52
2026-03-20T07:06:17.395Z,14.55
2026-03-20T07:11:17.294Z,14.58
2026-03-20T07:16:17.195Z,14.64
2026-03-20T07:21:17.146Z,14.78
2026-03-20T07:26:17.193Z,14.81
2026-03-20T07:31:17.385Z,14.84
2026-03-20T07:36:17.377Z,14.81
2026-03-20T07:41:17.67Z,14.86
2026-03-20T07:46:17.234Z,14.84
2026-03-20T07:51:17.716Z,14.81
2026-03-20T07:56:17.153Z,14.78
2026-03-20T08:01:17.156Z,14.84
2026-03-20T08:06:17.212Z,14.98
2026-03-20T08:11:17.29Z,14.95
2026-03-20T08:16:17.42Z,14.93
2026-03-20T08:21:17.376Z,15.01
2026-03-20T08:26:17.38Z,15.01
2026-03-20T08:31:18.445Z,15.01
2026-03-20T08:36:17.184Z,14.95
2026-03-20T08:41:17.232Z,15.04
2026-03-20T08:46:17.141Z,15.12
2026-03-20T08:51:17.148Z,15.04
2026-03-20T08:56:17.381Z,15.04
2026-03-20T09:01:17.16Z,15.12
2026-03-20T09:06:17.721Z,15.21
2026-03-20T09:11:17.149Z,15.27
2026-03-20T09:16:17.141Z,15.3
2026-03-20T09:21:17.341Z,15.35
2026-03-20T09:26:17.116Z,15.35
2026-03-20T09:31:17.794Z,15.44
2026-03-20T09:36:17.295Z,15.5
2026-03-20T09:41:17.32Z,15.67
2026-03-20T09:46:18.525Z,15.65
2026-03-20T09:51:17.363Z,15.88
2026-03-20T09:56:17.286Z,15.84
2026-03-20T10:01:17.205Z,15.88
2026-03-20T10:06:17.221Z,16.02
2026-03-20T10:11:17.414Z,16.19
2026-03-20T10:16:17.358Z,16.25
2026-03-20T10:21:17.171Z,16.45
2026-03-20T10:26:17.309Z,16.42
2026-03-20T10:31:17.141Z,16.53
2026-03-20T10:36:17.564Z,16.3
2026-03-20T10:41:17.688Z,16.28
2026-03-20T10:46:17.135Z,16.48
2026-03-20T10:51:17.394Z,16.42
2026-03-20T10:56:17.712Z,16.3
2026-03-20T11:01:17.152Z,16.25
2026-03-20T11:06:17.392Z,16.33
2026-03-20T11:11:17.801Z,16.48
2026-03-20T11:16:17.177Z,16.45
2026-03-20T11:21:17.316Z,16.42
2026-03-20T11:26:18.075Z,16.48
2026-03-20T11:31:17.174Z,16.3
2026-03-20T11:36:17.378Z,16.48
2026-03-20T11:41:17.339Z,16.45
2026-03-20T11:46:17.355Z,16.51
2026-03-20T11:51:17.282Z,16.51
2026-03-20T11:56:17.311Z,16.33
2026-03-20T12:01:17.164Z,16.37
2026-03-20T12:06:17.359Z,16.25
2026-03-20T12:11:17.361Z,16.28
2026-03-20T12:16:17.318Z,16.14
2026-03-20T12:21:17.374Z,16.33
2026-03-20T12:26:17.345Z,16.37
2026-03-20T12:31:17.146Z,16.19
2026-03-20T12:36:17.332Z,16.14
2026-03-20T12:41:17.148Z,16.14
2026-03-20T12:46:17.166Z,16.1
2026-03-20T12:51:17.33Z,16.25
2026-03-20T12:56:17.359Z,16.51
2026-03-20T13:01:17.264Z,16.65
2026-03-20T13:06:17.277Z,16.79
2026-03-20T13:11:17.289Z,17.0
2026-03-20T13:16:17.121Z,17.05
2026-03-20T13:21:17.331Z,17.17
2026-03-20T13:26:17.212Z,17.05
2026-03-20T13:31:17.393Z,17.14
2026-03-20T13:36:17.266Z,17.2
2026-03-20T13:41:17.307Z,17.11
2026-03-20T13:46:17.278Z,17.14
2026-03-20T13:51:17.257Z,17.0
2026-03-20T13:56:17.277Z,17.0
2026-03-20T14:01:17.264Z,17.11
2026-03-20T14:06:17.342Z,17.34
2026-03-20T14:16:28.462Z,17.2
2026-03-20T14:16:56.925Z,17.37
2026-03-20T14:21:17.284Z,17.2
2026-03-20T14:26:17.238Z,17.28
2026-03-20T14:31:17.371Z,17.28
2026-03-20T14:36:17.127Z,17.31
2026-03-20T14:41:17.314Z,17.46
2026-03-20T14:46:17.191Z,17.6
2026-03-20T14:51:17.401Z,17.63
2026-03-20T14:56:17.331Z,17.83
2026-03-20T15:01:17.189Z,17.69
2026-03-20T15:06:17.291Z,17.66
2026-03-20T15:11:17.32Z,17.6
2026-03-20T15:16:17.214Z,17.83
2026-03-20T15:21:17.407Z,17.66
2026-03-20T15:26:17.252Z,17.54
2026-03-20T15:31:17.141Z,17.74
2026-03-20T15:36:17.829Z,17.77
2026-03-20T15:41:17.167Z,17.74
2026-03-20T15:46:17.176Z,17.43
2026-03-20T15:51:17.144Z,17.28
2026-03-20T15:56:17.199Z,17.26
2026-03-20T16:01:17.287Z,17.17
2026-03-20T16:06:17.149Z,16.94
2026-03-20T16:11:17.354Z,16.82
2026-03-20T16:16:17.273Z,16.82
2026-03-20T16:21:17.302Z,16.91
2026-03-20T16:26:17.352Z,16.97
2026-03-20T16:31:17.306Z,17.14
2026-03-20T16:36:17.36Z,16.97
2026-03-20T16:41:17.342Z,16.56
2026-03-20T16:46:17.772Z,16.37
2026-03-20T16:51:17.357Z,16.3
2026-03-20T16:56:17.119Z,16.22
2026-03-20T17:01:17.131Z,16.22
2026-03-20T17:06:17.36Z,16.28
2026-03-20T17:11:17.241Z,16.28
2026-03-20T17:16:17.131Z,16.14
2026-03-20T17:21:17.182Z,16.05
2026-03-20T17:26:17.099Z,15.9
2026-03-20T17:31:17.185Z,15.76
2026-03-20T17:36:17.111Z,15.79
2026-03-20T17:41:17.292Z,15.67
2026-03-20T17:46:17.154Z,15.53
2026-03-20T17:51:17.252Z,15.53
2026-03-20T17:56:17.208Z,15.47
2026-03-20T18:01:17.292Z,15.35
2026-03-20T18:06:17.275Z,15.33
2026-03-20T18:11:17.192Z,15.27
2026-03-20T18:16:17.181Z,15.21
2026-03-20T18:21:17.193Z,15.16
2026-03-20T18:26:17.371Z,15.09
2026-03-20T18:31:17.388Z,15.04
2026-03-20T18:36:17.117Z,15.01
2026-03-20T18:41:17.285Z,14.98
2026-03-20T18:46:17.336Z,14.93
2026-03-20T18:51:17.153Z,14.95
2026-03-20T18:56:17.267Z,14.95
2026-03-20T19:01:17.372Z,14.93
2026-03-20T19:06:17.226Z,14.95
2026-03-20T19:11:18.29Z,14.95
2026-03-20T19:16:17.647Z,14.95
2026-03-20T19:21:17.15Z,14.9
2026-03-20T19:26:17.137Z,14.9
2026-03-20T19:31:17.37Z,14.93
2026-03-20T19:36:17.163Z,14.86
2026-03-20T19:41:17.236Z,14.93
2026-03-20T19:46:18.423Z,14.86
2026-03-20T19:51:17.31Z,14.9
2026-03-20T19:56:17.16Z,14.9
2026-03-20T20:01:17.336Z,14.93
2026-03-20T20:06:17.259Z,14.84
2026-03-20T20:11:17.377Z,14.9
2026-03-20T20:16:17.368Z,14.81
2026-03-20T20:21:17.523Z,14.84
2026-03-20T20:26:17.132Z,14.84
2026-03-20T20:31:17.268Z,14.86
2026-03-20T20:36:17.309Z,14.84
2026-03-20T20:41:17.158Z,14.81
2026-03-20T20:46:17.139Z,14.81
2026-03-20T20:51:17.23Z,14.81
2026-03-20T20:56:17.246Z,14.7
2026-03-20T21:01:17.076Z,14.58
2026-03-20T21:06:17.13Z,14.49
2026-03-20T21:11:17.314Z,14.41
2026-03-20T21:16:17.34Z,14.32
2026-03-20T21:21:18.345Z,14.26
2026-03-20T21:26:17.089Z,14.15
2026-03-20T21:31:17.242Z,14.06
2026-03-20T21:36:17.347Z,13.98
2026-03-20T21:41:17.187Z,13.98
2026-03-20T21:46:17.146Z,14.0
2026-03-20T21:51:17.131Z,14.12
2026-03-20T21:56:17.267Z,14.21
2026-03-20T22:01:17.219Z,14.29
2026-03-20T22:06:17.108Z,14.26
2026-03-20T22:11:17.254Z,14.29
2026-03-20T22:16:17.239Z,14.21
2026-03-20T22:21:17.327Z,14.23
2026-03-20T22:26:17.105Z,14.29
2026-03-20T22:31:17.345Z,14.18
2026-03-20T22:36:17.107Z,14.26
2026-03-20T22:41:17.089Z,14.21
2026-03-20T22:46:17.077Z,14.21
2026-03-20T22:51:17.212Z,14.21
2026-03-20T22:56:17.219Z,14.15
2026-03-20T23:01:17.274Z,14.09
2026-03-20T23:06:17.158Z,14.06
2026-03-20T23:11:17.151Z,14.09
2026-03-20T23:16:17.274Z,14.21
2026-03-20T23:21:17.257Z,14.23
2026-03-20T23:26:17.061Z,14.21
2026-03-20T23:31:17.344Z,14.29
2026-03-20T23:36:17.065Z,14.23
2026-03-20T23:41:17.134Z,14.26
2026-03-20T23:46:17.208Z,14.23
2026-03-20T23:51:17.124Z,14.18
2026-03-20T23:56:17.211Z,14.15
2026-03-21T00:01:17.333Z,14.15
2026-03-21T00:06:18.533Z,14.06
2026-03-21T00:11:17.318Z,14.06
2026-03-21T00:16:17.24Z,14.0
2026-03-21T00:21:17.682Z,14.03
2026-03-21T00:26:17.236Z,14.12
2026-03-21T00:31:17.149Z,14.09
2026-03-21T00:36:17.244Z,13.98
2026-03-21T00:41:17.28Z,13.86
2026-03-21T00:46:17.277Z,13.77
2026-03-21T00:51:17.22Z,13.72
2026-03-21T00:56:17.237Z,13.66
2026-03-21T01:01:17.048Z,13.69
2026-03-21T01:06:17.065Z,13.6
2026-03-21T01:11:17.193Z,13.51
2026-03-21T01:16:17.131Z,13.66
2026-03-21T01:21:17.364Z,13.57
2026-03-21T01:26:17.323Z,13.6
2026-03-21T01:31:17.234Z,13.63
2026-03-21T01:36:17.328Z,13.57
2026-03-21T01:41:17.251Z,13.63
2026-03-21T01:46:17.149Z,13.51
2026-03-21T01:51:17.287Z,13.54
2026-03-21T01:56:17.207Z,13.63
2026-03-21T02:01:17.059Z,13.57
2026-03-21T02:06:17.099Z,13.51
2026-03-21T02:11:17.261Z,13.4
2026-03-21T02:16:17.131Z,13.37
2026-03-21T02:21:17.062Z,13.28
2026-03-21T02:26:17.105Z,13.28
2026-03-21T02:31:17.728Z,13.31
2026-03-21T02:36:17.256Z,13.46
2026-03-21T02:41:17.089Z,13.43
2026-03-21T02:46:17.116Z,13.37
2026-03-21T02:51:17.237Z,13.46
2026-03-21T02:56:17.111Z,13.6
2026-03-21T03:01:17.276Z,13.54
2026-03-21T03:06:17.07Z,13.57
2026-03-21T03:11:17.425Z,13.63
2026-03-21T03:16:18.167Z,13.69
2026-03-21T03:21:17.06Z,13.69
2026-03-21T03:26:17.372Z,13.72
2026-03-21T03:31:17.191Z,13.63
2026-03-21T03:36:17.087Z,13.6
2026-03-21T03:41:17.309Z,13.54
2026-03-21T03:46:17.255Z,13.51
2026-03-21T03:51:17.245Z,13.43
2026-03-21T03:56:17.253Z,13.46
2026-03-21T04:01:17.185Z,13.43
2026-03-21T04:06:17.29Z,13.37
2026-03-21T04:11:17.076Z,13.34
2026-03-21T04:16:17.076Z,13.08
2026-03-21T04:21:17.123Z,12.88
2026-03-21T04:26:17.261Z,12.79
2026-03-21T04:31:17.136Z,12.65
2026-03-21T04:36:18.504Z,12.42
2026-03-21T04:41:17.316Z,12.25
2026-03-21T04:46:17.235Z,12.1
2026-03-21T04:51:17.26Z,12.13
2026-03-21T04:56:17.264Z,12.22
2026-03-21T05:01:17.101Z,12.13
2026-03-21T05:06:17.266Z,12.25
2026-03-21T05:11:18.403Z,12.25
2026-03-21T05:16:17.105Z,12.25
2026-03-21T05:21:17.057Z,12.16
2026-03-21T05:26:17.087Z,12.19
2026-03-21T05:31:17.287Z,12.22
2026-03-21T05:36:17.091Z,12.16
2026-03-21T05:41:17.239Z,12.36
2026-03-21T05:46:17.095Z,12.39
2026-03-21T05:51:17.117Z,12.36
2026-03-21T05:56:17.063Z,12.31
2026-03-21T06:01:17.092Z,12.28
2026-03-21T06:06:17.292Z,12.36
2026-03-21T06:11:17.163Z,12.31
2026-03-21T06:16:17.19Z,12.31
2026-03-21T06:21:17.26Z,12.28
2026-03-21T06:26:17.312Z,12.33
2026-03-21T06:31:17.364Z,12.31
2026-03-21T06:36:17.191Z,12.36
2026-03-21T06:41:17.298Z,12.36
2026-03-21T06:46:17.074Z,12.39
2026-03-21T06:51:17.248Z,12.19
2026-03-21T06:56:17.062Z,12.07
2026-03-21T07:01:17.45Z,12.1
2026-03-21T07:06:17.314Z,12.07
2026-03-21T07:11:17.154Z,12.13
2026-03-21T07:16:17.061Z,12.19
2026-03-21T07:21:17.261Z,12.22
2026-03-21T07:26:17.214Z,12.22
2026-03-21T07:31:17.272Z,12.19
2026-03-21T07:36:17.245Z,12.31
2026-03-21T07:41:17.077Z,12.42
2026-03-21T07:46:17.177Z,12.36
2026-03-21T07:51:17.194Z,12.54
2026-03-21T07:56:17.108Z,12.59
2026-03-21T08:01:17.153Z,12.56
2026-03-21T08:06:17.246Z,12.68
2026-03-21T08:11:17.081Z,12.77
2026-03-21T08:16:17.157Z,12.94
2026-03-21T08:21:17.176Z,13.0
2026-03-21T08:26:17.286Z,13.08
2026-03-21T08:31:17.173Z,13.26
2026-03-21T08:36:17.039Z,13.4
2026-03-21T08:41:17.185Z,13.51
2026-03-21T08:46:17.254Z,13.6
2026-03-21T08:51:17.289Z,13.66
2026-03-21T08:56:17.302Z,13.66
2026-03-21T09:01:17.159Z,13.77
2026-03-21T09:06:17.2Z,13.89
2026-03-21T09:11:17.309Z,13.98
2026-03-21T09:16:17.08Z,14.09
2026-03-21T09:21:17.259Z,14.03
2026-03-21T09:26:17.293Z,14.03
2026-03-21T09:31:18.593Z,14.15
2026-03-21T09:36:17.181Z,14.26
2026-03-21T09:41:17.21Z,14.44
2026-03-21T09:46:17.174Z,14.55
2026-03-21T09:51:17.948Z,14.72
2026-03-21T09:56:17.106Z,14.84
2026-03-21T10:01:17.267Z,15.09
2026-03-21T10:06:17.233Z,14.98
2026-03-21T10:11:17.255Z,15.01
2026-03-21T10:16:17.243Z,15.19
2026-03-21T10:21:17.103Z,15.07
2026-03-21T10:26:17.275Z,15.21
2026-03-21T10:31:17.061Z,15.12
2026-03-21T10:36:17.173Z,15.27
2026-03-21T10:41:17.047Z,15.27
2026-03-21T10:46:17.241Z,15.42
2026-03-21T10:51:17.273Z,15.44
2026-03-21T10:56:17.245Z,15.65
2026-03-21T11:01:17.761Z,15.76
2026-03-21T11:06:17.068Z,16.07
2026-03-21T11:11:17.515Z,16.16
2026-03-21T11:16:17.013Z,16.1
2026-03-21T11:21:17.248Z,16.25
2026-03-21T11:26:17.182Z,16.05
2026-03-21T11:31:17.199Z,16.22
2026-03-21T11:36:17.012Z,16.1
2026-03-21T11:41:17.238Z,16.28
2026-03-21T11:46:17.474Z,16.39
2026-03-21T11:51:17.241Z,16.25
2026-03-21T11:56:17.369Z,16.19
2026-03-21T12:01:17.007Z,16.22
2026-03-21T12:06:17.057Z,16.3
2026-03-21T12:11:17.08Z,16.28
2026-03-21T12:16:17.502Z,16.3
2026-03-21T12:21:17.284Z,16.3
2026-03-21T12:26:17.201Z,16.56
2026-03-21T12:31:17.019Z,16.42
2026-03-21T12:36:17.039Z,16.51
2026-03-21T12:41:17.923Z,16.51
2026-03-21T12:46:17.132Z,16.62
2026-03-21T12:51:17.019Z,16.62
2026-03-21T12:56:17.037Z,16.71
2026-03-21T13:01:17.157Z,16.91
2026-03-21T13:06:17.29Z,16.85
2026-03-21T13:11:17.269Z,16.71
2026-03-21T13:16:17.244Z,16.71
2026-03-21T13:21:17.084Z,16.62
2026-03-21T13:26:17.184Z,16.56
2026-03-21T13:31:17.06Z,16.62
2026-03-21T13:36:17.261Z,16.62
2026-03-21T13:41:17.015Z,16.68
2026-03-21T13:46:17.299Z,16.68
2026-03-21T13:51:17.228Z,16.53
2026-03-21T13:56:17.005Z,16.51
2026-03-21T14:01:17.051Z,16.39
2026-03-21T14:06:17.014Z,16.16
2026-03-21T14:11:17.218Z,16.22
2026-03-21T14:16:17.188Z,16.19
2026-03-21T14:21:17.03Z,16.22
2026-03-21T14:26:17.15Z,16.19
2026-03-21T14:31:17.238Z,16.22
2026-03-21T14:36:17.261Z,16.14
2026-03-21T14:41:17.158Z,16.1
2026-03-21T14:46:17.231Z,16.16
2026-03-21T14:51:17.47Z,16.25
2026-03-21T14:56:17.809Z,16.3
2026-03-21T15:01:17.054Z,16.28
2026-03-21T15:06:17.871Z,16.25
2026-03-21T15:11:17.024Z,16.07
2026-03-21T15:16:17.077Z,16.1
2026-03-21T15:21:17.257Z,16.1
2026-03-21T15:26:17.266Z,16.05
2026-03-21T15:31:17.049Z,16.05
2026-03-21T15:36:17.254Z,16.19
2026-03-21T15:41:17.144Z,16.05
2026-03-21T15:46:17.062Z,16.16
2026-03-21T15:51:17.144Z,16.1
2026-03-21T15:56:17.254Z,16.05
2026-03-21T16:01:17.163Z,16.02
2026-03-21T16:06:17.043Z,16.05
2026-03-21T16:11:17.065Z,15.99
2026-03-21T16:16:17.255Z,16.05
2026-03-21T16:21:17.07Z,16.05
2026-03-21T16:26:17.056Z,16.1
2026-03-21T16:31:17.21Z,16.1
2026-03-21T16:36:17.135Z,16.1
2026-03-21T16:41:17.172Z,16.1
2026-03-21T16:46:17.102Z,16.07
2026-03-21T16:51:17.119Z,15.99
2026-03-21T16:56:16.995Z,16.02
2026-03-21T17:01:17.102Z,15.99
2026-03-21T17:06:18.827Z,15.96
2026-03-21T17:11:17.265Z,15.93
2026-03-21T17:16:17.206Z,15.93
2026-03-21T17:21:17.111Z,15.81
2026-03-21T17:26:17.004Z,15.81
2026-03-21T17:31:17.037Z,15.84
2026-03-21T17:36:17.007Z,15.76
2026-03-21T17:41:17.156Z,15.79
2026-03-21T17:46:17.104Z,15.7
2026-03-21T17:51:16.974Z,15.65
2026-03-21T17:56:17.201Z,15.58
2026-03-21T18:01:17.165Z,15.53
2026-03-21T18:06:16.985Z,15.56
2026-03-21T18:11:17.162Z,15.5
2026-03-21T18:16:17.004Z,15.44
2026-03-21T18:21:17.196Z,15.39
2026-03-21T18:26:17.241Z,15.35
2026-03-21T18:31:17.211Z,15.35
2026-03-21T18:36:16.989Z,15.21
2026-03-21T18:41:17.606Z,15.19
2026-03-21T18:46:16.967Z,15.07
2026-03-21T18:51:17.004Z,15.12
2026-03-21T18:56:17.053Z,15.09
2026-03-21T19:01:17.175Z,15.01
2026-03-21T19:06:17.108Z,15.01
2026-03-21T19:11:17.133Z,15.04
2026-03-21T19:16:17.13Z,14.9
2026-03-21T19:21:17.049Z,14.9
2026-03-21T19:26:17.198Z,14.86
2026-03-21T19:31:17.002Z,14.84
2026-03-21T19:36:17.216Z,14.81
2026-03-21T19:41:17.108Z,14.78
2026-03-21T19:46:17.023Z,14.81
2026-03-21T19:51:17.2Z,14.67
2026-03-21T19:56:17.019Z,14.7
2026-03-21T20:01:17.084Z,14.61
2026-03-21T20:06:16.951Z,14.58
2026-03-21T20:11:17.034Z,14.58
2026-03-21T20:16:16.946Z,14.55
2026-03-21T20:21:17.149Z,14.52
2026-03-21T20:26:17.122Z,14.52
2026-03-21T20:31:16.997Z,14.52
2026-03-21T20:36:17.032Z,14.49
2026-03-21T20:41:16.945Z,14.41
2026-03-21T20:46:17.181Z,14.44
2026-03-21T20:51:17.004Z,14.49
2026-03-21T20:56:17.113Z,14.37
2026-03-21T21:01:17.077Z,14.41
2026-03-21T21:06:17.229Z,14.35
2026-03-21T21:11:17.139Z,14.41
2026-03-21T21:16:16.979Z,14.32
2026-03-21T21:21:17.22Z,14.29
2026-03-21T21:26:17.132Z,14.29
2026-03-21T21:31:17.186Z,14.23
2026-03-21T21:36:17.14Z,14.29
2026-03-21T21:41:17.133Z,14.18
2026-03-21T21:46:17.128Z,14.18
2026-03-21T21:51:17.003Z,14.21
2026-03-21T21:56:16.981Z,14.21
2026-03-21T22:01:17.102Z,14.26
2026-03-21T22:06:17.191Z,14.23
2026-03-21T22:11:16.963Z,14.15
2026-03-21T22:16:17.227Z,14.21
2026-03-21T22:21:16.967Z,14.23
2026-03-21T22:26:17.169Z,14.09
2026-03-21T22:31:17.018Z,14.06
2026-03-21T22:36:17.078Z,14.06
2026-03-21T22:41:17.111Z,13.95
2026-03-21T22:46:17.154Z,13.86
2026-03-21T22:51:17.008Z,13.74
2026-03-21T22:56:17.101Z,13.69
2026-03-21T23:01:17.089Z,13.49
2026-03-21T23:06:17.012Z,13.34
2026-03-21T23:11:16.983Z,13.26
2026-03-21T23:16:17.219Z,13.14
2026-03-21T23:21:16.966Z,13.14
2026-03-21T23:26:17.18Z,12.97
2026-03-21T23:31:17.152Z,12.79
2026-03-21T23:36:17.074Z,12.56
2026-03-21T23:41:16.949Z,12.39
2026-03-21T23:46:17.009Z,12.31
2026-03-21T23:51:17.01Z,12.19
2026-03-21T23:56:17.154Z,12.05
2026-03-22T00:01:17.049Z,11.84
2026-03-22T00:06:17.193Z,11.7
2026-03-22T00:11:17.013Z,11.56
2026-03-22T00:16:16.973Z,11.5
2026-03-22T00:21:17.222Z,11.33
2026-03-22T00:26:17.081Z,11.19
2026-03-22T00:31:17.073Z,11.1
2026-03-22T00:36:16.945Z,11.04
2026-03-22T00:41:17.192Z,11.1
2026-03-22T00:46:17.083Z,10.92
2026-03-22T00:51:17.203Z,11.12
2026-03-22T00:56:16.967Z,11.15
2026-03-22T01:01:17.179Z,11.21
2026-03-22T01:06:17.089Z,11.21
2026-03-22T01:11:16.985Z,11.24
2026-03-22T01:16:16.994Z,11.21
2026-03-22T01:21:16.988Z,11.21
2026-03-22T01:26:17.39Z,11.19
2026-03-22T01:31:17.22Z,11.15
2026-03-22T01:36:17.076Z,11.15
2026-03-22T01:41:17.429Z,11.19
2026-03-22T01:46:17.488Z,11.19
2026-03-22T01:51:16.993Z,11.24
2026-03-22T01:56:17.713Z,11.3
2026-03-22T02:01:17.333Z,11.3
2026-03-22T02:06:16.942Z,11.27
2026-03-22T02:11:17.092Z,11.33
2026-03-22T02:16:17.075Z,11.21
2026-03-22T02:21:16.993Z,11.04
2026-03-22T02:26:17.114Z,10.98
2026-03-22T02:31:17.088Z,11.04
2026-03-22T02:36:16.956Z,11.1
2026-03-22T02:41:17.046Z,11.12
2026-03-22T02:46:16.923Z,11.15
2026-03-22T02:51:16.942Z,11.19
2026-03-22T02:56:18.162Z,11.15
2026-03-22T03:01:17.372Z,11.01
2026-03-22T03:06:17.082Z,11.01
2026-03-22T03:11:17.187Z,11.01
2026-03-22T03:16:17.165Z,11.04
2026-03-22T03:21:16.978Z,10.96
2026-03-22T03:26:17.051Z,10.98
2026-03-22T03:31:17.159Z,10.89
2026-03-22T03:36:17.089Z,10.98
2026-03-22T03:41:17.033Z,10.75
2026-03-22T03:46:17.189Z,10.7
2026-03-22T03:51:17.12Z,10.61
2026-03-22T03:56:16.94Z,10.47
2026-03-22T04:01:17.068Z,10.52
2026-03-22T04:06:17.499Z,10.55
2026-03-22T04:11:17.146Z,10.58
2026-03-22T04:16:17.006Z,10.43
2026-03-22T04:21:16.928Z,10.26
2026-03-22T04:26:16.927Z,10.24
2026-03-22T04:31:17.155Z,10.09
2026-03-22T04:36:17.196Z,9.91
2026-03-22T04:41:17.624Z,9.83
2026-03-22T04:46:17.163Z,9.75
2026-03-22T04:51:17.312Z,9.51
2026-03-22T04:56:17.005Z,9.34
2026-03-22T05:01:17.401Z,9.31
2026-03-22T05:06:17.004Z,9.37
2026-03-22T05:11:17.595Z,9.4
2026-03-22T05:16:17.067Z,9.37
2026-03-22T05:21:17.041Z,9.37
2026-03-22T05:26:17.607Z,9.45
2026-03-22T05:31:17.07Z,9.45
2026-03-22T05:36:17.169Z,9.37
2026-03-22T05:41:16.924Z,9.34
2026-03-22T05:46:16.947Z,9.31
2026-03-22T05:51:17.425Z,9.17
2026-03-22T05:56:17.167Z,9.14
2026-03-22T06:01:17.069Z,9.03
2026-03-22T06:06:17.836Z,8.91
2026-03-22T06:11:16.924Z,8.74
2026-03-22T06:16:17.128Z,8.65
2026-03-22T06:21:17.149Z,8.68
2026-03-22T06:26:16.924Z,8.65
2026-03-22T06:31:17.197Z,8.74
2026-03-22T06:36:17.356Z,8.68
2026-03-22T06:41:16.915Z,8.68
2026-03-22T06:46:18.498Z,8.79
2026-03-22T06:51:17.165Z,8.88
2026-03-22T06:56:16.927Z,9.0
2026-03-22T07:01:16.939Z,9.14
2026-03-22T07:06:16.936Z,9.34
2026-03-22T07:11:17.063Z,9.45
2026-03-22T07:16:16.966Z,9.6
2026-03-22T07:21:16.976Z,9.86
2026-03-22T07:26:17.002Z,10.15
2026-03-22T07:31:16.975Z,10.38
2026-03-22T07:36:17.074Z,10.61
2026-03-22T07:41:17.924Z,10.81
2026-03-22T07:46:17.061Z,10.92
2026-03-22T07:51:16.964Z,10.98
2026-03-22T07:56:17.106Z,11.19
2026-03-22T08:01:17.076Z,11.47
2026-03-22T08:06:17Z,11.61
2026-03-22T08:11:17.058Z,11.9
2026-03-22T08:16:17.16Z,12.07
2026-03-22T08:21:17.08Z,12.39
2026-03-22T08:26:16.926Z,12.48
2026-03-22T08:31:16.965Z,12.65
2026-03-22T08:36:17.005Z,12.85
2026-03-22T08:41:16.993Z,13.17
2026-03-22T08:46:17.047Z,13.63
2026-03-22T08:51:17.042Z,13.72
2026-03-22T08:56:17.857Z,13.74
2026-03-22T09:01:16.928Z,14.0
2026-03-22T09:06:17.563Z,14.0
2026-03-22T09:11:16.934Z,14.41
2026-03-22T09:16:17.033Z,14.64
2026-03-22T09:21:17.804Z,14.52
2026-03-22T09:26:17.067Z,14.55
2026-03-22T09:31:16.94Z,14.98
2026-03-22T09:36:17.997Z,15.21
2026-03-22T09:41:17.132Z,15.53
2026-03-22T09:46:17.056Z,15.67
2026-03-22T09:51:16.934Z,15.81
2026-03-22T09:56:16.982Z,16.07
2026-03-22T10:01:17.065Z,16.42
2026-03-22T10:06:16.975Z,16.59
2026-03-22T10:11:16.978Z,16.62
2026-03-22T10:16:16.924Z,16.97
2026-03-22T10:21:16.96Z,17.11
2026-03-22T10:26:17.051Z,16.97
2026-03-22T10:31:17.028Z,16.88
2026-03-22T10:36:16.969Z,17.28
2026-03-22T10:41:16.914Z,17.31
2026-03-22T10:46:17.069Z,17.54
2026-03-22T10:51:16.989Z,17.66
2026-03-22T10:56:16.914Z,17.51
2026-03-22T11:01:17.06Z,17.4
2026-03-22T11:06:16.888Z,17.66
2026-03-22T11:11:17.035Z,17.77
2026-03-22T11:16:17.142Z,17.63
2026-03-22T11:21:17.068Z,17.28
2026-03-22T11:26:17.088Z,17.77
2026-03-22T11:31:16.88Z,18.0
2026-03-22T11:36:17.063Z,18.21
2026-03-22T11:41:16.982Z,18.72
2026-03-22T11:46:16.987Z,18.72
2026-03-22T11:51:17.583Z,18.87
2026-03-22T11:56:16.896Z,18.67
2026-03-22T12:01:17.095Z,18.93
2026-03-22T12:06:16.901Z,19.3
2026-03-22T12:11:17.07Z,19.59
2026-03-22T12:16:16.91Z,19.36
2026-03-22T12:21:17.731Z,19.42
2026-03-22T12:26:16.986Z,19.53
2026-03-22T12:31:17.157Z,19.65
2026-03-22T12:36:16.929Z,19.5
2026-03-22T12:41:16.872Z,19.44
2026-03-22T12:46:17.036Z,19.67
2026-03-22T12:51:16.966Z,19.7
2026-03-22T12:56:17.11Z,19.88
2026-03-22T13:01:16.881Z,20.19
2026-03-22T13:06:16.907Z,20.31
2026-03-22T13:11:17.029Z,20.25
2026-03-22T13:16:16.932Z,20.45
2026-03-22T13:21:16.933Z,20.79
2026-03-22T13:26:16.91Z,20.62
2026-03-22T13:31:17.076Z,21.02
2026-03-22T13:36:17.11Z,20.86
2026-03-22T13:41:17.082Z,21.11
2026-03-22T13:46:17.363Z,20.88
2026-03-22T13:51:17.055Z,21.28
2026-03-22T13:56:17.316Z,21.34
2026-03-22T14:01:17.051Z,21.43
2026-03-22T14:06:17.134Z,21.51
2026-03-22T14:11:17.091Z,21.69
2026-03-22T14:16:17.061Z,21.51
2026-03-22T14:21:16.902Z,21.0
2026-03-22T14:26:17.009Z,20.48
2026-03-22T14:31:16.922Z,20.22
2026-03-22T14:36:17.071Z,19.88
2026-03-22T14:41:16.914Z,19.85
2026-03-22T14:46:16.909Z,20.19
2026-03-22T14:51:16.94Z,20.71
2026-03-22T14:56:16.975Z,20.74
2026-03-22T15:01:16.907Z,20.88
2026-03-22T15:06:17.082Z,20.74
2026-03-22T15:11:16.901Z,20.42
2026-03-22T15:16:17.266Z,20.34
2026-03-22T15:21:17.063Z,20.37
2026-03-22T15:26:18.582Z,20.45
2026-03-22T15:31:16.924Z,20.6
2026-03-22T15:36:16.905Z,20.83
2026-03-22T15:41:16.973Z,20.76
2026-03-22T15:46:16.965Z,20.53
2026-03-22T15:51:16.894Z,20.48
2026-03-22T15:56:17.064Z,20.53
2026-03-22T16:01:17.046Z,20.51
2026-03-22T16:06:17.128Z,20.51
2026-03-22T16:11:17.081Z,20.48
2026-03-22T16:16:17.104Z,20.62
2026-03-22T16:21:17.03Z,20.88
2026-03-22T16:26:17.079Z,20.83
2026-03-22T16:31:17.103Z,20.91
2026-03-22T16:36:16.883Z,20.88
2026-03-22T16:41:17.207Z,20.76
2026-03-22T16:46:16.888Z,20.62
2026-03-22T16:51:17.05Z,20.65
2026-03-22T16:56:17.057Z,20.74
2026-03-22T17:01:17.035Z,20.62
2026-03-22T17:06:17.325Z,20.42
2026-03-22T17:11:16.894Z,20.42
2026-03-22T17:16:17.039Z,20.51
2026-03-22T17:21:16.945Z,20.53
2026-03-22T17:26:16.965Z,20.45
2026-03-22T17:31:17.636Z,20.28
2026-03-22T17:36:17.056Z,19.99
2026-03-22T17:41:17.086Z,19.76
2026-03-22T17:46:17.039Z,19.5
2026-03-22T17:51:16.981Z,19.27
2026-03-22T17:56:17.103Z,18.81
2026-03-22T18:01:17.116Z,18.32
2026-03-22T18:06:17.045Z,18.0
2026-03-22T18:11:16.96Z,17.74
2026-03-22T18:16:17.064Z,17.51
2026-03-22T18:21:16.874Z,17.26
2026-03-22T18:26:16.953Z,17.05
2026-03-22T18:31:16.955Z,16.94
2026-03-22T18:36:16.951Z,16.79
2026-03-22T18:41:16.968Z,16.59
2026-03-22T18:46:17.284Z,16.37
2026-03-22T18:51:16.89Z,16.25
2026-03-22T18:56:16.839Z,16.05
2026-03-22T19:01:17.114Z,15.81
2026-03-22T19:06:16.91Z,15.7
2026-03-22T19:11:16.858Z,15.5
2026-03-22T19:16:17.122Z,15.33
2026-03-22T19:21:16.973Z,15.19
2026-03-22T19:26:17.086Z,15.07
2026-03-22T19:31:18.126Z,15.07
2026-03-22T19:36:17.026Z,14.9
2026-03-22T19:41:17.04Z,14.84
2026-03-22T19:46:16.927Z,14.67
2026-03-22T19:51:17.132Z,14.55
2026-03-22T19:56:17.799Z,14.49
2026-03-22T20:01:17.081Z,14.44
2026-03-22T20:06:16.854Z,14.41
2026-03-22T20:11:17.408Z,14.41
2026-03-22T20:16:17.46Z,14.29
2026-03-22T20:21:16.932Z,14.23
2026-03-22T20:26:17.668Z,14.0
2026-03-22T20:31:17.104Z,13.86
2026-03-22T20:36:17.047Z,13.63
2026-03-22T20:41:17.015Z,13.57
2026-03-22T20:46:17.074Z,13.4
2026-03-22T20:51:16.976Z,13.31
2026-03-22T20:56:16.874Z,13.2
2026-03-22T21:01:16.904Z,12.91
2026-03-22T21:06:16.957Z,12.74
2026-03-22T21:11:16.862Z,12.62
2026-03-22T21:16:16.866Z,12.54
2026-03-22T21:21:17.363Z,12.59
2026-03-22T21:26:17.022Z,12.71
2026-03-22T21:31:16.947Z,12.85
2026-03-22T21:36:17.021Z,12.91
2026-03-22T21:41:17.019Z,13.08
2026-03-22T21:46:16.884Z,13.11
2026-03-22T21:51:16.94Z,13.31
2026-03-22T21:56:16.923Z,13.51
2026-03-22T22:01:17.072Z,13.57
2026-03-22T22:06:17.059Z,13.69
2026-03-22T22:11:16.831Z,13.72
2026-03-22T22:16:17.041Z,13.6
2026-03-22T22:21:16.99Z,13.63
2026-03-22T22:26:16.895Z,13.46
2026-03-22T22:31:16.882Z,13.43
2026-03-22T22:36:17.095Z,13.37
2026-03-22T22:41:17.27Z,13.31
2026-03-22T22:46:17.045Z,13.26
2026-03-22T22:51:16.886Z,13.11
2026-03-22T22:56:17.653Z,13.05
2026-03-22T23:01:16.864Z,12.94
2026-03-22T23:06:18.248Z,12.88
2026-03-22T23:11:17.041Z,12.85
2026-03-22T23:16:17.076Z,12.77
2026-03-22T23:21:17.056Z,12.82
2026-03-22T23:26:16.951Z,12.79
2026-03-22T23:31:17.064Z,12.65
2026-03-22T23:36:17.134Z,12.62
2026-03-22T23:41:16.932Z,12.54
2026-03-22T23:46:17.032Z,12.51
2026-03-22T23:51:17.017Z,12.42
2026-03-22T23:56:17.991Z,12.42
2026-03-23T00:01:17.093Z,12.42
2026-03-23T00:06:16.896Z,12.45
2026-03-23T00:11:17.056Z,12.39
2026-03-23T00:16:17.065Z,12.31
2026-03-23T00:21:16.918Z,12.33
2026-03-23T00:26:16.919Z,12.28
2026-03-23T00:31:16.928Z,12.19
2026-03-23T00:36:17.053Z,11.99
2026-03-23T00:41:16.903Z,11.93
2026-03-23T00:46:16.816Z,11.82
2026-03-23T00:51:16.865Z,11.73
2026-03-23T00:56:17.012Z,11.64
2026-03-23T01:01:16.943Z,11.59
2026-03-23T01:06:17.082Z,11.5
2026-03-23T01:11:16.892Z,11.5
2026-03-23T01:16:16.852Z,11.47
2026-03-23T01:21:16.887Z,11.44
2026-03-23T01:26:17.012Z,11.41
2026-03-23T01:31:17.02Z,11.38
2026-03-23T01:36:16.817Z,11.3
2026-03-23T01:41:16.903Z,11.24
2026-03-23T01:46:16.909Z,11.21
2026-03-23T01:51:16.989Z,11.12
2026-03-23T01:56:16.952Z,10.98
2026-03-23T02:01:17.043Z,10.86
2026-03-23T02:06:17.048Z,10.72
2026-03-23T02:11:17.073Z,10.72
2026-03-23T02:16:17.091Z,10.66
2026-03-23T02:21:17.06Z,10.61
2026-03-23T02:26:16.964Z,10.58
2026-03-23T02:31:16.83Z,10.55
2026-03-23T02:36:17.042Z,10.43
2026-03-23T02:41:16.863Z,10.4
2026-03-23T02:46:17.068Z,10.38
2026-03-23T02:51:16.862Z,10.32
2026-03-23T02:56:16.868Z,10.29
2026-03-23T03:01:16.857Z,10.29
2026-03-23T03:06:16.93Z,10.29
2026-03-23T03:11:16.984Z,10.26
2026-03-23T03:16:17.024Z,10.29
2026-03-23T03:21:17.402Z,10.24
2026-03-23T03:26:17.301Z,10.24
2026-03-23T03:31:16.881Z,10.15
2026-03-23T03:36:16.864Z,10.29
2026-03-23T03:41:16.956Z,10.26
2026-03-23T03:46:16.86Z,10.32
2026-03-23T03:51:16.923Z,10.24
2026-03-23T03:56:17.077Z,10.09
2026-03-23T04:01:16.892Z,10.0
2026-03-23T04:06:16.843Z,9.94
2026-03-23T04:11:17.082Z,9.83
2026-03-23T04:16:17.292Z,9.72
2026-03-23T04:21:16.891Z,9.66
2026-03-23T04:26:17.039Z,9.63
2026-03-23T04:31:16.936Z,9.54
2026-03-23T04:36:16.979Z,9.54
2026-03-23T04:41:17.005Z,9.51
2026-03-23T04:46:16.873Z,9.54
2026-03-23T04:51:17.033Z,9.49
2026-03-23T04:56:16.877Z,9.4
2026-03-23T05:01:16.842Z,9.34
2026-03-23T05:06:16.966Z,9.31
2026-03-23T05:11:16.821Z,9.37
2026-03-23T05:16:16.993Z,9.37
2026-03-23T05:21:16.9Z,9.31
2026-03-23T05:26:16.971Z,9.19
2026-03-23T05:31:17.081Z,9.19
2026-03-23T05:36:17.935Z,9.23
2026-03-23T05:41:17.222Z,9.11
2026-03-23T05:46:16.96Z,9.17
2026-03-23T05:51:16.835Z,9.11
2026-03-23T05:56:17.068Z,9.14
2026-03-23T06:01:16.92Z,9.14
2026-03-23T06:06:17.301Z,9.11
2026-03-23T06:11:16.815Z,9.08
2026-03-23T06:16:17.026Z,9.19
2026-03-23T06:21:16.855Z,9.17
2026-03-23T06:26:16.925Z,9.26
2026-03-23T06:31:17.026Z,9.23
2026-03-23T06:36:16.887Z,9.34
2026-03-23T06:41:16.972Z,9.42
2026-03-23T06:46:16.846Z,9.37
2026-03-23T06:51:16.98Z,9.54
2026-03-23T06:56:16.849Z,9.54
2026-03-23T07:01:16.861Z,9.77
2026-03-23T07:06:17.194Z,9.89
2026-03-23T07:11:16.885Z,10.03
2026-03-23T07:16:17.007Z,10.21
2026-03-23T07:21:16.832Z,10.35
2026-03-23T07:26:16.85Z,10.55
2026-03-23T07:31:17.017Z,10.89
2026-03-23T07:36:16.908Z,11.15
2026-03-23T07:41:17.049Z,11.59
2026-03-23T07:46:16.813Z,12.05
2026-03-23T07:51:17.015Z,12.33
2026-03-23T07:56:16.861Z,12.56
2026-03-23T08:01:17.028Z,12.79
2026-03-23T08:06:17.031Z,13.11
2026-03-23T08:11:17.029Z,13.46
2026-03-23T08:16:16.834Z,13.86
2026-03-23T08:21:17Z,14.15
2026-03-23T08:26:17.396Z,14.52
2026-03-23T08:31:16.781Z,14.81
2026-03-23T08:36:17.325Z,15.16
2026-03-23T08:41:16.849Z,15.35
2026-03-23T08:46:17.556Z,15.67
2026-03-23T08:51:17.854Z,15.96
2026-03-23T08:56:16.857Z,15.9
2026-03-23T09:01:17.004Z,16.1
2026-03-23T09:06:17.235Z,16.42
2026-03-23T09:11:17.049Z,16.45
2026-03-23T09:16:16.784Z,16.1
2026-03-23T09:21:16.959Z,16.16
2026-03-23T09:26:17.036Z,16.48
2026-03-23T09:31:17.021Z,16.62
2026-03-23T09:36:16.864Z,16.42
2026-03-23T09:41:17.022Z,16.59
2026-03-23T09:46:16.826Z,16.74
2026-03-23T09:51:17.037Z,16.91
2026-03-23T09:56:16.818Z,17.26
2026-03-23T10:01:16.825Z,17.37
2026-03-23T10:06:16.923Z,17.46
2026-03-23T10:11:16.843Z,17.51
2026-03-23T10:16:16.872Z,17.74
2026-03-23T10:21:17.016Z,17.83
2026-03-23T10:26:16.939Z,18.23
2026-03-23T10:31:16.952Z,18.52
2026-03-23T10:36:16.832Z,18.52
2026-03-23T10:41:16.858Z,18.9
2026-03-23T10:46:17.18Z,19.13
2026-03-23T10:51:16.79Z,18.87
2026-03-23T10:56:16.955Z,18.95
2026-03-23T11:01:17.491Z,19.36
2026-03-23T11:06:16.849Z,18.98
2026-03-23T11:11:16.996Z,19.36
2026-03-23T11:16:16.963Z,19.27
2026-03-23T11:21:17.837Z,19.07
2026-03-23T11:26:17.029Z,19.13
2026-03-23T11:31:16.883Z,19.42
2026-03-23T11:36:16.947Z,19.3
2026-03-23T11:41:16.774Z,19.5
2026-03-23T11:46:17.016Z,19.73
2026-03-23T11:51:16.94Z,19.56
2026-03-23T11:56:17.037Z,19.76
2026-03-23T12:01:16.973Z,19.7
2026-03-23T12:06:16.77Z,19.7
2026-03-23T12:11:16.801Z,19.85
2026-03-23T12:16:16.813Z,20.14
2026-03-23T12:21:16.804Z,19.9
2026-03-23T12:26:16.891Z,20.02
2026-03-23T12:31:16.975Z,20.37
2026-03-23T12:36:17.295Z,20.11
2026-03-23T12:41:17.824Z,20.19
2026-03-23T12:46:16.961Z,20.11
2026-03-23T12:51:17.084Z,19.99
2026-03-23T12:56:17.222Z,20.39
2026-03-23T13:01:18.483Z,20.62
2026-03-23T13:06:16.815Z,20.74
2026-03-23T13:11:16.899Z,20.71
2026-03-23T13:16:16.791Z,20.79
2026-03-23T13:21:17Z,20.83
2026-03-23T13:26:16.973Z,21.0
2026-03-23T13:31:16.85Z,20.86
2026-03-23T13:36:17.432Z,20.83
2026-03-23T13:41:16.828Z,21.11
2026-03-23T13:46:17.02Z,21.02
2026-03-23T13:51:16.976Z,21.32
2026-03-23T13:56:16.975Z,21.23
2026-03-23T14:01:16.825Z,21.28
2026-03-23T14:06:16.987Z,21.28
2026-03-23T14:11:16.986Z,21.09
2026-03-23T14:16:16.95Z,21.2
2026-03-23T14:21:17.019Z,21.17
2026-03-23T14:26:17.839Z,21.34
2026-03-23T14:31:16.997Z,21.09
2026-03-23T14:36:16.76Z,21.2
2026-03-23T14:41:17.075Z,20.76
2026-03-23T14:46:16.971Z,20.22
2026-03-23T14:51:16.806Z,20.25
2026-03-23T14:56:16.847Z,20.34
2026-03-23T15:01:16.781Z,20.34
2026-03-23T15:06:16.781Z,20.37
2026-03-23T15:11:16.84Z,20.45
2026-03-23T15:16:16.769Z,20.22
2026-03-23T15:21:16.762Z,20.45
2026-03-23T15:26:17.01Z,20.34
2026-03-23T15:31:16.954Z,19.9
2026-03-23T15:36:16.75Z,19.9
2026-03-23T15:41:17.132Z,19.9
2026-03-23T15:46:16.886Z,20.28
2026-03-23T15:51:16.791Z,20.34
2026-03-23T15:56:16.804Z,20.14
2026-03-23T16:01:17.015Z,19.99
2026-03-23T16:06:16.829Z,19.67
2026-03-23T16:11:17.001Z,19.44
2026-03-23T16:16:16.791Z,19.04
2026-03-23T16:21:16.825Z,18.9
2026-03-23T16:26:17.039Z,18.58
2026-03-23T16:31:16.857Z,18.49
2026-03-23T16:36:16.824Z,18.35
2026-03-23T16:41:16.743Z,18.32
2026-03-23T16:46:16.747Z,18.26
2026-03-23T16:51:16.778Z,18.32
2026-03-23T16:56:16.946Z,18.41
2026-03-23T17:01:16.836Z,18.46
2026-03-23T17:06:16.95Z,18.38
2026-03-23T17:11:16.734Z,18.15
2026-03-23T17:16:16.989Z,18.0
2026-03-23T17:21:16.837Z,17.77
2026-03-23T17:26:16.946Z,17.6
2026-03-23T17:31:16.867Z,17.51
2026-03-23T17:36:16.935Z,17.37
2026-03-23T17:41:16.775Z,17.2
2026-03-23T17:46:16.756Z,17.23
2026-03-23T17:51:16.809Z,17.08
2026-03-23T17:56:16.95Z,17.08
2026-03-23T18:01:16.912Z,16.94
2026-03-23T18:06:16.935Z,16.85
2026-03-23T18:11:16.834Z,16.77
2026-03-23T18:16:16.993Z,16.71
2026-03-23T18:21:16.813Z,16.77
2026-03-23T18:26:16.792Z,16.68
2026-03-23T18:31:16.924Z,16.56
2026-03-23T18:36:16.972Z,16.51
2026-03-23T18:41:16.787Z,16.39
2026-03-23T18:46:16.97Z,16.25
2026-03-23T18:51:17.004Z,16.14
2026-03-23T18:56:16.725Z,15.99
2026-03-23T19:01:16.999Z,15.96
2026-03-23T19:06:16.775Z,15.9
2026-03-23T19:11:17.367Z,15.84
2026-03-23T19:16:16.945Z,15.79
2026-03-23T19:21:17.157Z,15.81
2026-03-23T19:26:17.314Z,15.65
2026-03-23T19:31:16.784Z,15.65
2026-03-23T19:36:16.838Z,15.53
2026-03-23T19:41:16.804Z,15.44
2026-03-23T19:46:16.933Z,15.27
2026-03-23T19:51:16.802Z,15.27
2026-03-23T19:56:16.757Z,15.16
2026-03-23T20:01:16.776Z,15.12
2026-03-23T20:06:16.983Z,14.93
2026-03-23T20:11:16.937Z,14.9
2026-03-23T20:16:16.951Z,14.86
2026-03-23T20:21:17.085Z,14.7
2026-03-23T20:26:16.905Z,14.64
2026-03-23T20:31:16.898Z,14.55
2026-03-23T20:36:16.749Z,14.55
2026-03-23T20:41:16.827Z,14.47
2026-03-23T20:46:18.043Z,14.44
2026-03-23T20:51:16.913Z,14.37
2026-03-23T20:56:16.78Z,14.35
2026-03-23T21:01:16.795Z,14.26
2026-03-23T21:06:16.958Z,14.32
2026-03-23T21:11:16.843Z,14.32
2026-03-23T21:16:16.774Z,14.32
2026-03-23T21:21:16.848Z,14.21
2026-03-23T21:26:16.985Z,14.21
2026-03-23T21:31:16.901Z,14.35
2026-03-23T21:36:16.954Z,14.23
2026-03-23T21:41:16.801Z,14.32
2026-03-23T21:46:16.935Z,14.29
2026-03-23T21:51:16.739Z,14.29
2026-03-23T21:56:16.72Z,14.21
2026-03-23T22:01:16.784Z,14.15
2026-03-23T22:06:16.828Z,14.06
2026-03-23T22:11:16.786Z,13.95
2026-03-23T22:16:16.726Z,13.95
2026-03-23T22:21:16.985Z,13.66
2026-03-23T22:26:16.805Z,13.46
2026-03-23T22:31:18.216Z,13.37
2026-03-23T22:36:16.995Z,13.34
2026-03-23T22:41:16.954Z,13.28
2026-03-23T22:46:16.779Z,13.17
2026-03-23T22:51:17.538Z,13.03
2026-03-23T22:56:16.928Z,12.85
2026-03-23T23:01:16.835Z,12.74
2026-03-23T23:06:16.906Z,12.51
2026-03-23T23:11:16.74Z,12.33
2026-03-23T23:16:16.725Z,12.22
2026-03-23T23:21:17.19Z,12.05
2026-03-23T23:26:16.962Z,11.87
2026-03-23T23:31:16.791Z,11.76
2026-03-23T23:36:17.835Z,11.67
2026-03-23T23:41:17.505Z,11.47
2026-03-23T23:46:16.884Z,11.44
2026-03-23T23:51:16.777Z,11.3
2026-03-23T23:56:18.28Z,11.21
2026-03-24T00:01:17.391Z,11.01
2026-03-24T00:06:16.756Z,10.96
2026-03-24T00:11:16.959Z,10.92
2026-03-24T00:16:16.824Z,10.92
2026-03-24T00:21:16.757Z,10.92
2026-03-24T00:26:16.983Z,10.98
2026-03-24T00:31:16.783Z,10.98
2026-03-24T00:36:16.903Z,11.04
2026-03-24T00:41:16.861Z,11.04
2026-03-24T00:46:16.739Z,11.1
2026-03-24T00:51:16.757Z,11.21
2026-03-24T00:56:16.887Z,11.38
2026-03-24T01:01:16.827Z,11.59
2026-03-24T01:06:16.882Z,11.64
2026-03-24T01:11:16.91Z,11.59
2026-03-24T01:16:16.721Z,11.7
2026-03-24T01:21:16.708Z,11.79
2026-03-24T01:26:16.791Z,11.76
2026-03-24T01:31:16.775Z,11.7
2026-03-24T01:36:16.898Z,11.67
2026-03-24T01:41:16.787Z,11.59
2026-03-24T01:46:16.967Z,11.59
2026-03-24T01:51:16.743Z,11.5
2026-03-24T01:56:16.724Z,11.47
2026-03-24T02:01:16.896Z,11.5
2026-03-24T02:06:16.879Z,11.41
2026-03-24T02:11:16.876Z,11.38
2026-03-24T02:16:16.919Z,11.35
2026-03-24T02:21:16.848Z,11.35
2026-03-24T02:26:16.875Z,11.35
2026-03-24T02:31:16.869Z,11.33
2026-03-24T02:36:17.224Z,11.38
2026-03-24T02:41:16.882Z,11.3
2026-03-24T02:46:16.765Z,11.27
2026-03-24T02:51:16.726Z,11.21
2026-03-24T02:56:16.78Z,11.24
2026-03-24T03:01:16.699Z,11.19
2026-03-24T03:06:17.031Z,11.21
2026-03-24T03:11:16.68Z,11.12
2026-03-24T03:16:16.897Z,11.15
2026-03-24T03:21:16.865Z,11.04
2026-03-24T03:26:16.901Z,10.96
2026-03-24T03:31:16.719Z,10.96
2026-03-24T03:36:17.19Z,10.98
2026-03-24T03:41:17.376Z,10.98
2026-03-24T03:46:16.938Z,10.81
2026-03-24T03:51:16.889Z,10.78
2026-03-24T03:56:16.712Z,10.78
2026-03-24T04:01:17.033Z,10.81
2026-03-24T04:06:16.942Z,10.78
2026-03-24T04:11:16.796Z,10.81
2026-03-24T04:16:16.857Z,10.78
2026-03-24T04:21:16.849Z,10.84
2026-03-24T04:26:16.833Z,10.89
2026-03-24T04:31:16.682Z,10.81
2026-03-24T04:36:16.68Z,10.72
2026-03-24T04:41:16.872Z,10.55
2026-03-24T04:46:16.935Z,10.38
2026-03-24T04:51:16.754Z,10.26
2026-03-24T04:56:16.752Z,10.12
2026-03-24T05:01:16.816Z,10.03
2026-03-24T05:06:17.761Z,9.77
2026-03-24T05:11:16.947Z,9.63
2026-03-24T05:16:16.946Z,9.63
2026-03-24T05:21:16.94Z,9.68
2026-03-24T05:26:16.937Z,9.72
2026-03-24T05:31:16.771Z,9.83
2026-03-24T05:36:16.771Z,9.91
2026-03-24T05:41:16.905Z,9.86
2026-03-24T05:46:16.953Z,9.91
2026-03-24T05:51:16.949Z,9.89
2026-03-24T05:56:16.781Z,9.77
2026-03-24T06:01:16.956Z,9.66
2026-03-24T06:06:16.678Z,9.49
2026-03-24T06:11:16.892Z,9.42
2026-03-24T06:16:16.696Z,9.37
2026-03-24T06:21:16.823Z,9.31
2026-03-24T06:26:16.774Z,9.14
2026-03-24T06:31:16.822Z,9.17
2026-03-24T06:36:16.727Z,9.28
2026-03-24T06:41:16.84Z,9.31
2026-03-24T06:46:16.705Z,9.49
2026-03-24T06:51:16.753Z,9.57
2026-03-24T06:56:16.682Z,9.72
2026-03-24T07:01:16.772Z,9.8
2026-03-24T07:06:16.754Z,9.91
2026-03-24T07:11:16.77Z,10.0
2026-03-24T07:16:16.871Z,10.17
2026-03-24T07:21:16.937Z,10.32
2026-03-24T07:26:17.734Z,10.49
2026-03-24T07:31:18.05Z,10.55
2026-03-24T07:36:16.915Z,10.63
2026-03-24T07:41:16.844Z,10.81
2026-03-24T07:46:16.934Z,10.98
2026-03-24T07:51:16.943Z,11.12
2026-03-24T07:56:16.916Z,11.35
2026-03-24T08:01:16.699Z,11.47
2026-03-24T08:06:16.889Z,11.7
2026-03-24T08:11:16.936Z,11.96
2026-03-24T08:16:16.84Z,12.16
2026-03-24T08:21:17.025Z,12.39
2026-03-24T08:26:16.885Z,12.77
2026-03-24T08:31:16.817Z,13.26
2026-03-24T08:36:16.822Z,13.51
2026-03-24T08:41:16.872Z,13.57
2026-03-24T08:46:16.814Z,13.69
2026-03-24T08:51:16.937Z,14.23
2026-03-24T08:56:16.762Z,14.41
2026-03-24T09:01:16.762Z,14.52
2026-03-24T09:06:16.707Z,15.21
2026-03-24T09:11:16.916Z,15.5
2026-03-24T09:16:16.904Z,15.56
2026-03-24T09:21:17.2Z,15.56
2026-03-24T09:26:16.807Z,16.02
2026-03-24T09:31:16.707Z,16.3
2026-03-24T09:36:16.767Z,16.62
2026-03-24T09:41:17.324Z,16.94
2026-03-24T09:46:16.71Z,17.14
2026-03-24T09:51:16.726Z,17.28
2026-03-24T09:56:16.925Z,17.8
2026-03-24T10:01:17.247Z,17.89
2026-03-24T10:06:17.093Z,17.77
2026-03-24T10:11:16.876Z,17.63
2026-03-24T10:16:16.666Z,17.28
2026-03-24T10:21:16.853Z,17.34
2026-03-24T10:26:16.731Z,17.6
2026-03-24T10:31:16.825Z,17.54
2026-03-24T10:36:17.139Z,17.57
2026-03-24T10:41:17.714Z,17.46
2026-03-24T10:46:16.928Z,17.6
2026-03-24T10:51:16.708Z,17.95
2026-03-24T10:56:16.747Z,18.18
2026-03-24T11:01:17.179Z,18.32
2026-03-24T11:06:16.852Z,18.23
2026-03-24T11:11:17.626Z,18.46
2026-03-24T11:16:16.793Z,18.75
2026-03-24T11:21:17.497Z,18.9
2026-03-24T11:26:16.893Z,18.69
2026-03-24T11:31:16.759Z,19.1
2026-03-24T11:36:16.697Z,19.18
2026-03-24T11:41:16.87Z,19.16
2026-03-24T11:46:16.921Z,19.18
2026-03-24T11:51:16.68Z,19.13
2026-03-24T11:56:16.751Z,18.95
2026-03-24T12:01:16.693Z,19.01
2026-03-24T12:06:16.915Z,19.1
2026-03-24T12:11:16.669Z,19.47
2026-03-24T12:16:16.818Z,19.53
2026-03-24T12:21:16.849Z,19.47
2026-03-24T12:26:16.832Z,19.47
2026-03-24T12:31:16.702Z,19.44
2026-03-24T12:36:16.689Z,19.39
2026-03-24T12:41:16.822Z,19.62
2026-03-24T12:46:16.809Z,19.73
2026-03-24T12:51:16.96Z,19.85
2026-03-24T12:56:16.919Z,19.79
2026-03-24T13:01:16.801Z,19.82
2026-03-24T13:06:16.766Z,19.79
2026-03-24T13:11:16.723Z,19.65
2026-03-24T13:16:16.808Z,19.88
2026-03-24T13:21:17.203Z,19.96
2026-03-24T13:26:16.686Z,20.05
2026-03-24T13:31:16.805Z,20.22
2026-03-24T13:36:17.338Z,19.99
2026-03-24T13:41:16.928Z,19.7
2026-03-24T13:46:16.903Z,19.65
2026-03-24T13:51:16.838Z,19.7
2026-03-24T13:56:16.681Z,19.99
2026-03-24T14:01:16.814Z,20.25
2026-03-24T14:06:16.87Z,20.39
2026-03-24T14:11:16.833Z,20.22
2026-03-24T14:16:16.795Z,20.19
2026-03-24T14:21:16.696Z,20.02
2026-03-24T14:26:16.919Z,20.28
2026-03-24T14:31:16.845Z,20.19
2026-03-24T14:36:16.727Z,20.28
2026-03-24T14:41:16.844Z,20.28
2026-03-24T14:46:16.824Z,20.22
2026-03-24T14:51:16.922Z,20.14
2026-03-24T14:56:17.188Z,20.19
2026-03-24T15:01:16.877Z,20.28
2026-03-24T15:06:16.846Z,20.19
2026-03-24T15:11:16.928Z,20.14
2026-03-24T15:16:16.713Z,20.25
2026-03-24T15:21:16.918Z,20.31
2026-03-24T15:26:16.804Z,20.11
2026-03-24T15:31:16.899Z,20.37
2026-03-24T15:36:16.895Z,20.19
2026-03-24T15:41:16.839Z,20.11
2026-03-24T15:46:16.864Z,20.11
2026-03-24T15:51:17.755Z,19.96
2026-03-24T15:56:16.847Z,20.08
2026-03-24T16:01:16.793Z,19.9
2026-03-24T16:06:16.708Z,19.79
2026-03-24T16:11:16.81Z,19.79
2026-03-24T16:16:17.271Z,19.93
2026-03-24T16:21:16.843Z,19.85
2026-03-24T16:26:16.689Z,19.76
2026-03-24T16:31:16.824Z,19.65
2026-03-24T16:36:16.841Z,19.59
2026-03-24T16:41:17.521Z,19.65
2026-03-24T16:46:18.481Z,19.53
2026-03-24T16:51:17.42Z,19.42
2026-03-24T16:56:16.804Z,19.42
2026-03-24T17:01:16.899Z,19.33
2026-03-24T17:06:18.378Z,19.27
2026-03-24T17:11:16.866Z,19.21
2026-03-24T17:16:16.932Z,19.1
2026-03-24T17:21:16.814Z,18.87
2026-03-24T17:26:16.832Z,18.67
2026-03-24T17:31:16.885Z,18.64
2026-03-24T17:36:16.888Z,18.35
2026-03-24T17:41:16.934Z,18.21
2026-03-24T17:46:16.813Z,18.03
2026-03-24T17:51:16.789Z,17.92
2026-03-24T17:56:16.838Z,17.66
2026-03-24T18:01:16.682Z,17.46
2026-03-24T18:06:16.726Z,17.26
2026-03-24T18:11:16.853Z,17.14
2026-03-24T18:16:16.686Z,17.0
2026-03-24T18:21:17.007Z,16.88
2026-03-24T18:26:16.947Z,16.77
2026-03-24T18:31:17.051Z,16.59
2026-03-24T18:36:16.798Z,16.39
2026-03-24T18:41:16.865Z,16.19
2026-03-24T18:46:16.696Z,16.07
2026-03-24T18:51:17.926Z,15.99
2026-03-24T18:56:16.65Z,15.81
2026-03-24T19:01:16.898Z,15.76
2026-03-24T19:06:16.847Z,15.65
2026-03-24T19:11:16.73Z,15.5
2026-03-24T19:16:16.786Z,15.44
2026-03-24T19:21:16.651Z,15.24
2026-03-24T19:26:16.769Z,15.09
2026-03-24T19:31:16.674Z,15.04
2026-03-24T19:36:16.888Z,15.04
2026-03-24T19:41:16.813Z,14.84
2026-03-24T19:46:16.926Z,14.78
2026-03-24T19:51:16.882Z,14.64
2026-03-24T19:56:16.831Z,14.55
2026-03-24T20:01:17.775Z,14.44
2026-03-24T20:06:16.792Z,14.35
2026-03-24T20:11:16.885Z,14.26
2026-03-24T20:16:16.787Z,14.21
2026-03-24T20:21:16.834Z,14.09
2026-03-24T20:26:16.874Z,14.06
2026-03-24T20:31:16.674Z,13.98
2026-03-24T20:36:16.854Z,13.86
2026-03-24T20:41:16.845Z,13.89
2026-03-24T20:46:16.716Z,13.83
2026-03-24T20:51:16.896Z,13.8
2026-03-24T20:56:16.697Z,13.63
2026-03-24T21:01:16.89Z,13.51
2026-03-24T21:06:16.695Z,13.49
2026-03-24T21:11:16.922Z,13.28
2026-03-24T21:16:16.915Z,13.2
2026-03-24T21:21:16.806Z,13.05
2026-03-24T21:26:16.706Z,13.03
2026-03-24T21:31:16.666Z,13.03
2026-03-24T21:36:16.914Z,13.17
2026-03-24T21:41:17.014Z,12.94
2026-03-24T21:46:16.792Z,12.82
2026-03-24T21:51:16.78Z,12.85
2026-03-24T21:56:16.872Z,12.77
2026-03-24T22:01:16.701Z,12.71
2026-03-24T22:06:16.865Z,12.56
2026-03-24T22:11:16.888Z,12.56
2026-03-24T22:16:16.809Z,12.56
2026-03-24T22:21:16.702Z,12.48
2026-03-24T22:26:17.421Z,12.42
2026-03-24T22:31:17.44Z,12.22
2026-03-24T22:36:16.871Z,12.13
2026-03-24T22:41:16.929Z,12.02
2026-03-24T22:46:16.87Z,11.96
2026-03-24T22:51:16.715Z,11.82
2026-03-24T22:56:16.907Z,11.67
2026-03-24T23:01:16.819Z,11.59
2026-03-24T23:06:16.802Z,11.59
2026-03-24T23:11:17.317Z,11.44
2026-03-24T23:16:16.67Z,11.44
2026-03-24T23:21:16.82Z,11.35
2026-03-24T23:26:16.758Z,11.35
2026-03-24T23:31:16.838Z,11.27
2026-03-24T23:36:16.655Z,11.21
2026-03-24T23:41:17.667Z,11.21
2026-03-24T23:46:16.808Z,11.15
2026-03-24T23:51:16.805Z,11.12
2026-03-24T23:56:16.824Z,11.12
2026-03-25T00:01:16.759Z,11.1
2026-03-25T00:06:16.765Z,11.07
2026-03-25T00:11:17.393Z,11.1
2026-03-25T00:16:16.898Z,11.1
2026-03-25T00:21:17.496Z,11.12
2026-03-25T00:26:16.667Z,11.1
2026-03-25T00:31:16.688Z,11.07
2026-03-25T00:36:16.79Z,10.98
2026-03-25T00:41:17.638Z,10.98
2026-03-25T00:46:17.421Z,10.89
2026-03-25T00:51:16.792Z,10.81
2026-03-25T00:56:16.825Z,10.78
2026-03-25T01:01:16.906Z,10.72
2026-03-25T01:06:16.886Z,10.66
2026-03-25T01:11:16.836Z,10.66
2026-03-25T01:16:16.828Z,10.55
2026-03-25T01:21:16.799Z,10.58
2026-03-25T01:26:16.898Z,10.61
2026-03-25T01:31:16.834Z,10.55
2026-03-25T01:36:16.714Z,10.52
2026-03-25T01:41:17.533Z,10.52
2026-03-25T01:46:16.848Z,10.52
2026-03-25T01:51:16.834Z,10.52
2026-03-25T01:56:16.863Z,10.47
2026-03-25T02:01:16.788Z,10.49
2026-03-25T02:06:17.2Z,10.4
2026-03-25T02:11:16.894Z,10.38
2026-03-25T02:16:16.645Z,10.15
2026-03-25T02:21:16.667Z,10.09
2026-03-25T02:26:16.76Z,9.89
2026-03-25T02:31:16.7Z,9.6
2026-03-25T02:36:16.873Z,9.54
2026-03-25T02:41:17.032Z,9.34
2026-03-25T02:46:17.03Z,9.37
2026-03-25T02:51:16.645Z,9.19
2026-03-25T02:56:16.787Z,9.11
2026-03-25T03:01:16.731Z,9.03
2026-03-25T03:06:16.631Z,9.0
2026-03-25T03:11:16.81Z,9.0
2026-03-25T03:16:16.794Z,9.03
2026-03-25T03:21:16.812Z,9.03
2026-03-25T03:26:16.794Z,9.05
2026-03-25T03:31:16.759Z,9.0
2026-03-25T03:36:16.859Z,8.88
2026-03-25T03:41:16.84Z,8.77
2026-03-25T03:46:17.273Z,8.74
2026-03-25T03:51:16.9Z,8.68
2026-03-25T03:56:16.752Z,8.77
2026-03-25T04:01:16.636Z,8.79
2026-03-25T04:06:16.66Z,8.74
2026-03-25T04:11:16.675Z,8.77
2026-03-25T04:16:16.653Z,8.77
2026-03-25T04:21:16.887Z,8.82
2026-03-25T04:26:16.758Z,8.74
2026-03-25T04:31:16.687Z,8.59
2026-03-25T04:36:16.871Z,8.54
2026-03-25T04:41:16.788Z,8.39
2026-03-25T04:46:16.768Z,8.16
2026-03-25T04:51:17.888Z,8.13
2026-03-25T04:56:16.769Z,8.1
2026-03-25T05:01:16.77Z,8.08
2026-03-25T05:06:16.741Z,8.02
2026-03-25T05:11:16.747Z,8.02
2026-03-25T05:16:16.618Z,8.02
2026-03-25T05:21:16.617Z,7.99
2026-03-25T05:26:16.749Z,7.9
2026-03-25T05:31:17.127Z,7.82
2026-03-25T05:36:17.037Z,7.79
2026-03-25T05:41:16.731Z,7.7
2026-03-25T05:46:17.076Z,7.64
2026-03-25T05:51:16.844Z,7.59
2026-03-25T05:56:17.437Z,7.5
2026-03-25T06:01:16.854Z,7.47
2026-03-25T06:06:16.785Z,7.53
2026-03-25T06:11:16.869Z,7.53
2026-03-25T06:16:17.186Z,7.59
2026-03-25T06:21:16.658Z,7.64
2026-03-25T06:26:16.752Z,7.7
2026-03-25T06:31:16.684Z,7.76
2026-03-25T06:36:16.695Z,7.93
2026-03-25T06:41:16.617Z,8.36
2026-03-25T06:46:16.643Z,8.56
2026-03-25T06:51:16.646Z,8.79
2026-03-25T06:56:16.73Z,8.82
2026-03-25T07:01:16.612Z,8.91
2026-03-25T07:06:16.651Z,8.94
2026-03-25T07:11:16.877Z,9.08
2026-03-25T07:16:16.798Z,9.26
2026-03-25T07:21:16.871Z,9.34
2026-03-25T07:26:16.633Z,9.42
2026-03-25T07:31:17.904Z,9.6
2026-03-25T07:36:16.745Z,9.77
2026-03-25T07:41:16.7Z,10.06
2026-03-25T07:46:16.604Z,10.26
2026-03-25T07:51:16.827Z,10.47
2026-03-25T07:56:16.678Z,10.55
2026-03-25T08:01:16.627Z,10.81
2026-03-25T08:06:16.613Z,11.1
2026-03-25T08:11:16.614Z,11.35
2026-03-25T08:16:16.621Z,11.5
2026-03-25T08:21:16.781Z,11.76
2026-03-25T08:26:16.841Z,12.02
2026-03-25T08:31:16.853Z,12.31
2026-03-25T08:36:16.672Z,12.74
2026-03-25T08:41:17.097Z,13.08
2026-03-25T08:46:16.665Z,13.31
2026-03-25T08:51:16.629Z,13.57
2026-03-25T08:56:16.67Z,13.95
2026-03-25T09:01:16.604Z,14.35
2026-03-25T09:06:16.732Z,14.61
2026-03-25T09:11:16.868Z,14.86
2026-03-25T09:16:16.862Z,15.07
2026-03-25T09:21:16.746Z,15.33
2026-03-25T09:26:16.838Z,15.58
2026-03-25T09:31:16.649Z,15.73
2026-03-25T09:36:16.774Z,15.9
2026-03-25T09:41:16.627Z,16.14
2026-03-25T09:46:16.618Z,16.53
2026-03-25T09:51:16.739Z,16.53
2026-03-25T09:56:16.6Z,16.53
2026-03-25T10:01:16.7Z,16.91
2026-03-25T10:06:16.64Z,17.28
2026-03-25T10:11:16.645Z,17.63
2026-03-25T10:16:17.32Z,17.8
2026-03-25T10:21:16.973Z,18.03
2026-03-25T10:26:16.802Z,18.0
2026-03-25T10:31:16.877Z,18.55
2026-03-25T10:36:16.852Z,19.01
2026-03-25T10:41:16.641Z,19.36
2026-03-25T10:46:16.726Z,19.65
2026-03-25T10:51:16.986Z,19.5
2026-03-25T10:56:16.847Z,19.67
2026-03-25T11:01:16.827Z,19.36
2026-03-25T11:06:16.596Z,19.59
2026-03-25T11:11:16.722Z,19.88
2026-03-25T11:16:16.583Z,19.99
2026-03-25T11:21:16.735Z,20.48
2026-03-25T11:26:16.583Z,20.45
2026-03-25T11:31:16.614Z,20.88
2026-03-25T11:36:16.779Z,21.17
2026-03-25T11:41:16.86Z,21.63
2026-03-25T11:46:16.817Z,22.0
2026-03-25T11:51:16.836Z,22.18
2026-03-25T11:56:16.629Z,22.41
2026-03-25T12:01:16.846Z,22.55
2026-03-25T12:06:16.785Z,22.67
2026-03-25T12:11:16.796Z,22.84
2026-03-25T12:16:16.82Z,23.18
2026-03-25T12:21:16.769Z,23.24
2026-03-25T12:26:16.634Z,23.41
2026-03-25T12:31:16.853Z,23.56
2026-03-25T12:36:16.835Z,23.65
2026-03-25T12:41:18.343Z,23.59
2026-03-25T12:46:16.695Z,23.7
2026-03-25T12:51:16.681Z,23.53
2026-03-25T12:56:16.784Z,23.7
2026-03-25T13:01:16.786Z,23.67
2026-03-25T13:06:16.649Z,23.67
2026-03-25T13:11:17.425Z,24.19
2026-03-25T13:16:16.722Z,24.34
2026-03-25T13:21:17.221Z,24.42
2026-03-25T13:26:16.97Z,24.6
2026-03-25T13:31:16.77Z,24.77
2026-03-25T13:36:16.738Z,25.06
2026-03-25T13:41:16.744Z,25.26
2026-03-25T13:46:16.789Z,25.17
2026-03-25T13:51:16.825Z,24.85
2026-03-25T13:56:16.659Z,24.97
2026-03-25T14:01:17.724Z,25.37
2026-03-25T14:06:16.727Z,25.4
2026-03-25T14:11:16.63Z,25.57
2026-03-25T14:16:16.737Z,25.46
2026-03-25T14:21:16.68Z,25.4
2026-03-25T14:26:17.318Z,25.52
2026-03-25T14:31:16.879Z,25.72
2026-03-25T14:36:16.697Z,25.92
2026-03-25T14:41:16.61Z,25.72
2026-03-25T14:46:16.68Z,25.69
2026-03-25T14:51:16.569Z,25.78
2026-03-25T14:56:16.603Z,26.01
2026-03-25T15:01:16.692Z,25.95
2026-03-25T15:06:16.764Z,26.15
2026-03-25T15:11:16.752Z,26.2
2026-03-25T15:16:16.73Z,26.09
2026-03-25T15:21:16.702Z,26.18
2026-03-25T15:26:16.757Z,26.09
2026-03-25T15:31:16.563Z,25.97
2026-03-25T15:36:16.731Z,25.8
2026-03-25T15:41:16.788Z,25.92
2026-03-25T15:46:16.628Z,25.86
2026-03-25T15:51:16.719Z,25.6
2026-03-25T15:56:16.727Z,25.66
2026-03-25T16:01:16.626Z,25.78
2026-03-25T16:06:16.688Z,25.63
2026-03-25T16:11:16.813Z,25.52
2026-03-25T16:16:16.811Z,25.37
2026-03-25T16:21:16.844Z,25.11
2026-03-25T16:26:16.623Z,24.85
2026-03-25T16:31:16.615Z,24.62
2026-03-25T16:36:16.704Z,24.48
2026-03-25T16:41:16.706Z,24.37
2026-03-25T16:46:17.02Z,24.13
2026-03-25T16:51:16.709Z,23.93
2026-03-25T16:56:16.754Z,23.67
2026-03-25T17:01:17.348Z,23.47
2026-03-25T17:06:16.75Z,23.04
2026-03-25T17:11:16.665Z,22.9
2026-03-25T17:16:16.604Z,22.69
2026-03-25T17:21:16.62Z,22.38
2026-03-25T17:26:16.694Z,22.15
2026-03-25T17:31:16.722Z,21.97
2026-03-25T17:36:16.689Z,21.74
2026-03-25T17:41:16.828Z,21.72
2026-03-25T17:46:16.715Z,21.46
2026-03-25T17:51:16.557Z,21.28
2026-03-25T17:56:16.579Z,21.06
2026-03-25T18:01:16.606Z,20.91
2026-03-25T18:06:16.553Z,20.68
2026-03-25T18:11:16.828Z,20.53
2026-03-25T18:16:16.699Z,20.45
2026-03-25T18:21:16.559Z,20.31
2026-03-25T18:26:16.769Z,20.11
2026-03-25T18:31:17.343Z,19.93
2026-03-25T18:36:16.888Z,19.76
2026-03-25T18:41:16.732Z,19.56
2026-03-25T18:46:16.811Z,19.47
2026-03-25T18:51:16.677Z,19.21
2026-03-25T18:56:16.69Z,19.1
2026-03-25T19:01:16.765Z,19.01
2026-03-25T19:06:17.342Z,18.9
2026-03-25T19:11:16.834Z,18.87
2026-03-25T19:16:16.622Z,18.84
2026-03-25T19:21:17.99Z,18.72
2026-03-25T19:26:16.556Z,18.58
2026-03-25T19:31:16.592Z,18.46
2026-03-25T19:36:16.793Z,18.09
2026-03-25T19:41:16.732Z,17.77
2026-03-25T19:46:16.806Z,17.69
2026-03-25T19:51:17.537Z,17.54
2026-03-25T19:56:16.701Z,17.4
2026-03-25T20:01:16.605Z,17.34
2026-03-25T20:06:16.8Z,17.11
2026-03-25T20:11:16.584Z,16.97
2026-03-25T20:16:16.748Z,16.88
2026-03-25T20:21:16.963Z,16.71
2026-03-25T20:26:16.703Z,16.48
2026-03-25T20:31:16.606Z,16.3
2026-03-25T20:36:16.643Z,16.22
2026-03-25T20:41:17.985Z,16.05
2026-03-25T20:46:16.749Z,15.84
2026-03-25T20:51:16.686Z,15.76
2026-03-25T20:56:16.78Z,15.61
2026-03-25T21:01:16.545Z,15.44
2026-03-25T21:06:16.7Z,15.24
2026-03-25T21:11:16.788Z,15.07
2026-03-25T21:16:16.594Z,14.93
2026-03-25T21:21:17.075Z,14.64
2026-03-25T21:26:16.753Z,14.47
2026-03-25T21:31:16.796Z,14.29
2026-03-25T21:36:16.805Z,14.32
2026-03-25T21:41:17.166Z,14.21
2026-03-25T21:46:16.663Z,14.0
2026-03-25T21:51:16.807Z,14.0
2026-03-25T21:56:16.8Z,13.98
2026-03-25T22:01:16.602Z,14.15
2026-03-25T22:06:17.616Z,14.29
2026-03-25T22:11:16.731Z,14.41
2026-03-25T22:16:16.582Z,14.49
2026-03-25T22:21:16.702Z,14.49
2026-03-25T22:26:16.653Z,14.64
2026-03-25T22:31:16.696Z,14.52
2026-03-25T22:36:16.573Z,14.44
2026-03-25T22:41:16.655Z,14.12
2026-03-25T22:46:16.755Z,14.0
2026-03-25T22:51:16.721Z,13.86
2026-03-25T22:56:16.814Z,13.89
2026-03-25T23:01:16.819Z,13.89
2026-03-25T23:06:16.562Z,13.77
2026-03-25T23:11:16.666Z,13.63
2026-03-25T23:16:16.685Z,13.54
2026-03-25T23:21:16.602Z,13.51
2026-03-25T23:26:16.561Z,13.43
2026-03-25T23:31:16.671Z,13.28
2026-03-25T23:36:16.583Z,13.14
2026-03-25T23:41:16.689Z,13.11
2026-03-25T23:46:16.802Z,13.03
2026-03-25T23:51:16.759Z,12.94
2026-03-25T23:56:16.55Z,13.0
2026-03-26T00:01:16.701Z,13.0
2026-03-26T00:06:16.747Z,13.0
2026-03-26T00:11:16.791Z,12.97
2026-03-26T00:16:16.715Z,12.82
2026-03-26T00:21:16.961Z,12.85
2026-03-26T00:26:17.189Z,12.74
2026-03-26T00:31:16.721Z,12.77
2026-03-26T00:36:16.726Z,12.74
2026-03-26T00:41:16.569Z,12.65
2026-03-26T00:46:16.7Z,12.48
2026-03-26T00:51:16.674Z,12.45
2026-03-26T00:56:16.528Z,12.39
2026-03-26T01:01:16.567Z,12.28
2026-03-26T01:06:16.723Z,12.16
2026-03-26T01:11:17.244Z,11.99
2026-03-26T01:16:16.703Z,12.05
2026-03-26T01:21:16.784Z,12.07
2026-03-26T01:26:16.615Z,12.1
2026-03-26T01:31:16.724Z,12.05
2026-03-26T01:36:16.597Z,12.05
2026-03-26T01:41:16.534Z,12.22
2026-03-26T01:46:16.632Z,12.48
2026-03-26T01:51:17.283Z,12.51
2026-03-26T01:56:16.549Z,12.56
2026-03-26T02:01:17.616Z,12.59
2026-03-26T02:06:16.772Z,12.45
2026-03-26T02:11:16.599Z,12.33
2026-03-26T02:16:16.551Z,12.19
2026-03-26T02:21:16.778Z,12.07
2026-03-26T02:26:16.773Z,11.9
2026-03-26T02:31:16.724Z,11.82
2026-03-26T02:36:16.646Z,11.73
2026-03-26T02:41:16.719Z,11.59
2026-03-26T02:46:18.333Z,11.56
2026-03-26T02:51:17.004Z,11.44
2026-03-26T02:56:16.737Z,11.33
2026-03-26T03:01:16.627Z,11.27
2026-03-26T03:06:16.616Z,11.12
2026-03-26T03:11:16.564Z,11.12
2026-03-26T03:16:16.977Z,11.41
2026-03-26T03:21:16.654Z,11.7
2026-03-26T03:26:16.717Z,11.99
2026-03-26T03:31:16.667Z,12.05
2026-03-26T03:36:16.779Z,12.1
2026-03-26T03:41:16.563Z,12.1
2026-03-26T03:46:16.788Z,12.1
2026-03-26T03:51:17.377Z,12.05
2026-03-26T03:56:17.062Z,11.99
2026-03-26T04:01:16.725Z,11.7
2026-03-26T04:06:16.753Z,11.64
2026-03-26T04:11:17.397Z,11.56
2026-03-26T04:16:16.553Z,11.59
2026-03-26T04:21:16.719Z,11.5
2026-03-26T04:26:16.762Z,11.33
2026-03-26T04:31:16.746Z,11.27
2026-03-26T04:36:16.54Z,11.19
2026-03-26T04:41:16.679Z,11.04
2026-03-26T04:46:16.685Z,11.01
2026-03-26T04:51:16.59Z,11.15
2026-03-26T04:56:16.611Z,11.07
2026-03-26T05:01:16.774Z,11.07
2026-03-26T05:06:16.541Z,10.98
2026-03-26T05:11:16.783Z,10.96
2026-03-26T05:16:16.698Z,11.01
2026-03-26T05:21:16.909Z,11.12
2026-03-26T05:26:16.557Z,11.1
2026-03-26T05:31:16.609Z,11.07
2026-03-26T05:36:16.717Z,10.92
2026-03-26T05:41:16.607Z,11.04
2026-03-26T05:46:16.692Z,11.24
2026-03-26T05:51:16.582Z,11.24
2026-03-26T05:56:16.611Z,11.21
2026-03-26T06:01:16.615Z,11.21
2026-03-26T06:06:16.55Z,11.19
2026-03-26T06:11:16.634Z,11.21
2026-03-26T06:16:16.604Z,11.27
2026-03-26T06:21:16.625Z,11.33
2026-03-26T06:26:16.735Z,11.56
2026-03-26T06:31:16.524Z,11.59
2026-03-26T06:36:16.685Z,11.64
2026-03-26T06:41:16.513Z,11.7
2026-03-26T06:46:16.509Z,11.7
2026-03-26T06:51:16.718Z,11.93
2026-03-26T06:56:16.775Z,12.02
2026-03-26T07:01:16.603Z,12.25
2026-03-26T07:06:16.666Z,12.56
2026-03-26T07:11:16.508Z,12.94
2026-03-26T07:16:16.863Z,13.14
2026-03-26T07:21:16.624Z,13.51
2026-03-26T07:26:16.739Z,13.89
2026-03-26T07:31:16.946Z,14.18
2026-03-26T07:36:17.729Z,14.26
2026-03-26T07:41:16.721Z,14.37
2026-03-26T07:46:16.757Z,14.49
2026-03-26T07:51:16.602Z,14.64
2026-03-26T07:56:16.717Z,14.78
2026-03-26T08:01:16.614Z,14.86
2026-03-26T08:06:16.708Z,14.9
2026-03-26T08:11:16.767Z,15.01
2026-03-26T08:16:16.7Z,15.35
2026-03-26T08:21:16.555Z,15.47
2026-03-26T08:26:16.717Z,15.79
2026-03-26T08:31:16.593Z,16.22
2026-03-26T08:36:16.616Z,16.65
2026-03-26T08:41:16.754Z,16.97
2026-03-26T08:46:16.74Z,17.08
2026-03-26T08:51:16.56Z,17.08
2026-03-26T08:56:16.764Z,17.14
2026-03-26T09:01:16.526Z,17.2
2026-03-26T09:06:16.577Z,17.2
2026-03-26T09:11:16.495Z,17.31
2026-03-26T09:16:17.143Z,17.37
2026-03-26T09:21:16.696Z,17.46
2026-03-26T09:26:16.729Z,17.63
2026-03-26T09:31:16.697Z,17.8
2026-03-26T09:36:16.535Z,18.18
2026-03-26T09:41:16.591Z,18.29
2026-03-26T09:46:16.57Z,18.64
2026-03-26T09:51:16.592Z,18.95
2026-03-26T09:56:16.713Z,18.98
2026-03-26T10:01:16.583Z,18.98
2026-03-26T10:06:16.64Z,18.78
2026-03-26T10:11:16.679Z,18.98
2026-03-26T10:16:16.706Z,19.01
2026-03-26T10:21:16.578Z,19.01
2026-03-26T10:26:16.678Z,18.95
2026-03-26T10:31:17.153Z,19.04
2026-03-26T10:36:16.702Z,19.1
2026-03-26T10:41:16.695Z,19.3
2026-03-26T10:46:16.69Z,19.79
2026-03-26T10:51:16.663Z,19.79
2026-03-26T10:56:16.677Z,19.39
2026-03-26T11:01:16.711Z,19.82
2026-03-26T11:06:16.651Z,19.62
2026-03-26T11:11:16.826Z,19.85
2026-03-26T11:16:16.61Z,19.7
2026-03-26T11:21:17.251Z,19.3
2026-03-26T11:26:16.743Z,19.36
2026-03-26T11:31:16.588Z,19.5
2026-03-26T11:36:16.7Z,19.27
2026-03-26T11:41:16.685Z,19.04
2026-03-26T11:46:16.495Z,18.87
2026-03-26T11:51:16.615Z,18.9
2026-03-26T11:56:16.674Z,19.36
2026-03-26T12:01:16.692Z,19.65
2026-03-26T12:06:16.706Z,19.42
2026-03-26T12:11:16.647Z,19.76
2026-03-26T12:16:16.539Z,20.08
2026-03-26T12:21:16.609Z,19.93
2026-03-26T12:26:16.731Z,19.62
2026-03-26T12:31:16.681Z,19.85
2026-03-26T12:36:16.504Z,19.42
2026-03-26T12:41:16.696Z,19.27
2026-03-26T12:46:16.514Z,19.44
2026-03-26T12:51:16.727Z,19.65
2026-03-26T12:56:16.598Z,19.93
2026-03-26T13:01:17.142Z,20.02
2026-03-26T13:06:16.629Z,19.9
2026-03-26T13:11:17.084Z,19.88
2026-03-26T13:16:16.612Z,19.88
2026-03-26T13:21:16.487Z,19.79
2026-03-26T13:26:16.711Z,19.73
2026-03-26T13:31:16.601Z,19.82
2026-03-26T13:36:16.489Z,19.99
2026-03-26T13:41:16.575Z,19.99
2026-03-26T13:46:16.5Z,19.82
2026-03-26T13:51:16.575Z,19.67
2026-03-26T13:56:16.482Z,19.53
2026-03-26T14:01:16.536Z,19.7
2026-03-26T14:06:16.48Z,19.47
2026-03-26T14:11:16.479Z,19.3
2026-03-26T14:16:16.582Z,19.24
2026-03-26T14:21:16.585Z,19.04
2026-03-26T14:26:16.51Z,19.56
2026-03-26T14:31:16.662Z,19.67
2026-03-26T14:36:16.473Z,19.13
2026-03-26T14:41:16.667Z,19.1
2026-03-26T14:46:16.564Z,18.78
2026-03-26T14:51:16.496Z,19.1
2026-03-26T14:56:16.681Z,19.1
2026-03-26T15:01:16.588Z,18.78
2026-03-26T15:06:17.593Z,18.75
2026-03-26T15:11:16.574Z,18.84
2026-03-26T15:16:16.672Z,18.81
2026-03-26T15:21:16.46Z,18.72
2026-03-26T15:26:16.505Z,18.72
2026-03-26T15:31:16.495Z,18.61
2026-03-26T15:36:16.899Z,18.35
2026-03-26T15:41:16.696Z,18.35
2026-03-26T15:46:17.051Z,18.35
2026-03-26T15:51:16.499Z,18.23
2026-03-26T15:56:16.635Z,18.0
2026-03-26T16:01:16.523Z,18.21
2026-03-26T16:06:16.686Z,18.35
2026-03-26T16:11:16.605Z,17.97
2026-03-26T16:16:16.621Z,17.8
2026-03-26T16:21:16.509Z,17.6
2026-03-26T16:26:16.79Z,17.63
2026-03-26T16:31:16.705Z,17.54
2026-03-26T16:36:16.446Z,17.37
2026-03-26T16:41:16.667Z,17.46
2026-03-26T16:46:16.619Z,17.2
2026-03-26T16:51:16.468Z,17.17
2026-03-26T16:56:16.478Z,17.05
2026-03-26T17:01:16.804Z,17.02
2026-03-26T17:06:16.687Z,17.0
2026-03-26T17:11:16.458Z,16.94
2026-03-26T17:16:16.663Z,16.82
2026-03-26T17:21:16.618Z,16.62
2026-03-26T17:26:16.62Z,16.51
2026-03-26T17:31:16.544Z,16.3
2026-03-26T17:36:16.464Z,16.1
2026-03-26T17:41:16.602Z,15.9
2026-03-26T17:46:17.195Z,15.84
2026-03-26T17:51:16.506Z,15.81
2026-03-26T17:56:16.706Z,15.73
2026-03-26T18:01:17.134Z,15.67
2026-03-26T18:06:16.438Z,15.47
2026-03-26T18:11:16.603Z,15.44
2026-03-26T18:16:17.042Z,15.24
2026-03-26T18:21:16.56Z,15.12
2026-03-26T18:26:16.51Z,15.04
2026-03-26T18:31:16.595Z,15.01
2026-03-26T18:36:16.986Z,14.95
2026-03-26T18:41:16.67Z,14.84
2026-03-26T18:46:16.902Z,14.7
2026-03-26T18:51:16.517Z,14.61
2026-03-26T18:56:17.227Z,14.64
2026-03-26T19:01:16.665Z,14.55
2026-03-26T19:06:16.649Z,14.47
2026-03-26T19:11:16.647Z,14.35
2026-03-26T19:16:16.501Z,14.26
2026-03-26T19:21:16.676Z,14.21
2026-03-26T19:26:16.655Z,14.12
2026-03-26T19:31:16.505Z,14.09
2026-03-26T19:36:16.587Z,14.03
2026-03-26T19:41:16.551Z,13.98
2026-03-26T19:46:16.692Z,13.95
2026-03-26T19:51:16.589Z,13.8
2026-03-26T19:56:16.583Z,13.8
2026-03-26T20:01:16.653Z,13.72
2026-03-26T20:06:16.549Z,13.66
2026-03-26T20:11:16.505Z,13.57
2026-03-26T20:16:16.554Z,13.49
2026-03-26T20:21:16.957Z,13.37
2026-03-26T20:26:16.651Z,13.43
2026-03-26T20:31:16.507Z,13.37
2026-03-26T20:36:16.798Z,13.23
2026-03-26T20:41:16.673Z,13.14
2026-03-26T20:46:16.457Z,13.08
2026-03-26T20:51:16.433Z,13.0
2026-03-26T20:56:16.468Z,12.85
2026-03-26T21:01:16.55Z,12.65
2026-03-26T21:06:16.625Z,12.56
2026-03-26T21:11:16.495Z,12.42
2026-03-26T21:16:16.432Z,12.33
2026-03-26T21:21:16.505Z,12.31
2026-03-26T21:26:16.701Z,12.31
2026-03-26T21:31:16.562Z,12.31
2026-03-26T21:36:16.669Z,12.19
2026-03-26T21:41:16.474Z,12.16
2026-03-26T21:46:16.676Z,11.96
2026-03-26T21:51:16.573Z,12.02
2026-03-26T21:56:16.968Z,11.96
2026-03-26T22:01:16.58Z,12.02
2026-03-26T22:06:16.577Z,11.9
2026-03-26T22:11:16.52Z,11.87
2026-03-26T22:16:16.5Z,11.7
2026-03-26T22:21:16.609Z,11.76
2026-03-26T22:26:16.498Z,11.79
2026-03-26T22:31:16.426Z,11.79
2026-03-26T22:36:16.625Z,11.67
2026-03-26T22:41:16.623Z,11.76
2026-03-26T22:46:17.053Z,11.84
2026-03-26T22:51:17.764Z,11.73
2026-03-26T22:56:16.551Z,11.67
2026-03-26T23:01:16.633Z,11.56
2026-03-26T23:06:16.409Z,11.61
2026-03-26T23:11:16.677Z,11.67
2026-03-26T23:16:16.541Z,11.76
2026-03-26T23:21:16.413Z,11.76
2026-03-26T23:26:16.505Z,11.53
2026-03-26T23:31:16.661Z,11.47
2026-03-26T23:36:16.64Z,11.38
2026-03-26T23:41:16.78Z,11.33
2026-03-26T23:46:16.495Z,11.3
2026-03-26T23:51:16.575Z,11.21
2026-03-26T23:56:16.559Z,11.19
2026-03-27T00:01:16.413Z,11.1
2026-03-27T00:06:16.5Z,11.15
2026-03-27T00:11:16.662Z,11.12
2026-03-27T00:16:16.443Z,11.04
2026-03-27T00:21:16.669Z,10.98
2026-03-27T00:26:16.557Z,10.92
2026-03-27T00:31:16.661Z,10.84
2026-03-27T00:36:16.537Z,10.81
2026-03-27T00:41:16.69Z,10.84
2026-03-27T00:46:16.579Z,10.63
2026-03-27T00:51:16.533Z,10.63
2026-03-27T00:56:16.665Z,10.58
2026-03-27T01:01:16.565Z,10.61
2026-03-27T01:06:17.047Z,10.61
2026-03-27T01:11:17.406Z,10.78
2026-03-27T01:16:16.581Z,10.75
2026-03-27T01:21:16.692Z,10.72
2026-03-27T01:26:16.735Z,10.43
2026-03-27T01:31:16.447Z,10.38
2026-03-27T01:36:18.364Z,10.38
2026-03-27T01:41:16.442Z,10.49
2026-03-27T01:46:16.684Z,10.58
2026-03-27T01:51:16.58Z,10.75
2026-03-27T01:56:16.482Z,10.7
2026-03-27T02:01:16.924Z,10.78
2026-03-27T02:06:16.429Z,10.72
2026-03-27T02:11:17.044Z,10.72
2026-03-27T02:16:16.457Z,10.7
2026-03-27T02:21:16.998Z,10.58
2026-03-27T02:26:16.911Z,10.58
2026-03-27T02:31:16.588Z,10.52
2026-03-27T02:36:16.434Z,10.4
2026-03-27T02:41:16.463Z,10.29
2026-03-27T02:46:16.636Z,10.15
2026-03-27T02:51:17.296Z,9.94
2026-03-27T02:56:16.567Z,9.83
2026-03-27T03:01:16.467Z,9.68
2026-03-27T03:06:16.588Z,9.6
2026-03-27T03:11:16.664Z,9.4
2026-03-27T03:16:16.473Z,9.34
2026-03-27T03:21:17.89Z,9.14
2026-03-27T03:26:16.593Z,9.14
2026-03-27T03:31:16.614Z,9.17
2026-03-27T03:36:16.569Z,9.17
2026-03-27T03:41:16.575Z,9.23
2026-03-27T03:46:16.646Z,9.28
2026-03-27T03:51:16.427Z,9.34
2026-03-27T03:56:16.438Z,9.34
2026-03-27T04:01:16.609Z,9.26
2026-03-27T04:06:17.611Z,9.23
2026-03-27T04:11:16.493Z,9.26
2026-03-27T04:16:16.485Z,9.26
2026-03-27T04:21:16.631Z,9.28
2026-03-27T04:26:16.406Z,9.28
2026-03-27T04:31:16.445Z,9.28
2026-03-27T04:36:16.6Z,9.28
2026-03-27T04:41:16.549Z,9.31
2026-03-27T04:46:16.55Z,9.42
2026-03-27T04:51:16.585Z,9.49
2026-03-27T04:56:16.462Z,9.54
2026-03-27T05:01:16.702Z,9.54
2026-03-27T05:06:16.501Z,9.77
2026-03-27T05:11:16.539Z,10.0
2026-03-27T05:16:16.55Z,10.17
2026-03-27T05:21:16.543Z,10.32
2026-03-27T05:26:16.56Z,10.29
2026-03-27T05:31:16.394Z,10.24
2026-03-27T05:36:16.52Z,10.29
2026-03-27T05:41:16.483Z,10.35
2026-03-27T05:46:16.457Z,10.35
2026-03-27T05:51:16.536Z,10.32
2026-03-27T05:56:16.804Z,10.09
2026-03-27T06:01:16.534Z,9.94
2026-03-27T06:06:16.606Z,9.91
2026-03-27T06:11:16.793Z,9.89
2026-03-27T06:16:16.411Z,9.83
2026-03-27T06:21:16.545Z,9.8
2026-03-27T06:26:16.389Z,9.75
2026-03-27T06:31:16.457Z,9.63
2026-03-27T06:36:16.62Z,9.68
2026-03-27T06:41:16.6Z,9.72
2026-03-27T06:46:16.53Z,9.6
2026-03-27T06:51:16.415Z,9.6
2026-03-27T06:56:16.542Z,9.68
2026-03-27T07:01:16.613Z,9.75
2026-03-27T07:06:16.379Z,9.86
2026-03-27T07:11:16.538Z,9.89
2026-03-27T07:16:17.028Z,10.03
2026-03-27T07:21:16.416Z,10.15
2026-03-27T07:26:16.534Z,10.21
2026-03-27T07:31:16.527Z,10.21
2026-03-27T07:36:16.406Z,10.17
2026-03-27T07:41:16.605Z,10.29
2026-03-27T07:46:16.382Z,10.47
2026-03-27T07:51:16.431Z,10.52
2026-03-27T07:56:16.43Z,10.63
2026-03-27T08:01:16.53Z,10.84
2026-03-27T08:06:16.446Z,10.92
2026-03-27T08:11:16.564Z,11.15
2026-03-27T08:16:16.443Z,11.35
2026-03-27T08:21:16.538Z,11.53
2026-03-27T08:26:16.567Z,11.53
2026-03-27T08:31:16.494Z,11.53
2026-03-27T08:36:16.796Z,11.61
2026-03-27T08:41:16.529Z,11.67
2026-03-27T08:46:16.372Z,11.41
2026-03-27T08:51:16.515Z,11.47
2026-03-27T08:56:16.558Z,11.59
2026-03-27T09:01:16.524Z,11.7
2026-03-27T09:06:16.422Z,11.87
2026-03-27T09:11:16.444Z,12.22
2026-03-27T09:16:16.633Z,12.36
2026-03-27T09:21:16.62Z,12.51
2026-03-27T09:26:16.525Z,12.88
2026-03-27T09:31:17.642Z,13.14
2026-03-27T09:36:17.383Z,13.34
2026-03-27T09:41:16.41Z,13.49
2026-03-27T09:46:16.513Z,13.72
2026-03-27T09:51:16.453Z,13.98
2026-03-27T09:56:16.616Z,13.95
2026-03-27T10:01:17.192Z,14.15
2026-03-27T10:06:16.473Z,14.26
2026-03-27T10:11:16.494Z,14.29
2026-03-27T10:16:16.557Z,15.07
2026-03-27T10:21:16.43Z,16.77
2026-03-27T10:26:16.539Z,16.62
2026-03-27T10:31:16.641Z,15.73
2026-03-27T10:36:16.419Z,15.76
2026-03-27T10:41:16.596Z,15.96
2026-03-27T10:46:16.552Z,16.25
2026-03-27T10:51:16.496Z,16.3
2026-03-27T10:56:16.409Z,16.45
2026-03-27T11:01:16.438Z,16.68
2026-03-27T11:06:16.421Z,17.14
2026-03-27T11:11:16.365Z,17.26
2026-03-27T11:16:16.578Z,17.4
2026-03-27T11:21:16.386Z,17.34
2026-03-27T11:26:16.357Z,17.17
2026-03-27T11:31:16.429Z,16.97
2026-03-27T11:36:16.548Z,17.46
2026-03-27T11:41:16.491Z,17.95
2026-03-27T11:46:16.508Z,17.97
2026-03-27T11:51:16.406Z,18.21
2026-03-27T11:56:16.628Z,18.44
2026-03-27T12:01:17.224Z,18.58
2026-03-27T12:06:16.89Z,18.49
2026-03-27T12:11:16.631Z,18.35
2026-03-27T12:16:16.59Z,18.49
2026-03-27T12:21:16.54Z,18.32
2026-03-27T12:26:16.354Z,18.49
2026-03-27T12:31:16.357Z,18.55
2026-03-27T12:36:16.621Z,18.35
2026-03-27T12:41:16.512Z,18.72
2026-03-27T12:46:16.511Z,18.98
2026-03-27T12:51:16.496Z,19.16
2026-03-27T12:56:16.446Z,19.33
2026-03-27T13:01:16.625Z,19.24
2026-03-27T13:06:16.417Z,19.62
2026-03-27T13:11:16.489Z,19.3
2026-03-27T13:16:16.606Z,19.21
2026-03-27T13:21:16.636Z,18.95
2026-03-27T13:26:16.438Z,18.64
2026-03-27T13:31:16.39Z,18.84
2026-03-27T13:36:16.362Z,19.01
2026-03-27T13:41:17.243Z,19.21
2026-03-27T13:46:16.508Z,19.27
2026-03-27T13:51:16.469Z,19.3
2026-03-27T13:56:16.411Z,19.24
2026-03-27T14:01:16.376Z,18.98
2026-03-27T14:06:16.596Z,18.81
2026-03-27T14:11:16.458Z,18.72
2026-03-27T14:16:16.582Z,18.67
2026-03-27T14:21:16.521Z,18.87
2026-03-27T14:26:16.55Z,19.1
2026-03-27T14:31:16.484Z,19.24
2026-03-27T14:36:16.361Z,19.33
2026-03-27T14:41:16.457Z,19.04
2026-03-27T14:46:16.506Z,19.13
2026-03-27T14:51:16.419Z,19.04
2026-03-27T14:56:16.447Z,18.9
2026-03-27T15:01:16.374Z,19.07
2026-03-27T15:06:17.685Z,19.24
2026-03-27T15:11:16.518Z,19.33
2026-03-27T15:16:16.36Z,19.1
2026-03-27T15:21:16.472Z,19.27
2026-03-27T15:26:16.388Z,19.27
2026-03-27T15:31:16.404Z,19.24
2026-03-27T15:36:16.845Z,19.42
2026-03-27T15:41:16.727Z,19.42
2026-03-27T15:46:16.546Z,19.36
2026-03-27T15:51:16.387Z,19.47
2026-03-27T15:56:16.581Z,19.59
2026-03-27T16:01:16.356Z,19.5
2026-03-27T16:06:16.39Z,19.59
2026-03-27T16:11:16.429Z,19.01
2026-03-27T16:16:16.408Z,18.55
2026-03-27T16:21:16.598Z,18.29
2026-03-27T16:26:16.619Z,18.26
2026-03-27T16:31:16.348Z,18.44
2026-03-27T16:36:16.364Z,18.32
2026-03-27T16:41:16.545Z,18.15
2026-03-27T16:46:16.609Z,18.15
2026-03-27T16:51:16.502Z,18.15
2026-03-27T16:56:16.448Z,17.97
2026-03-27T17:01:16.568Z,17.83
2026-03-27T17:06:16.385Z,17.72
2026-03-27T17:11:16.505Z,17.49
2026-03-27T17:16:16.391Z,17.34
2026-03-27T17:21:16.373Z,17.34
2026-03-27T17:26:16.547Z,17.2
2026-03-27T17:31:16.499Z,17.0
2026-03-27T17:36:16.446Z,16.91
2026-03-27T17:41:16.581Z,16.79
2026-03-27T17:46:16.359Z,16.59
2026-03-27T17:51:16.592Z,16.48
2026-03-27T17:56:16.528Z,16.33
2026-03-27T18:01:16.398Z,16.22
2026-03-27T18:06:16.336Z,16.07
2026-03-27T18:11:16.482Z,15.96
2026-03-27T18:16:16.354Z,15.81
2026-03-27T18:21:16.555Z,15.79
2026-03-27T18:26:16.564Z,15.61
2026-03-27T18:31:16.511Z,15.53
2026-03-27T18:36:16.337Z,15.44
2026-03-27T18:41:16.43Z,15.39
2026-03-27T18:46:16.546Z,15.19
2026-03-27T18:51:16.564Z,15.16
2026-03-27T18:56:16.405Z,15.04
2026-03-27T19:01:16.55Z,14.98
2026-03-27T19:06:16.534Z,14.86
2026-03-27T19:11:16.596Z,14.72
2026-03-27T19:16:16.552Z,14.55
2026-03-27T19:21:16.599Z,14.47
2026-03-27T19:26:16.472Z,14.35
2026-03-27T19:31:16.607Z,14.18
2026-03-27T19:36:16.521Z,14.21
2026-03-27T19:41:16.403Z,14.15
2026-03-27T19:46:16.487Z,14.12
2026-03-27T19:51:16.394Z,14.12
2026-03-27T19:56:16.367Z,14.06
2026-03-27T20:01:16.535Z,14.0
2026-03-27T20:06:16.357Z,14.06
2026-03-27T20:11:16.607Z,14.06
2026-03-27T20:16:16.528Z,14.21
2026-03-27T20:21:16.61Z,14.12
2026-03-27T20:26:16.397Z,14.15
2026-03-27T20:31:16.609Z,14.15
2026-03-27T20:36:16.505Z,14.15
2026-03-27T20:41:16.478Z,14.15
2026-03-27T20:46:16.589Z,14.12
2026-03-27T20:51:16.385Z,14.06
2026-03-27T20:56:16.449Z,14.15
2026-03-27T21:01:16.363Z,14.15
2026-03-27T21:06:16.411Z,14.15
2026-03-27T21:11:16.608Z,14.18
2026-03-27T21:16:16.557Z,14.18
2026-03-27T21:21:16.407Z,14.15
2026-03-27T21:26:16.583Z,14.12
2026-03-27T21:31:16.569Z,14.09
2026-03-27T21:36:16.479Z,14.21
2026-03-27T21:41:16.586Z,14.03
2026-03-27T21:46:16.391Z,13.95
2026-03-27T21:51:16.417Z,14.0
2026-03-27T21:56:16.406Z,13.98
2026-03-27T22:01:16.406Z,13.95
2026-03-27T22:06:16.503Z,13.89
2026-03-27T22:11:16.395Z,13.95
2026-03-27T22:16:16.488Z,14.09
2026-03-27T22:21:16.34Z,14.0
2026-03-27T22:26:16.369Z,13.95
2026-03-27T22:31:16.414Z,13.74
2026-03-27T22:36:16.571Z,13.63
2026-03-27T22:41:16.535Z,13.49
2026-03-27T22:46:16.489Z,13.49
2026-03-27T22:51:16.594Z,13.43
2026-03-27T22:56:16.326Z,13.4
2026-03-27T23:01:16.393Z,13.31
2026-03-27T23:06:16.465Z,13.31
2026-03-27T23:11:16.47Z,13.31
2026-03-27T23:16:16.478Z,13.34
2026-03-27T23:21:16.474Z,13.31
2026-03-27T23:26:16.492Z,13.17
2026-03-27T23:31:16.363Z,13.14
2026-03-27T23:36:16.394Z,13.08
2026-03-27T23:41:16.53Z,13.05
2026-03-27T23:46:16.313Z,13.05
2026-03-27T23:51:16.343Z,13.0
2026-03-27T23:56:16.551Z,12.91
2026-03-28T00:01:16.524Z,12.91
2026-03-28T00:06:16.565Z,12.79
2026-03-28T00:11:16.326Z,12.68
2026-03-28T00:16:16.504Z,12.56
2026-03-28T00:21:16.523Z,12.48
2026-03-28T00:26:16.515Z,12.48
2026-03-28T00:31:16.452Z,12.39
2026-03-28T00:36:16.442Z,12.42
2026-03-28T00:41:16.594Z,12.42
2026-03-28T00:46:16.447Z,12.54
2026-03-28T00:51:16.503Z,12.62
2026-03-28T00:56:16.443Z,12.68
2026-03-28T01:01:16.408Z,12.77
2026-03-28T01:06:16.381Z,12.79
2026-03-28T01:11:16.365Z,12.91
2026-03-28T01:16:16.438Z,12.97
2026-03-28T01:21:16.512Z,12.91
2026-03-28T01:26:16.603Z,12.91
2026-03-28T01:31:16.435Z,12.97
2026-03-28T01:36:16.491Z,12.88
2026-03-28T01:41:16.574Z,12.82
2026-03-28T01:46:16.348Z,12.79
2026-03-28T01:51:16.405Z,12.79
2026-03-28T01:56:16.539Z,12.77
2026-03-28T02:01:16.334Z,12.79
2026-03-28T02:06:16.333Z,12.88
2026-03-28T02:11:16.446Z,12.85
2026-03-28T02:16:16.495Z,12.91
2026-03-28T02:21:16.326Z,12.91
2026-03-28T02:26:16.359Z,12.91
2026-03-28T02:31:16.453Z,12.82
2026-03-28T02:36:16.473Z,12.77
2026-03-28T02:41:16.482Z,12.68
2026-03-28T02:46:16.388Z,12.56
2026-03-28T02:51:16.301Z,12.39
2026-03-28T02:56:16.366Z,12.28
2026-03-28T03:01:16.58Z,12.22
2026-03-28T03:06:16.497Z,12.05
2026-03-28T03:11:16.3Z,11.84
2026-03-28T03:16:16.313Z,11.73
2026-03-28T03:21:16.45Z,11.59
2026-03-28T03:26:16.478Z,11.44
2026-03-28T03:31:16.379Z,11.33
2026-03-28T03:36:16.481Z,11.19
2026-03-28T03:41:16.365Z,11.04
2026-03-28T03:46:16.525Z,10.96
2026-03-28T03:51:16.352Z,10.86
2026-03-28T03:56:16.498Z,10.7
2026-03-28T04:01:16.381Z,10.72
2026-03-28T04:06:16.536Z,10.58
2026-03-28T04:11:16.44Z,10.52
2026-03-28T04:16:16.462Z,10.52
2026-03-28T04:21:16.46Z,10.38
2026-03-28T04:26:16.375Z,10.26
2026-03-28T04:31:16.444Z,10.24
2026-03-28T04:36:16.479Z,10.26
2026-03-28T04:41:16.448Z,10.26
2026-03-28T04:46:16.5Z,10.32
2026-03-28T04:51:16.428Z,10.35
2026-03-28T04:56:16.429Z,10.49
2026-03-28T05:01:16.348Z,10.49
2026-03-28T05:06:16.548Z,10.63
2026-03-28T05:11:16.289Z,10.66
2026-03-28T05:16:16.512Z,10.72
2026-03-28T05:21:16.291Z,10.66
2026-03-28T05:26:16.341Z,10.49
2026-03-28T05:31:16.456Z,10.49
2026-03-28T05:36:16.425Z,10.38
2026-03-28T05:41:16.313Z,10.26
2026-03-28T05:46:16.55Z,10.24
2026-03-28T05:51:16.34Z,10.12
2026-03-28T05:56:16.309Z,10.06
2026-03-28T06:01:16.468Z,9.98
2026-03-28T06:06:16.44Z,9.86
2026-03-28T06:11:16.467Z,9.86
2026-03-28T06:16:16.512Z,9.8
2026-03-28T06:21:16.279Z,9.89
2026-03-28T06:26:16.469Z,9.89
2026-03-28T06:31:16.477Z,10.0
2026-03-28T06:36:16.353Z,10.06
2026-03-28T06:41:16.268Z,10.21
2026-03-28T06:46:16.396Z,10.38
2026-03-28T06:51:16.433Z,10.63
2026-03-28T06:56:16.428Z,10.81
2026-03-28T07:01:16.435Z,11.01
2026-03-28T07:06:16.421Z,11.12
2026-03-28T07:11:16.415Z,11.33
2026-03-28T07:16:16.428Z,11.44
2026-03-28T07:21:16.47Z,11.61
2026-03-28T07:26:16.514Z,11.84
2026-03-28T07:31:16.363Z,12.05
2026-03-28T07:36:16.51Z,12.28
2026-03-28T07:41:16.405Z,12.56
2026-03-28T07:46:16.535Z,12.91
2026-03-28T07:51:16.327Z,13.17
2026-03-28T07:56:16.449Z,13.57
2026-03-28T08:01:16.45Z,13.98
2026-03-28T08:06:16.543Z,13.83
2026-03-28T08:11:16.305Z,13.98
2026-03-28T08:16:16.357Z,14.26
2026-03-28T08:21:16.267Z,14.84
2026-03-28T08:26:16.451Z,14.95
2026-03-28T08:31:16.358Z,15.07
2026-03-28T08:36:16.464Z,15.56
2026-03-28T08:41:16.276Z,15.73
2026-03-28T08:46:16.486Z,15.79
2026-03-28T08:51:16.473Z,15.96
2026-03-28T08:56:16.328Z,15.93
2026-03-28T09:01:16.452Z,16.16
2026-03-28T09:06:16.271Z,16.39
2026-03-28T09:11:16.314Z,16.59
2026-03-28T09:16:16.459Z,16.45
2026-03-28T09:21:16.51Z,16.82
2026-03-28T09:26:16.441Z,17.11
2026-03-28T09:31:16.446Z,17.08
2026-03-28T09:36:16.346Z,17.28
2026-03-28T09:41:16.338Z,17.54
2026-03-28T09:46:16.266Z,17.51
2026-03-28T09:51:16.389Z,17.54
2026-03-28T09:56:16.319Z,17.28
2026-03-28T10:01:16.466Z,16.94
2026-03-28T10:06:16.238Z,17.2
2026-03-28T10:11:16.316Z,17.51
2026-03-28T10:16:16.367Z,17.69
2026-03-28T10:21:16.48Z,17.77
2026-03-28T10:26:16.304Z,18.06
2026-03-28T10:31:16.307Z,18.29
2026-03-28T10:36:16.359Z,18.26
2026-03-28T10:41:16.474Z,18.52
2026-03-28T10:46:16.269Z,18.69
2026-03-28T10:51:16.313Z,18.44
2026-03-28T10:56:16.416Z,18.78
2026-03-28T11:01:16.233Z,18.67
2026-03-28T11:06:16.491Z,18.81
2026-03-28T11:11:16.472Z,19.07
2026-03-28T11:16:16.339Z,19.5
2026-03-28T11:21:16.342Z,19.5
2026-03-28T11:26:16.506Z,19.16
2026-03-28T11:31:16.329Z,18.84
2026-03-28T11:36:16.297Z,18.9
2026-03-28T11:41:16.506Z,19.1
2026-03-28T11:46:16.369Z,19.53
2026-03-28T11:51:16.327Z,19.59
2026-03-28T11:56:16.34Z,19.88
2026-03-28T12:01:16.277Z,19.96
2026-03-28T12:06:16.46Z,20.34
2026-03-28T12:11:16.353Z,20.34
2026-03-28T12:16:16.254Z,20.37
2026-03-28T12:21:16.307Z,20.42
2026-03-28T12:26:16.483Z,20.37
2026-03-28T12:31:16.448Z,20.25
2026-03-28T12:36:16.255Z,20.34
2026-03-28T12:41:16.277Z,20.6
2026-03-28T12:46:16.356Z,20.51
2026-03-28T12:51:16.34Z,20.74
2026-03-28T12:56:16.353Z,21.14
2026-03-28T13:01:16.355Z,21.02
2026-03-28T13:06:16.508Z,21.17
2026-03-28T13:11:16.237Z,21.02
2026-03-28T13:16:16.339Z,21.14
2026-03-28T13:21:16.26Z,21.4
2026-03-28T13:26:16.336Z,21.69
2026-03-28T13:31:16.343Z,21.66
2026-03-28T13:36:16.311Z,21.43
2026-03-28T13:41:16.293Z,21.23
2026-03-28T13:46:16.454Z,21.4
2026-03-28T13:51:16.324Z,21.43
2026-03-28T13:56:16.338Z,21.51
2026-03-28T14:01:16.474Z,21.72
2026-03-28T14:06:16.341Z,21.72
2026-03-28T14:11:16.402Z,21.49
2026-03-28T14:16:16.476Z,21.92
2026-03-28T14:21:16.4Z,22.04
2026-03-28T14:26:16.271Z,21.95
2026-03-28T14:31:16.369Z,21.72
2026-03-28T14:36:16.304Z,21.89
2026-03-28T14:41:16.457Z,22.0
2026-03-28T14:46:16.448Z,22.09
2026-03-28T14:51:16.409Z,22.0
2026-03-28T14:56:16.261Z,21.51
2026-03-28T15:01:16.281Z,21.37
2026-03-28T15:06:16.37Z,21.37
2026-03-28T15:11:16.267Z,21.28
2026-03-28T15:16:16.347Z,21.2
2026-03-28T15:21:16.433Z,20.91
2026-03-28T15:26:16.442Z,20.74
2026-03-28T15:31:16.306Z,20.74
2026-03-28T15:36:16.44Z,21.02
2026-03-28T15:41:16.495Z,21.37
2026-03-28T15:46:16.398Z,21.43
2026-03-28T15:51:16.483Z,21.25
2026-03-28T15:56:16.457Z,21.28
2026-03-28T16:01:16.277Z,21.14
2026-03-28T16:06:16.386Z,21.2
2026-03-28T16:11:16.33Z,21.02
2026-03-28T16:16:16.237Z,20.88
2026-03-28T16:21:16.334Z,20.42
2026-03-28T16:26:16.242Z,19.99
2026-03-28T16:31:16.485Z,20.08
2026-03-28T16:36:16.244Z,20.08
2026-03-28T16:41:16.291Z,20.08
2026-03-28T16:46:16.291Z,20.05
2026-03-28T16:51:16.48Z,19.79
2026-03-28T16:56:16.364Z,19.76
2026-03-28T17:01:16.252Z,19.7
2026-03-28T17:06:16.332Z,19.3
2026-03-28T17:11:16.302Z,19.24
2026-03-28T17:16:16.403Z,19.04
2026-03-28T17:21:16.296Z,18.87
2026-03-28T17:26:16.206Z,18.78
2026-03-28T17:31:16.25Z,18.69
2026-03-28T17:36:16.423Z,18.67
2026-03-28T17:41:16.29Z,18.61
2026-03-28T17:46:16.316Z,18.58
2026-03-28T17:51:16.22Z,18.55
2026-03-28T17:56:16.474Z,18.46
2026-03-28T18:01:16.254Z,18.29
2026-03-28T18:06:16.468Z,18.0
2026-03-28T18:11:16.338Z,18.0
2026-03-28T18:16:16.455Z,17.86
2026-03-28T18:21:16.291Z,17.72
2026-03-28T18:26:16.422Z,17.51
2026-03-28T18:31:16.416Z,17.31
2026-03-28T18:36:16.468Z,17.08
2026-03-28T18:41:16.457Z,16.97
2026-03-28T18:46:16.331Z,16.79
2026-03-28T18:51:16.419Z,16.71
2026-03-28T18:56:16.307Z,16.56
2026-03-28T19:01:16.424Z,16.48
2026-03-28T19:06:16.41Z,16.3
2026-03-28T19:11:16.458Z,16.05
2026-03-28T19:16:16.417Z,15.84
2026-03-28T19:21:16.304Z,15.7
2026-03-28T19:26:16.227Z,15.7
2026-03-28T19:31:16.41Z,15.67
2026-03-28T19:36:16.357Z,15.65
2026-03-28T19:41:16.228Z,15.65
2026-03-28T19:46:16.405Z,15.73
2026-03-28T19:51:16.259Z,15.84
2026-03-28T19:56:16.432Z,15.81
2026-03-28T20:01:16.45Z,15.79
2026-03-28T20:06:16.407Z,15.84
2026-03-28T20:11:16.241Z,15.96
2026-03-28T20:16:16.321Z,16.05
2026-03-28T20:21:16.325Z,16.1
2026-03-28T20:26:16.399Z,16.05
2026-03-28T20:31:16.33Z,15.96
2026-03-28T20:36:16.466Z,15.93
2026-03-28T20:41:16.4Z,15.84
2026-03-28T20:46:16.443Z,15.79
2026-03-28T20:51:16.338Z,15.73
2026-03-28T20:56:16.417Z,15.81
2026-03-28T21:01:16.269Z,15.79
2026-03-28T21:06:16.466Z,15.79
2026-03-28T21:11:16.266Z,15.7
2026-03-28T21:16:16.446Z,15.7
2026-03-28T21:21:16.433Z,15.7
2026-03-28T21:26:16.466Z,15.79
2026-03-28T21:31:16.461Z,15.79
2026-03-28T21:36:16.396Z,15.76
2026-03-28T21:41:16.417Z,15.67
2026-03-28T21:46:16.374Z,15.73
2026-03-28T21:51:16.36Z,15.73
2026-03-28T21:56:16.222Z,15.7
2026-03-28T22:01:16.416Z,15.67
2026-03-28T22:06:16.259Z,15.58
2026-03-28T22:11:16.447Z,15.58
2026-03-28T22:16:16.252Z,15.44
2026-03-28T22:21:16.378Z,15.5
2026-03-28T22:26:16.366Z,15.39
2026-03-28T22:31:16.309Z,15.44
2026-03-28T22:36:16.26Z,15.5
2026-03-28T22:41:16.392Z,15.33
2026-03-28T22:46:16.396Z,15.21
2026-03-28T22:51:16.251Z,15.12
2026-03-28T22:56:16.239Z,15.04
2026-03-28T23:01:16.258Z,14.98
2026-03-28T23:06:16.404Z,14.86
2026-03-28T23:11:16.262Z,14.7
2026-03-28T23:16:16.448Z,14.49
2026-03-28T23:21:16.426Z,14.23
2026-03-28T23:26:16.378Z,14.15
2026-03-28T23:31:16.268Z,13.98
2026-03-28T23:36:16.287Z,13.89
2026-03-28T23:41:16.306Z,13.8
2026-03-28T23:46:16.344Z,13.72
2026-03-28T23:51:16.307Z,13.63
2026-03-28T23:56:16.186Z,13.54
2026-03-29T00:01:16.425Z,13.4
2026-03-29T00:06:16.414Z,13.37
2026-03-29T00:11:16.222Z,13.31
2026-03-29T00:16:16.29Z,13.05
2026-03-29T00:21:16.309Z,12.91
2026-03-29T00:26:16.45Z,12.68
2026-03-29T00:31:16.198Z,12.65
2026-03-29T00:36:16.277Z,12.71
2026-03-29T00:41:16.273Z,12.79
2026-03-29T00:46:16.228Z,12.74
2026-03-29T00:51:16.202Z,12.68
2026-03-29T00:56:16.219Z,12.82
2026-03-29T01:01:16.264Z,13.08
2026-03-29T01:06:16.215Z,13.77
2026-03-29T01:11:16.234Z,14.29
2026-03-29T01:16:16.404Z,14.52
2026-03-29T01:21:16.21Z,14.64
2026-03-29T01:26:16.232Z,14.67
2026-03-29T01:31:16.316Z,14.86
2026-03-29T01:36:16.166Z,15.19
2026-03-29T01:41:16.229Z,15.19
2026-03-29T01:46:16.408Z,15.19
2026-03-29T01:51:16.174Z,15.09
2026-03-29T01:56:16.186Z,15.09
2026-03-29T02:01:16.346Z,14.93
2026-03-29T02:06:16.25Z,14.84
2026-03-29T02:11:16.298Z,14.75
2026-03-29T02:16:16.232Z,14.75
2026-03-29T02:21:16.331Z,14.72
2026-03-29T02:26:16.356Z,14.72
2026-03-29T02:31:16.4Z,14.7
2026-03-29T02:36:16.162Z,14.58
2026-03-29T02:41:16.285Z,14.35
2026-03-29T02:46:16.295Z,14.21
2026-03-29T02:51:16.206Z,14.18
2026-03-29T02:56:16.351Z,14.18
2026-03-29T03:01:16.25Z,14.03
2026-03-29T03:06:16.202Z,13.92
2026-03-29T03:11:16.304Z,13.8
2026-03-29T03:16:16.201Z,13.74
2026-03-29T03:21:16.281Z,13.6
2026-03-29T03:26:16.156Z,13.54
2026-03-29T03:31:16.294Z,13.4
2026-03-29T03:36:16.261Z,13.4
2026-03-29T03:41:16.214Z,13.4
2026-03-29T03:46:16.309Z,13.37
2026-03-29T03:51:16.42Z,13.17
2026-03-29T03:56:16.183Z,13.23
2026-03-29T04:01:16.273Z,13.23
2026-03-29T04:06:16.324Z,13.11
2026-03-29T04:11:16.328Z,13.0
2026-03-29T04:16:16.183Z,12.85
2026-03-29T04:21:16.383Z,12.74
2026-03-29T04:26:16.377Z,12.59
2026-03-29T04:31:16.337Z,12.56
2026-03-29T04:36:16.243Z,12.45
2026-03-29T04:41:16.236Z,12.39
2026-03-29T04:46:16.21Z,12.31
2026-03-29T04:51:16.38Z,12.22
2026-03-29T04:56:16.387Z,12.16
2026-03-29T05:01:16.372Z,12.07
2026-03-29T05:06:16.144Z,12.02
2026-03-29T05:11:16.192Z,11.9
2026-03-29T05:16:16.396Z,11.79
2026-03-29T05:21:16.154Z,11.7
2026-03-29T05:26:16.147Z,11.59
2026-03-29T05:31:16.36Z,11.67
2026-03-29T05:36:16.443Z,11.59
2026-03-29T05:41:16.145Z,11.5
2026-03-29T05:46:16.358Z,11.56
2026-03-29T05:51:16.312Z,11.47
2026-03-29T05:56:16.383Z,11.41
2026-03-29T06:01:16.259Z,11.27
2026-03-29T06:06:16.198Z,11.15
2026-03-29T06:11:16.258Z,11.01
2026-03-29T06:16:16.415Z,10.98
2026-03-29T06:21:16.385Z,10.98
2026-03-29T06:26:16.149Z,10.86
2026-03-29T06:31:16.375Z,10.81
2026-03-29T06:36:16.143Z,10.89
2026-03-29T06:41:16.251Z,11.1
2026-03-29T06:46:16.148Z,11.15
2026-03-29T06:51:16.212Z,11.19
2026-03-29T06:56:16.266Z,11.35
2026-03-29T07:01:16.144Z,11.35
2026-03-29T07:06:16.393Z,11.56
2026-03-29T07:11:16.298Z,11.61
2026-03-29T07:16:16.26Z,11.76
2026-03-29T07:21:16.316Z,11.87
2026-03-29T07:26:16.278Z,11.99
2026-03-29T07:31:16.149Z,12.13
2026-03-29T07:36:16.295Z,12.28
2026-03-29T07:41:16.227Z,12.36
2026-03-29T07:46:16.401Z,12.59
2026-03-29T07:51:16.365Z,12.74
2026-03-29T07:56:16.188Z,12.74
2026-03-29T08:01:16.199Z,12.94
2026-03-29T08:06:16.35Z,13.03
2026-03-29T08:11:16.257Z,13.14
2026-03-29T08:16:16.18Z,13.2
2026-03-29T08:21:16.41Z,13.43
2026-03-29T08:26:16.357Z,13.69
2026-03-29T08:31:16.398Z,13.74
2026-03-29T08:36:16.283Z,13.69
2026-03-29T08:41:16.154Z,13.74
2026-03-29T08:46:16.279Z,13.8
2026-03-29T08:51:16.249Z,14.03
2026-03-29T08:56:16.207Z,14.12
2026-03-29T09:01:16.209Z,14.26
2026-03-29T09:06:16.198Z,14.35
2026-03-29T09:11:16.159Z,14.21
2026-03-29T09:16:16.214Z,14.15
2026-03-29T09:21:16.234Z,14.29
2026-03-29T09:26:16.377Z,14.49
2026-03-29T09:31:16.278Z,14.67
2026-03-29T09:36:16.349Z,14.95
2026-03-29T09:41:16.361Z,15.27
2026-03-29T09:46:16.182Z,15.39
2026-03-29T09:51:16.355Z,15.24
2026-03-29T09:56:16.295Z,15.3
2026-03-29T10:01:16.295Z,15.53
2026-03-29T10:06:16.245Z,15.44
2026-03-29T10:11:16.116Z,15.67
2026-03-29T10:16:16.14Z,15.65
2026-03-29T10:21:16.393Z,15.76
2026-03-29T10:26:16.104Z,15.99
2026-03-29T10:31:16.36Z,16.1
2026-03-29T10:36:16.349Z,16.02
2026-03-29T10:41:16.34Z,16.33
2026-03-29T10:46:16.351Z,16.3
2026-03-29T10:51:16.14Z,16.19
2026-03-29T10:56:16.364Z,16.33
2026-03-29T11:01:16.152Z,16.51
2026-03-29T11:06:16.213Z,16.3
2026-03-29T11:11:16.364Z,16.42
2026-03-29T11:16:16.114Z,16.45
2026-03-29T11:21:16.285Z,16.53
2026-03-29T11:26:16.378Z,16.71
2026-03-29T11:31:16.357Z,16.53
2026-03-29T11:36:16.166Z,16.25
2026-03-29T11:41:16.101Z,16.65
2026-03-29T11:46:16.286Z,16.3
2026-03-29T11:51:16.206Z,16.19
2026-03-29T11:56:16.126Z,16.71
2026-03-29T12:01:16.11Z,17.23
2026-03-29T12:06:16.341Z,16.68
2026-03-29T12:11:16.243Z,16.94
2026-03-29T12:16:16.29Z,16.91
2026-03-29T12:21:16.147Z,16.77
2026-03-29T12:26:16.198Z,17.37
2026-03-29T12:31:16.227Z,17.46
2026-03-29T12:36:16.33Z,16.94
2026-03-29T12:41:16.356Z,16.79
2026-03-29T12:46:16.311Z,16.53
2026-03-29T12:51:16.183Z,16.33
2026-03-29T12:56:16.096Z,16.37
2026-03-29T13:01:16.312Z,16.37
2026-03-29T13:06:16.242Z,16.22
2026-03-29T13:11:16.145Z,16.25
2026-03-29T13:16:16.118Z,16.16
2026-03-29T13:21:16.349Z,16.33
2026-03-29T13:26:16.352Z,16.53
2026-03-29T13:31:16.126Z,16.85
2026-03-29T13:36:16.194Z,16.74
2026-03-29T13:41:16.079Z,16.39
2026-03-29T13:46:16.16Z,16.62
2026-03-29T13:51:16.245Z,16.53
2026-03-29T13:56:16.217Z,16.22
2026-03-29T14:01:16.171Z,16.25
2026-03-29T14:06:16.195Z,16.3
2026-03-29T14:11:16.356Z,16.28
2026-03-29T14:16:16.148Z,16.14
2026-03-29T14:21:16.266Z,16.1
2026-03-29T14:26:16.202Z,16.28
2026-03-29T14:31:16.133Z,16.65
2026-03-29T14:36:16.149Z,16.85
2026-03-29T14:41:16.362Z,16.88
2026-03-29T14:46:16.248Z,17.0
2026-03-29T14:51:16.122Z,17.17
2026-03-29T14:56:16.183Z,17.4
2026-03-29T15:01:16.098Z,17.57
2026-03-29T15:06:16.254Z,17.66
2026-03-29T15:11:16.22Z,17.63
2026-03-29T15:16:16.174Z,17.83
2026-03-29T15:21:16.266Z,17.95
2026-03-29T15:26:16.139Z,17.86
2026-03-29T15:31:16.113Z,18.03
2026-03-29T15:36:16.115Z,17.95
2026-03-29T15:41:16.146Z,18.18
2026-03-29T15:46:16.317Z,17.77
2026-03-29T15:51:16.123Z,17.51
2026-03-29T15:56:16.251Z,17.63
2026-03-29T16:01:16.104Z,17.69
2026-03-29T16:06:16.13Z,17.43
2026-03-29T16:11:16.24Z,17.57
2026-03-29T16:16:16.118Z,17.66
2026-03-29T16:21:16.185Z,17.6
2026-03-29T16:26:16.188Z,17.54
2026-03-29T16:31:16.325Z,17.54
2026-03-29T16:36:16.112Z,17.26
2026-03-29T16:41:16.207Z,17.17
2026-03-29T16:46:16.14Z,16.97
2026-03-29T16:51:16.087Z,17.0
2026-03-29T16:56:16.351Z,16.97
2026-03-29T17:01:16.074Z,17.14
2026-03-29T17:06:16.273Z,17.05
2026-03-29T17:11:16.217Z,16.82
2026-03-29T17:16:16.255Z,16.97
2026-03-29T17:21:16.134Z,16.74
2026-03-29T17:26:16.329Z,16.45
2026-03-29T17:31:16.136Z,16.25
2026-03-29T17:36:16.144Z,16.19
2026-03-29T17:41:16.329Z,16.25
2026-03-29T17:46:16.239Z,16.19
2026-03-29T17:51:16.344Z,16.07
2026-03-29T17:56:16.156Z,15.96
2026-03-29T18:01:16.251Z,15.84
2026-03-29T18:06:16.142Z,15.7
2026-03-29T18:11:16.199Z,15.61
2026-03-29T18:16:16.159Z,15.5
2026-03-29T18:21:16.191Z,15.35
2026-03-29T18:26:16.357Z,15.19
2026-03-29T18:31:16.221Z,15.04
2026-03-29T18:36:16.133Z,14.78
2026-03-29T18:41:16.085Z,14.67
2026-03-29T18:46:16.119Z,14.52
2026-03-29T18:51:16.249Z,14.37
2026-03-29T18:56:16.355Z,14.21
2026-03-29T19:01:16.339Z,14.18
2026-03-29T19:06:16.073Z,14.0
2026-03-29T19:11:16.346Z,13.83
2026-03-29T19:16:16.113Z,13.86
2026-03-29T19:21:16.146Z,13.74
2026-03-29T19:26:16.345Z,13.72
2026-03-29T19:31:16.262Z,13.54
2026-03-29T19:36:16.129Z,13.4
2026-03-29T19:41:16.073Z,13.4
2026-03-29T19:46:16.1Z,13.34
2026-03-29T19:51:16.185Z,13.28
2026-03-29T19:56:16.218Z,13.23
2026-03-29T20:01:16.222Z,13.23
2026-03-29T20:06:16.258Z,13.26
2026-03-29T20:11:16.354Z,13.28
2026-03-29T20:16:16.154Z,13.28
2026-03-29T20:21:16.281Z,13.2
2026-03-29T20:26:16.155Z,13.11
2026-03-29T20:31:16.332Z,12.94
2026-03-29T20:36:16.185Z,12.88
2026-03-29T20:41:16.096Z,13.0
2026-03-29T20:46:16.179Z,13.0
2026-03-29T20:51:16.135Z,13.03
2026-03-29T20:56:16.266Z,13.14
2026-03-29T21:01:16.117Z,13.17
2026-03-29T21:06:16.178Z,13.08
2026-03-29T21:11:16.105Z,13.11
2026-03-29T21:16:16.243Z,13.03
2026-03-29T21:21:16.247Z,13.03
2026-03-29T21:26:16.275Z,12.91
2026-03-29T21:31:16.345Z,12.82
2026-03-29T21:36:16.333Z,12.79
2026-03-29T21:41:16.206Z,12.56
2026-03-29T21:46:16.329Z,12.36
2026-03-29T21:51:16.276Z,12.25
2026-03-29T21:56:16.25Z,11.93
2026-03-29T22:01:16.203Z,11.96
2026-03-29T22:06:16.206Z,11.9
2026-03-29T22:11:16.128Z,11.99
2026-03-29T22:16:16.221Z,11.9
2026-03-29T22:21:16.092Z,11.79
2026-03-29T22:26:16.139Z,11.73
2026-03-29T22:31:16.216Z,11.64
2026-03-29T22:36:16.355Z,11.44
2026-03-29T22:41:16.244Z,11.3
2026-03-29T22:46:16.307Z,11.19
2026-03-29T22:51:16.192Z,11.01
2026-03-29T22:56:16.188Z,10.96
2026-03-29T23:01:16.172Z,10.89
2026-03-29T23:06:16.149Z,10.78
2026-03-29T23:11:16.333Z,10.63
2026-03-29T23:16:16.105Z,10.52
2026-03-29T23:21:16.218Z,10.47
2026-03-29T23:26:16.11Z,10.43
2026-03-29T23:31:16.1Z,10.52
2026-03-29T23:36:16.102Z,10.52
2026-03-29T23:41:16.226Z,10.38
2026-03-29T23:46:16.199Z,10.24
2026-03-29T23:51:16.12Z,10.15
2026-03-29T23:56:16.28Z,10.0
2026-03-30T00:01:16.1Z,9.68
2026-03-30T00:06:16.151Z,9.4
2026-03-30T00:11:16.24Z,9.03
2026-03-30T00:16:16.105Z,8.62
2026-03-30T00:21:16.163Z,8.36
2026-03-30T00:26:16.075Z,8.16
2026-03-30T00:31:16.304Z,8.02
2026-03-30T00:36:16.087Z,7.99
2026-03-30T00:41:16.177Z,8.05
2026-03-30T00:46:16.197Z,7.99
2026-03-30T00:51:16.133Z,7.93
2026-03-30T00:56:16.201Z,7.93
2026-03-30T01:01:16.333Z,7.84
2026-03-30T01:06:16.108Z,7.9
2026-03-30T01:11:16.089Z,8.08
2026-03-30T01:16:16.316Z,8.19
2026-03-30T01:21:16.321Z,8.33
2026-03-30T01:26:16.327Z,8.45
2026-03-30T01:31:16.268Z,8.51
2026-03-30T01:36:16.181Z,8.42
2026-03-30T01:41:16.313Z,8.39
2026-03-30T01:46:16.152Z,8.19
2026-03-30T01:51:16.257Z,8.1
2026-03-30T01:56:16.076Z,8.1
2026-03-30T02:01:16.133Z,8.05
2026-03-30T02:06:16.167Z,7.96
2026-03-30T02:11:16.317Z,8.1
2026-03-30T02:16:16.227Z,8.05
2026-03-30T02:21:16.09Z,8.02
2026-03-30T02:26:16.149Z,7.9
2026-03-30T02:31:16.133Z,7.7
2026-03-30T02:36:16.069Z,7.56
2026-03-30T02:41:16.216Z,7.33
2026-03-30T02:46:16.06Z,7.18
2026-03-30T02:51:16.217Z,7.12
2026-03-30T02:56:16.259Z,6.95
2026-03-30T03:01:16.286Z,6.75
2026-03-30T03:06:16.286Z,6.55
2026-03-30T03:11:16.309Z,6.38
2026-03-30T03:16:16.28Z,6.35
2026-03-30T03:21:16.312Z,6.23
2026-03-30T03:26:16.274Z,6.2
2026-03-30T03:31:16.18Z,6.17
2026-03-30T03:36:16.155Z,6.09
2026-03-30T03:41:16.226Z,6.06
2026-03-30T03:46:16.117Z,5.91
2026-03-30T03:51:16.185Z,5.83
2026-03-30T03:56:16.104Z,5.97
2026-03-30T04:01:16.141Z,6.06
2026-03-30T04:06:16.163Z,6.0
2026-03-30T04:11:16.084Z,5.83
2026-03-30T04:16:16.066Z,5.77
2026-03-30T04:21:16.207Z,5.8
2026-03-30T04:26:16.303Z,5.74
2026-03-30T04:31:16.087Z,5.63
2026-03-30T04:36:16.141Z,5.68
2026-03-30T04:41:16.183Z,5.66
2026-03-30T04:46:16.096Z,5.6
2026-03-30T04:51:16.331Z,5.66
2026-03-30T04:56:16.13Z,5.66
2026-03-30T05:01:16.059Z,5.63
2026-03-30T05:06:16.109Z,5.66
2026-03-30T05:11:16.201Z,6.49
2026-03-30T05:16:16.217Z,7.21
2026-03-30T05:21:16.128Z,7.7
2026-03-30T05:26:16.085Z,8.16
2026-03-30T05:31:16.135Z,8.56
2026-03-30T05:36:16.214Z,8.79
2026-03-30T05:41:16.213Z,8.97
2026-03-30T05:46:16.101Z,8.91
2026-03-30T05:51:16.23Z,8.79
2026-03-30T05:56:16.124Z,8.65
2026-03-30T06:01:16.144Z,8.42
2026-03-30T06:06:16.137Z,8.19
2026-03-30T06:11:16.15Z,7.87
2026-03-30T06:16:16.06Z,7.84
2026-03-30T06:21:16.1Z,7.87
2026-03-30T06:26:16.088Z,7.79
2026-03-30T06:31:16.146Z,7.87
2026-03-30T06:36:16.195Z,7.9
2026-03-30T06:41:16.16Z,8.08
2026-03-30T06:46:16.062Z,8.25
2026-03-30T06:51:16.125Z,8.48
2026-03-30T06:56:16.06Z,8.68
2026-03-30T07:01:16.225Z,8.85
2026-03-30T07:06:16.149Z,9.03
2026-03-30T07:11:16.307Z,9.23
2026-03-30T07:16:16.066Z,9.37
2026-03-30T07:21:16.242Z,9.63
2026-03-30T07:26:16.318Z,9.77
2026-03-30T07:31:16.13Z,9.98
2026-03-30T07:36:16.255Z,10.24
2026-03-30T07:41:16.094Z,10.47
2026-03-30T07:46:16.058Z,10.75
2026-03-30T07:51:16.055Z,10.98
2026-03-30T07:56:16.318Z,11.24
2026-03-30T08:01:16.199Z,11.41
2026-03-30T08:06:16.29Z,11.64
2026-03-30T08:11:16.068Z,11.87
2026-03-30T08:16:16.243Z,12.1
2026-03-30T08:21:16.045Z,12.07
2026-03-30T08:26:16.217Z,12.28
2026-03-30T08:31:16.284Z,12.42
2026-03-30T08:36:16.053Z,12.45
2026-03-30T08:41:16.06Z,12.62
2026-03-30T08:46:16.285Z,12.79
2026-03-30T08:51:16.074Z,12.97
2026-03-30T08:56:16.035Z,13.0
2026-03-30T09:01:16.194Z,13.11
2026-03-30T09:06:16.018Z,13.28
2026-03-30T09:11:16.075Z,13.34
2026-03-30T09:16:16.13Z,13.83
2026-03-30T09:21:16.174Z,14.09
2026-03-30T09:26:16.148Z,13.92
2026-03-30T09:31:16.12Z,14.15
2026-03-30T09:36:16.279Z,14.0
2026-03-30T09:41:16.161Z,13.86
2026-03-30T09:46:16.274Z,14.26
2026-03-30T09:51:16.118Z,14.58
2026-03-30T09:56:16.019Z,14.64
2026-03-30T10:01:16.159Z,14.61
2026-03-30T10:06:16.118Z,14.75
2026-03-30T10:11:16.005Z,15.04
2026-03-30T10:16:16.07Z,15.3
2026-03-30T10:21:16.056Z,15.5
2026-03-30T10:26:16.273Z,15.7
2026-03-30T10:31:16.213Z,15.76
2026-03-30T10:36:16.063Z,16.16
2026-03-30T10:41:16.109Z,16.25
2026-03-30T10:46:16.062Z,16.1
2026-03-30T10:51:16.195Z,15.76
2026-03-30T10:56:16.039Z,15.96
2026-03-30T11:01:16.287Z,16.16
2026-03-30T11:06:16.166Z,16.37
2026-03-30T11:11:16.216Z,16.56
2026-03-30T11:16:16.051Z,16.85
2026-03-30T11:21:16.152Z,17.02
2026-03-30T11:26:16.129Z,17.02
2026-03-30T11:31:16.022Z,17.2
2026-03-30T11:36:15.999Z,17.14
2026-03-30T11:41:16.072Z,16.88
2026-03-30T11:46:16.175Z,17.02
2026-03-30T11:51:16.038Z,17.49
2026-03-30T11:56:16.017Z,17.63
2026-03-30T12:01:16.208Z,17.74
2026-03-30T12:06:16.264Z,17.83
2026-03-30T12:11:16.161Z,17.86
2026-03-30T12:16:16.049Z,17.89
2026-03-30T12:21:16.171Z,18.12
2026-03-30T12:26:15.984Z,18.29
2026-03-30T12:31:16.124Z,18.58
2026-03-30T12:36:16.172Z,18.69
2026-03-30T12:41:16.075Z,18.35
2026-03-30T12:46:16.027Z,18.18
2026-03-30T12:51:16.877Z,18.58
2026-03-30T12:56:16.745Z,18.93
2026-03-30T13:01:15.978Z,18.98
2026-03-30T13:06:16.166Z,18.9
2026-03-30T13:11:16.144Z,19.1
2026-03-30T13:16:16.332Z,19.42
2026-03-30T13:21:16.07Z,19.18
2026-03-30T13:26:16.035Z,19.36
2026-03-30T13:31:16.066Z,19.56
2026-03-30T13:36:16.164Z,19.33
2026-03-30T13:41:16.21Z,19.62
2026-03-30T13:46:16.322Z,19.79
2026-03-30T13:51:16.018Z,19.82
2026-03-30T13:56:16.167Z,20.02
2026-03-30T14:01:16.365Z,19.88
2026-03-30T14:06:15.98Z,19.76
2026-03-30T14:11:16.172Z,19.99
2026-03-30T14:16:16.184Z,20.19
2026-03-30T14:21:16.172Z,20.11
2026-03-30T14:26:16.004Z,19.96
2026-03-30T14:31:16.021Z,20.19
2026-03-30T14:36:16.128Z,20.28
2026-03-30T14:41:16.055Z,20.28
2026-03-30T14:46:16.012Z,20.37
2026-03-30T14:51:16.109Z,20.25
2026-03-30T14:56:16.034Z,20.57
2026-03-30T15:01:16.004Z,20.62
2026-03-30T15:06:15.996Z,20.86
2026-03-30T15:11:16.179Z,20.86
2026-03-30T15:16:15.991Z,20.97
2026-03-30T15:21:16.151Z,21.02
2026-03-30T15:26:16.085Z,21.46
2026-03-30T15:31:15.975Z,21.2
2026-03-30T15:36:17.075Z,21.17
2026-03-30T15:41:16.08Z,21.14
2026-03-30T15:46:16.205Z,21.32
2026-03-30T15:51:16.44Z,21.4
2026-03-30T15:56:16.195Z,21.6
2026-03-30T16:01:16.39Z,21.6
2026-03-30T16:06:16.18Z,21.63
2026-03-30T16:11:16.182Z,21.37
2026-03-30T16:16:16.08Z,21.55
2026-03-30T16:21:16.037Z,21.69
2026-03-30T16:26:16.012Z,21.63
2026-03-30T16:31:16.095Z,21.63
2026-03-30T16:36:16.055Z,21.55
2026-03-30T16:41:16.12Z,21.4
2026-03-30T16:46:16.078Z,21.6
2026-03-30T16:51:16.218Z,21.83
2026-03-30T16:56:16.167Z,22.09
2026-03-30T17:01:16.098Z,21.97
2026-03-30T17:06:16.262Z,22.09
2026-03-30T17:11:16.167Z,22.23
2026-03-30T17:16:15.999Z,22.09
2026-03-30T17:21:15.969Z,21.69
2026-03-30T17:26:16.22Z,21.51
2026-03-30T17:31:16.013Z,21.02
2026-03-30T17:36:16.16Z,20.71
2026-03-30T17:41:16.08Z,20.19
2026-03-30T17:46:16.151Z,19.93
2026-03-30T17:51:16.535Z,19.76
2026-03-30T17:56:16.035Z,19.44
2026-03-30T18:01:16.151Z,19.01
2026-03-30T18:06:16.099Z,18.52
2026-03-30T18:11:16.078Z,18.21
2026-03-30T18:16:16.01Z,18.03
2026-03-30T18:21:16.096Z,17.66
2026-03-30T18:26:15.992Z,17.46
2026-03-30T18:31:16.187Z,17.08
2026-03-30T18:36:16.057Z,16.77
2026-03-30T18:41:15.992Z,16.53
2026-03-30T18:46:16.165Z,16.48
2026-03-30T18:51:16.026Z,16.19
2026-03-30T18:56:16.079Z,15.96
2026-03-30T19:01:16.008Z,15.67
2026-03-30T19:06:16.108Z,15.61
2026-03-30T19:11:16.078Z,15.5
2026-03-30T19:16:15.988Z,15.39
2026-03-30T19:21:16.028Z,15.33
2026-03-30T19:26:16.169Z,15.3
2026-03-30T19:31:16.115Z,15.24
2026-03-30T19:36:16.269Z,15.16
2026-03-30T19:41:16.136Z,15.07
2026-03-30T19:46:16.142Z,15.01
2026-03-30T19:51:16.178Z,15.01
2026-03-30T19:56:15.943Z,14.75
2026-03-30T20:01:16.084Z,14.61
2026-03-30T20:06:16.134Z,14.37
2026-03-30T20:11:16.071Z,14.35
2026-03-30T20:16:16.087Z,14.12
2026-03-30T20:21:16.155Z,13.89
2026-03-30T20:26:16.052Z,13.72
2026-03-30T20:31:16.136Z,13.51
2026-03-30T20:36:16.07Z,13.4
2026-03-30T20:41:16.115Z,13.4
2026-03-30T20:46:16.746Z,13.54
2026-03-30T20:51:16.058Z,13.54
2026-03-30T20:56:16.02Z,13.54
2026-03-30T21:01:16.176Z,13.57
2026-03-30T21:06:16.156Z,13.49
2026-03-30T21:11:15.932Z,13.26
2026-03-30T21:16:15.995Z,13.03
2026-03-30T21:21:16.098Z,12.85
2026-03-30T21:26:15.93Z,12.65
2026-03-30T21:31:16.149Z,12.42
2026-03-30T21:36:16.068Z,12.28
2026-03-30T21:41:16.087Z,12.07
2026-03-30T21:46:15.961Z,12.02
2026-03-30T21:51:16.063Z,11.99
2026-03-30T21:56:16.049Z,11.93
2026-03-30T22:01:15.933Z,11.96
2026-03-30T22:06:16.103Z,12.07
2026-03-30T22:11:15.96Z,12.13
2026-03-30T22:16:15.912Z,12.13
2026-03-30T22:21:15.999Z,12.05
2026-03-30T22:26:16.142Z,12.05
2026-03-30T22:31:16.108Z,12.05
2026-03-30T22:36:15.915Z,12.13
2026-03-30T22:41:16.078Z,12.13
2026-03-30T22:46:16.103Z,12.19
2026-03-30T22:51:16.077Z,11.9
2026-03-30T22:56:16.048Z,11.87
2026-03-30T23:01:16.096Z,11.9
2026-03-30T23:06:16.035Z,11.96
2026-03-30T23:11:16.886Z,11.82
2026-03-30T23:16:16.073Z,11.7
2026-03-30T23:21:16.058Z,11.64
2026-03-30T23:26:15.999Z,11.59
2026-03-30T23:31:16.098Z,11.5
2026-03-30T23:36:15.971Z,11.41
2026-03-30T23:41:15.963Z,11.33
2026-03-30T23:46:16.219Z,11.3
2026-03-30T23:51:15.988Z,11.19
2026-03-30T23:56:16.159Z,11.19
2026-03-31T00:01:16.036Z,11.19
2026-03-31T00:06:16.089Z,11.07
2026-03-31T00:11:16.187Z,11.1
2026-03-31T00:16:16.437Z,11.01
2026-03-31T00:21:16.172Z,10.98
2026-03-31T00:26:16.196Z,10.86
2026-03-31T00:31:16.138Z,10.66
2026-03-31T00:36:16.101Z,10.63
2026-03-31T00:41:16.259Z,10.52
2026-03-31T00:46:16.346Z,10.4
2026-03-31T00:51:16.124Z,10.55
2026-03-31T00:56:16.066Z,10.72
2026-03-31T01:01:16.254Z,10.72
2026-03-31T01:06:16.012Z,10.75
2026-03-31T01:11:16.115Z,10.7
2026-03-31T01:16:16.141Z,10.66
2026-03-31T01:21:15.987Z,10.58
2026-03-31T01:26:16.108Z,10.47
2026-03-31T01:31:15.953Z,10.4
2026-03-31T01:36:16.035Z,10.4
2026-03-31T01:41:16.574Z,10.35
2026-03-31T01:46:16.126Z,10.24
2026-03-31T01:51:15.965Z,10.12
2026-03-31T01:56:16.046Z,10.03
2026-03-31T02:01:15.961Z,9.91
2026-03-31T02:06:16.019Z,10.0
2026-03-31T02:11:16.103Z,10.7
2026-03-31T02:16:16.08Z,11.27
2026-03-31T02:21:15.984Z,11.67
2026-03-31T02:26:15.966Z,12.33
2026-03-31T02:31:15.936Z,12.59
2026-03-31T02:36:16.043Z,12.74
2026-03-31T02:41:16.045Z,12.71
2026-03-31T02:46:15.937Z,12.71
2026-03-31T02:51:16.169Z,12.65
2026-03-31T02:56:16.001Z,12.71
2026-03-31T03:01:16.027Z,12.74
2026-03-31T03:06:16.09Z,12.77
2026-03-31T03:11:16.314Z,12.77
2026-03-31T03:16:16.099Z,13.0
2026-03-31T03:21:16.202Z,13.28
2026-03-31T03:26:16.103Z,13.57
2026-03-31T03:31:16.105Z,13.72
2026-03-31T03:36:16.109Z,13.69
2026-03-31T03:41:15.931Z,13.74
2026-03-31T03:46:16.069Z,13.28
2026-03-31T03:51:16.076Z,12.56
2026-03-31T03:56:16.061Z,12.91
2026-03-31T04:01:15.974Z,13.43
2026-03-31T04:06:16.329Z,13.63
2026-03-31T04:11:16.112Z,14.0
2026-03-31T04:16:16.031Z,14.18
2026-03-31T04:21:16.046Z,14.26
2026-03-31T04:26:16.317Z,14.32
2026-03-31T04:31:16.377Z,14.35
2026-03-31T04:36:15.993Z,14.21
2026-03-31T04:41:16.035Z,14.03
2026-03-31T04:46:15.943Z,13.74
2026-03-31T04:51:15.975Z,13.37
2026-03-31T04:56:16.047Z,13.0
2026-03-31T05:01:16.056Z,12.51
2026-03-31T05:06:16.134Z,11.93
2026-03-31T05:11:16.56Z,11.61
2026-03-31T05:16:16.653Z,11.41
2026-03-31T05:21:16.08Z,11.27
2026-03-31T05:26:15.959Z,11.15
2026-03-31T05:31:16.002Z,11.04
2026-03-31T05:36:16.188Z,11.01
2026-03-31T05:41:16.126Z,10.98
2026-03-31T05:46:16Z,11.15
2026-03-31T05:51:16.059Z,11.38
2026-03-31T05:56:15.92Z,11.76
2026-03-31T06:01:16.08Z,11.93
2026-03-31T06:06:16.933Z,12.31
2026-03-31T06:11:16.083Z,12.79
2026-03-31T06:16:16.056Z,13.2
2026-03-31T06:21:16.007Z,13.63
2026-03-31T06:26:16.088Z,14.03
2026-03-31T06:31:16.533Z,14.29
2026-03-31T06:36:16.108Z,14.67
2026-03-31T06:41:16.15Z,14.95
2026-03-31T06:46:16.029Z,15.07
2026-03-31T06:51:16.028Z,15.3
2026-03-31T06:56:16.836Z,15.61
2026-03-31T07:01:15.976Z,15.73
2026-03-31T07:06:16.086Z,15.93
2026-03-31T07:11:16.368Z,16.28
2026-03-31T07:16:15.967Z,16.51
2026-03-31T07:21:16.027Z,16.74
2026-03-31T07:26:16.057Z,16.91
2026-03-31T07:31:15.932Z,17.05
2026-03-31T07:36:15.954Z,17.05
2026-03-31T07:41:15.974Z,17.14
2026-03-31T07:46:15.978Z,17.17
2026-03-31T07:51:15.936Z,17.28
2026-03-31T07:56:15.912Z,17.4
2026-03-31T08:01:16.014Z,17.43
2026-03-31T08:06:15.901Z,17.46
2026-03-31T08:11:15.916Z,17.46
2026-03-31T08:16:16.085Z,17.66
2026-03-31T08:21:15.971Z,17.8
2026-03-31T08:26:15.929Z,17.92
2026-03-31T08:31:16.037Z,18.09
2026-03-31T08:36:16.103Z,18.23
2026-03-31T08:41:16.074Z,18.38
2026-03-31T08:46:16.034Z,18.78
2026-03-31T08:51:16.072Z,18.72
2026-03-31T08:56:15.963Z,18.87
2026-03-31T09:01:16.061Z,18.95
2026-03-31T09:06:15.921Z,19.21
2026-03-31T09:11:16.03Z,19.27
2026-03-31T09:16:16.516Z,19.39
2026-03-31T09:21:16.127Z,19.47
2026-03-31T09:26:16.132Z,19.76
2026-03-31T09:31:15.961Z,20.14
2026-03-31T09:36:16.081Z,19.93
2026-03-31T09:41:15.997Z,20.11
2026-03-31T09:46:16.066Z,20.42
2026-03-31T09:51:15.981Z,20.45
2026-03-31T09:56:16.055Z,20.57
2026-03-31T10:01:15.936Z,20.76
2026-03-31T10:06:15.987Z,20.68
2026-03-31T10:11:16.111Z,20.94
2026-03-31T10:16:16.076Z,21.32
2026-03-31T10:21:15.968Z,21.37
2026-03-31T10:26:15.894Z,21.34
2026-03-31T10:31:16.126Z,21.57
2026-03-31T10:36:15.898Z,21.46
2026-03-31T10:41:16.119Z,21.51
2026-03-31T10:46:15.998Z,21.6
2026-03-31T10:51:16.1Z,21.72
2026-03-31T10:56:16.136Z,21.83
2026-03-31T11:01:16.016Z,21.74
2026-03-31T11:06:16.06Z,21.86
2026-03-31T11:11:16.115Z,22.0
2026-03-31T11:16:15.913Z,22.06
2026-03-31T11:21:16.757Z,22.21
2026-03-31T11:26:16.412Z,22.49
2026-03-31T11:31:15.977Z,22.41
2026-03-31T11:36:16.098Z,22.58
2026-03-31T11:41:15.996Z,22.9
2026-03-31T11:46:17.119Z,22.81
2026-03-31T11:51:16.45Z,22.75
2026-03-31T11:56:16.067Z,23.1
2026-03-31T12:01:15.942Z,23.07
2026-03-31T12:06:15.99Z,23.07
2026-03-31T12:11:16.157Z,23.39
2026-03-31T12:16:15.951Z,23.36
2026-03-31T12:21:16.008Z,23.59
2026-03-31T12:26:15.879Z,23.53
2026-03-31T12:31:16.03Z,23.59
2026-03-31T12:36:16.045Z,23.73
2026-03-31T12:41:15.861Z,24.13
2026-03-31T12:46:16.004Z,23.99
2026-03-31T12:51:15.889Z,24.02
2026-03-31T12:56:16.603Z,23.99
2026-03-31T13:01:16.066Z,24.13
2026-03-31T13:06:17.424Z,24.19
2026-03-31T13:11:16.46Z,24.57
2026-03-31T13:16:15.944Z,24.74
2026-03-31T13:21:15.854Z,24.45
2026-03-31T13:26:15.954Z,24.45
2026-03-31T13:31:15.928Z,24.54
2026-03-31T13:36:16.041Z,24.65
2026-03-31T13:41:16.099Z,24.6
2026-03-31T13:46:16.812Z,24.97
2026-03-31T13:51:16.07Z,25.06
2026-03-31T13:56:15.975Z,25.17
2026-03-31T14:01:16.093Z,25.23
2026-03-31T14:06:15.985Z,25.32
2026-03-31T14:11:15.907Z,25.34
2026-03-31T14:16:15.999Z,24.51
2026-03-31T14:21:16.202Z,24.42
2026-03-31T14:26:16.077Z,24.37
2026-03-31T14:31:16.036Z,24.11
2026-03-31T14:36:16.049Z,23.99
2026-03-31T14:41:16.105Z,23.99
2026-03-31T14:46:16Z,23.82
2026-03-31T14:51:15.964Z,23.76
2026-03-31T14:56:15.969Z,23.44
2026-03-31T15:01:16.032Z,23.1
2026-03-31T15:06:16.064Z,23.07
2026-03-31T15:11:16.844Z,23.27
2026-03-31T15:16:16.058Z,22.81
2026-03-31T15:21:16.07Z,22.72
2026-03-31T15:26:16.179Z,22.81
2026-03-31T15:31:15.894Z,22.84
2026-03-31T15:36:16.845Z,22.87
2026-03-31T15:41:15.975Z,22.44
2026-03-31T15:46:16.763Z,22.32
2026-03-31T15:51:15.934Z,22.61
2026-03-31T15:56:15.985Z,22.61
2026-03-31T16:01:16.231Z,22.61
2026-03-31T16:06:15.911Z,22.49
2026-03-31T16:11:16.034Z,22.21
2026-03-31T16:16:16.076Z,22.09
2026-03-31T16:21:15.918Z,22.12
2026-03-31T16:26:15.965Z,21.86
2026-03-31T16:31:15.888Z,21.72
2026-03-31T16:36:16.1Z,21.66
2026-03-31T16:41:15.921Z,21.46
2026-03-31T16:46:16.021Z,21.63
2026-03-31T16:51:16.179Z,21.46
2026-03-31T16:56:16.023Z,21.51
2026-03-31T17:01:15.997Z,21.43
2026-03-31T17:06:15.88Z,21.34
2026-03-31T17:11:16.108Z,21.23
2026-03-31T17:16:15.911Z,21.06
2026-03-31T17:21:15.917Z,21.06
2026-03-31T17:26:16.124Z,20.71
2026-03-31T17:31:16.098Z,20.71
2026-03-31T17:36:16.428Z,20.53
2026-03-31T17:41:16.091Z,20.34
2026-03-31T17:46:15.933Z,20.31
2026-03-31T17:51:16.085Z,20.05
2026-03-31T17:56:16.073Z,19.85
2026-03-31T18:01:16.072Z,19.56
2026-03-31T18:06:15.925Z,19.44
2026-03-31T18:11:16.152Z,19.36
2026-03-31T18:16:16.089Z,19.07
2026-03-31T18:21:15.967Z,18.93
2026-03-31T18:26:17.018Z,18.67
2026-03-31T18:31:16.019Z,18.61
2026-03-31T18:36:16.066Z,18.52
2026-03-31T18:41:15.895Z,18.32
2026-03-31T18:46:16.038Z,18.03
2026-03-31T18:51:15.976Z,17.72
2026-03-31T18:56:16.012Z,17.6
2026-03-31T19:01:16.042Z,17.49
2026-03-31T19:06:16.086Z,17.37
2026-03-31T19:11:16.327Z,17.26
2026-03-31T19:16:16.134Z,17.14
2026-03-31T19:21:15.986Z,17.0
2026-03-31T19:26:15.995Z,16.82
2026-03-31T19:31:15.958Z,16.71
2026-03-31T19:36:16.005Z,16.62
2026-03-31T19:41:16.046Z,16.53
2026-03-31T19:46:16.101Z,16.42
2026-03-31T19:51:16.858Z,16.37
2026-03-31T19:56:16.01Z,16.22
2026-03-31T20:01:15.965Z,16.07
2026-03-31T20:06:16.015Z,15.88
2026-03-31T20:11:15.946Z,15.88
2026-03-31T20:16:16.108Z,15.67
2026-03-31T20:21:15.901Z,15.67
2026-03-31T20:26:15.91Z,15.58
2026-03-31T20:31:16.039Z,15.44
2026-03-31T20:36:16.1Z,15.39
2026-03-31T20:41:16.065Z,15.21
2026-03-31T20:46:15.994Z,15.16
2026-03-31T20:51:16.103Z,15.04
2026-03-31T20:56:16.079Z,15.04
2026-03-31T21:01:15.894Z,15.01
2026-03-31T21:06:15.974Z,14.95
2026-03-31T21:11:16.039Z,14.78
2026-03-31T21:16:16.037Z,14.72
2026-03-31T21:21:16.007Z,14.72
2026-03-31T21:26:16.322Z,14.84
2026-03-31T21:31:16.006Z,14.81
2026-03-31T21:36:16.114Z,14.81
2026-03-31T21:41:15.912Z,14.75
2026-03-31T21:46:15.958Z,14.75
2026-03-31T21:51:15.919Z,14.64
2026-03-31T21:56:16.039Z,14.55
2026-03-31T22:01:16.643Z,14.44
2026-03-31T22:06:16.007Z,14.41
2026-03-31T22:11:16.132Z,14.29
2026-03-31T22:16:16.394Z,14.12
2026-03-31T22:21:15.884Z,13.98
2026-03-31T22:26:15.991Z,13.92
2026-03-31T22:31:15.969Z,13.86
2026-03-31T22:36:15.882Z,13.77
2026-03-31T22:41:16.044Z,13.66
2026-03-31T22:46:16.068Z,13.66
2026-03-31T22:51:16.005Z,13.72
2026-03-31T22:56:16.068Z,13.69
2026-03-31T23:01:16.564Z,13.54
2026-03-31T23:06:15.943Z,13.43
2026-03-31T23:11:15.93Z,13.4
2026-03-31T23:16:16.102Z,13.43
2026-03-31T23:21:15.907Z,13.43
2026-03-31T23:26:16.153Z,13.34
2026-03-31T23:31:16.037Z,13.2
2026-03-31T23:36:15.891Z,13.08
2026-03-31T23:41:15.903Z,13.0
2026-03-31T23:46:15.911Z,12.82
2026-03-31T23:51:16.122Z,12.85
2026-03-31T23:56:16.057Z,12.91
2026-04-01T00:01:15.991Z,12.82
2026-04-01T00:06:15.893Z,12.79
2026-04-01T00:11:15.931Z,12.74
2026-04-01T00:16:15.893Z,12.74
2026-04-01T00:21:16.082Z,12.56
2026-04-01T00:26:15.906Z,12.56
2026-04-01T00:31:15.994Z,12.56
2026-04-01T00:36:16.039Z,12.56
2026-04-01T00:41:16.09Z,12.48
2026-04-01T00:46:15.927Z,12.39
2026-04-01T00:51:15.905Z,12.28
2026-04-01T00:56:16.35Z,12.19
2026-04-01T01:01:16.017Z,12.1
2026-04-01T01:06:15.917Z,11.96
2026-04-01T01:11:16.066Z,11.93
2026-04-01T01:16:16.085Z,11.76
2026-04-01T01:21:15.967Z,11.61
2026-04-01T01:26:15.969Z,11.76
2026-04-01T01:31:16.009Z,11.84
2026-04-01T01:36:16.689Z,11.82
2026-04-01T01:41:15.913Z,11.96
2026-04-01T01:46:16.072Z,11.87
2026-04-01T01:51:15.916Z,11.76
2026-04-01T01:56:16.058Z,11.61
2026-04-01T02:01:15.901Z,11.59
2026-04-01T02:06:15.991Z,11.61
2026-04-01T02:11:16.091Z,11.73
2026-04-01T02:16:15.948Z,11.84
2026-04-01T02:21:15.955Z,11.84
2026-04-01T02:26:16.027Z,11.84
2026-04-01T02:31:15.88Z,11.84
2026-04-01T02:36:16.306Z,11.79
2026-04-01T02:41:16.099Z,11.64
2026-04-01T02:46:15.957Z,11.44
2026-04-01T02:51:16.838Z,11.33
2026-04-01T02:56:15.998Z,11.33
2026-04-01T03:01:16.077Z,11.27
2026-04-01T03:06:16.031Z,11.24
2026-04-01T03:11:15.885Z,11.19
2026-04-01T03:16:15.917Z,11.24
2026-04-01T03:21:15.958Z,11.33
2026-04-01T03:26:16.087Z,11.33
2026-04-01T03:31:16.094Z,11.47
2026-04-01T03:36:15.997Z,11.44
2026-04-01T03:41:16.088Z,11.44
2026-04-01T03:46:15.881Z,11.35
2026-04-01T03:51:15.931Z,11.15
2026-04-01T03:56:16.188Z,11.04
2026-04-01T04:01:16.029Z,11.07
2026-04-01T04:06:16.03Z,10.98
2026-04-01T04:11:16.063Z,10.96
2026-04-01T04:16:16.045Z,10.92
2026-04-01T04:21:15.908Z,10.78
2026-04-01T04:26:16.117Z,10.7
2026-04-01T04:31:15.966Z,10.66
2026-04-01T04:36:16.093Z,10.52
2026-04-01T04:41:15.901Z,10.49
2026-04-01T04:46:16.039Z,10.63
2026-04-01T04:51:16.004Z,10.84
2026-04-01T04:56:15.962Z,10.86
2026-04-01T05:01:16.076Z,10.92
2026-04-01T05:06:15.926Z,10.98
2026-04-01T05:11:16.032Z,11.01
2026-04-01T05:16:15.941Z,11.3
2026-04-01T05:21:16.04Z,11.67
2026-04-01T05:26:16.063Z,11.96
2026-04-01T05:31:16.098Z,12.07
2026-04-01T05:36:16.189Z,12.13
2026-04-01T05:41:15.977Z,12.05
2026-04-01T05:46:15.989Z,11.67
2026-04-01T05:51:15.89Z,11.44
2026-04-01T05:56:16.055Z,11.3
2026-04-01T06:01:15.898Z,11.01
2026-04-01T06:06:15.873Z,10.89
2026-04-01T06:11:16.154Z,10.86
2026-04-01T06:16:15.927Z,10.92
2026-04-01T06:21:16.359Z,11.01
2026-04-01T06:26:16.144Z,11.04
2026-04-01T06:31:16.469Z,11.19
2026-04-01T06:36:16.623Z,11.35
2026-04-01T06:41:15.982Z,11.44
2026-04-01T06:46:16.038Z,11.53
2026-04-01T06:51:15.951Z,11.7
2026-04-01T06:56:15.919Z,12.02
2026-04-01T07:01:16.1Z,12.51
2026-04-01T07:06:16.144Z,12.94
2026-04-01T07:11:15.888Z,13.26
2026-04-01T07:16:15.915Z,13.6
2026-04-01T07:21:16.039Z,13.83
2026-04-01T07:26:15.997Z,13.98
2026-04-01T07:31:16.097Z,14.12
2026-04-01T07:36:16.01Z,14.35
2026-04-01T07:41:15.997Z,14.52
2026-04-01T07:46:16.079Z,14.78
2026-04-01T07:51:15.974Z,14.9
2026-04-01T07:56:15.906Z,14.95
2026-04-01T08:01:16.045Z,15.04
2026-04-01T08:06:15.882Z,15.16
2026-04-01T08:11:16.306Z,15.3
2026-04-01T08:16:16.059Z,15.53
2026-04-01T08:21:16.159Z,15.58
2026-04-01T08:26:16.042Z,15.65
2026-04-01T08:31:15.947Z,15.88
2026-04-01T08:36:15.94Z,15.93
2026-04-01T08:41:16.057Z,15.84
2026-04-01T08:46:15.882Z,16.22
2026-04-01T08:51:15.865Z,16.48
2026-04-01T08:56:16.022Z,16.53
2026-04-01T09:01:15.958Z,16.74
2026-04-01T09:06:15.925Z,16.77
2026-04-01T09:11:15.961Z,16.88
2026-04-01T09:16:15.934Z,17.11
2026-04-01T09:21:16.118Z,17.4
2026-04-01T09:26:16.06Z,17.51
2026-04-01T09:31:15.973Z,17.69
2026-04-01T09:36:15.988Z,17.92
2026-04-01T09:41:16.321Z,17.74
2026-04-01T09:46:16.076Z,18.09
2026-04-01T09:51:15.998Z,18.52
2026-04-01T09:56:15.907Z,18.61
2026-04-01T10:01:15.941Z,18.64
2026-04-01T10:06:16.406Z,18.9
2026-04-01T10:11:16.018Z,18.78
2026-04-01T10:16:16.005Z,18.98
2026-04-01T10:21:15.888Z,19.07
2026-04-01T10:26:16.012Z,19.42
2026-04-01T10:31:16.07Z,19.5
2026-04-01T10:36:16.062Z,19.53
2026-04-01T10:41:16.134Z,19.7
2026-04-01T10:46:16.004Z,20.25
2026-04-01T10:51:15.889Z,20.34
2026-04-01T10:56:16.054Z,20.79
2026-04-01T11:01:16.067Z,20.79
2026-04-01T11:06:16.041Z,20.57
2026-04-01T11:11:16.06Z,20.83
2026-04-01T11:16:15.892Z,20.71
2026-04-01T11:21:16.604Z,20.88
2026-04-01T11:26:16.071Z,20.97
2026-04-01T11:31:16.13Z,21.09
2026-04-01T11:36:15.867Z,21.34
2026-04-01T11:41:15.902Z,21.2
2026-04-01T11:46:16.691Z,21.32
2026-04-01T11:51:16.08Z,21.51
2026-04-01T11:56:16.085Z,21.6
2026-04-01T12:01:16.459Z,21.83
2026-04-01T12:06:15.869Z,21.81
2026-04-01T12:11:16.028Z,21.86
2026-04-01T12:16:16.026Z,22.18
2026-04-01T12:21:17.321Z,22.38
2026-04-01T12:26:15.954Z,22.35
2026-04-01T12:31:15.991Z,22.41
2026-04-01T12:36:15.883Z,22.58
2026-04-01T12:41:16.057Z,22.78
2026-04-01T12:46:16.15Z,22.61
2026-04-01T12:51:16.024Z,22.84
2026-04-01T12:56:16.116Z,22.95
2026-04-01T13:01:16.076Z,23.3
2026-04-01T13:06:16.06Z,23.18
2026-04-01T13:11:15.915Z,23.3
2026-04-01T13:16:16.021Z,23.21
2026-04-01T13:21:16.125Z,23.33
2026-04-01T13:26:16.132Z,23.59
2026-04-01T13:31:15.986Z,23.96
2026-04-01T13:36:16.037Z,24.25
2026-04-01T13:41:17.272Z,24.22
2026-04-01T13:46:16.15Z,24.02
2026-04-01T13:51:16.029Z,23.82
2026-04-01T13:56:16.003Z,24.08
2026-04-01T14:01:15.928Z,24.16
2026-04-01T14:06:16.149Z,24.42
2026-04-01T14:11:16.144Z,24.68
2026-04-01T14:16:16.164Z,24.54
2026-04-01T14:21:15.955Z,24.51
2026-04-01T14:26:15.973Z,24.42
2026-04-01T14:31:15.952Z,24.65
2026-04-01T14:36:16.123Z,24.88
2026-04-01T14:41:15.969Z,24.85
2026-04-01T14:46:15.993Z,25.0
2026-04-01T14:51:15.91Z,25.26
2026-04-01T14:56:15.943Z,25.52
2026-04-01T15:01:15.931Z,25.46
2026-04-01T15:06:16.038Z,25.57
2026-04-01T15:11:16.065Z,25.37
2026-04-01T15:16:15.958Z,24.85
2026-04-01T15:21:15.921Z,24.54
2026-04-01T15:26:16.135Z,24.68
2026-04-01T15:31:15.968Z,25.06
2026-04-01T15:36:15.915Z,25.17
2026-04-01T15:41:16.688Z,25.52
2026-04-01T15:46:16.031Z,24.97
2026-04-01T15:51:16.141Z,24.8
2026-04-01T15:56:16.397Z,24.37
2026-04-01T16:01:16.06Z,24.28
2026-04-01T16:06:15.875Z,23.76
2026-04-01T16:11:15.898Z,23.7
2026-04-01T16:16:16.034Z,23.85
2026-04-01T16:21:16.064Z,23.88
2026-04-01T16:26:15.998Z,23.85
2026-04-01T16:31:16.109Z,23.99
2026-04-01T16:36:16.393Z,23.7
2026-04-01T16:41:16.081Z,23.41
2026-04-01T16:46:15.928Z,23.21
2026-04-01T16:51:16.648Z,23.18
2026-04-01T16:56:16.84Z,23.13
2026-04-01T17:01:15.893Z,23.13
2026-04-01T17:06:16.1Z,22.95
2026-04-01T17:11:16.045Z,22.61
2026-04-01T17:16:16.043Z,22.55
2026-04-01T17:21:16.172Z,22.29
2026-04-01T17:26:16.285Z,22.04
2026-04-01T17:31:16.387Z,21.92
2026-04-01T17:36:16.075Z,21.74
2026-04-01T17:41:16.553Z,21.37
2026-04-01T17:46:15.96Z,20.83
2026-04-01T17:51:16.009Z,20.68
2026-04-01T17:56:15.953Z,20.45
2026-04-01T18:01:16.133Z,20.22
2026-04-01T18:06:15.945Z,20.11
2026-04-01T18:11:15.961Z,20.11
2026-04-01T18:16:16.004Z,20.05
2026-04-01T18:21:16.125Z,19.99
2026-04-01T18:26:16.19Z,19.9
2026-04-01T18:31:16.158Z,19.82
2026-04-01T18:36:16.038Z,19.47
2026-04-01T18:41:15.963Z,19.33
2026-04-01T18:46:16.018Z,18.98
2026-04-01T18:51:15.9Z,18.9
2026-04-01T18:56:16.084Z,18.75
2026-04-01T19:01:15.931Z,18.55
2026-04-01T19:06:16.072Z,18.44
2026-04-01T19:11:15.934Z,18.06
2026-04-01T19:16:15.98Z,17.95
2026-04-01T19:21:15.998Z,17.74
2026-04-01T19:26:15.971Z,17.51
2026-04-01T19:31:16.034Z,17.31
2026-04-01T19:36:15.89Z,17.17
2026-04-01T19:41:15.931Z,16.94
2026-04-01T19:46:16.056Z,16.88
2026-04-01T19:51:15.935Z,16.71
2026-04-01T19:56:16.117Z,16.59
2026-04-01T20:01:15.875Z,16.39
2026-04-01T20:06:15.926Z,16.3
2026-04-01T20:11:16.085Z,16.28
2026-04-01T20:16:15.891Z,16.19
2026-04-01T20:21:16.05Z,16.16
2026-04-01T20:26:15.944Z,16.02
2026-04-01T20:31:15.947Z,15.9
2026-04-01T20:36:15.896Z,15.9
2026-04-01T20:41:16.035Z,15.9
2026-04-01T20:46:16.171Z,15.79
2026-04-01T20:51:16.122Z,15.76
2026-04-01T20:56:15.902Z,15.76
2026-04-01T21:01:15.857Z,15.73
2026-04-01T21:06:16.057Z,15.5
2026-04-01T21:11:16.701Z,15.27
2026-04-01T21:16:16.599Z,15.09
2026-04-01T21:21:16.026Z,15.04
2026-04-01T21:26:16.015Z,14.95
2026-04-01T21:31:16.052Z,14.72
2026-04-01T21:36:16.046Z,14.67
2026-04-01T21:41:15.857Z,14.67
2026-04-01T21:46:15.955Z,14.7
2026-04-01T21:51:16.42Z,14.52
2026-04-01T21:56:15.88Z,14.41
2026-04-01T22:01:16.045Z,14.49
2026-04-01T22:06:16.011Z,14.55
2026-04-01T22:11:16.055Z,14.47
2026-04-01T22:16:15.893Z,14.32
2026-04-01T22:21:16.028Z,14.15
2026-04-01T22:26:15.955Z,14.21
2026-04-01T22:31:15.938Z,14.09
2026-04-01T22:36:16.032Z,14.0
2026-04-01T22:41:15.846Z,13.92
2026-04-01T22:46:16.114Z,13.95
2026-04-01T22:51:16.06Z,13.86
2026-04-01T22:56:15.927Z,13.86
2026-04-01T23:01:16.04Z,13.92
2026-04-01T23:06:16.025Z,13.95
2026-04-01T23:11:16.117Z,14.15
2026-04-01T23:16:15.965Z,14.72
2026-04-01T23:21:16.075Z,15.81
2026-04-01T23:26:15.899Z,16.91
2026-04-01T23:31:15.887Z,17.4
2026-04-01T23:36:15.924Z,17.49
2026-04-01T23:41:15.934Z,17.54
2026-04-01T23:46:15.871Z,17.69
2026-04-01T23:51:16.068Z,17.6
2026-04-01T23:56:16.048Z,17.66
2026-04-02T00:01:15.879Z,17.72
2026-04-02T00:06:15.982Z,17.72
2026-04-02T00:11:15.839Z,17.63
2026-04-02T00:16:15.931Z,17.63
2026-04-02T00:21:15.984Z,17.57
2026-04-02T00:26:16.009Z,17.46
2026-04-02T00:31:15.909Z,17.54
2026-04-02T00:36:16.044Z,17.49
2026-04-02T00:41:16.037Z,17.49
2026-04-02T00:46:16.102Z,17.4
2026-04-02T00:51:15.931Z,17.34
2026-04-02T00:56:15.948Z,17.23
2026-04-02T01:01:16.509Z,17.08
2026-04-02T01:06:16.048Z,17.02
2026-04-02T01:11:15.843Z,16.91
2026-04-02T01:16:16.079Z,16.82
2026-04-02T01:21:15.879Z,16.79
2026-04-02T01:26:15.977Z,16.82
2026-04-02T01:31:15.954Z,16.79
2026-04-02T01:36:15.984Z,16.82
2026-04-02T01:41:15.865Z,16.74
2026-04-02T01:46:15.91Z,16.71
2026-04-02T01:51:15.854Z,16.74
2026-04-02T01:56:15.924Z,16.62
2026-04-02T02:01:15.92Z,16.48
2026-04-02T02:06:15.849Z,16.33
2026-04-02T02:11:15.864Z,16.37
2026-04-02T02:16:15.887Z,16.22
2026-04-02T02:21:15.917Z,16.25
2026-04-02T02:26:15.968Z,16.16
2026-04-02T02:31:16.379Z,16.16
2026-04-02T02:36:16.386Z,16.14
2026-04-02T02:41:15.879Z,15.88
2026-04-02T02:46:16.326Z,15.88
2026-04-02T02:51:15.914Z,15.81
2026-04-02T02:56:15.814Z,15.79
2026-04-02T03:01:16.066Z,15.65
2026-04-02T03:06:16.067Z,15.65
2026-04-02T03:11:15.885Z,15.56
2026-04-02T03:16:15.899Z,15.56
2026-04-02T03:21:16.04Z,15.47
2026-04-02T03:26:16.469Z,15.39
2026-04-02T03:31:15.937Z,15.3
2026-04-02T03:36:15.952Z,15.19
2026-04-02T03:41:15.829Z,15.09
2026-04-02T03:46:15.882Z,15.09
2026-04-02T03:51:16.046Z,15.09
2026-04-02T03:56:15.886Z,14.93
2026-04-02T04:01:15.971Z,14.93
2026-04-02T04:06:15.982Z,14.81
2026-04-02T04:11:15.844Z,14.81
2026-04-02T04:16:16.442Z,14.78
2026-04-02T04:21:15.983Z,14.75
2026-04-02T04:26:16.036Z,14.72
2026-04-02T04:31:15.986Z,14.67
2026-04-02T04:36:16.932Z,14.7
2026-04-02T04:41:15.936Z,14.67
2026-04-02T04:46:15.952Z,14.58
2026-04-02T04:51:16.709Z,14.61
2026-04-02T04:56:16.049Z,14.55
2026-04-02T05:01:15.911Z,14.49
2026-04-02T05:06:15.993Z,14.55
2026-04-02T05:11:16.197Z,14.55
2026-04-02T05:16:16.145Z,14.52
2026-04-02T05:21:15.814Z,14.41
2026-04-02T05:26:16.016Z,14.41
2026-04-02T05:31:16.042Z,14.37
2026-04-02T05:36:15.939Z,14.26
2026-04-02T05:41:15.862Z,14.32
2026-04-02T05:46:16.164Z,14.29
2026-04-02T05:51:15.892Z,14.26
2026-04-02T05:56:15.835Z,14.26
2026-04-02T06:01:15.851Z,14.29
2026-04-02T06:06:15.93Z,14.12
2026-04-02T06:11:15.859Z,14.21
2026-04-02T06:16:15.849Z,14.29
2026-04-02T06:21:15.86Z,14.26
2026-04-02T06:26:16.041Z,14.32
2026-04-02T06:31:16.043Z,14.32
2026-04-02T06:36:15.994Z,14.29
2026-04-02T06:41:16.193Z,14.41
2026-04-02T06:46:15.96Z,14.55
2026-04-02T06:51:15.986Z,14.55
2026-04-02T06:56:15.902Z,14.67
2026-04-02T07:01:15.801Z,14.72
2026-04-02T07:06:15.884Z,14.81
2026-04-02T07:11:15.798Z,14.93
2026-04-02T07:16:15.87Z,15.01
2026-04-02T07:21:15.83Z,15.07
2026-04-02T07:26:15.999Z,15.24
2026-04-02T07:31:15.845Z,15.33
2026-04-02T07:36:15.872Z,15.42
2026-04-02T07:41:15.841Z,15.39
2026-04-02T07:46:16.046Z,15.39
2026-04-02T07:51:15.972Z,15.56
2026-04-02T07:56:15.853Z,15.79
2026-04-02T08:01:15.822Z,15.96
2026-04-02T08:06:15.901Z,16.14
2026-04-02T08:11:15.904Z,16.25
2026-04-02T08:16:15.862Z,16.25
2026-04-02T08:21:16.389Z,16.39
2026-04-02T08:26:16.398Z,16.48
2026-04-02T08:31:18.18Z,16.65
2026-04-02T08:36:15.992Z,16.94
2026-04-02T08:41:15.869Z,17.02
2026-04-02T08:46:16.048Z,17.11
2026-04-02T08:51:15.876Z,17.37
2026-04-02T08:56:15.857Z,17.54
2026-04-02T09:01:15.968Z,17.49
2026-04-02T09:06:15.861Z,18.0
2026-04-02T09:11:16.34Z,17.95
2026-04-02T09:16:15.86Z,18.32
2026-04-02T09:21:15.935Z,18.21
2026-04-02T09:26:15.936Z,18.46
2026-04-02T09:31:15.966Z,18.75
2026-04-02T09:36:15.862Z,18.69
2026-04-02T09:41:15.947Z,18.64
2026-04-02T09:46:15.85Z,18.81
2026-04-02T09:51:15.781Z,18.84
2026-04-02T09:56:15.824Z,19.16
2026-04-02T10:01:15.841Z,19.1
2026-04-02T10:06:15.958Z,19.33
2026-04-02T10:11:15.976Z,19.42
2026-04-02T10:16:15.799Z,19.79
2026-04-02T10:21:15.895Z,19.82
2026-04-02T10:26:16.223Z,20.14
2026-04-02T10:31:15.936Z,20.19
2026-04-02T10:36:15.965Z,20.14
2026-04-02T10:41:15.879Z,20.53
2026-04-02T10:46:16.032Z,20.65
2026-04-02T10:51:15.814Z,20.51
2026-04-02T10:56:16.38Z,20.57
2026-04-02T11:01:17.105Z,20.53
2026-04-02T11:06:16.007Z,20.42
2026-04-02T11:11:15.972Z,20.37
2026-04-02T11:16:15.974Z,20.62
2026-04-02T11:21:15.802Z,20.53
2026-04-02T11:26:15.824Z,20.76
2026-04-02T11:31:16.04Z,20.53
2026-04-02T11:36:15.869Z,20.86
2026-04-02T11:41:15.9Z,21.28
2026-04-02T11:46:15.95Z,21.32
2026-04-02T11:51:15.858Z,21.17
2026-04-02T11:56:15.922Z,21.14
2026-04-02T12:01:16.318Z,21.17
2026-04-02T12:06:16.454Z,21.06
2026-04-02T12:11:16.051Z,21.4
2026-04-02T12:16:15.91Z,21.32
2026-04-02T12:21:16.014Z,21.2
2026-04-02T12:26:15.938Z,20.83
2026-04-02T12:31:15.894Z,21.37
2026-04-02T12:36:16.025Z,21.74
2026-04-02T12:41:15.952Z,21.28
2026-04-02T12:46:15.983Z,21.37
2026-04-02T12:51:15.816Z,21.69
2026-04-02T12:56:16.233Z,21.92
2026-04-02T13:01:15.953Z,21.77
2026-04-02T13:06:16.013Z,21.66
2026-04-02T13:11:15.978Z,21.72
2026-04-02T13:16:15.847Z,21.72
2026-04-02T13:21:16.185Z,21.57
2026-04-02T13:26:15.943Z,21.69
2026-04-02T13:31:15.828Z,21.55
2026-04-02T13:36:15.94Z,21.66
2026-04-02T13:41:16.255Z,21.81
2026-04-02T13:46:15.855Z,22.09
2026-04-02T13:51:16.025Z,22.21
2026-04-02T13:56:15.899Z,21.95
2026-04-02T14:01:16.047Z,22.41
2026-04-02T14:06:16.82Z,22.44
2026-04-02T14:11:15.913Z,22.49
2026-04-02T14:16:15.929Z,22.38
2026-04-02T14:21:15.977Z,22.55
2026-04-02T14:26:16.031Z,22.72
2026-04-02T14:31:15.863Z,22.75
2026-04-02T14:36:15.893Z,22.69
2026-04-02T14:41:15.86Z,22.75
2026-04-02T14:46:16.329Z,22.78
2026-04-02T14:51:15.983Z,22.93
2026-04-02T14:56:15.895Z,23.16
2026-04-02T15:01:15.964Z,23.21
2026-04-02T15:06:15.976Z,23.18
2026-04-02T15:11:15.936Z,23.3
2026-04-02T15:16:15.874Z,23.13
2026-04-02T15:21:15.947Z,23.33
2026-04-02T15:26:15.797Z,23.47
2026-04-02T15:31:16.608Z,23.53
2026-04-02T15:36:16.117Z,23.73
2026-04-02T15:41:15.825Z,23.9
2026-04-02T15:46:16.587Z,24.11
2026-04-02T15:51:16.481Z,24.16
2026-04-02T15:56:15.824Z,24.39
2026-04-02T16:01:15.883Z,24.37
2026-04-02T16:06:16.138Z,24.25
2026-04-02T16:11:15.878Z,24.19
2026-04-02T16:16:15.989Z,24.34
2026-04-02T16:21:15.802Z,24.19
2026-04-02T16:26:16.038Z,24.08
2026-04-02T16:31:16.561Z,24.11
2026-04-02T16:36:15.969Z,24.25
2026-04-02T16:41:16.005Z,24.22
2026-04-02T16:46:15.952Z,24.28
2026-04-02T16:51:16.005Z,24.25
2026-04-02T16:56:15.986Z,24.16
2026-04-02T17:01:15.879Z,24.11
2026-04-02T17:06:15.918Z,24.16
2026-04-02T17:11:15.782Z,24.08
2026-04-02T17:16:15.948Z,24.08
2026-04-02T17:21:15.951Z,24.05
2026-04-02T17:26:15.892Z,24.02
2026-04-02T17:31:15.886Z,23.88
2026-04-02T17:36:15.909Z,23.67
2026-04-02T17:41:15.842Z,23.67
2026-04-02T17:46:15.793Z,23.76
2026-04-02T17:51:16.025Z,23.44
2026-04-02T17:56:15.954Z,22.44
2026-04-02T18:01:15.971Z,21.49
2026-04-02T18:06:15.847Z,20.62
2026-04-02T18:11:15.96Z,20.11
2026-04-02T18:16:16.23Z,19.53
2026-04-02T18:21:15.926Z,19.16
2026-04-02T18:26:15.924Z,18.72
2026-04-02T18:31:15.917Z,18.44
2026-04-02T18:36:16.803Z,18.23
2026-04-02T18:41:15.983Z,18.0
2026-04-02T18:46:16.017Z,17.89
2026-04-02T18:51:15.975Z,17.97
2026-04-02T18:56:15.878Z,17.74
2026-04-02T19:01:16.092Z,17.57
2026-04-02T19:06:15.949Z,17.69
2026-04-02T19:11:16.393Z,17.51
2026-04-02T19:16:15.9Z,17.46
2026-04-02T19:21:16.075Z,17.34
2026-04-02T19:26:15.928Z,17.26
2026-04-02T19:31:16.386Z,17.28
2026-04-02T19:36:16.062Z,17.23
2026-04-02T19:41:16.696Z,17.34
2026-04-02T19:46:16.393Z,17.23
2026-04-02T19:51:15.929Z,17.11
2026-04-02T19:56:15.921Z,17.02
2026-04-02T20:01:15.935Z,16.82
2026-04-02T20:06:16.055Z,16.65
2026-04-02T20:11:16.291Z,16.48
2026-04-02T20:16:15.99Z,16.37
2026-04-02T20:21:15.855Z,16.25
2026-04-02T20:26:16.053Z,16.19
2026-04-02T20:31:16.069Z,16.1
2026-04-02T20:36:15.904Z,15.93
2026-04-02T20:41:15.923Z,15.88
2026-04-02T20:46:15.887Z,15.73
2026-04-02T20:51:15.912Z,15.58
2026-04-02T20:56:15.889Z,15.5
2026-04-02T21:01:15.862Z,15.47
2026-04-02T21:06:15.93Z,15.39
2026-04-02T21:11:15.989Z,15.33
2026-04-02T21:16:15.792Z,15.24
2026-04-02T21:21:15.978Z,15.12
2026-04-02T21:26:16.142Z,15.16
2026-04-02T21:31:15.975Z,15.09
2026-04-02T21:36:15.843Z,14.98
2026-04-02T21:41:15.963Z,15.07
2026-04-02T21:46:15.817Z,14.84
2026-04-02T21:51:16.049Z,14.64
2026-04-02T21:56:15.803Z,14.41
2026-04-02T22:01:15.847Z,14.32
2026-04-02T22:06:15.901Z,14.49
2026-04-02T22:11:17.234Z,14.67
2026-04-02T22:16:16.005Z,14.72
2026-04-02T22:21:15.979Z,14.78
2026-04-02T22:26:15.831Z,14.75
2026-04-02T22:31:15.8Z,14.64
2026-04-02T22:36:16.188Z,14.52
2026-04-02T22:41:15.849Z,14.41
2026-04-02T22:46:15.942Z,14.37
2026-04-02T22:51:15.835Z,14.26
2026-04-02T22:56:16.086Z,14.26
2026-04-02T23:01:16.101Z,14.09
2026-04-02T23:06:16.375Z,14.06
2026-04-02T23:11:15.829Z,14.06
2026-04-02T23:16:15.801Z,14.09
2026-04-02T23:21:16.586Z,14.12
2026-04-02T23:26:15.94Z,14.26
2026-04-02T23:31:15.808Z,14.21
2026-04-02T23:36:15.852Z,14.18
2026-04-02T23:41:15.964Z,14.12
2026-04-02T23:46:15.881Z,14.15
2026-04-02T23:51:15.95Z,14.15
2026-04-02T23:56:15.824Z,14.12
2026-04-03T00:01:15.822Z,14.06
2026-04-03T00:06:16.909Z,13.89
2026-04-03T00:11:15.799Z,13.83
2026-04-03T00:16:15.797Z,13.72
2026-04-03T00:21:15.94Z,13.57
2026-04-03T00:26:15.941Z,13.46
2026-04-03T00:31:15.987Z,13.34
2026-04-03T00:36:15.962Z,13.05
2026-04-03T00:41:15.794Z,12.94
2026-04-03T00:46:16.615Z,12.85
2026-04-03T00:51:15.838Z,12.85
2026-04-03T00:56:16.045Z,13.0
2026-04-03T01:01:15.963Z,12.97
2026-04-03T01:06:16.065Z,12.88
2026-04-03T01:11:15.801Z,12.77
2026-04-03T01:16:15.887Z,12.39
2026-04-03T01:21:15.823Z,12.25
2026-04-03T01:26:16.056Z,12.22
2026-04-03T01:31:15.943Z,12.05
2026-04-03T01:36:15.96Z,11.87
2026-04-03T01:41:15.795Z,12.1
2026-04-03T01:46:15.928Z,12.16
2026-04-03T01:51:15.87Z,12.31
2026-04-03T01:56:15.901Z,12.25
2026-04-03T02:01:15.795Z,12.31
2026-04-03T02:06:15.953Z,12.28
2026-04-03T02:11:15.957Z,12.22
2026-04-03T02:16:15.969Z,12.05
2026-04-03T02:21:15.958Z,11.96
2026-04-03T02:26:15.917Z,11.9
2026-04-03T02:31:15.978Z,12.19
2026-04-03T02:36:15.819Z,12.62
2026-04-03T02:41:16.183Z,12.94
2026-04-03T02:46:15.921Z,13.0
2026-04-03T02:51:15.859Z,12.54
2026-04-03T02:56:15.91Z,12.1
2026-04-03T03:01:16.499Z,11.84
2026-04-03T03:06:15.858Z,12.02
2026-04-03T03:11:15.882Z,12.39
2026-04-03T03:16:15.893Z,12.65
2026-04-03T03:21:16.038Z,12.68
2026-04-03T03:26:15.819Z,12.51
2026-04-03T03:31:15.872Z,12.25
2026-04-03T03:36:15.825Z,11.9
2026-04-03T03:41:15.9Z,11.47
2026-04-03T03:46:15.797Z,11.21
2026-04-03T03:51:15.838Z,10.84
2026-04-03T03:56:15.772Z,10.66
2026-04-03T04:01:16.056Z,10.43
2026-04-03T04:06:15.825Z,10.15
2026-04-03T04:11:15.966Z,10.35
2026-04-03T04:16:15.957Z,10.78
2026-04-03T04:21:16.088Z,10.98
2026-04-03T04:26:16.536Z,10.96
2026-04-03T04:31:15.802Z,10.81
2026-04-03T04:36:16.019Z,10.55
2026-04-03T04:41:15.98Z,10.35
2026-04-03T04:46:15.925Z,10.12
2026-04-03T04:51:15.939Z,9.86
2026-04-03T04:56:15.868Z,9.75
2026-04-03T05:01:15.945Z,9.72
2026-04-03T05:06:15.885Z,10.15
2026-04-03T05:11:15.783Z,10.32
2026-04-03T05:16:15.912Z,10.29
2026-04-03T05:21:15.812Z,10.21
2026-04-03T05:26:15.843Z,10.03
2026-04-03T05:31:15.903Z,9.8
2026-04-03T05:36:16.022Z,9.57
2026-04-03T05:41:16.033Z,9.34
2026-04-03T05:46:15.79Z,9.28
2026-04-03T05:51:15.911Z,9.19
2026-04-03T05:56:15.922Z,9.03
2026-04-03T06:01:16.027Z,9.0
2026-04-03T06:06:15.798Z,8.88
2026-04-03T06:11:15.923Z,9.17
2026-04-03T06:16:15.84Z,9.42
2026-04-03T06:21:16.169Z,9.68
2026-04-03T06:26:15.838Z,9.94
2026-04-03T06:31:15.952Z,10.17
2026-04-03T06:36:15.881Z,10.26
2026-04-03T06:41:15.785Z,10.47
2026-04-03T06:46:15.839Z,10.89
2026-04-03T06:51:15.81Z,11.12
2026-04-03T06:56:15.998Z,11.47
2026-04-03T07:01:15.95Z,11.93
2026-04-03T07:06:15.824Z,12.31
2026-04-03T07:11:15.935Z,12.77
2026-04-03T07:16:16.102Z,13.26
2026-04-03T07:21:15.817Z,13.54
2026-04-03T07:26:15.764Z,13.8
2026-04-03T07:31:16.834Z,14.09
2026-04-03T07:36:15.822Z,14.35
2026-04-03T07:41:16.009Z,14.61
2026-04-03T07:46:15.975Z,14.86
2026-04-03T07:51:15.757Z,15.12
2026-04-03T07:56:15.904Z,15.27
2026-04-03T08:01:15.91Z,15.47
2026-04-03T08:06:15.866Z,15.73
2026-04-03T08:11:15.918Z,15.9
2026-04-03T08:16:15.996Z,16.16
2026-04-03T08:21:15.827Z,16.51
2026-04-03T08:26:15.807Z,16.59
2026-04-03T08:31:15.821Z,16.62
2026-04-03T08:36:15.795Z,16.65
2026-04-03T08:41:15.895Z,16.88
2026-04-03T08:46:15.886Z,17.08
2026-04-03T08:51:15.88Z,17.31
2026-04-03T08:56:16.878Z,17.54
2026-04-03T09:01:15.778Z,17.49
2026-04-03T09:06:16.73Z,17.43
2026-04-03T09:11:15.867Z,17.6
2026-04-03T09:16:15.805Z,17.74
2026-04-03T09:21:15.868Z,17.77
2026-04-03T09:26:16.185Z,17.77
2026-04-03T09:31:16.018Z,17.97
2026-04-03T09:36:15.925Z,17.97
2026-04-03T09:41:16.39Z,18.26
2026-04-03T09:46:16.808Z,18.44
2026-04-03T09:51:15.878Z,18.67
2026-04-03T09:56:15.953Z,18.9
2026-04-03T10:01:15.876Z,18.87
2026-04-03T10:06:15.809Z,18.98
2026-04-03T10:11:15.778Z,19.04
2026-04-03T10:16:16.192Z,19.16
2026-04-03T10:21:16.026Z,19.44
2026-04-03T10:26:15.862Z,19.39
2026-04-03T10:31:15.772Z,19.42
2026-04-03T10:36:15.993Z,19.82
2026-04-03T10:41:15.903Z,20.14
2026-04-03T10:46:15.859Z,20.28
2026-04-03T10:51:15.916Z,20.28
2026-04-03T10:56:15.922Z,20.39
2026-04-03T11:01:15.768Z,20.37
2026-04-03T11:06:15.914Z,20.71
2026-04-03T11:11:16.183Z,20.71
2026-04-03T11:16:15.821Z,20.97
2026-04-03T11:21:16.016Z,20.94
2026-04-03T11:26:16.04Z,21.06
2026-04-03T11:31:16.301Z,21.4
2026-04-03T11:36:15.898Z,21.57
2026-04-03T11:41:16.009Z,21.34
2026-04-03T11:46:15.769Z,21.28
2026-04-03T11:51:15.752Z,21.51
2026-04-03T11:56:15.828Z,21.89
2026-04-03T12:01:15.873Z,21.74
2026-04-03T12:06:15.784Z,22.12
2026-04-03T12:11:15.999Z,21.89
2026-04-03T12:16:15.992Z,22.15
2026-04-03T12:21:15.983Z,22.44
2026-04-03T12:26:15.781Z,22.38
2026-04-03T12:31:15.821Z,22.46
2026-04-03T12:36:15.789Z,22.69
2026-04-03T12:41:15.997Z,22.72
2026-04-03T12:46:15.8Z,22.64
2026-04-03T12:51:15.854Z,22.44
2026-04-03T12:56:16.016Z,22.52
2026-04-03T13:01:15.936Z,22.58
2026-04-03T13:06:16.014Z,22.95
2026-04-03T13:11:15.974Z,23.18
2026-04-03T13:16:16.006Z,23.07
2026-04-03T13:21:15.942Z,23.13
2026-04-03T13:26:15.812Z,23.16
2026-04-03T13:31:15.872Z,23.16
2026-04-03T13:36:15.903Z,23.18
2026-04-03T13:41:16.017Z,23.56
2026-04-03T13:46:15.853Z,23.7
2026-04-03T13:51:15.773Z,23.47
2026-04-03T13:56:15.786Z,23.65
2026-04-03T14:01:15.784Z,23.76
2026-04-03T14:06:15.762Z,24.08
2026-04-03T14:11:16.412Z,24.22
2026-04-03T14:16:15.846Z,24.37
2026-04-03T14:21:15.897Z,24.37
2026-04-03T14:26:16Z,23.96
2026-04-03T14:31:16.068Z,23.93
2026-04-03T14:36:16.022Z,24.02
2026-04-03T14:41:15.906Z,24.22
2026-04-03T14:46:15.799Z,24.48
2026-04-03T14:51:16.198Z,24.74
2026-04-03T14:56:15.784Z,24.91
2026-04-03T15:01:16.273Z,25.14
2026-04-03T15:06:15.849Z,25.14
2026-04-03T15:11:15.927Z,24.88
2026-04-03T15:16:15.903Z,24.11
2026-04-03T15:21:15.871Z,23.5
2026-04-03T15:26:15.97Z,23.39
2026-04-03T15:31:15.993Z,23.13
2026-04-03T15:36:16.016Z,23.01
2026-04-03T15:41:16.189Z,22.95
2026-04-03T15:46:15.767Z,22.81
2026-04-03T15:51:16.002Z,22.72
2026-04-03T15:56:15.777Z,22.32
2026-04-03T16:01:15.987Z,21.89
2026-04-03T16:06:15.938Z,21.74
2026-04-03T16:11:15.895Z,21.81
2026-04-03T16:16:15.991Z,21.74
2026-04-03T16:21:15.803Z,21.77
2026-04-03T16:26:16.047Z,21.95
2026-04-03T16:31:15.773Z,21.83
2026-04-03T16:36:15.943Z,21.66
2026-04-03T16:41:15.98Z,21.55
2026-04-03T16:46:15.795Z,21.49
2026-04-03T16:51:15.795Z,21.49
2026-04-03T16:56:15.817Z,21.51
2026-04-03T17:01:15.757Z,21.32
2026-04-03T17:06:15.917Z,21.32
2026-04-03T17:11:15.986Z,21.14
2026-04-03T17:16:16.28Z,20.83
2026-04-03T17:21:16.02Z,20.74
2026-04-03T17:26:15.882Z,20.71
2026-04-03T17:31:15.784Z,20.6
2026-04-03T17:36:15.768Z,20.6
2026-04-03T17:41:15.98Z,20.37
2026-04-03T17:46:16.391Z,20.22
2026-04-03T17:51:15.862Z,20.08
2026-04-03T17:56:15.859Z,19.82
2026-04-03T18:01:15.783Z,19.67
2026-04-03T18:06:16.855Z,19.5
2026-04-03T18:11:16.851Z,19.24
2026-04-03T18:16:15.852Z,19.01
2026-04-03T18:21:15.814Z,18.84
2026-04-03T18:26:15.801Z,18.75
2026-04-03T18:31:15.913Z,18.61
2026-04-03T18:36:15.903Z,18.35
2026-04-03T18:41:15.785Z,18.06
2026-04-03T18:46:15.753Z,17.92
2026-04-03T18:51:16.651Z,17.72
2026-04-03T18:56:15.78Z,17.43
2026-04-03T19:01:15.978Z,17.2
2026-04-03T19:06:15.803Z,17.0
2026-04-03T19:11:15.966Z,16.82
2026-04-03T19:16:15.849Z,16.62
2026-04-03T19:21:15.754Z,16.37
2026-04-03T19:26:15.81Z,16.22
2026-04-03T19:31:15.9Z,16.05
2026-04-03T19:36:15.904Z,15.93
2026-04-03T19:41:15.805Z,15.93
2026-04-03T19:46:15.756Z,15.99
2026-04-03T19:51:15.997Z,16.02
2026-04-03T19:56:15.804Z,15.99
2026-04-03T20:01:15.795Z,15.88
2026-04-03T20:06:15.972Z,15.79
2026-04-03T20:11:15.957Z,15.7
2026-04-03T20:16:15.734Z,15.56
2026-04-03T20:21:15.742Z,15.47
2026-04-03T20:26:15.744Z,15.39
2026-04-03T20:31:15.864Z,15.27
2026-04-03T20:36:15.834Z,15.12
2026-04-03T20:41:15.839Z,15.01
2026-04-03T20:46:15.886Z,14.86
2026-04-03T20:51:15.785Z,14.7
2026-04-03T20:56:16.006Z,14.72
2026-04-03T21:01:15.921Z,14.7
2026-04-03T21:06:16.028Z,14.75
2026-04-03T21:11:15.998Z,14.7
2026-04-03T21:16:15.85Z,14.7
2026-04-03T21:21:15.734Z,14.64
2026-04-03T21:26:16.402Z,14.44
2026-04-03T21:31:15.982Z,14.37
2026-04-03T21:36:15.846Z,14.41
2026-04-03T21:41:15.758Z,14.29
2026-04-03T21:46:15.865Z,14.12
2026-04-03T21:51:15.869Z,13.95
2026-04-03T21:56:15.881Z,13.74
2026-04-03T22:01:15.787Z,13.69
2026-04-03T22:06:15.78Z,13.51
2026-04-03T22:11:15.785Z,13.4
2026-04-03T22:16:15.784Z,13.37
2026-04-03T22:21:15.722Z,13.28
2026-04-03T22:26:15.741Z,13.26
2026-04-03T22:31:16.589Z,13.23
2026-04-03T22:36:15.992Z,13.26
2026-04-03T22:41:15.77Z,13.49
2026-04-03T22:46:15.826Z,13.66
2026-04-03T22:51:15.824Z,13.77
2026-04-03T22:56:15.777Z,13.77
2026-04-03T23:01:16.281Z,13.69
2026-04-03T23:06:15.955Z,13.72
2026-04-03T23:11:15.734Z,13.74
2026-04-03T23:16:15.84Z,13.72
2026-04-03T23:21:15.768Z,13.69
2026-04-03T23:26:15.878Z,13.43
2026-04-03T23:31:15.881Z,13.23
2026-04-03T23:36:15.943Z,13.05
2026-04-03T23:41:15.808Z,12.94
2026-04-03T23:46:15.752Z,12.88
2026-04-03T23:51:15.754Z,12.97
2026-04-03T23:56:15.739Z,13.03
2026-04-04T00:01:16.013Z,13.08
2026-04-04T00:06:15.961Z,13.17
2026-04-04T00:11:15.886Z,13.14
2026-04-04T00:16:15.757Z,13.14
2026-04-04T00:21:15.874Z,13.08
2026-04-04T00:26:15.997Z,13.03
2026-04-04T00:31:16.235Z,12.82
2026-04-04T00:36:15.84Z,12.71
2026-04-04T00:41:15.994Z,12.65
2026-04-04T00:46:15.996Z,12.54
2026-04-04T00:51:16.026Z,12.33
2026-04-04T00:56:15.96Z,12.25
2026-04-04T01:01:15.828Z,12.07
2026-04-04T01:06:16.267Z,12.13
2026-04-04T01:11:15.88Z,12.1
2026-04-04T01:16:15.949Z,12.05
2026-04-04T01:21:15.725Z,11.99
2026-04-04T01:26:15.828Z,11.93
2026-04-04T01:31:15.867Z,11.9
2026-04-04T01:36:15.767Z,11.96
2026-04-04T01:41:15.906Z,11.82
2026-04-04T01:46:15.833Z,11.73
2026-04-04T01:51:15.886Z,11.76
2026-04-04T01:56:16.011Z,11.7
2026-04-04T02:01:15.973Z,11.59
2026-04-04T02:06:15.802Z,11.53
2026-04-04T02:11:15.976Z,11.44
2026-04-04T02:16:15.954Z,11.35
2026-04-04T02:21:16.438Z,11.33
2026-04-04T02:26:15.821Z,11.33
2026-04-04T02:31:15.977Z,11.35
2026-04-04T02:36:15.808Z,11.33
2026-04-04T02:41:15.829Z,11.35
2026-04-04T02:46:15.873Z,11.19
2026-04-04T02:51:15.972Z,11.15
2026-04-04T02:56:15.997Z,11.21
2026-04-04T03:01:15.997Z,11.1
2026-04-04T03:06:15.846Z,11.1
2026-04-04T03:11:15.896Z,11.07
2026-04-04T03:16:15.862Z,10.98
2026-04-04T03:21:15.84Z,10.98
2026-04-04T03:26:15.87Z,10.98
2026-04-04T03:31:15.753Z,10.96
2026-04-04T03:36:15.915Z,10.84
2026-04-04T03:41:15.991Z,10.75
2026-04-04T03:46:15.978Z,10.66
2026-04-04T03:51:15.881Z,10.58
2026-04-04T03:56:15.757Z,10.49
2026-04-04T04:01:17.11Z,10.38
2026-04-04T04:06:15.841Z,10.38
2026-04-04T04:11:15.893Z,10.32
2026-04-04T04:16:15.839Z,10.26
2026-04-04T04:21:16.05Z,10.32
2026-04-04T04:26:15.978Z,10.24
2026-04-04T04:31:15.814Z,10.26
2026-04-04T04:36:15.864Z,10.12
2026-04-04T04:41:15.768Z,10.03
2026-04-04T04:46:16.194Z,9.89
2026-04-04T04:51:15.853Z,9.8
2026-04-04T04:56:15.797Z,9.72
2026-04-04T05:01:16.542Z,9.68
2026-04-04T05:06:15.775Z,9.57
2026-04-04T05:11:15.856Z,9.54
2026-04-04T05:16:15.777Z,9.49
2026-04-04T05:21:15.877Z,9.51
2026-04-04T05:26:16.094Z,9.49
2026-04-04T05:31:15.967Z,9.4
2026-04-04T05:36:15.97Z,9.37
2026-04-04T05:41:15.958Z,9.34
2026-04-04T05:46:15.849Z,9.23
2026-04-04T05:51:15.965Z,9.23
2026-04-04T05:56:15.926Z,9.14
2026-04-04T06:01:15.793Z,9.14
2026-04-04T06:06:15.788Z,9.17
2026-04-04T06:11:15.955Z,9.4
2026-04-04T06:16:15.953Z,9.42
2026-04-04T06:21:15.816Z,9.54
2026-04-04T06:26:15.822Z,9.63
2026-04-04T06:31:15.945Z,9.89
2026-04-04T06:36:16.13Z,10.03
2026-04-04T06:41:15.928Z,10.21
2026-04-04T06:46:16.155Z,10.43
2026-04-04T06:51:15.781Z,10.78
2026-04-04T06:56:15.84Z,11.04
2026-04-04T07:01:15.793Z,11.12
2026-04-04T07:06:15.796Z,11.21
2026-04-04T07:11:15.958Z,11.27
2026-04-04T07:16:15.868Z,11.47
2026-04-04T07:21:16.103Z,11.67
2026-04-04T07:26:15.886Z,11.82
2026-04-04T07:31:17.094Z,12.02
2026-04-04T07:36:15.821Z,12.16
2026-04-04T07:41:15.803Z,12.33
2026-04-04T07:46:16.073Z,12.68
2026-04-04T07:51:15.878Z,12.82
2026-04-04T07:56:15.816Z,13.11
2026-04-04T08:01:16.068Z,13.46
2026-04-04T08:06:15.822Z,13.77
2026-04-04T08:11:15.744Z,14.09
2026-04-04T08:16:15.846Z,14.37
2026-04-04T08:21:15.912Z,14.64
2026-04-04T08:26:15.885Z,14.93
2026-04-04T08:31:15.728Z,15.21
2026-04-04T08:36:16.225Z,15.47
2026-04-04T08:41:15.758Z,15.81
2026-04-04T08:46:15.877Z,15.96
2026-04-04T08:51:15.793Z,16.16
2026-04-04T08:56:15.83Z,16.19
2026-04-04T09:01:15.966Z,16.53
2026-04-04T09:06:15.955Z,16.88
2026-04-04T09:11:16.448Z,16.88
2026-04-04T09:16:16.163Z,16.97
2026-04-04T09:21:15.74Z,17.17
2026-04-04T09:26:15.832Z,17.6
2026-04-04T09:31:15.769Z,17.66
2026-04-04T09:36:15.949Z,17.92
2026-04-04T09:41:15.765Z,18.35
2026-04-04T09:46:15.868Z,18.72
2026-04-04T09:51:15.983Z,18.93
2026-04-04T09:56:15.764Z,19.07
2026-04-04T10:01:15.808Z,19.21
2026-04-04T10:06:16.339Z,19.3
2026-04-04T10:11:15.749Z,19.67
2026-04-04T10:16:16.205Z,19.85
2026-04-04T10:21:15.845Z,19.93
2026-04-04T10:26:15.761Z,20.22
2026-04-04T10:31:16.2Z,20.6
2026-04-04T10:36:15.779Z,20.76
2026-04-04T10:41:15.75Z,21.23
2026-04-04T10:46:15.751Z,21.34
2026-04-04T10:51:15.772Z,21.51
2026-04-04T10:56:15.787Z,21.72
2026-04-04T11:01:15.831Z,21.72
2026-04-04T11:06:15.982Z,21.97
2026-04-04T11:11:15.78Z,21.97
2026-04-04T11:16:15.984Z,22.06
2026-04-04T11:21:15.819Z,22.21
2026-04-04T11:26:15.986Z,22.26
2026-04-04T11:31:15.786Z,22.44
2026-04-04T11:36:15.954Z,22.61
2026-04-04T11:41:15.885Z,22.81
2026-04-04T11:46:15.964Z,22.93
2026-04-04T11:51:15.979Z,22.95
2026-04-04T11:56:15.785Z,23.16
2026-04-04T12:01:15.955Z,23.44
2026-04-04T12:06:16.349Z,23.44
2026-04-04T12:11:16.071Z,23.65
2026-04-04T12:16:16.246Z,23.73
2026-04-04T12:21:15.856Z,23.9
2026-04-04T12:26:16.452Z,24.28
2026-04-04T12:31:15.913Z,24.54
2026-04-04T12:36:16.048Z,24.34
2026-04-04T12:41:15.793Z,24.39
2026-04-04T12:46:16.401Z,24.48
2026-04-04T12:51:15.848Z,24.51
2026-04-04T12:56:15.847Z,24.68
2026-04-04T13:01:15.906Z,24.97
2026-04-04T13:06:15.826Z,24.88
2026-04-04T13:11:15.91Z,24.91
2026-04-04T13:16:15.723Z,25.09
2026-04-04T13:21:15.737Z,25.43
2026-04-04T13:26:15.957Z,25.32
2026-04-04T13:31:15.778Z,25.4
2026-04-04T13:36:16.371Z,25.32
2026-04-04T13:41:15.755Z,25.37
2026-04-04T13:46:15.722Z,25.57
2026-04-04T13:51:15.917Z,25.29
2026-04-04T13:56:15.708Z,25.37
2026-04-04T14:01:15.813Z,25.55
2026-04-04T14:06:15.751Z,25.57
2026-04-04T14:11:15.929Z,25.32
2026-04-04T14:16:15.729Z,25.29
2026-04-04T14:21:15.94Z,25.29
2026-04-04T14:26:15.901Z,25.37
2026-04-04T14:31:15.916Z,25.55
2026-04-04T14:36:15.898Z,25.52
2026-04-04T14:41:15.836Z,25.4
2026-04-04T14:46:15.971Z,25.43
2026-04-04T14:51:15.921Z,25.57
2026-04-04T14:56:15.707Z,25.37
2026-04-04T15:01:15.736Z,25.43
2026-04-04T15:06:15.949Z,25.6
2026-04-04T15:11:15.7Z,25.26
2026-04-04T15:16:15.952Z,25.2
2026-04-04T15:21:15.811Z,25.09
2026-04-04T15:26:15.694Z,25.23
2026-04-04T15:31:15.941Z,25.37
2026-04-04T15:36:15.878Z,25.4
2026-04-04T15:41:16.442Z,25.32
2026-04-04T15:46:15.739Z,25.2
2026-04-04T15:51:15.952Z,25.03
2026-04-04T15:56:16.352Z,25.06
2026-04-04T16:01:15.715Z,24.85
2026-04-04T16:06:15.934Z,24.88
2026-04-04T16:11:15.937Z,24.94
2026-04-04T16:16:15.952Z,24.97
2026-04-04T16:21:15.777Z,25.0
2026-04-04T16:26:16.296Z,24.91
2026-04-04T16:31:15.776Z,24.97
2026-04-04T16:36:15.905Z,24.88
2026-04-04T16:41:15.852Z,24.57
2026-04-04T16:46:15.739Z,24.48
2026-04-04T16:51:15.797Z,24.28
2026-04-04T16:56:15.945Z,24.08
2026-04-04T17:01:15.806Z,23.9
2026-04-04T17:06:15.762Z,23.88
2026-04-04T17:11:15.91Z,23.79
2026-04-04T17:16:15.748Z,23.73
2026-04-04T17:21:15.84Z,23.65
2026-04-04T17:26:15.807Z,23.62
2026-04-04T17:31:15.948Z,23.41
2026-04-04T17:36:15.8Z,23.5
2026-04-04T17:41:15.747Z,23.36
2026-04-04T17:46:15.825Z,23.21
2026-04-04T17:51:15.726Z,23.04
2026-04-04T17:56:15.84Z,23.01
2026-04-04T18:01:15.906Z,22.61
2026-04-04T18:06:15.891Z,22.32
2026-04-04T18:11:15.738Z,21.89
2026-04-04T18:16:15.891Z,21.55
2026-04-04T18:21:15.813Z,21.32
2026-04-04T18:26:15.72Z,21.0
2026-04-04T18:31:15.743Z,20.76
2026-04-04T18:36:15.688Z,20.39
2026-04-04T18:41:15.791Z,20.05
2026-04-04T18:46:15.726Z,19.76
2026-04-04T18:51:15.884Z,19.56
2026-04-04T18:56:16.745Z,19.24
2026-04-04T19:01:16.896Z,19.07
2026-04-04T19:06:15.774Z,18.84
2026-04-04T19:11:15.903Z,18.69
2026-04-04T19:16:15.825Z,18.52
2026-04-04T19:21:15.987Z,18.41
2026-04-04T19:26:15.812Z,18.26
2026-04-04T19:31:15.907Z,18.15
2026-04-04T19:36:15.793Z,18.09
2026-04-04T19:41:16.334Z,18.03
2026-04-04T19:46:15.901Z,18.0
2026-04-04T19:51:15.717Z,17.95
2026-04-04T19:56:15.929Z,17.89
2026-04-04T20:01:15.952Z,17.77
2026-04-04T20:06:15.875Z,17.57
2026-04-04T20:11:15.896Z,17.37
2026-04-04T20:16:15.864Z,17.05
2026-04-04T20:21:15.822Z,16.94
2026-04-04T20:26:15.757Z,16.79
2026-04-04T20:31:15.804Z,16.62
2026-04-04T20:36:15.926Z,16.48
2026-04-04T20:41:15.782Z,16.22
2026-04-04T20:46:15.675Z,15.96
2026-04-04T20:51:15.828Z,15.7
2026-04-04T20:56:15.829Z,15.58
2026-04-04T21:01:15.92Z,15.39
2026-04-04T21:06:15.814Z,15.3
2026-04-04T21:11:15.82Z,15.07
2026-04-04T21:16:15.736Z,14.98
2026-04-04T21:21:15.787Z,14.95
2026-04-04T21:26:15.904Z,14.95
2026-04-04T21:31:15.707Z,14.93
2026-04-04T21:36:15.902Z,15.04
2026-04-04T21:41:16.084Z,15.01
2026-04-04T21:46:15.89Z,14.93
2026-04-04T21:51:16.149Z,14.86
2026-04-04T21:56:15.935Z,14.75
2026-04-04T22:01:15.72Z,14.75
2026-04-04T22:06:15.945Z,14.64
2026-04-04T22:11:15.732Z,14.52
2026-04-04T22:16:15.958Z,14.44
2026-04-04T22:21:15.804Z,14.35
2026-04-04T22:26:15.754Z,14.23
2026-04-04T22:31:16.49Z,14.03
2026-04-04T22:36:15.883Z,13.92
2026-04-04T22:41:16.281Z,13.89
2026-04-04T22:46:17.116Z,13.83
2026-04-04T22:51:17.204Z,13.69
2026-04-04T22:56:15.704Z,13.6
2026-04-04T23:01:16.719Z,13.63
2026-04-04T23:06:15.96Z,13.66
2026-04-04T23:11:16.059Z,13.63
2026-04-04T23:16:15.889Z,13.6
2026-04-04T23:21:15.887Z,13.49
2026-04-04T23:26:15.826Z,13.46
2026-04-04T23:31:15.789Z,13.31
2026-04-04T23:36:15.744Z,13.26
2026-04-04T23:41:15.712Z,13.2
2026-04-04T23:46:15.748Z,13.11
2026-04-04T23:51:15.808Z,13.17
2026-04-04T23:56:15.8Z,13.14
2026-04-05T00:01:15.709Z,13.05
2026-04-05T00:06:15.769Z,13.11
2026-04-05T00:11:15.907Z,13.17
2026-04-05T00:16:15.809Z,13.17
2026-04-05T00:21:16.091Z,13.14
2026-04-05T00:26:15.702Z,13.2
2026-04-05T00:31:15.692Z,13.11
2026-04-05T00:36:15.9Z,13.05
2026-04-05T00:41:15.881Z,12.91
2026-04-05T00:46:15.761Z,12.74
2026-04-05T00:51:15.714Z,12.62
2026-04-05T00:56:15.819Z,12.54
2026-04-05T01:01:15.679Z,12.36
2026-04-05T01:06:15.839Z,12.36
2026-04-05T01:11:15.739Z,12.19
2026-04-05T01:16:15.759Z,12.19
2026-04-05T01:21:15.873Z,12.07
2026-04-05T01:26:15.797Z,11.96
2026-04-05T01:31:15.688Z,11.9
2026-04-05T01:36:15.813Z,11.84
2026-04-05T01:41:15.726Z,11.82
2026-04-05T01:46:15.954Z,11.73
2026-04-05T01:51:15.932Z,11.67
2026-04-05T01:56:15.96Z,11.82
2026-04-05T02:01:15.936Z,11.93
2026-04-05T02:06:15.803Z,12.1
2026-04-05T02:11:15.788Z,12.25
2026-04-05T02:16:16.127Z,12.33
2026-04-05T02:21:15.923Z,12.33
2026-04-05T02:26:15.721Z,12.36
2026-04-05T02:31:15.718Z,12.36
2026-04-05T02:36:16.237Z,12.31
2026-04-05T02:41:15.805Z,12.22
2026-04-05T02:46:15.701Z,12.13
2026-04-05T02:51:15.894Z,12.02
2026-04-05T02:56:15.805Z,11.93
2026-04-05T03:01:15.8Z,11.76
2026-04-05T03:06:15.753Z,11.73
2026-04-05T03:11:15.677Z,11.64
2026-04-05T03:16:15.773Z,11.7
2026-04-05T03:21:15.683Z,11.7
2026-04-05T03:26:16.035Z,11.79
2026-04-05T03:31:15.832Z,11.82
2026-04-05T03:36:15.822Z,11.87
2026-04-05T03:41:15.681Z,11.9
2026-04-05T03:46:15.961Z,11.79
2026-04-05T03:51:15.917Z,11.64
2026-04-05T03:56:15.918Z,11.61
2026-04-05T04:01:15.804Z,11.59
2026-04-05T04:06:15.687Z,11.7
2026-04-05T04:11:15.84Z,11.73
2026-04-05T04:16:15.765Z,11.76
2026-04-05T04:21:15.955Z,11.79
2026-04-05T04:26:15.938Z,11.7
2026-04-05T04:31:15.692Z,11.7
2026-04-05T04:36:15.779Z,11.59
2026-04-05T04:41:15.823Z,11.44
2026-04-05T04:46:15.691Z,11.5
2026-04-05T04:51:16.383Z,11.5
2026-04-05T04:56:15.68Z,11.53
2026-04-05T05:01:15.817Z,11.44
2026-04-05T05:06:15.889Z,11.35
2026-04-05T05:11:15.903Z,11.19
2026-04-05T05:16:15.682Z,11.07
2026-04-05T05:21:15.708Z,10.98
2026-04-05T05:26:15.683Z,10.84
2026-04-05T05:31:15.81Z,10.78
2026-04-05T05:36:15.906Z,10.72
2026-04-05T05:41:15.874Z,10.63
2026-04-05T05:46:15.891Z,10.63
2026-04-05T05:51:15.696Z,10.72
2026-04-05T05:56:16.804Z,10.61
2026-04-05T06:01:15.892Z,10.52
2026-04-05T06:06:15.786Z,10.52
2026-04-05T06:11:15.791Z,10.55
2026-04-05T06:16:16.063Z,10.63
2026-04-05T06:21:15.885Z,10.78
2026-04-05T06:26:15.92Z,10.86
2026-04-05T06:31:15.768Z,10.92
2026-04-05T06:36:16.434Z,11.01
2026-04-05T06:41:16.057Z,11.15
2026-04-05T06:46:15.814Z,11.38
2026-04-05T06:51:15.877Z,11.59
2026-04-05T06:56:15.877Z,11.84
2026-04-05T07:01:15.861Z,12.05
2026-04-05T07:06:15.786Z,12.33
2026-04-05T07:11:15.942Z,12.56
2026-04-05T07:16:16.379Z,12.74
2026-04-05T07:21:15.809Z,13.03
2026-04-05T07:26:15.699Z,13.26
2026-04-05T07:31:17.237Z,13.72
2026-04-05T07:36:15.885Z,13.89
2026-04-05T07:41:15.744Z,14.23
2026-04-05T07:46:15.796Z,14.55
2026-04-05T07:51:15.78Z,14.81
2026-04-05T07:56:15.911Z,15.12
2026-04-05T08:01:15.88Z,15.35
2026-04-05T08:06:15.791Z,15.67
2026-04-05T08:11:15.773Z,15.73
2026-04-05T08:16:16.257Z,15.99
2026-04-05T08:21:15.702Z,16.22
2026-04-05T08:26:15.705Z,16.71
2026-04-05T08:31:15.809Z,16.97
2026-04-05T08:36:15.718Z,17.31
2026-04-05T08:41:15.863Z,17.69
2026-04-05T08:46:15.946Z,17.97
2026-04-05T08:51:16.608Z,18.44
2026-04-05T08:56:15.71Z,18.58
2026-04-05T09:01:16.278Z,19.07
2026-04-05T09:06:15.758Z,18.98
2026-04-05T09:11:15.91Z,19.13
2026-04-05T09:16:16.986Z,19.47
2026-04-05T09:21:15.673Z,20.02
2026-04-05T09:26:15.905Z,20.39
2026-04-05T09:31:15.803Z,20.22
2026-04-05T09:36:15.77Z,20.48
2026-04-05T09:41:15.678Z,20.76
2026-04-05T09:46:15.869Z,21.17
2026-04-05T09:51:15.942Z,21.46
2026-04-05T09:56:15.693Z,21.57
2026-04-05T10:01:15.678Z,21.32
2026-04-05T10:06:15.772Z,21.6
2026-04-05T10:11:15.877Z,21.95
2026-04-05T10:16:16.066Z,22.06
2026-04-05T10:21:15.822Z,22.41
2026-04-05T10:26:15.708Z,22.55
2026-04-05T10:31:16.104Z,22.78
2026-04-05T10:36:15.957Z,23.16
2026-04-05T10:41:15.689Z,23.33
2026-04-05T10:46:15.877Z,23.47
2026-04-05T10:51:15.71Z,23.67
2026-04-05T10:56:16.302Z,23.7
2026-04-05T11:01:15.853Z,23.79
2026-04-05T11:06:15.849Z,23.96
2026-04-05T11:11:15.763Z,24.02
2026-04-05T11:16:15.952Z,24.39
2026-04-05T11:21:15.776Z,24.42
2026-04-05T11:26:15.75Z,24.54
2026-04-05T11:31:15.953Z,24.8
2026-04-05T11:36:15.949Z,24.68
2026-04-05T11:41:15.798Z,24.62
2026-04-05T11:46:15.806Z,24.77
2026-04-05T11:51:15.759Z,25.03
2026-04-05T11:56:15.852Z,25.09
2026-04-05T12:01:15.679Z,25.34
2026-04-05T12:06:15.724Z,25.43
2026-04-05T12:11:15.926Z,25.23
2026-04-05T12:16:15.837Z,25.14
2026-04-05T12:21:15.69Z,25.4
2026-04-05T12:26:15.743Z,25.32
2026-04-05T12:31:15.678Z,25.4
2026-04-05T12:36:15.796Z,25.63
2026-04-05T12:41:15.691Z,25.55
2026-04-05T12:46:15.757Z,25.49
2026-04-05T12:51:15.897Z,25.55
2026-04-05T12:56:15.918Z,25.8
2026-04-05T13:01:15.802Z,25.57
2026-04-05T13:06:15.756Z,25.69
2026-04-05T13:11:15.796Z,25.86
2026-04-05T13:16:15.844Z,26.09
2026-04-05T13:21:15.847Z,25.89
2026-04-05T13:26:15.795Z,25.83
2026-04-05T13:31:15.822Z,25.55
2026-04-05T13:36:15.904Z,25.69
2026-04-05T13:41:15.919Z,25.83
2026-04-05T13:46:16.258Z,25.8
2026-04-05T13:51:15.839Z,25.4
2026-04-05T13:56:15.877Z,25.37
2026-04-05T14:01:15.693Z,25.29
2026-04-05T14:06:15.858Z,25.46
2026-04-05T14:11:15.934Z,25.63
2026-04-05T14:16:15.698Z,25.66
2026-04-05T14:21:15.933Z,25.78
2026-04-05T14:26:15.9Z,25.6
2026-04-05T14:31:15.898Z,25.43
2026-04-05T14:36:15.866Z,25.46
2026-04-05T14:41:15.716Z,25.52
2026-04-05T14:46:15.713Z,25.52
2026-04-05T14:51:15.749Z,25.52
2026-04-05T14:56:15.905Z,25.78
2026-04-05T15:01:15.9Z,25.86
2026-04-05T15:06:15.845Z,25.89
2026-04-05T15:11:15.94Z,25.8
2026-04-05T15:16:15.726Z,25.69
2026-04-05T15:21:15.708Z,25.66
2026-04-05T15:26:15.764Z,25.78
2026-04-05T15:31:15.769Z,25.75
2026-04-05T15:36:15.773Z,25.66
2026-04-05T15:41:15.853Z,25.43
2026-04-05T15:46:15.948Z,25.46
2026-04-05T15:51:15.702Z,25.37
2026-04-05T15:56:15.976Z,25.55
2026-04-05T16:01:15.888Z,25.57
2026-04-05T16:06:15.934Z,25.49
2026-04-05T16:11:15.843Z,25.43
2026-04-05T16:16:15.908Z,25.26
2026-04-05T16:21:15.843Z,25.26
2026-04-05T16:26:15.882Z,25.03
2026-04-05T16:31:15.882Z,25.23
2026-04-05T16:36:15.959Z,25.11
2026-04-05T16:41:15.724Z,25.11
2026-04-05T16:46:15.945Z,25.03
2026-04-05T16:51:15.88Z,25.03
2026-04-05T16:56:17.04Z,25.0
2026-04-05T17:01:15.874Z,24.88
2026-04-05T17:06:15.861Z,24.74
2026-04-05T17:11:15.876Z,24.62
2026-04-05T17:16:17.043Z,24.42
2026-04-05T17:21:16.734Z,24.22
2026-04-05T17:26:15.877Z,24.16
2026-04-05T17:31:16.232Z,24.05
2026-04-05T17:36:16.426Z,23.96
2026-04-05T17:41:15.941Z,23.67
2026-04-05T17:46:15.93Z,23.41
2026-04-05T17:51:15.771Z,23.18
2026-04-05T17:56:16.119Z,22.9
2026-04-05T18:01:15.685Z,22.58
2026-04-05T18:06:15.853Z,22.29
2026-04-05T18:11:15.929Z,22.09
2026-04-05T18:16:15.718Z,21.86
2026-04-05T18:21:15.856Z,21.74
2026-04-05T18:26:16.272Z,21.51
2026-04-05T18:31:15.857Z,21.25
2026-04-05T18:36:15.701Z,21.06
2026-04-05T18:41:15.911Z,20.71
2026-04-05T18:46:15.772Z,20.51
2026-04-05T18:51:15.676Z,20.31
2026-04-05T18:56:15.946Z,20.19
2026-04-05T19:01:15.698Z,20.02
2026-04-05T19:06:15.926Z,19.79
2026-04-05T19:11:15.894Z,19.62
2026-04-05T19:16:15.767Z,19.47
2026-04-05T19:21:16.03Z,19.39
2026-04-05T19:26:15.839Z,19.16
2026-04-05T19:31:15.753Z,18.9
2026-04-05T19:36:15.673Z,18.84
2026-04-05T19:41:15.853Z,18.64
2026-04-05T19:46:15.692Z,18.46
2026-04-05T19:51:16.375Z,18.35
2026-04-05T19:56:15.861Z,18.21
2026-04-05T20:01:16.201Z,18.09
2026-04-05T20:06:15.863Z,17.97
2026-04-05T20:11:15.952Z,17.89
2026-04-05T20:16:15.782Z,17.8
2026-04-05T20:21:16.113Z,17.72
2026-04-05T20:26:15.889Z,17.54
2026-04-05T20:31:15.951Z,17.28
2026-04-05T20:36:15.82Z,17.11
2026-04-05T20:41:15.847Z,17.05
2026-04-05T20:46:15.808Z,16.79
2026-04-05T20:51:15.772Z,16.68
2026-04-05T20:56:15.722Z,16.56
2026-04-05T21:01:15.698Z,16.42
2026-04-05T21:06:15.813Z,16.37
2026-04-05T21:11:15.929Z,16.22
2026-04-05T21:16:15.852Z,16.14
2026-04-05T21:21:15.675Z,16.02
2026-04-05T21:26:15.729Z,15.99
2026-04-05T21:31:15.84Z,15.88
2026-04-05T21:36:15.821Z,15.7
2026-04-05T21:41:15.883Z,15.58
2026-04-05T21:46:15.687Z,15.47
2026-04-05T21:51:15.785Z,15.33
2026-04-05T21:56:16.272Z,15.21
2026-04-05T22:01:15.955Z,15.27
2026-04-05T22:06:15.723Z,15.24
2026-04-05T22:11:15.846Z,15.21
2026-04-05T22:16:15.854Z,15.33
2026-04-05T22:21:15.958Z,15.39
2026-04-05T22:26:15.88Z,15.33
2026-04-05T22:31:15.933Z,15.27
2026-04-05T22:36:15.721Z,15.27
2026-04-05T22:41:16.773Z,15.21
2026-04-05T22:46:15.861Z,15.33
2026-04-05T22:51:15.964Z,15.35
2026-04-05T22:56:15.732Z,15.27
2026-04-05T23:01:15.945Z,15.27
2026-04-05T23:06:15.915Z,15.16
2026-04-05T23:11:15.741Z,14.98
2026-04-05T23:16:15.724Z,14.95
2026-04-05T23:21:15.702Z,14.72
2026-04-05T23:26:15.687Z,14.64
2026-04-05T23:31:15.857Z,14.49
2026-04-05T23:36:15.819Z,14.35
2026-04-05T23:41:15.716Z,14.21
2026-04-05T23:46:15.891Z,14.15
2026-04-05T23:51:15.91Z,14.15
2026-04-05T23:56:16.912Z,14.23
2026-04-06T00:01:15.868Z,14.32
2026-04-06T00:06:16.241Z,14.47
2026-04-06T00:11:16.346Z,14.55
2026-04-06T00:16:15.77Z,14.52
2026-04-06T00:21:16.565Z,14.58
2026-04-06T00:26:15.899Z,14.58
2026-04-06T00:31:15.691Z,14.41
2026-04-06T00:36:15.711Z,14.29
2026-04-06T00:41:15.804Z,14.26
2026-04-06T00:46:15.825Z,14.12
2026-04-06T00:51:15.949Z,14.09
2026-04-06T00:56:15.864Z,14.03
2026-04-06T01:01:16.149Z,13.92
2026-04-06T01:06:15.818Z,13.77
2026-04-06T01:11:15.689Z,13.66
2026-04-06T01:16:15.695Z,13.6
2026-04-06T01:21:15.724Z,13.54
2026-04-06T01:26:15.965Z,13.46
2026-04-06T01:31:15.948Z,13.34
2026-04-06T01:36:15.712Z,13.28
2026-04-06T01:41:15.899Z,13.17
2026-04-06T01:46:15.878Z,13.26
2026-04-06T01:51:15.919Z,13.31
2026-04-06T01:56:15.822Z,13.17
2026-04-06T02:01:15.839Z,13.14
2026-04-06T02:06:15.968Z,13.05
2026-04-06T02:11:15.77Z,13.11
2026-04-06T02:16:15.948Z,13.11
2026-04-06T02:21:15.766Z,13.2
2026-04-06T02:26:15.718Z,13.23
2026-04-06T02:31:15.873Z,13.05
2026-04-06T02:36:15.839Z,12.82
2026-04-06T02:41:15.911Z,12.62
2026-04-06T02:46:15.907Z,12.42
2026-04-06T02:51:16.093Z,12.33
2026-04-06T02:56:15.977Z,12.25
2026-04-06T03:01:15.831Z,12.28
2026-04-06T03:06:15.729Z,12.28
2026-04-06T03:11:15.929Z,12.16
2026-04-06T03:16:15.954Z,11.99
2026-04-06T03:21:15.935Z,11.96
2026-04-06T03:26:15.781Z,11.84
2026-04-06T03:31:15.912Z,11.7
2026-04-06T03:36:15.935Z,11.73
2026-04-06T03:41:15.939Z,11.7
2026-04-06T03:46:15.698Z,11.59
2026-04-06T03:51:15.882Z,11.53
2026-04-06T03:56:16.498Z,11.56
2026-04-06T04:01:15.876Z,11.56
2026-04-06T04:06:15.823Z,11.5
2026-04-06T04:11:15.742Z,11.47
2026-04-06T04:16:15.82Z,11.41
2026-04-06T04:21:16.383Z,11.35
2026-04-06T04:26:16.688Z,11.24
2026-04-06T04:31:15.837Z,11.21
2026-04-06T04:36:15.728Z,11.33
2026-04-06T04:41:15.743Z,11.47
2026-04-06T04:46:15.72Z,11.35
2026-04-06T04:51:15.778Z,11.21
2026-04-06T04:56:15.748Z,11.19
2026-04-06T05:01:15.918Z,11.15
2026-04-06T05:06:15.949Z,11.1
2026-04-06T05:11:15.865Z,11.04
2026-04-06T05:16:15.97Z,11.01
2026-04-06T05:21:15.891Z,10.98
2026-04-06T05:26:15.719Z,10.98
2026-04-06T05:31:15.742Z,10.84
2026-04-06T05:36:15.908Z,10.81
2026-04-06T05:41:16.264Z,10.72
2026-04-06T05:46:15.83Z,10.84
2026-04-06T05:51:15.827Z,10.81
2026-04-06T05:56:15.735Z,10.89
2026-04-06T06:01:15.883Z,10.92
2026-04-06T06:06:16.762Z,11.12
2026-04-06T06:11:15.781Z,11.44
2026-04-06T06:16:15.754Z,11.59
2026-04-06T06:21:15.698Z,11.67
2026-04-06T06:26:15.878Z,11.82
2026-04-06T06:31:15.947Z,11.93
2026-04-06T06:36:15.885Z,12.1
2026-04-06T06:41:16.605Z,12.16
2026-04-06T06:46:15.901Z,12.25
2026-04-06T06:51:15.912Z,12.36
2026-04-06T06:56:15.716Z,12.51
2026-04-06T07:01:15.714Z,12.65
2026-04-06T07:06:15.757Z,12.85
2026-04-06T07:11:15.829Z,13.03
2026-04-06T07:16:16.63Z,13.2
2026-04-06T07:21:15.887Z,13.37
2026-04-06T07:26:16.177Z,13.57
2026-04-06T07:31:15.731Z,13.83
2026-04-06T07:36:15.733Z,14.09
2026-04-06T07:41:15.8Z,14.37
2026-04-06T07:46:15.847Z,14.64
2026-04-06T07:51:15.946Z,14.93
2026-04-06T07:56:15.742Z,15.19
2026-04-06T08:01:15.827Z,15.53
2026-04-06T08:06:15.926Z,15.65
2026-04-06T08:11:16.263Z,15.81
2026-04-06T08:16:15.798Z,16.19
2026-04-06T08:21:15.751Z,16.42
2026-04-06T08:26:16.449Z,16.74
2026-04-06T08:31:15.731Z,16.94
2026-04-06T08:36:15.797Z,17.28
2026-04-06T08:41:15.928Z,17.54
2026-04-06T08:46:15.89Z,17.77
2026-04-06T08:51:15.805Z,18.09
2026-04-06T08:56:15.734Z,18.41
2026-04-06T09:01:15.932Z,18.38
2026-04-06T09:06:15.877Z,18.58
2026-04-06T09:11:15.777Z,18.98
2026-04-06T09:16:15.847Z,19.16
2026-04-06T09:21:15.844Z,19.56
2026-04-06T09:26:15.948Z,19.62
2026-04-06T09:31:15.722Z,20.05
2026-04-06T09:36:15.877Z,20.28
2026-04-06T09:41:15.84Z,20.25
2026-04-06T09:46:15.857Z,20.22
2026-04-06T09:51:15.785Z,20.28
2026-04-06T09:56:15.773Z,20.31
2026-04-06T10:01:15.746Z,20.31
2026-04-06T10:06:15.942Z,20.45
2026-04-06T10:11:15.764Z,20.05
2026-04-06T10:16:15.937Z,20.68
2026-04-06T10:21:15.857Z,21.11
2026-04-06T10:26:15.846Z,21.11
2026-04-06T10:31:15.709Z,20.91
2026-04-06T10:36:15.831Z,21.34
2026-04-06T10:41:16.338Z,21.6
2026-04-06T10:46:15.818Z,21.81
2026-04-06T10:51:15.88Z,21.95
2026-04-06T10:56:15.874Z,22.04
2026-04-06T11:01:15.808Z,21.77
2026-04-06T11:06:15.754Z,22.09
2026-04-06T11:11:15.896Z,22.15
2026-04-06T11:16:15.915Z,22.23
2026-04-06T11:21:15.773Z,22.55
2026-04-06T11:26:15.978Z,22.87
2026-04-06T11:31:15.739Z,22.93
2026-04-06T11:36:15.785Z,23.01
2026-04-06T11:41:15.736Z,23.04
2026-04-06T11:46:15.946Z,23.1
2026-04-06T11:51:15.924Z,23.16
2026-04-06T11:56:15.841Z,23.21
2026-04-06T12:01:15.956Z,23.33
2026-04-06T12:06:15.877Z,23.41
2026-04-06T12:11:15.706Z,23.36
2026-04-06T12:16:15.839Z,23.41
2026-04-06T12:21:15.851Z,23.56
2026-04-06T12:26:15.759Z,23.7
2026-04-06T12:31:16.123Z,23.96
2026-04-06T12:36:15.723Z,23.82
2026-04-06T12:41:15.94Z,23.88
2026-04-06T12:46:15.838Z,23.88
2026-04-06T12:51:15.854Z,23.85
2026-04-06T12:56:15.846Z,23.99
2026-04-06T13:01:15.701Z,24.31
2026-04-06T13:06:15.906Z,24.31
2026-04-06T13:11:15.765Z,24.22
2026-04-06T13:16:16.037Z,24.37
2026-04-06T13:21:16.187Z,24.19
2026-04-06T13:26:15.91Z,24.13
2026-04-06T13:31:15.88Z,24.22
2026-04-06T13:36:15.757Z,24.25
2026-04-06T13:41:15.747Z,24.16
2026-04-06T13:46:15.9Z,24.31
2026-04-06T13:51:16.378Z,24.25
2026-04-06T13:56:16.916Z,24.28
2026-04-06T14:01:16.337Z,24.05
2026-04-06T14:06:15.807Z,23.96
2026-04-06T14:11:15.901Z,23.9
2026-04-06T14:16:15.697Z,23.76
2026-04-06T14:21:15.842Z,24.05
2026-04-06T14:26:15.79Z,23.99
2026-04-06T14:31:15.914Z,23.88
2026-04-06T14:36:15.819Z,23.82
2026-04-06T14:41:15.724Z,23.93
2026-04-06T14:46:15.952Z,23.82
2026-04-06T14:51:16.1Z,23.76
2026-04-06T14:56:16.085Z,23.7
2026-04-06T15:01:15.974Z,23.62
2026-04-06T15:06:16.5Z,23.56
2026-04-06T15:11:15.698Z,23.7
2026-04-06T15:16:15.919Z,23.59
2026-04-06T15:21:15.725Z,23.62
2026-04-06T15:26:15.843Z,23.56
2026-04-06T15:31:15.875Z,23.44
2026-04-06T15:36:15.707Z,23.7
2026-04-06T15:41:15.911Z,23.44
2026-04-06T15:46:15.764Z,23.3
2026-04-06T15:51:15.731Z,23.47
2026-04-06T15:56:15.925Z,23.59
2026-04-06T16:01:15.694Z,23.33
2026-04-06T16:06:15.914Z,23.3
2026-04-06T16:11:15.693Z,23.24
2026-04-06T16:16:15.861Z,22.78
2026-04-06T16:21:15.755Z,22.67
2026-04-06T16:26:15.725Z,22.55
2026-04-06T16:31:15.84Z,22.67
2026-04-06T16:36:15.773Z,22.55
2026-04-06T16:41:15.894Z,22.44
2026-04-06T16:46:15.883Z,22.41
2026-04-06T16:51:16.333Z,22.23
2026-04-06T16:56:15.746Z,22.21
2026-04-06T17:01:15.861Z,21.72
2026-04-06T17:06:15.832Z,21.49
2026-04-06T17:11:15.959Z,21.55
2026-04-06T17:16:16.211Z,21.46
2026-04-06T17:21:15.91Z,21.17
2026-04-06T17:26:15.906Z,20.76
2026-04-06T17:31:15.817Z,20.39
2026-04-06T17:36:15.777Z,20.19
2026-04-06T17:41:15.691Z,20.08
2026-04-06T17:46:16.157Z,19.99
2026-04-06T17:51:15.903Z,19.79
2026-04-06T17:56:15.869Z,19.62
2026-04-06T18:01:17.627Z,19.44
2026-04-06T18:06:15.738Z,19.33
2026-04-06T18:11:15.816Z,19.27
2026-04-06T18:16:15.768Z,19.13
2026-04-06T18:21:15.749Z,18.98
2026-04-06T18:26:15.769Z,18.9
2026-04-06T18:31:15.857Z,18.67
2026-04-06T18:36:16.151Z,18.46
2026-04-06T18:41:16.205Z,18.35
2026-04-06T18:46:16.407Z,18.21
2026-04-06T18:51:16.905Z,18.18
2026-04-06T18:56:15.652Z,17.95
2026-04-06T19:01:15.669Z,17.86
2026-04-06T19:06:15.734Z,17.69
2026-04-06T19:11:15.693Z,17.57
2026-04-06T19:16:15.881Z,17.43
2026-04-06T19:21:15.68Z,17.26
2026-04-06T19:26:15.873Z,17.17
2026-04-06T19:31:15.765Z,17.11
2026-04-06T19:36:15.844Z,17.02
2026-04-06T19:41:15.882Z,16.97
2026-04-06T19:46:15.817Z,16.91
2026-04-06T19:51:15.881Z,16.79
2026-04-06T19:56:15.68Z,16.71
2026-04-06T20:01:15.718Z,16.62
2026-04-06T20:06:16.719Z,16.53
2026-04-06T20:11:15.896Z,16.37
2026-04-06T20:16:15.819Z,16.28
2026-04-06T20:21:15.68Z,16.1
2026-04-06T20:26:15.672Z,16.05
2026-04-06T20:31:15.74Z,15.9
2026-04-06T20:36:15.852Z,15.76
2026-04-06T20:41:15.855Z,15.7
2026-04-06T20:46:15.751Z,15.42
2026-04-06T20:51:15.716Z,15.24
2026-04-06T20:56:15.773Z,15.12
2026-04-06T21:01:15.802Z,15.09
2026-04-06T21:06:15.636Z,14.95
2026-04-06T21:11:15.678Z,14.95
2026-04-06T21:16:15.8Z,14.86
2026-04-06T21:21:16.431Z,14.86
2026-04-06T21:26:15.702Z,14.86
2026-04-06T21:31:15.687Z,14.72
2026-04-06T21:36:15.839Z,14.61
2026-04-06T21:41:15.738Z,14.52
2026-04-06T21:46:15.803Z,14.44
2026-04-06T21:51:15.792Z,14.21
2026-04-06T21:56:15.883Z,14.21
2026-04-06T22:01:15.669Z,14.15
2026-04-06T22:06:15.824Z,14.15
2026-04-06T22:11:15.663Z,14.06
2026-04-06T22:16:15.661Z,13.98
2026-04-06T22:21:15.687Z,13.95
2026-04-06T22:26:15.672Z,13.95
2026-04-06T22:31:15.67Z,13.98
2026-04-06T22:36:15.753Z,14.12
2026-04-06T22:41:15.765Z,14.18
2026-04-06T22:46:15.884Z,14.21
2026-04-06T22:51:15.871Z,14.32
2026-04-06T22:56:15.929Z,14.32
2026-04-06T23:01:15.635Z,14.29
2026-04-06T23:06:15.809Z,14.32
2026-04-06T23:11:15.725Z,14.26
2026-04-06T23:16:15.85Z,14.29
2026-04-06T23:21:15.871Z,14.26
2026-04-06T23:26:15.662Z,14.32
2026-04-06T23:31:15.697Z,14.37
2026-04-06T23:36:15.787Z,14.37
2026-04-06T23:41:15.747Z,14.37
2026-04-06T23:46:15.735Z,14.21
2026-04-06T23:51:15.786Z,14.0
2026-04-06T23:56:15.849Z,13.89
2026-04-07T00:01:15.63Z,13.69
2026-04-07T00:06:17.166Z,13.54
2026-04-07T00:11:15.65Z,13.37
2026-04-07T00:16:15.781Z,13.26
2026-04-07T00:21:15.69Z,13.37
2026-04-07T00:26:15.779Z,13.23
2026-04-07T00:31:15.63Z,13.26
2026-04-07T00:36:15.799Z,13.11
2026-04-07T00:41:15.732Z,13.0
2026-04-07T00:46:15.89Z,12.97
2026-04-07T00:51:15.826Z,12.94
2026-04-07T00:56:16.337Z,13.11
2026-04-07T01:01:15.865Z,13.11
2026-04-07T01:06:16.299Z,12.94
2026-04-07T01:11:15.66Z,12.79
2026-04-07T01:16:15.814Z,12.91
2026-04-07T01:21:15.793Z,13.05
2026-04-07T01:26:15.702Z,13.34
2026-04-07T01:31:15.776Z,13.51
2026-04-07T01:36:15.773Z,13.72
2026-04-07T01:41:15.797Z,13.69
2026-04-07T01:46:15.716Z,13.66
2026-04-07T01:51:15.609Z,13.66
2026-04-07T01:56:15.71Z,13.54
2026-04-07T02:01:15.648Z,13.4
2026-04-07T02:06:16.193Z,13.28
2026-04-07T02:11:15.6Z,13.2
2026-04-07T02:16:15.637Z,13.0
2026-04-07T02:21:15.837Z,12.85
2026-04-07T02:26:15.853Z,12.79
2026-04-07T02:31:15.679Z,12.68
2026-04-07T02:36:15.841Z,12.59
2026-04-07T02:41:15.722Z,12.48
2026-04-07T02:46:15.602Z,12.51
2026-04-07T02:51:15.609Z,12.31
2026-04-07T02:56:15.686Z,12.31
2026-04-07T03:01:15.717Z,12.25
2026-04-07T03:06:15.627Z,12.13
2026-04-07T03:11:15.787Z,12.13
2026-04-07T03:16:16.329Z,12.19
2026-04-07T03:21:15.729Z,12.1
2026-04-07T03:26:15.759Z,12.07
2026-04-07T03:31:15.779Z,12.07
2026-04-07T03:36:15.621Z,12.02
2026-04-07T03:41:15.78Z,11.93
2026-04-07T03:46:15.814Z,11.9
2026-04-07T03:51:15.785Z,11.76
2026-04-07T03:56:15.846Z,11.7
2026-04-07T04:01:15.679Z,11.7
2026-04-07T04:06:16.104Z,11.67
2026-04-07T04:11:15.617Z,11.61
2026-04-07T04:16:15.788Z,11.56
2026-04-07T04:21:15.744Z,11.5
2026-04-07T04:26:15.726Z,11.35
2026-04-07T04:31:15.676Z,11.41
2026-04-07T04:36:15.785Z,11.41
2026-04-07T04:41:16.09Z,11.38
2026-04-07T04:46:16.581Z,11.33
2026-04-07T04:51:15.824Z,11.38
2026-04-07T04:56:15.859Z,11.38
2026-04-07T05:01:15.817Z,11.33
2026-04-07T05:06:15.704Z,11.38
2026-04-07T05:11:15.697Z,11.27
2026-04-07T05:16:15.825Z,11.3
2026-04-07T05:21:15.973Z,11.21
2026-04-07T05:26:15.791Z,11.21
2026-04-07T05:31:15.652Z,11.24
2026-04-07T05:36:15.668Z,11.24
2026-04-07T05:41:15.818Z,11.27
2026-04-07T05:46:15.72Z,11.21
2026-04-07T05:51:16.04Z,11.15
2026-04-07T05:56:16.99Z,11.12
2026-04-07T06:01:15.718Z,11.1
2026-04-07T06:06:15.849Z,11.21
2026-04-07T06:11:15.683Z,11.3
2026-04-07T06:16:15.82Z,11.41
2026-04-07T06:21:15.687Z,11.53
2026-04-07T06:26:15.677Z,11.64
2026-04-07T06:31:15.636Z,11.76
2026-04-07T06:36:15.793Z,11.82
2026-04-07T06:41:15.689Z,12.02
2026-04-07T06:46:15.798Z,12.36
2026-04-07T06:51:15.654Z,12.71
2026-04-07T06:56:15.808Z,13.05
2026-04-07T07:01:15.778Z,13.37
2026-04-07T07:06:15.785Z,13.72
2026-04-07T07:11:15.759Z,14.03
2026-04-07T07:16:15.827Z,14.32
2026-04-07T07:21:15.825Z,14.61
2026-04-07T07:26:15.651Z,14.95
2026-04-07T07:31:15.911Z,15.09
2026-04-07T07:36:16.072Z,15.21
2026-04-07T07:41:15.653Z,15.44
2026-04-07T07:46:15.841Z,15.61
2026-04-07T07:51:15.71Z,15.7
2026-04-07T07:56:15.796Z,15.96
2026-04-07T08:01:15.705Z,16.25
2026-04-07T08:06:15.653Z,16.42
2026-04-07T08:11:15.792Z,16.59
2026-04-07T08:16:15.732Z,16.77
2026-04-07T08:21:15.636Z,16.94
2026-04-07T08:26:15.636Z,17.14
2026-04-07T08:31:15.608Z,17.26
2026-04-07T08:36:15.695Z,17.43
2026-04-07T08:41:15.709Z,17.54
2026-04-07T08:46:15.609Z,17.63
2026-04-07T08:51:15.837Z,17.74
2026-04-07T08:56:15.786Z,18.06
2026-04-07T09:01:15.626Z,18.29
2026-04-07T09:06:15.706Z,18.55
2026-04-07T09:11:15.616Z,18.84
2026-04-07T09:16:15.807Z,19.16
2026-04-07T09:21:15.616Z,19.36
2026-04-07T09:26:15.684Z,19.85
2026-04-07T09:31:15.802Z,20.16
2026-04-07T09:36:15.863Z,20.45
2026-04-07T09:41:15.803Z,20.68
2026-04-07T09:46:15.786Z,21.37
2026-04-07T09:51:15.635Z,21.43
2026-04-07T09:56:15.731Z,21.23
2026-04-07T10:01:16.214Z,21.51
2026-04-07T10:06:15.741Z,21.97
2026-04-07T10:11:15.782Z,22.46
2026-04-07T10:16:15.622Z,22.64
2026-04-07T10:21:15.795Z,22.61
2026-04-07T10:26:15.699Z,22.61
2026-04-07T10:31:15.668Z,22.67
2026-04-07T10:36:16.03Z,22.75
2026-04-07T10:41:15.768Z,22.69
2026-04-07T10:46:15.718Z,22.84
2026-04-07T10:51:15.756Z,22.93
2026-04-07T10:56:15.691Z,22.98
2026-04-07T11:01:15.744Z,22.87
2026-04-07T11:06:15.732Z,23.1
2026-04-07T11:11:15.693Z,23.21
2026-04-07T11:16:15.808Z,23.5
2026-04-07T11:21:15.696Z,23.79
2026-04-07T11:26:15.621Z,23.3
2026-04-07T11:31:15.629Z,23.13
2026-04-07T11:36:15.743Z,23.44
2026-04-07T11:41:15.676Z,23.53
2026-04-07T11:46:15.727Z,23.5
2026-04-07T11:51:15.659Z,23.56
2026-04-07T11:56:15.812Z,23.47
2026-04-07T12:01:15.605Z,23.18
2026-04-07T12:06:16.125Z,22.9
2026-04-07T12:11:15.795Z,22.67
2026-04-07T12:16:15.699Z,22.52
2026-04-07T12:21:15.755Z,22.69
2026-04-07T12:26:16.592Z,23.1
2026-04-07T12:31:15.817Z,23.24
2026-04-07T12:36:15.828Z,23.36
2026-04-07T12:41:15.654Z,23.27
2026-04-07T12:46:15.698Z,23.39
2026-04-07T12:51:15.587Z,23.56
2026-04-07T12:56:15.785Z,23.5
2026-04-07T13:01:15.816Z,23.24
2026-04-07T13:06:15.799Z,23.24
2026-04-07T13:11:16.261Z,23.33
2026-04-07T13:16:15.925Z,23.16
2026-04-07T13:21:15.61Z,23.27
2026-04-07T13:26:15.83Z,23.21
2026-04-07T13:31:15.739Z,23.18
2026-04-07T13:36:15.861Z,22.93
2026-04-07T13:41:15.681Z,23.13
2026-04-07T13:46:15.761Z,23.24
2026-04-07T13:51:15.707Z,23.3
2026-04-07T13:56:15.822Z,23.36
2026-04-07T14:01:15.789Z,23.24
2026-04-07T14:06:15.827Z,23.47
2026-04-07T14:11:15.8Z,23.36
2026-04-07T14:16:15.611Z,23.27
2026-04-07T14:21:15.823Z,23.1
2026-04-07T14:26:15.697Z,23.16
2026-04-07T14:31:15.751Z,23.1
2026-04-07T14:36:15.674Z,22.81
2026-04-07T14:41:15.775Z,22.75
2026-04-07T14:46:15.816Z,22.29
2026-04-07T14:51:15.762Z,22.12
2026-04-07T14:56:15.774Z,22.23
2026-04-07T15:01:16.454Z,22.38
2026-04-07T15:06:15.818Z,22.52
2026-04-07T15:11:15.737Z,22.52
2026-04-07T15:16:15.813Z,22.41
2026-04-07T15:21:15.609Z,22.38
2026-04-07T15:26:15.576Z,22.44
2026-04-07T15:31:15.783Z,22.35
2026-04-07T15:36:15.677Z,22.38
2026-04-07T15:41:15.894Z,22.12
2026-04-07T15:46:15.797Z,22.06
2026-04-07T15:51:15.684Z,21.57
2026-04-07T15:56:15.813Z,21.51
2026-04-07T16:01:15.612Z,21.57
2026-04-07T16:06:15.722Z,21.69
2026-04-07T16:11:15.621Z,22.09
2026-04-07T16:16:15.723Z,22.12
2026-04-07T16:21:15.609Z,22.21
2026-04-07T16:26:15.723Z,22.0
2026-04-07T16:31:15.605Z,21.89
2026-04-07T16:36:15.664Z,21.55
2026-04-07T16:41:15.694Z,21.43
2026-04-07T16:46:15.818Z,21.4
2026-04-07T16:51:15.726Z,21.4
2026-04-07T16:56:15.782Z,21.34
2026-04-07T17:01:15.619Z,21.14
2026-04-07T17:06:15.641Z,20.97
2026-04-07T17:11:15.778Z,20.76
2026-04-07T17:16:15.75Z,20.45
2026-04-07T17:21:15.572Z,20.42
2026-04-07T17:26:15.633Z,20.31
2026-04-07T17:31:16.16Z,20.11
2026-04-07T17:36:16.339Z,19.85
2026-04-07T17:41:15.726Z,19.73
2026-04-07T17:46:15.747Z,19.67
2026-04-07T17:51:15.771Z,19.59
2026-04-07T17:56:16.15Z,19.56
2026-04-07T18:01:15.599Z,19.53
2026-04-07T18:06:15.721Z,19.42
2026-04-07T18:11:16.287Z,19.27
2026-04-07T18:16:15.698Z,19.18
2026-04-07T18:21:15.753Z,19.01
2026-04-07T18:26:15.754Z,19.01
2026-04-07T18:31:15.59Z,18.93
2026-04-07T18:36:15.717Z,18.84
2026-04-07T18:41:16.786Z,18.67
2026-04-07T18:46:15.778Z,18.55
2026-04-07T18:51:15.736Z,18.46
2026-04-07T18:56:15.729Z,18.29
2026-04-07T19:01:15.808Z,18.29
2026-04-07T19:06:15.562Z,18.15
2026-04-07T19:11:15.629Z,18.0
2026-04-07T19:16:15.794Z,17.97
2026-04-07T19:21:15.63Z,17.83
2026-04-07T19:26:15.695Z,17.77
2026-04-07T19:31:15.785Z,17.63
2026-04-07T19:36:15.746Z,17.49
2026-04-07T19:41:16.152Z,17.4
2026-04-07T19:46:15.592Z,17.4
2026-04-07T19:51:15.724Z,17.23
2026-04-07T19:56:15.763Z,17.23
2026-04-07T20:01:15.714Z,17.17
2026-04-07T20:06:15.641Z,17.08
2026-04-07T20:11:15.691Z,17.02
2026-04-07T20:16:15.773Z,16.85
2026-04-07T20:21:15.595Z,16.71
2026-04-07T20:26:15.681Z,16.59
2026-04-07T20:31:15.635Z,16.51
2026-04-07T20:36:15.815Z,16.3
2026-04-07T20:41:15.627Z,16.14
2026-04-07T20:46:15.57Z,15.84
2026-04-07T20:51:15.706Z,15.79
2026-04-07T20:56:15.657Z,15.61
2026-04-07T21:01:15.8Z,15.47
2026-04-07T21:06:15.69Z,15.33
2026-04-07T21:11:15.788Z,15.44
2026-04-07T21:16:16.455Z,15.44
2026-04-07T21:21:15.778Z,15.47
2026-04-07T21:26:15.711Z,15.5
2026-04-07T21:31:15.564Z,15.5
2026-04-07T21:36:15.792Z,15.53
2026-04-07T21:41:15.763Z,15.65
2026-04-07T21:46:15.645Z,15.58
2026-04-07T21:51:15.814Z,15.56
2026-04-07T21:56:15.725Z,15.44
2026-04-07T22:01:15.766Z,15.5
2026-04-07T22:06:15.794Z,15.47
2026-04-07T22:11:15.61Z,15.56
2026-04-07T22:16:15.756Z,15.58
2026-04-07T22:21:15.928Z,15.58
2026-04-07T22:26:15.766Z,15.67
2026-04-07T22:31:15.775Z,15.61
2026-04-07T22:36:16.208Z,15.53
2026-04-07T22:41:15.784Z,15.47
2026-04-07T22:46:15.63Z,15.3
2026-04-07T22:51:15.771Z,15.27
2026-04-07T22:56:15.551Z,15.24
2026-04-07T23:01:15.749Z,15.12
2026-04-07T23:06:15.641Z,15.16
2026-04-07T23:11:15.738Z,15.01
2026-04-07T23:16:15.785Z,14.81
2026-04-07T23:21:15.774Z,14.7
2026-04-07T23:26:15.778Z,14.55
2026-04-07T23:31:15.563Z,14.37
2026-04-07T23:36:15.63Z,14.37
2026-04-07T23:41:15.688Z,14.37
2026-04-07T23:46:15.553Z,14.32
2026-04-07T23:51:15.808Z,14.26
2026-04-07T23:56:15.778Z,14.23
2026-04-08T00:01:16.319Z,14.23
2026-04-08T00:06:15.547Z,14.18
2026-04-08T00:11:15.566Z,14.12
2026-04-08T00:16:15.66Z,14.12
2026-04-08T00:21:15.699Z,14.06
2026-04-08T00:26:15.551Z,13.98
2026-04-08T00:31:15.583Z,13.98
2026-04-08T00:36:16.696Z,14.0
2026-04-08T00:41:15.618Z,14.06
2026-04-08T00:46:15.624Z,14.0
2026-04-08T00:51:15.698Z,14.03
2026-04-08T00:56:15.762Z,14.09
2026-04-08T01:01:15.629Z,14.18
2026-04-08T01:06:15.568Z,14.15
2026-04-08T01:11:15.664Z,14.15
2026-04-08T01:16:15.587Z,14.15
2026-04-08T01:21:15.805Z,14.15
2026-04-08T01:26:15.796Z,14.23
2026-04-08T01:31:15.566Z,14.21
2026-04-08T01:36:15.783Z,14.29
2026-04-08T01:41:15.728Z,14.49
2026-04-08T01:46:15.563Z,14.61
2026-04-08T01:51:15.607Z,14.67
2026-04-08T01:56:16.018Z,14.64
2026-04-08T02:01:15.998Z,14.7
2026-04-08T02:06:15.577Z,14.61
2026-04-08T02:11:16.1Z,14.58
2026-04-08T02:16:16.111Z,14.52
2026-04-08T02:21:15.595Z,14.44
2026-04-08T02:26:16.407Z,14.32
2026-04-08T02:31:15.58Z,14.32
2026-04-08T02:36:15.724Z,14.26
2026-04-08T02:41:15.676Z,14.23
2026-04-08T02:46:15.62Z,14.32
2026-04-08T02:51:15.544Z,14.26
2026-04-08T02:56:15.773Z,14.21
2026-04-08T03:01:15.812Z,14.18
2026-04-08T03:06:15.709Z,14.15
2026-04-08T03:11:16.065Z,14.09
2026-04-08T03:16:15.718Z,14.15
2026-04-08T03:21:15.614Z,14.15
2026-04-08T03:26:15.767Z,14.18
2026-04-08T03:31:15.605Z,14.06
2026-04-08T03:36:15.738Z,14.06
2026-04-08T03:41:15.778Z,14.21
2026-04-08T03:46:15.586Z,14.67
2026-04-08T03:51:15.773Z,14.81
2026-04-08T03:56:15.754Z,14.98
2026-04-08T04:01:15.66Z,15.01
2026-04-08T04:06:15.796Z,15.07
2026-04-08T04:11:15.647Z,14.93
2026-04-08T04:16:15.592Z,14.81
2026-04-08T04:21:15.684Z,14.61
2026-04-08T04:26:15.582Z,14.49
2026-04-08T04:31:15.713Z,14.44
2026-04-08T04:36:15.577Z,14.41
2026-04-08T04:41:15.667Z,14.44
2026-04-08T04:46:15.665Z,14.52
2026-04-08T04:51:15.633Z,14.49
2026-04-08T04:56:15.654Z,14.52
2026-04-08T05:01:15.778Z,14.41
2026-04-08T05:06:16.6Z,14.18
2026-04-08T05:11:15.773Z,14.09
2026-04-08T05:16:15.756Z,14.09
2026-04-08T05:21:15.542Z,14.12
2026-04-08T05:26:15.542Z,14.06
2026-04-08T05:31:15.685Z,14.15
2026-04-08T05:36:15.55Z,14.21
2026-04-08T05:41:15.624Z,14.29
2026-04-08T05:46:15.651Z,14.44
2026-04-08T05:51:15.529Z,14.47
2026-04-08T05:56:15.653Z,14.55
2026-04-08T06:01:15.674Z,14.58
2026-04-08T06:06:15.581Z,14.67
2026-04-08T06:11:15.745Z,14.81
2026-04-08T06:16:15.728Z,14.9
2026-04-08T06:21:15.588Z,15.04
2026-04-08T06:26:15.591Z,15.16
2026-04-08T06:31:15.552Z,15.19
2026-04-08T06:36:15.592Z,15.35
2026-04-08T06:41:15.694Z,15.47
2026-04-08T06:46:15.619Z,15.73
2026-04-08T06:51:15.53Z,15.99
2026-04-08T06:56:15.65Z,16.33
2026-04-08T07:01:15.869Z,16.53
2026-04-08T07:06:15.611Z,16.77
2026-04-08T07:11:15.677Z,16.85
2026-04-08T07:16:15.781Z,17.02
2026-04-08T07:21:15.638Z,17.14
2026-04-08T07:26:15.578Z,17.34
2026-04-08T07:31:15.532Z,17.51
2026-04-08T07:36:15.546Z,17.6
2026-04-08T07:41:15.762Z,17.72
2026-04-08T07:46:15.779Z,17.8
2026-04-08T07:51:15.614Z,17.97
2026-04-08T07:56:15.734Z,18.06
2026-04-08T08:01:15.538Z,18.29
2026-04-08T08:06:15.578Z,18.46
2026-04-08T08:11:15.611Z,18.69
2026-04-08T08:16:15.755Z,18.84
2026-04-08T08:21:15.692Z,18.93
2026-04-08T08:26:15.685Z,18.84
2026-04-08T08:31:15.665Z,18.95
2026-04-08T08:36:15.652Z,19.3
2026-04-08T08:41:15.537Z,19.59
2026-04-08T08:46:15.68Z,19.99
2026-04-08T08:51:15.54Z,20.16
2026-04-08T08:56:15.611Z,20.53
2026-04-08T09:01:15.815Z,20.88
2026-04-08T09:06:16.052Z,21.37
2026-04-08T09:11:15.677Z,21.72
2026-04-08T09:16:15.766Z,21.97
2026-04-08T09:21:15.594Z,21.95
2026-04-08T09:26:15.595Z,21.95
2026-04-08T09:31:16.029Z,22.18
2026-04-08T09:36:15.647Z,22.46
2026-04-08T09:41:15.595Z,22.67
2026-04-08T09:46:16.361Z,22.84
2026-04-08T09:51:15.769Z,22.67
2026-04-08T09:56:15.676Z,22.38
2026-04-08T10:01:15.875Z,22.61
2026-04-08T10:06:15.677Z,22.69
2026-04-08T10:11:15.627Z,22.75
2026-04-08T10:16:15.688Z,22.81
2026-04-08T10:21:15.636Z,22.95
2026-04-08T10:26:15.669Z,23.21
2026-04-08T10:31:15.7Z,23.24
2026-04-08T10:36:15.699Z,23.3
2026-04-08T10:41:15.68Z,23.56
2026-04-08T10:46:15.646Z,23.88
2026-04-08T10:51:16.401Z,23.99
2026-04-08T10:56:15.517Z,23.93
2026-04-08T11:01:15.659Z,23.79
2026-04-08T11:06:15.678Z,24.02
2026-04-08T11:11:15.76Z,24.37
2026-04-08T11:16:15.579Z,24.57
2026-04-08T11:21:15.508Z,23.88
2026-04-08T11:26:15.503Z,23.99
2026-04-08T11:31:15.529Z,23.99
2026-04-08T11:36:15.957Z,23.93
2026-04-08T11:41:17.226Z,23.9
2026-04-08T11:46:15.516Z,23.96
2026-04-08T11:51:15.726Z,24.16
2026-04-08T11:56:15.715Z,24.11
2026-04-08T12:01:15.745Z,24.11
2026-04-08T12:06:15.637Z,24.19
2026-04-08T12:11:15.579Z,24.02
2026-04-08T12:16:15.569Z,23.7
2026-04-08T12:21:15.666Z,23.99
2026-04-08T12:26:15.617Z,24.05
2026-04-08T12:31:15.746Z,23.9
2026-04-08T12:36:15.606Z,23.65
2026-04-08T12:41:15.805Z,23.82
2026-04-08T12:46:15.564Z,24.11
2026-04-08T12:51:15.697Z,24.31
2026-04-08T12:56:15.752Z,24.48
2026-04-08T13:01:15.773Z,24.68
2026-04-08T13:06:15.774Z,24.83
2026-04-08T13:11:15.744Z,24.77
2026-04-08T13:16:15.664Z,25.06
2026-04-08T13:21:15.718Z,25.11
2026-04-08T13:26:15.597Z,24.97
2026-04-08T13:31:15.535Z,25.06
2026-04-08T13:36:15.757Z,24.97
2026-04-08T13:41:15.634Z,25.03
2026-04-08T13:46:15.761Z,25.2
2026-04-08T13:51:15.598Z,25.34
2026-04-08T13:56:15.669Z,25.14
2026-04-08T14:01:15.718Z,25.11
2026-04-08T14:06:15.777Z,25.11
2026-04-08T14:11:15.705Z,25.11
2026-04-08T14:16:15.583Z,25.23
2026-04-08T14:21:15.632Z,25.17
2026-04-08T14:26:15.646Z,25.2
2026-04-08T14:31:15.669Z,25.09
2026-04-08T14:36:15.716Z,25.34
2026-04-08T14:41:15.663Z,25.17
2026-04-08T14:46:15.649Z,25.57
2026-04-08T14:51:15.766Z,25.29
2026-04-08T14:56:15.726Z,25.17
2026-04-08T15:01:15.737Z,25.14
2026-04-08T15:06:15.752Z,24.94
2026-04-08T15:11:15.559Z,24.97
2026-04-08T15:16:15.748Z,24.88
2026-04-08T15:21:15.642Z,24.77
2026-04-08T15:26:15.697Z,24.77
2026-04-08T15:31:15.524Z,24.71
2026-04-08T15:36:15.518Z,24.45
2026-04-08T15:41:15.736Z,24.11
2026-04-08T15:46:15.664Z,24.02
2026-04-08T15:51:15.511Z,23.76
2026-04-08T15:56:15.723Z,23.59
2026-04-08T16:01:15.568Z,23.76
2026-04-08T16:06:15.647Z,23.67
2026-04-08T16:11:15.669Z,23.53
2026-04-08T16:16:16.465Z,23.76
2026-04-08T16:21:15.515Z,23.67
2026-04-08T16:26:15.734Z,23.7
2026-04-08T16:31:15.67Z,23.53
2026-04-08T16:36:15.729Z,23.39
2026-04-08T16:41:16.084Z,23.36
2026-04-08T16:46:15.618Z,23.5
2026-04-08T16:51:15.653Z,23.53
2026-04-08T16:56:15.583Z,23.44
2026-04-08T17:01:15.517Z,23.39
2026-04-08T17:06:16.067Z,23.3
2026-04-08T17:11:15.526Z,23.13
2026-04-08T17:16:15.656Z,23.04
2026-04-08T17:21:15.508Z,22.78
2026-04-08T17:26:15.863Z,22.64
2026-04-08T17:31:15.723Z,22.49
2026-04-08T17:36:15.626Z,22.32
2026-04-08T17:41:15.682Z,22.18
2026-04-08T17:46:15.595Z,22.04
2026-04-08T17:51:15.709Z,21.83
2026-04-08T17:56:15.693Z,21.74
2026-04-08T18:01:15.65Z,21.51
2026-04-08T18:06:15.537Z,21.32
2026-04-08T18:11:15.53Z,21.17
2026-04-08T18:16:15.609Z,21.06
2026-04-08T18:21:15.966Z,20.91
2026-04-08T18:26:15.738Z,20.76
2026-04-08T18:31:15.642Z,20.65
2026-04-08T18:36:15.709Z,20.53
2026-04-08T18:41:15.507Z,20.45
2026-04-08T18:46:15.701Z,20.22
2026-04-08T18:51:15.606Z,20.08
2026-04-08T18:56:15.558Z,19.9
2026-04-08T19:01:15.702Z,19.7
2026-04-08T19:06:15.71Z,19.5
2026-04-08T19:11:15.702Z,19.33
2026-04-08T19:16:15.595Z,19.24
2026-04-08T19:21:15.613Z,19.13
2026-04-08T19:26:15.683Z,18.95
2026-04-08T19:31:15.534Z,18.84
2026-04-08T19:36:15.691Z,18.69
2026-04-08T19:41:15.558Z,18.58
2026-04-08T19:46:15.684Z,18.46
2026-04-08T19:51:15.577Z,18.41
2026-04-08T19:56:15.639Z,18.32
2026-04-08T20:01:15.719Z,18.23
2026-04-08T20:06:15.687Z,18.15
2026-04-08T20:11:15.747Z,18.06
2026-04-08T20:16:15.599Z,18.0
2026-04-08T20:21:15.665Z,17.92
2026-04-08T20:26:15.583Z,17.83
2026-04-08T20:31:15.675Z,17.74
2026-04-08T20:36:15.513Z,17.6
2026-04-08T20:41:15.672Z,17.66
2026-04-08T20:46:15.561Z,17.51
2026-04-08T20:51:15.696Z,17.51
2026-04-08T20:56:15.67Z,17.54
2026-04-08T21:01:15.745Z,17.49
2026-04-08T21:06:15.532Z,17.28
2026-04-08T21:11:15.732Z,17.23
2026-04-08T21:16:15.68Z,17.08
2026-04-08T21:21:15.536Z,16.91
2026-04-08T21:26:15.727Z,16.79
2026-04-08T21:31:15.647Z,16.68
2026-04-08T21:36:15.737Z,16.59
2026-04-08T21:41:15.68Z,16.59
2026-04-08T21:46:15.501Z,16.68
2026-04-08T21:51:15.614Z,16.71
2026-04-08T21:56:15.674Z,16.65
2026-04-08T22:01:15.517Z,16.65
2026-04-08T22:06:15.635Z,16.53
2026-04-08T22:11:15.731Z,16.56
2026-04-08T22:16:15.516Z,16.51
2026-04-08T22:21:15.739Z,16.45
2026-04-08T22:26:15.647Z,16.45
2026-04-08T22:31:15.519Z,16.45
2026-04-08T22:36:15.594Z,16.45
2026-04-08T22:41:15.659Z,16.33
2026-04-08T22:46:15.661Z,16.25
2026-04-08T22:51:15.62Z,16.07
2026-04-08T22:56:15.745Z,16.16
2026-04-08T23:01:15.639Z,16.51
2026-04-08T23:06:15.605Z,16.56
2026-04-08T23:11:15.705Z,16.79
2026-04-08T23:16:15.521Z,16.82
2026-04-08T23:21:15.563Z,16.88
2026-04-08T23:26:16.036Z,16.85
2026-04-08T23:31:15.709Z,16.82
2026-04-08T23:36:15.679Z,16.62
2026-04-08T23:41:15.715Z,16.56
2026-04-08T23:46:15.576Z,16.48
2026-04-08T23:51:15.838Z,16.51
2026-04-08T23:56:15.616Z,16.42
2026-04-09T00:01:15.638Z,16.42
2026-04-09T00:06:15.525Z,16.45
2026-04-09T00:11:15.648Z,16.3
2026-04-09T00:16:15.538Z,16.07
2026-04-09T00:21:15.535Z,15.96
2026-04-09T00:26:15.706Z,15.93
2026-04-09T00:31:15.598Z,15.84
2026-04-09T00:36:15.64Z,15.81
2026-04-09T00:41:15.698Z,15.73
2026-04-09T00:46:15.675Z,15.58
2026-04-09T00:51:15.529Z,15.65
2026-04-09T00:56:16.448Z,15.65
2026-04-09T01:01:15.773Z,15.58
2026-04-09T01:06:16.704Z,15.5
2026-04-09T01:11:15.657Z,15.44
2026-04-09T01:16:15.572Z,15.42
2026-04-09T01:21:15.51Z,15.33
2026-04-09T01:26:15.508Z,15.3
2026-04-09T01:31:15.718Z,15.19
2026-04-09T01:36:15.725Z,15.19
2026-04-09T01:41:15.6Z,15.24
2026-04-09T01:46:15.52Z,15.24
2026-04-09T01:51:15.599Z,15.24
2026-04-09T01:56:15.613Z,15.3
2026-04-09T02:01:15.729Z,15.35
2026-04-09T02:06:15.481Z,15.33
2026-04-09T02:11:15.656Z,15.35
2026-04-09T02:16:15.674Z,15.39
2026-04-09T02:21:15.736Z,15.27
2026-04-09T02:26:15.523Z,15.19
2026-04-09T02:31:15.504Z,15.16
2026-04-09T02:36:15.584Z,15.09
2026-04-09T02:41:15.557Z,15.12
2026-04-09T02:46:15.62Z,15.04
2026-04-09T02:51:15.489Z,15.07
2026-04-09T02:56:15.63Z,15.01
2026-04-09T03:01:15.493Z,14.93
2026-04-09T03:06:15.655Z,14.93
2026-04-09T03:11:15.662Z,14.81
2026-04-09T03:16:15.624Z,14.81
2026-04-09T03:21:15.54Z,14.84
2026-04-09T03:26:15.645Z,14.7
2026-04-09T03:31:15.665Z,14.7
2026-04-09T03:36:15.717Z,14.64
2026-04-09T03:41:15.75Z,14.61
2026-04-09T03:46:15.549Z,14.61
2026-04-09T03:51:15.697Z,14.47
2026-04-09T03:56:15.558Z,14.49
2026-04-09T04:01:15.648Z,14.64
2026-04-09T04:06:16.087Z,14.67
2026-04-09T04:11:15.605Z,14.72
2026-04-09T04:16:15.703Z,14.7
2026-04-09T04:21:15.572Z,14.78
2026-04-09T04:26:15.5Z,14.86
2026-04-09T04:31:15.555Z,14.95
2026-04-09T04:36:15.692Z,15.04
2026-04-09T04:41:16.339Z,15.04
2026-04-09T04:46:15.487Z,15.07
2026-04-09T04:51:15.568Z,14.95
2026-04-09T04:56:15.636Z,14.84
2026-04-09T05:01:15.636Z,14.84
2026-04-09T05:06:15.636Z,14.61
2026-04-09T05:11:15.697Z,14.61
2026-04-09T05:16:15.639Z,14.49
2026-04-09T05:21:15.631Z,14.52
2026-04-09T05:26:15.545Z,14.41
2026-04-09T05:31:15.56Z,14.26
2026-04-09T05:36:15.7Z,14.21
2026-04-09T05:41:15.549Z,14.12
2026-04-09T05:46:15.789Z,14.12
2026-04-09T05:51:15.548Z,14.03
2026-04-09T05:56:15.509Z,13.98
2026-04-09T06:01:15.741Z,13.95
2026-04-09T06:06:15.56Z,13.98
2026-04-09T06:11:15.499Z,14.03
2026-04-09T06:16:15.879Z,14.21
2026-04-09T06:21:16.103Z,14.41
2026-04-09T06:26:15.729Z,14.58
2026-04-09T06:31:15.565Z,14.81
2026-04-09T06:36:16.067Z,15.12
2026-04-09T06:41:15.545Z,15.33
2026-04-09T06:46:15.718Z,15.56
2026-04-09T06:51:15.637Z,15.73
2026-04-09T06:56:15.556Z,15.88
2026-04-09T07:01:15.689Z,16.07
2026-04-09T07:06:15.66Z,16.22
2026-04-09T07:11:15.72Z,16.3
2026-04-09T07:16:15.495Z,16.33
2026-04-09T07:21:15.667Z,16.48
2026-04-09T07:26:15.992Z,16.53
2026-04-09T07:31:15.559Z,16.71
2026-04-09T07:36:15.537Z,16.88
2026-04-09T07:41:15.689Z,17.02
2026-04-09T07:46:15.725Z,17.2
2026-04-09T07:51:15.653Z,17.46
2026-04-09T07:56:15.738Z,17.8
2026-04-09T08:01:15.51Z,17.95
2026-04-09T08:06:15.723Z,18.21
2026-04-09T08:11:15.641Z,18.58
2026-04-09T08:16:15.503Z,18.95
2026-04-09T08:21:15.633Z,19.18
2026-04-09T08:26:15.713Z,19.36
2026-04-09T08:31:15.662Z,19.65
2026-04-09T08:36:15.533Z,19.93
2026-04-09T08:41:15.673Z,20.34
2026-04-09T08:46:15.691Z,20.53
2026-04-09T08:51:15.696Z,20.65
2026-04-09T08:56:15.611Z,21.11
2026-04-09T09:01:15.515Z,21.46
2026-04-09T09:06:15.605Z,21.6
2026-04-09T09:11:15.704Z,21.89
2026-04-09T09:16:15.639Z,22.0
2026-04-09T09:21:15.598Z,22.26
2026-04-09T09:26:15.552Z,22.58
2026-04-09T09:31:15.623Z,22.78
2026-04-09T09:36:15.597Z,23.3
2026-04-09T09:41:15.891Z,23.59
2026-04-09T09:46:16.485Z,23.9
2026-04-09T09:51:15.479Z,24.13
2026-04-09T09:56:15.67Z,24.57
2026-04-09T10:01:15.536Z,24.77
2026-04-09T10:06:15.55Z,25.0
2026-04-09T10:11:15.669Z,25.2
2026-04-09T10:16:15.661Z,25.03
2026-04-09T10:21:15.504Z,25.09
2026-04-09T10:26:15.469Z,24.88
2026-04-09T10:31:15.552Z,25.14
2026-04-09T10:36:15.676Z,25.49
2026-04-09T10:41:15.469Z,25.52
2026-04-09T10:46:15.665Z,25.4
2026-04-09T10:51:15.643Z,25.63
2026-04-09T10:56:15.457Z,25.8
2026-04-09T11:01:15.549Z,26.06
2026-04-09T11:06:15.676Z,26.38
2026-04-09T11:11:15.701Z,26.64
2026-04-09T11:16:16.115Z,26.87
2026-04-09T11:21:15.725Z,26.95
2026-04-09T11:26:15.5Z,26.92
2026-04-09T11:31:15.507Z,26.99
2026-04-09T11:36:15.505Z,27.18
2026-04-09T11:41:15.448Z,26.99
2026-04-09T11:46:15.512Z,27.01
2026-04-09T11:51:15.48Z,26.78
2026-04-09T11:56:15.573Z,26.67
2026-04-09T12:01:15.678Z,26.73
2026-04-09T12:06:15.584Z,26.92
2026-04-09T12:11:15.643Z,26.92
2026-04-09T12:16:15.706Z,26.9
2026-04-09T12:21:15.854Z,26.95
2026-04-09T12:26:15.47Z,27.13
2026-04-09T12:31:15.582Z,26.84
2026-04-09T12:36:15.546Z,26.52
2026-04-09T12:41:15.575Z,26.81
2026-04-09T12:46:15.556Z,26.78
2026-04-09T12:51:15.701Z,26.76
2026-04-09T12:56:15.554Z,26.78
2026-04-09T13:01:15.647Z,26.95
2026-04-09T13:06:15.595Z,26.95
2026-04-09T13:11:15.519Z,26.92
2026-04-09T13:16:15.586Z,26.95
2026-04-09T13:21:15.534Z,27.18
2026-04-09T13:26:15.679Z,27.18
2026-04-09T13:31:15.502Z,27.27
2026-04-09T13:36:15.521Z,27.39
2026-04-09T13:41:15.52Z,27.18
2026-04-09T13:46:15.655Z,27.33
2026-04-09T13:51:15.58Z,27.36
2026-04-09T13:56:15.508Z,27.53
2026-04-09T14:01:15.455Z,27.24
2026-04-09T14:06:15.586Z,26.99
2026-04-09T14:11:15.901Z,26.87
2026-04-09T14:16:15.474Z,26.84
2026-04-09T14:21:15.584Z,26.84
2026-04-09T14:26:15.528Z,26.9
2026-04-09T14:31:15.7Z,26.99
2026-04-09T14:36:15.952Z,26.78
2026-04-09T14:41:15.587Z,26.95
2026-04-09T14:46:16.179Z,27.04
2026-04-09T14:51:15.488Z,26.64
2026-04-09T14:56:15.534Z,26.46
2026-04-09T15:01:16.024Z,26.41
2026-04-09T15:06:15.471Z,26.58
2026-04-09T15:11:15.453Z,26.52
2026-04-09T15:16:15.485Z,26.32
2026-04-09T15:21:15.566Z,26.27
2026-04-09T15:26:15.715Z,26.44
2026-04-09T15:31:15.632Z,26.35
2026-04-09T15:36:15.708Z,26.18
2026-04-09T15:41:15.707Z,26.01
2026-04-09T15:46:15.663Z,25.97
2026-04-09T15:51:15.679Z,25.89
2026-04-09T15:56:15.608Z,25.89
2026-04-09T16:01:15.657Z,25.8
2026-04-09T16:06:15.644Z,25.69
2026-04-09T16:11:15.468Z,25.75
2026-04-09T16:16:15.573Z,25.8
2026-04-09T16:21:15.637Z,25.86
2026-04-09T16:26:15.498Z,25.55
2026-04-09T16:31:15.633Z,25.57
2026-04-09T16:36:15.571Z,25.46
2026-04-09T16:41:15.488Z,25.26
2026-04-09T16:46:15.69Z,24.91
2026-04-09T16:51:15.433Z,24.85
2026-04-09T16:56:15.496Z,24.97
2026-04-09T17:01:15.478Z,24.77
2026-04-09T17:06:15.571Z,24.45
2026-04-09T17:11:15.588Z,24.19
2026-04-09T17:16:15.489Z,24.13
2026-04-09T17:21:16.515Z,24.11
2026-04-09T17:26:15.601Z,23.88
2026-04-09T17:31:15.677Z,23.79
2026-04-09T17:36:15.537Z,23.62
2026-04-09T17:41:16.697Z,23.44
2026-04-09T17:46:15.606Z,23.27
2026-04-09T17:51:15.599Z,23.16
2026-04-09T17:56:15.633Z,23.01
2026-04-09T18:01:15.538Z,22.67
2026-04-09T18:06:15.475Z,22.52
2026-04-09T18:11:15.635Z,22.32
2026-04-09T18:16:16.337Z,22.15
2026-04-09T18:21:15.487Z,22.0
2026-04-09T18:26:15.5Z,21.77
2026-04-09T18:31:15.688Z,21.63
2026-04-09T18:36:16.152Z,21.46
2026-04-09T18:41:15.606Z,21.32
2026-04-09T18:46:16.444Z,21.17
2026-04-09T18:51:15.647Z,21.02
2026-04-09T18:56:16.116Z,20.86
2026-04-09T19:01:15.532Z,20.65
2026-04-09T19:06:15.638Z,20.51
2026-04-09T19:11:15.842Z,20.37
2026-04-09T19:16:15.557Z,20.22
2026-04-09T19:21:15.67Z,19.96
2026-04-09T19:26:15.532Z,19.76
2026-04-09T19:31:15.588Z,19.7
2026-04-09T19:36:15.527Z,19.59
2026-04-09T19:41:15.628Z,19.36
2026-04-09T19:46:15.948Z,19.18
2026-04-09T19:51:15.562Z,19.16
2026-04-09T19:56:15.564Z,19.21
2026-04-09T20:01:15.62Z,19.16
2026-04-09T20:06:15.559Z,19.01
2026-04-09T20:11:15.467Z,19.01
2026-04-09T20:16:15.557Z,18.81
2026-04-09T20:21:15.868Z,18.75
2026-04-09T20:26:15.432Z,18.55
2026-04-09T20:31:15.497Z,18.46
2026-04-09T20:36:15.619Z,18.46
2026-04-09T20:41:15.724Z,18.64
2026-04-09T20:46:15.68Z,18.44
2026-04-09T20:51:15.648Z,18.38
2026-04-09T20:56:15.444Z,18.23
2026-04-09T21:01:15.569Z,18.12
2026-04-09T21:06:16.359Z,18.0
2026-04-09T21:11:15.501Z,17.89
2026-04-09T21:16:15.457Z,17.8
2026-04-09T21:21:15.566Z,17.69
2026-04-09T21:26:15.457Z,17.6
2026-04-09T21:31:16.266Z,17.51
2026-04-09T21:36:15.561Z,17.49
2026-04-09T21:41:15.704Z,17.37
2026-04-09T21:46:15.624Z,17.31
2026-04-09T21:51:15.605Z,17.26
2026-04-09T21:56:15.552Z,17.2
2026-04-09T22:01:15.683Z,17.4
2026-04-09T22:06:15.933Z,17.46
2026-04-09T22:11:15.54Z,17.51
2026-04-09T22:16:15.502Z,17.6
2026-04-09T22:21:15.53Z,17.6
2026-04-09T22:26:15.557Z,17.66
2026-04-09T22:31:15.512Z,17.69
2026-04-09T22:36:15.674Z,17.72
2026-04-09T22:41:15.522Z,17.74
2026-04-09T22:46:15.465Z,17.6
2026-04-09T22:51:15.616Z,17.43
2026-04-09T22:56:15.705Z,17.34
2026-04-09T23:01:15.599Z,17.2
2026-04-09T23:06:15.551Z,17.14
2026-04-09T23:11:15.465Z,17.17
2026-04-09T23:16:15.685Z,17.11
2026-04-09T23:21:15.684Z,17.23
2026-04-09T23:26:15.997Z,17.37
2026-04-09T23:31:15.483Z,17.28
2026-04-09T23:36:15.589Z,17.23
2026-04-09T23:41:15.666Z,17.08
2026-04-09T23:46:15.545Z,17.05
2026-04-09T23:51:15.649Z,17.05
2026-04-09T23:56:15.668Z,17.02
2026-04-10T00:01:15.673Z,17.0
2026-04-10T00:06:15.657Z,17.0
2026-04-10T00:11:15.447Z,16.97
2026-04-10T00:16:15.58Z,17.0
2026-04-10T00:21:15.912Z,17.05
2026-04-10T00:26:15.626Z,17.0
2026-04-10T00:31:15.633Z,16.91
2026-04-10T00:36:15.578Z,16.77
2026-04-10T00:41:15.576Z,16.85
2026-04-10T00:46:15.509Z,16.79
2026-04-10T00:51:15.55Z,16.82
2026-04-10T00:56:15.514Z,16.77
2026-04-10T01:01:15.547Z,16.62
2026-04-10T01:06:16.025Z,16.51
2026-04-10T01:11:15.661Z,16.33
2026-04-10T01:16:15.556Z,16.3
2026-04-10T01:21:15.531Z,16.3
2026-04-10T01:26:15.504Z,16.3
2026-04-10T01:31:15.675Z,16.33
2026-04-10T01:36:15.527Z,16.25
2026-04-10T01:41:15.7Z,16.19
2026-04-10T01:46:15.562Z,16.07
2026-04-10T01:51:15.608Z,16.25
2026-04-10T01:56:15.483Z,16.39
2026-04-10T02:01:16.144Z,16.59
2026-04-10T02:06:15.567Z,16.62
2026-04-10T02:11:15.582Z,16.65
2026-04-10T02:16:15.584Z,16.71
2026-04-10T02:21:15.549Z,16.62
2026-04-10T02:26:15.602Z,16.56
2026-04-10T02:31:15.702Z,16.48
2026-04-10T02:36:15.594Z,16.51
2026-04-10T02:41:16.141Z,16.33
2026-04-10T02:46:15.662Z,16.3
2026-04-10T02:51:15.62Z,16.14
2026-04-10T02:56:15.675Z,16.14
2026-04-10T03:01:15.451Z,16.05
2026-04-10T03:06:15.571Z,16.19
2026-04-10T03:11:15.683Z,16.39
2026-04-10T03:16:16.096Z,16.53
2026-04-10T03:21:15.607Z,16.59
2026-04-10T03:26:15.565Z,16.42
2026-04-10T03:31:15.474Z,16.37
2026-04-10T03:36:15.562Z,16.3
2026-04-10T03:41:15.573Z,16.3
2026-04-10T03:46:15.587Z,16.22
2026-04-10T03:51:15.674Z,16.22
2026-04-10T03:56:15.672Z,16.07
2026-04-10T04:01:15.6Z,15.93
2026-04-10T04:06:15.688Z,15.67
2026-04-10T04:11:15.681Z,15.61
2026-04-10T04:16:15.633Z,15.53
2026-04-10T04:21:15.981Z,15.5
2026-04-10T04:26:15.549Z,15.39
2026-04-10T04:31:15.492Z,15.16
2026-04-10T04:36:15.572Z,15.07
2026-04-10T04:41:15.766Z,15.01
2026-04-10T04:46:16.208Z,14.9
2026-04-10T04:51:15.521Z,14.93
2026-04-10T04:56:15.664Z,14.86
2026-04-10T05:01:15.658Z,14.81
2026-04-10T05:06:15.64Z,14.67
2026-04-10T05:11:15.513Z,14.58
2026-04-10T05:16:15.499Z,14.55
2026-04-10T05:21:15.664Z,14.44
2026-04-10T05:26:15.626Z,14.41
2026-04-10T05:31:15.546Z,14.49
2026-04-10T05:36:16.173Z,14.72
2026-04-10T05:41:15.537Z,14.95
2026-04-10T05:46:15.601Z,15.21
2026-04-10T05:51:15.505Z,15.58
2026-04-10T05:56:15.536Z,15.76
2026-04-10T06:01:16.47Z,16.02
2026-04-10T06:06:15.646Z,16.05
2026-04-10T06:11:15.591Z,16.19
2026-04-10T06:16:15.674Z,16.33
2026-04-10T06:21:15.591Z,16.56
2026-04-10T06:26:15.438Z,16.71
2026-04-10T06:31:15.609Z,16.85
2026-04-10T06:36:15.555Z,17.02
2026-04-10T06:41:15.643Z,17.17
2026-04-10T06:46:15.597Z,17.6
2026-04-10T06:51:15.641Z,17.95
2026-04-10T06:56:15.526Z,18.15
2026-04-10T07:01:15.564Z,18.29
2026-04-10T07:06:15.613Z,18.44
2026-04-10T07:11:15.404Z,18.52
2026-04-10T07:16:15.547Z,18.67
2026-04-10T07:21:16.17Z,18.87
2026-04-10T07:26:15.468Z,19.01
2026-04-10T07:31:15.627Z,19.39
2026-04-10T07:36:15.583Z,19.47
2026-04-10T07:41:15.605Z,19.65
2026-04-10T07:46:15.452Z,19.59
2026-04-10T07:51:15.413Z,19.36
2026-04-10T07:56:15.631Z,19.36
2026-04-10T08:01:16.291Z,19.36
2026-04-10T08:06:17.108Z,19.44
2026-04-10T08:11:15.521Z,19.65
2026-04-10T08:16:15.637Z,19.76
2026-04-10T08:21:15.958Z,19.99
2026-04-10T08:26:15.545Z,20.22
2026-04-10T08:31:15.502Z,20.48
2026-04-10T08:36:15.573Z,20.97
2026-04-10T08:41:15.723Z,21.37
2026-04-10T08:46:15.582Z,21.66
2026-04-10T08:51:15.533Z,21.92
2026-04-10T08:56:15.471Z,22.09
2026-04-10T09:01:15.544Z,22.32
2026-04-10T09:06:15.551Z,22.49
2026-04-10T09:11:16.089Z,22.69
2026-04-10T09:16:16.228Z,22.95
2026-04-10T09:21:15.416Z,23.1
2026-04-10T09:26:15.528Z,23.56
2026-04-10T09:31:15.409Z,23.7
2026-04-10T09:36:15.86Z,24.08
2026-04-10T09:41:15.469Z,24.28
2026-04-10T09:46:15.652Z,24.62
2026-04-10T09:51:15.516Z,25.11
2026-04-10T09:56:15.805Z,25.55
2026-04-10T10:01:15.466Z,25.83
2026-04-10T10:06:15.663Z,25.89
2026-04-10T10:11:15.424Z,26.24
2026-04-10T10:16:15.844Z,26.27
2026-04-10T10:21:15.413Z,26.55
2026-04-10T10:26:15.634Z,26.84
2026-04-10T10:31:15.652Z,27.18
2026-04-10T10:36:15.411Z,27.3
2026-04-10T10:41:15.657Z,27.33
2026-04-10T10:46:15.438Z,27.39
2026-04-10T10:51:15.619Z,27.82
2026-04-10T10:56:15.615Z,27.85
2026-04-10T11:01:15.497Z,27.64
2026-04-10T11:06:15.845Z,27.9
2026-04-10T11:11:15.746Z,28.31
2026-04-10T11:16:15.457Z,28.74
2026-04-10T11:21:16.099Z,28.71
2026-04-10T11:26:15.632Z,28.85
2026-04-10T11:31:15.444Z,28.91
2026-04-10T11:36:15.535Z,29.17
2026-04-10T11:41:15.47Z,29.6
2026-04-10T11:46:15.529Z,29.78
2026-04-10T11:51:15.565Z,29.83
2026-04-10T11:56:15.576Z,29.63
2026-04-10T12:01:15.404Z,29.6
2026-04-10T12:06:15.412Z,29.72
2026-04-10T12:11:15.475Z,29.78
2026-04-10T12:16:15.415Z,29.98
2026-04-10T12:21:15.628Z,29.55
2026-04-10T12:26:15.504Z,29.66
2026-04-10T12:31:15.551Z,29.6
2026-04-10T12:36:15.47Z,29.4
2026-04-10T12:41:15.786Z,29.4
2026-04-10T12:46:15.868Z,29.46
2026-04-10T12:51:16.019Z,29.72
2026-04-10T12:56:15.398Z,29.6
2026-04-10T13:01:15.647Z,29.55
2026-04-10T13:06:15.637Z,29.2
2026-04-10T13:11:15.437Z,29.37
2026-04-10T13:16:15.581Z,29.4
2026-04-10T13:21:15.62Z,29.29
2026-04-10T13:26:15.528Z,29.2
2026-04-10T13:31:15.456Z,28.91
2026-04-10T13:36:15.452Z,28.97
2026-04-10T13:41:15.632Z,29.14
2026-04-10T13:46:15.488Z,29.26
2026-04-10T13:51:15.527Z,29.29
2026-04-10T13:56:15.565Z,29.4
2026-04-10T14:01:15.692Z,29.49
2026-04-10T14:06:15.549Z,29.32
2026-04-10T14:11:16.133Z,29.34
2026-04-10T14:16:15.576Z,29.14
2026-04-10T14:21:15.491Z,29.26
2026-04-10T14:26:15.504Z,29.2
2026-04-10T14:31:15.514Z,29.29
2026-04-10T14:36:15.387Z,29.14
2026-04-10T14:41:15.595Z,28.97
2026-04-10T14:46:15.643Z,29.06
2026-04-10T14:51:15.67Z,29.03
2026-04-10T14:56:15.606Z,29.08
2026-04-10T15:01:16.316Z,29.29
2026-04-10T15:06:15.486Z,29.34
2026-04-10T15:11:15.573Z,29.29
2026-04-10T15:16:15.515Z,29.0
2026-04-10T15:21:15.527Z,28.85
2026-04-10T15:26:15.447Z,28.6
2026-04-10T15:31:15.961Z,28.42
2026-04-10T15:36:15.571Z,28.31
2026-04-10T15:41:15.569Z,28.25
2026-04-10T15:46:15.457Z,28.28
2026-04-10T15:51:15.608Z,28.22
2026-04-10T15:56:15.53Z,28.11
2026-04-10T16:01:15.617Z,28.16
2026-04-10T16:06:15.518Z,28.02
2026-04-10T16:11:15.547Z,27.97
2026-04-10T16:16:15.624Z,27.93
2026-04-10T16:21:15.605Z,27.82
2026-04-10T16:26:15.958Z,27.71
2026-04-10T16:31:15.418Z,27.59
2026-04-10T16:36:15.61Z,27.41
2026-04-10T16:41:15.568Z,27.39
2026-04-10T16:46:15.423Z,27.24
2026-04-10T16:51:15.562Z,26.87
2026-04-10T16:56:15.592Z,26.52
2026-04-10T17:01:15.464Z,26.35
2026-04-10T17:06:15.416Z,26.29
2026-04-10T17:11:15.536Z,26.06
2026-04-10T17:16:15.385Z,25.86
2026-04-10T17:21:15.545Z,25.66
2026-04-10T17:26:15.745Z,25.4
2026-04-10T17:31:15.604Z,25.32
2026-04-10T17:36:15.502Z,25.09
2026-04-10T17:41:15.572Z,25.0
2026-04-10T17:46:15.455Z,25.06
2026-04-10T17:51:15.426Z,24.85
2026-04-10T17:56:15.634Z,24.6
2026-04-10T18:01:15.528Z,24.51
2026-04-10T18:06:16.105Z,24.45
2026-04-10T18:11:15.638Z,24.31
2026-04-10T18:16:15.503Z,24.25
2026-04-10T18:21:15.585Z,24.11
2026-04-10T18:26:15.63Z,23.79
2026-04-10T18:31:15.552Z,23.7
2026-04-10T18:36:15.601Z,23.65
2026-04-10T18:41:15.533Z,23.47
2026-04-10T18:46:15.568Z,23.44
2026-04-10T18:51:15.449Z,23.27
2026-04-10T18:56:15.415Z,23.13
2026-04-10T19:01:15.488Z,23.04
2026-04-10T19:06:15.434Z,22.93
2026-04-10T19:11:16.884Z,22.72
2026-04-10T19:16:15.415Z,22.67
2026-04-10T19:21:15.526Z,22.58
2026-04-10T19:26:15.585Z,22.55
2026-04-10T19:31:15.494Z,22.46
2026-04-10T19:36:15.403Z,22.35
2026-04-10T19:41:15.532Z,22.35
2026-04-10T19:46:16.187Z,22.29
2026-04-10T19:51:15.723Z,22.18
2026-04-10T19:56:15.586Z,21.89
2026-04-10T20:01:15.633Z,21.86
2026-04-10T20:06:15.959Z,21.72
2026-04-10T20:11:15.577Z,21.55
2026-04-10T20:16:15.48Z,21.43
2026-04-10T20:21:16.127Z,21.46
2026-04-10T20:26:15.485Z,21.49
2026-04-10T20:31:15.545Z,21.43
2026-04-10T20:36:15.489Z,21.28
2026-04-10T20:41:15.412Z,21.11
2026-04-10T20:46:15.564Z,20.88
2026-04-10T20:51:15.598Z,20.68
2026-04-10T20:56:15.549Z,20.51
2026-04-10T21:01:15.527Z,20.51
2026-04-10T21:06:15.613Z,20.45
2026-04-10T21:11:15.578Z,20.37
2026-04-10T21:16:15.888Z,20.31
2026-04-10T21:21:15.599Z,20.25
2026-04-10T21:26:15.502Z,20.11
2026-04-10T21:31:15.426Z,20.08
2026-04-10T21:36:15.372Z,20.28
2026-04-10T21:41:15.559Z,20.31
2026-04-10T21:46:15.602Z,20.25
2026-04-10T21:51:15.562Z,20.22
2026-04-10T21:56:15.605Z,20.31
2026-04-10T22:01:15.377Z,20.28
2026-04-10T22:06:15.486Z,20.37
2026-04-10T22:11:15.543Z,20.45
2026-04-10T22:16:15.465Z,20.57
2026-04-10T22:21:16.166Z,20.51
2026-04-10T22:26:15.523Z,20.57
2026-04-10T22:31:15.365Z,20.62
2026-04-10T22:36:15.596Z,20.39
2026-04-10T22:41:15.566Z,20.34
2026-04-10T22:46:15.381Z,20.25
2026-04-10T22:51:15.903Z,19.99
2026-04-10T22:56:15.453Z,19.82
2026-04-10T23:01:15.375Z,19.73
2026-04-10T23:06:15.581Z,19.82
2026-04-10T23:11:15.819Z,19.73
2026-04-10T23:16:15.66Z,19.73
2026-04-10T23:21:15.488Z,19.65
2026-04-10T23:26:15.6Z,19.56
2026-04-10T23:31:15.491Z,19.47
2026-04-10T23:36:15.45Z,19.47
2026-04-10T23:41:15.473Z,19.33
2026-04-10T23:46:15.784Z,19.39
2026-04-10T23:51:15.898Z,19.18
2026-04-10T23:56:17.173Z,19.1
2026-04-11T00:01:15.539Z,19.3
2026-04-11T00:06:15.597Z,19.47
2026-04-11T00:11:15.506Z,19.73
2026-04-11T00:16:15.517Z,19.65
2026-04-11T00:21:15.703Z,19.65
2026-04-11T00:26:15.375Z,19.44
2026-04-11T00:31:15.447Z,19.3
2026-04-11T00:36:15.355Z,19.33
2026-04-11T00:41:15.688Z,19.39
2026-04-11T00:46:15.394Z,19.33
2026-04-11T00:51:16.061Z,19.42
2026-04-11T00:56:15.587Z,19.44
2026-04-11T01:01:15.563Z,19.44
2026-04-11T01:06:15.599Z,19.62
2026-04-11T01:11:15.435Z,19.76
2026-04-11T01:16:15.476Z,19.73
2026-04-11T01:21:15.504Z,19.7
2026-04-11T01:26:15.349Z,19.53
2026-04-11T01:31:15.823Z,19.47
2026-04-11T01:36:15.923Z,19.39
2026-04-11T01:41:15.6Z,19.3
2026-04-11T01:46:15.576Z,19.3
2026-04-11T01:51:15.345Z,19.27
2026-04-11T01:56:15.551Z,19.27
2026-04-11T02:01:15.624Z,19.13
2026-04-11T02:06:15.701Z,19.07
2026-04-11T02:11:15.501Z,19.1
2026-04-11T02:16:15.585Z,19.21
2026-04-11T02:21:15.573Z,19.27
2026-04-11T02:26:15.596Z,19.24
2026-04-11T02:31:15.362Z,19.1
2026-04-11T02:36:15.603Z,18.98
2026-04-11T02:41:15.383Z,18.9
2026-04-11T02:46:15.403Z,18.78
2026-04-11T02:51:15.364Z,18.78
2026-04-11T02:56:15.927Z,18.72
2026-04-11T03:01:15.484Z,18.55
2026-04-11T03:06:15.597Z,18.52
2026-04-11T03:11:15.364Z,18.35
2026-04-11T03:16:15.496Z,18.58
2026-04-11T03:21:15.6Z,18.69
2026-04-11T03:26:15.596Z,18.72
2026-04-11T03:31:15.57Z,18.64
2026-04-11T03:36:15.416Z,18.55
2026-04-11T03:41:15.391Z,18.52
2026-04-11T03:46:15.482Z,18.49
2026-04-11T03:51:15.493Z,18.35
2026-04-11T03:56:15.816Z,18.15
2026-04-11T04:01:15.617Z,18.09
2026-04-11T04:06:15.685Z,18.09
2026-04-11T04:11:15.715Z,18.0
2026-04-11T04:16:15.72Z,17.77
2026-04-11T04:21:15.742Z,17.83
2026-04-11T04:26:15.604Z,17.89
2026-04-11T04:31:15.729Z,18.67
2026-04-11T04:36:15.658Z,18.81
2026-04-11T04:41:15.732Z,18.78
2026-04-11T04:46:15.707Z,18.55
2026-04-11T04:51:15.673Z,18.35
2026-04-11T04:56:15.725Z,18.21
2026-04-11T05:01:15.68Z,18.18
2026-04-11T05:06:15.554Z,18.12
2026-04-11T05:11:15.55Z,18.03
2026-04-11T05:16:15.718Z,17.77
2026-04-11T05:21:15.622Z,17.74
2026-04-11T05:26:15.693Z,17.77
2026-04-11T05:31:15.641Z,17.95
2026-04-11T05:36:15.63Z,18.12
2026-04-11T05:41:15.732Z,18.58
2026-04-11T05:46:15.788Z,18.61
2026-04-11T05:51:15.584Z,18.46
2026-04-11T05:56:15.559Z,18.26
2026-04-11T06:01:15.742Z,18.09
2026-04-11T06:06:15.73Z,18.06
2026-04-11T06:11:15.663Z,17.89
2026-04-11T06:16:15.693Z,17.74
2026-04-11T06:21:15.672Z,17.69
2026-04-11T06:26:15.645Z,17.72
2026-04-11T06:31:15.64Z,17.86
2026-04-11T06:36:15.65Z,17.97
2026-04-11T06:41:15.696Z,18.06
2026-04-11T06:46:15.55Z,18.09
2026-04-11T06:51:15.595Z,18.0
2026-04-11T06:56:15.608Z,17.95
2026-04-11T07:01:15.588Z,17.95
2026-04-11T07:06:16.784Z,17.97
2026-04-11T07:11:15.673Z,17.83
2026-04-11T07:16:15.687Z,18.0
2026-04-11T07:21:15.829Z,18.18
2026-04-11T07:26:16.03Z,18.35
2026-04-11T07:31:16.095Z,18.55
2026-04-11T07:36:15.608Z,18.78
2026-04-11T07:41:15.719Z,19.01
2026-04-11T07:46:15.723Z,19.3
2026-04-11T07:51:16.004Z,19.62
2026-04-11T07:56:15.986Z,19.85
2026-04-11T08:01:16.319Z,20.16
2026-04-11T08:06:15.594Z,20.39
2026-04-11T08:11:15.65Z,20.48
2026-04-11T08:16:15.757Z,20.6
2026-04-11T08:21:15.752Z,20.74
2026-04-11T08:26:15.663Z,20.86
2026-04-11T08:31:15.744Z,20.86
2026-04-11T08:36:15.568Z,20.97
2026-04-11T08:41:15.691Z,20.88
2026-04-11T08:46:15.825Z,21.0
2026-04-11T08:51:15.808Z,21.06
2026-04-11T08:56:15.546Z,21.14
2026-04-11T09:01:15.722Z,21.23
2026-04-11T09:06:15.738Z,21.43
2026-04-11T09:11:15.725Z,21.51
2026-04-11T09:16:15.738Z,21.46
2026-04-11T09:21:15.567Z,21.34
2026-04-11T09:26:15.714Z,21.28
2026-04-11T09:31:15.678Z,21.28
2026-04-11T09:36:15.623Z,21.2
2026-04-11T09:41:15.594Z,21.14
2026-04-11T09:46:15.771Z,20.83
2026-04-11T09:51:15.687Z,20.62
2026-04-11T09:56:15.934Z,20.68
2026-04-11T10:01:15.557Z,20.62
2026-04-11T10:06:15.721Z,20.65
2026-04-11T10:11:16.351Z,20.79
2026-04-11T10:16:15.594Z,20.88
2026-04-11T10:21:15.641Z,21.06
2026-04-11T10:26:15.582Z,21.11
2026-04-11T10:31:15.615Z,21.4
2026-04-11T10:36:15.627Z,21.63
2026-04-11T10:41:15.643Z,22.04
2026-04-11T10:46:15.837Z,22.26
2026-04-11T10:51:15.927Z,22.55
2026-04-11T10:56:16.35Z,22.64
2026-04-11T11:01:15.737Z,22.61
2026-04-11T11:06:15.715Z,22.69
2026-04-11T11:11:16.492Z,22.98
2026-04-11T11:16:16.319Z,23.07
2026-04-11T11:21:16.209Z,23.24
2026-04-11T11:26:15.635Z,23.1
2026-04-11T11:31:15.709Z,23.18
2026-04-11T11:36:15.725Z,23.18
2026-04-11T11:41:15.682Z,23.27
2026-04-11T11:46:15.547Z,23.3
2026-04-11T11:51:15.544Z,23.33
2026-04-11T11:56:15.675Z,23.18
2026-04-11T12:01:15.53Z,23.24
2026-04-11T12:06:15.602Z,23.39
2026-04-11T12:11:15.658Z,23.53
2026-04-11T12:16:15.566Z,23.62
2026-04-11T12:21:15.713Z,23.59
2026-04-11T12:26:15.67Z,23.85
2026-04-11T12:31:15.656Z,24.02
2026-04-11T12:36:15.711Z,24.19
2026-04-11T12:41:15.687Z,24.45
2026-04-11T12:46:15.594Z,24.37
2026-04-11T12:51:15.744Z,24.34
2026-04-11T12:56:16.342Z,24.37
2026-04-11T13:01:15.593Z,24.28
2026-04-11T13:06:15.548Z,24.31
2026-04-11T13:11:15.52Z,24.25
2026-04-11T13:16:15.694Z,24.11
2026-04-11T13:21:15.541Z,24.22
2026-04-11T13:26:15.645Z,24.22
2026-04-11T13:31:15.745Z,24.22
2026-04-11T13:36:15.556Z,24.16
2026-04-11T13:41:15.676Z,24.25
2026-04-11T13:46:15.591Z,24.37
2026-04-11T13:51:15.788Z,24.45
2026-04-11T13:56:15.561Z,24.42
2026-04-11T14:01:16.252Z,24.48
2026-04-11T14:06:15.56Z,24.62
2026-04-11T14:11:15.883Z,24.83
2026-04-11T14:16:15.508Z,24.91
2026-04-11T14:21:15.603Z,25.06
2026-04-11T14:26:15.699Z,25.14
2026-04-11T14:31:15.689Z,25.23
2026-04-11T14:36:15.562Z,25.32
2026-04-11T14:41:15.748Z,25.34
2026-04-11T14:46:15.822Z,25.29
2026-04-11T14:51:16.209Z,25.17
2026-04-11T14:56:15.875Z,25.06
2026-04-11T15:01:15.656Z,25.06
2026-04-11T15:06:17.431Z,25.09
2026-04-11T15:11:15.97Z,24.88
2026-04-11T15:16:15.74Z,24.8
2026-04-11T15:21:15.617Z,24.74
2026-04-11T15:26:15.498Z,24.68
2026-04-11T15:31:15.7Z,24.71
2026-04-11T15:36:15.613Z,24.85
2026-04-11T15:41:15.503Z,24.91
2026-04-11T15:46:15.745Z,24.88
2026-04-11T15:51:15.614Z,24.88
2026-04-11T15:56:15.615Z,24.88
2026-04-11T16:01:15.643Z,24.74
2026-04-11T16:06:15.571Z,24.74
2026-04-11T16:11:15.564Z,24.83
2026-04-11T16:16:15.58Z,24.68
2026-04-11T16:21:15.662Z,24.62
2026-04-11T16:26:15.627Z,24.62
2026-04-11T16:31:15.719Z,24.6
2026-04-11T16:36:15.608Z,24.57
2026-04-11T16:41:15.711Z,24.65
2026-04-11T16:46:16Z,24.6
2026-04-11T16:51:15.741Z,24.51
2026-04-11T16:56:15.712Z,24.57
2026-04-11T17:01:15.7Z,24.68
2026-04-11T17:06:15.601Z,24.68
2026-04-11T17:11:15.711Z,24.68
2026-04-11T17:16:15.491Z,24.6
2026-04-11T17:21:15.685Z,24.62
2026-04-11T17:26:15.712Z,24.6
2026-04-11T17:31:15.726Z,24.39
2026-04-11T17:36:15.72Z,24.19
2026-04-11T17:41:15.651Z,24.02
2026-04-11T17:46:15.693Z,23.85
2026-04-11T17:51:15.635Z,23.53
2026-04-11T17:56:15.711Z,23.3
2026-04-11T18:01:15.72Z,23.33
2026-04-11T18:06:15.685Z,23.21
2026-04-11T18:11:15.752Z,23.21
2026-04-11T18:16:15.733Z,23.24
2026-04-11T18:21:15.588Z,23.16
2026-04-11T18:26:15.6Z,23.01
2026-04-11T18:31:15.523Z,22.69
2026-04-11T18:36:15.972Z,22.32
2026-04-11T18:41:15.73Z,22.04
2026-04-11T18:46:15.519Z,21.69
2026-04-11T18:51:15.541Z,21.6
2026-04-11T18:56:15.635Z,21.34
2026-04-11T19:01:15.563Z,21.28
2026-04-11T19:06:15.717Z,21.32
2026-04-11T19:11:15.591Z,21.32
2026-04-11T19:16:15.519Z,21.09
2026-04-11T19:21:15.519Z,21.06
2026-04-11T19:26:15.727Z,21.06
2026-04-11T19:31:15.842Z,21.2
2026-04-11T19:36:15.659Z,21.28
2026-04-11T19:41:15.639Z,21.17
2026-04-11T19:46:15.529Z,21.09
2026-04-11T19:51:15.718Z,21.0
2026-04-11T19:56:15.501Z,20.94
2026-04-11T20:01:15.723Z,20.97
2026-04-11T20:06:15.501Z,21.06
2026-04-11T20:11:15.609Z,21.11
2026-04-11T20:16:15.509Z,21.11
2026-04-11T20:21:15.597Z,21.14
2026-04-11T20:26:15.684Z,21.06
2026-04-11T20:31:15.649Z,21.02
2026-04-11T20:36:15.61Z,20.88
2026-04-11T20:41:15.551Z,20.86
2026-04-11T20:46:15.58Z,20.68
2026-04-11T20:51:15.523Z,20.71
2026-04-11T20:56:16.013Z,20.65
2026-04-11T21:01:15.57Z,20.65
2026-04-11T21:06:15.788Z,20.45
2026-04-11T21:11:15.684Z,20.31
2026-04-11T21:16:15.688Z,20.16
2026-04-11T21:21:15.78Z,20.37
2026-04-11T21:26:15.755Z,20.68
2026-04-11T21:31:15.577Z,21.09
2026-04-11T21:36:15.5Z,21.25
2026-04-11T21:41:16.623Z,21.4
2026-04-11T21:46:15.602Z,21.57
2026-04-11T21:51:15.544Z,21.72
2026-04-11T21:56:15.555Z,21.63
2026-04-11T22:01:15.733Z,21.32
2026-04-11T22:06:15.722Z,21.11
2026-04-11T22:11:15.619Z,20.76
2026-04-11T22:16:15.545Z,20.6
2026-04-11T22:21:15.615Z,20.53
2026-04-11T22:26:15.699Z,20.57
2026-04-11T22:31:15.68Z,20.37
2026-04-11T22:36:15.521Z,20.34
2026-04-11T22:41:15.68Z,20.39
2026-04-11T22:46:15.684Z,20.42
2026-04-11T22:51:15.484Z,20.39
2026-04-11T22:56:15.693Z,20.31
2026-04-11T23:01:15.632Z,20.31
2026-04-11T23:06:16.351Z,20.28
2026-04-11T23:11:15.565Z,20.28
2026-04-11T23:16:15.647Z,20.22
2026-04-11T23:21:15.58Z,19.9
2026-04-11T23:26:15.672Z,19.76
2026-04-11T23:31:15.723Z,19.59
2026-04-11T23:36:15.669Z,19.42
2026-04-11T23:41:15.538Z,19.36
2026-04-11T23:46:15.712Z,19.21
2026-04-11T23:51:15.738Z,18.93
2026-04-11T23:56:15.549Z,18.87
2026-04-12T00:01:15.694Z,18.78
2026-04-12T00:06:15.519Z,18.64
2026-04-12T00:11:15.586Z,18.61
2026-04-12T00:16:15.565Z,18.64
2026-04-12T00:21:15.887Z,18.58
2026-04-12T00:26:15.559Z,18.52
2026-04-12T00:31:15.718Z,18.38
2026-04-12T00:36:15.739Z,18.38
2026-04-12T00:41:16.665Z,18.46
2026-04-12T00:46:15.65Z,18.49
2026-04-12T00:51:15.69Z,18.55
2026-04-12T00:56:15.723Z,18.55
2026-04-12T01:01:15.507Z,18.52
2026-04-12T01:06:15.769Z,18.41
2026-04-12T01:11:15.731Z,18.35
2026-04-12T01:16:16.037Z,18.32
2026-04-12T01:21:15.534Z,18.35
2026-04-12T01:26:15.769Z,18.23
2026-04-12T01:31:15.688Z,18.32
2026-04-12T01:36:15.502Z,18.35
2026-04-12T01:41:15.549Z,18.49
2026-04-12T01:46:15.738Z,18.46
2026-04-12T01:51:15.611Z,18.46
2026-04-12T01:56:15.65Z,18.46
2026-04-12T02:01:15.622Z,18.49
2026-04-12T02:06:15.682Z,18.38
2026-04-12T02:11:15.683Z,18.46
2026-04-12T02:16:15.495Z,18.49
2026-04-12T02:21:15.715Z,18.58
2026-04-12T02:26:15.569Z,18.61
2026-04-12T02:31:15.518Z,18.58
2026-04-12T02:36:15.649Z,18.55
2026-04-12T02:41:15.689Z,18.52
2026-04-12T02:46:15.881Z,18.61
2026-04-12T02:51:15.724Z,18.67
2026-04-12T02:56:15.575Z,18.55
2026-04-12T03:01:15.575Z,18.49
2026-04-12T03:06:15.991Z,18.26
2026-04-12T03:11:15.726Z,18.18
2026-04-12T03:16:15.515Z,18.09
2026-04-12T03:21:15.517Z,18.15
2026-04-12T03:26:15.631Z,18.15
2026-04-12T03:31:15.945Z,18.21
2026-04-12T03:36:15.606Z,18.26
2026-04-12T03:41:15.491Z,18.26
2026-04-12T03:46:16.477Z,18.26
2026-04-12T03:51:15.586Z,18.29
2026-04-12T03:56:15.72Z,18.23
2026-04-12T04:01:15.568Z,18.26
2026-04-12T04:06:15.509Z,18.46
2026-04-12T04:11:15.565Z,18.52
2026-04-12T04:16:15.502Z,18.46
2026-04-12T04:21:15.681Z,18.44
2026-04-12T04:26:15.655Z,18.35
2026-04-12T04:31:15.519Z,18.44
2026-04-12T04:36:15.743Z,18.41
2026-04-12T04:41:15.609Z,18.41
2026-04-12T04:46:15.592Z,18.46
2026-04-12T04:51:15.864Z,18.41
2026-04-12T04:56:15.794Z,18.52
2026-04-12T05:01:15.522Z,18.55
2026-04-12T05:06:15.569Z,18.61
2026-04-12T05:11:15.92Z,18.52
2026-04-12T05:16:15.652Z,18.49
2026-04-12T05:21:15.581Z,18.64
2026-04-12T05:26:15.6Z,18.75
2026-04-12T05:31:15.674Z,18.78
2026-04-12T05:36:15.58Z,18.81
2026-04-12T05:41:15.726Z,18.69
2026-04-12T05:46:15.557Z,18.58
2026-04-12T05:51:15.515Z,18.49
2026-04-12T05:56:15.472Z,18.32
2026-04-12T06:01:15.518Z,18.23
2026-04-12T06:06:15.633Z,18.26
2026-04-12T06:11:15.598Z,18.23
2026-04-12T06:16:15.505Z,18.35
2026-04-12T06:21:15.592Z,18.35
2026-04-12T06:26:15.553Z,18.41
2026-04-12T06:31:15.646Z,18.38
2026-04-12T06:36:15.624Z,18.38
2026-04-12T06:41:15.602Z,18.38
2026-04-12T06:46:15.481Z,18.32
2026-04-12T06:51:15.47Z,18.41
2026-04-12T06:56:15.667Z,18.38
2026-04-12T07:01:15.623Z,18.49
2026-04-12T07:06:15.493Z,18.58
2026-04-12T07:11:15.57Z,18.58
2026-04-12T07:16:15.648Z,18.61
2026-04-12T07:21:15.713Z,18.67
2026-04-12T07:26:15.517Z,18.64
2026-04-12T07:31:15.634Z,18.55
2026-04-12T07:36:15.651Z,18.52
2026-04-12T07:41:15.665Z,18.46
2026-04-12T07:46:15.547Z,18.26
2026-04-12T07:51:15.567Z,18.03
2026-04-12T07:56:15.69Z,17.92
2026-04-12T08:01:15.566Z,17.8
2026-04-12T08:06:15.496Z,17.54
2026-04-12T08:11:15.727Z,17.43
2026-04-12T08:16:15.454Z,17.26
2026-04-12T08:21:15.461Z,17.26
2026-04-12T08:26:15.567Z,17.23
2026-04-12T08:31:15.568Z,17.2
2026-04-12T08:36:15.661Z,17.2
2026-04-12T08:41:15.984Z,17.23
2026-04-12T08:46:15.65Z,17.28
2026-04-12T08:51:16.132Z,17.23
2026-04-12T08:56:15.694Z,17.28
2026-04-12T09:01:15.564Z,17.28
2026-04-12T09:06:15.595Z,17.37
2026-04-12T09:11:15.504Z,17.4
2026-04-12T09:16:15.611Z,17.46
2026-04-12T09:21:15.481Z,17.51
2026-04-12T09:26:15.685Z,17.49
2026-04-12T09:31:15.649Z,17.4
2026-04-12T09:36:15.69Z,17.4
2026-04-12T09:41:15.541Z,17.49
2026-04-12T09:46:15.577Z,17.51
2026-04-12T09:51:15.551Z,17.57
2026-04-12T09:56:15.577Z,17.57
2026-04-12T10:01:15.561Z,17.6
2026-04-12T10:06:15.577Z,17.72
2026-04-12T10:11:15.713Z,17.8
2026-04-12T10:16:15.525Z,17.89
2026-04-12T10:21:15.482Z,17.92
2026-04-12T10:26:15.579Z,18.09
2026-04-12T10:31:15.651Z,18.23
2026-04-12T10:36:15.449Z,18.41
2026-04-12T10:41:15.71Z,18.41
2026-04-12T10:46:15.614Z,18.52
2026-04-12T10:51:15.612Z,18.69
2026-04-12T10:56:15.481Z,18.93
2026-04-12T11:01:15.513Z,19.13
2026-04-12T11:06:15.456Z,19.44
2026-04-12T11:11:15.472Z,19.67
2026-04-12T11:16:15.682Z,19.67
2026-04-12T11:21:16.393Z,19.82
2026-04-12T11:26:15.668Z,19.9
2026-04-12T11:31:15.599Z,20.08
2026-04-12T11:36:15.633Z,20.28
2026-04-12T11:41:15.522Z,20.34
2026-04-12T11:46:15.71Z,20.37
2026-04-12T11:51:15.65Z,20.42
2026-04-12T11:56:15.539Z,20.42
2026-04-12T12:01:15.487Z,20.57
2026-04-12T12:06:15.52Z,20.53
2026-04-12T12:11:15.696Z,20.74
2026-04-12T12:16:15.472Z,20.97
2026-04-12T12:21:15.729Z,21.25
2026-04-12T12:26:15.885Z,21.34
2026-04-12T12:31:16.007Z,21.34
2026-04-12T12:36:16.027Z,21.4
2026-04-12T12:41:16.124Z,21.25
2026-04-12T12:46:15.659Z,21.02
2026-04-12T12:51:15.538Z,20.79
2026-04-12T12:56:15.582Z,20.51
2026-04-12T13:01:15.593Z,20.14
2026-04-12T13:06:15.759Z,20.25
2026-04-12T13:11:15.593Z,20.08
2026-04-12T13:16:15.596Z,20.02
2026-04-12T13:21:15.48Z,20.11
2026-04-12T13:26:15.495Z,20.22
2026-04-12T13:31:15.485Z,20.31
2026-04-12T13:36:15.449Z,20.39
2026-04-12T13:41:15.52Z,20.48
2026-04-12T13:46:15.664Z,20.68
2026-04-12T13:51:15.464Z,20.76
2026-04-12T13:56:15.63Z,20.76
2026-04-12T14:01:15.556Z,21.0
2026-04-12T14:06:16.629Z,21.06
2026-04-12T14:11:15.46Z,21.25
2026-04-12T14:16:15.459Z,21.43
2026-04-12T14:21:15.478Z,21.77
2026-04-12T14:26:15.59Z,21.97
2026-04-12T14:31:15.577Z,22.12
2026-04-12T14:36:15.615Z,22.29
2026-04-12T14:41:15.66Z,22.21
2026-04-12T14:46:15.509Z,22.04
2026-04-12T14:51:15.682Z,21.97
2026-04-12T14:56:15.539Z,22.09
2026-04-12T15:01:15.561Z,22.26
2026-04-12T15:06:15.673Z,22.41
2026-04-12T15:11:15.537Z,22.32
2026-04-12T15:16:15.493Z,22.23
2026-04-12T15:21:15.465Z,22.29
2026-04-12T15:26:16.28Z,22.41
2026-04-12T15:31:15.73Z,22.29
2026-04-12T15:36:15.591Z,22.64
2026-04-12T15:41:15.547Z,23.04
2026-04-12T15:46:15.521Z,23.1
2026-04-12T15:51:15.54Z,23.36
2026-04-12T15:56:15.571Z,23.62
2026-04-12T16:01:15.599Z,23.59
2026-04-12T16:06:15.822Z,23.36
2026-04-12T16:11:15.863Z,23.21
2026-04-12T16:16:16.2Z,22.98
2026-04-12T16:21:15.511Z,22.67
2026-04-12T16:26:15.671Z,22.38
2026-04-12T16:31:16.162Z,22.26
2026-04-12T16:36:15.563Z,21.95
2026-04-12T16:41:15.645Z,21.49
2026-04-12T16:46:15.591Z,21.02
2026-04-12T16:51:15.643Z,20.68
2026-04-12T16:56:15.459Z,20.51
2026-04-12T17:01:15.647Z,20.37
2026-04-12T17:06:15.536Z,20.34
2026-04-12T17:11:15.695Z,20.02
2026-04-12T17:16:15.575Z,19.56
2026-04-12T17:21:15.661Z,19.36
2026-04-12T17:26:15.492Z,19.18
2026-04-12T17:31:15.529Z,18.9
2026-04-12T17:36:15.634Z,18.78
2026-04-12T17:41:15.612Z,18.72
2026-04-12T17:46:15.536Z,18.58
2026-04-12T17:51:15.537Z,18.41
2026-04-12T17:56:15.621Z,18.35
2026-04-12T18:01:15.975Z,18.18
2026-04-12T18:06:15.585Z,18.06
2026-04-12T18:11:15.489Z,18.0
2026-04-12T18:16:15.569Z,18.03
2026-04-12T18:21:16.418Z,17.92
2026-04-12T18:26:15.561Z,17.89
2026-04-12T18:31:15.584Z,17.95
2026-04-12T18:36:15.512Z,17.97
2026-04-12T18:41:15.715Z,17.8
2026-04-12T18:46:15.462Z,17.66
2026-04-12T18:51:15.618Z,17.63
2026-04-12T18:56:15.498Z,17.57
2026-04-12T19:01:16.123Z,17.08
2026-04-12T19:06:15.462Z,16.85
2026-04-12T19:11:15.664Z,16.65
2026-04-12T19:16:15.658Z,16.14
2026-04-12T19:21:15.51Z,15.99
2026-04-12T19:26:15.525Z,15.84
2026-04-12T19:31:15.576Z,15.79
2026-04-12T19:36:15.6Z,15.73
2026-04-12T19:41:15.467Z,15.73
2026-04-12T19:46:15.695Z,15.76
2026-04-12T19:51:15.915Z,15.7
2026-04-12T19:56:15.528Z,15.61
2026-04-12T20:01:15.711Z,15.58
2026-04-12T20:06:16.102Z,15.7
2026-04-12T20:11:15.428Z,15.65
2026-04-12T20:16:15.651Z,15.67
2026-04-12T20:21:15.582Z,15.7
2026-04-12T20:26:15.587Z,15.65
2026-04-12T20:31:15.483Z,15.65
2026-04-12T20:36:15.562Z,15.58
2026-04-12T20:41:15.587Z,15.58
2026-04-12T20:46:15.604Z,15.39
2026-04-12T20:51:15.684Z,15.35
2026-04-12T20:56:15.663Z,15.27
2026-04-12T21:01:15.607Z,15.3
2026-04-12T21:06:15.477Z,15.24
2026-04-12T21:11:15.501Z,15.3
2026-04-12T21:16:15.655Z,15.16
2026-04-12T21:21:15.604Z,15.09
2026-04-12T21:26:15.461Z,15.12
2026-04-12T21:31:16.657Z,15.07
2026-04-12T21:36:15.543Z,15.16
2026-04-12T21:41:15.476Z,15.16
2026-04-12T21:46:15.583Z,15.12
2026-04-12T21:51:15.576Z,15.07
2026-04-12T21:56:15.437Z,15.16
2026-04-12T22:01:15.636Z,15.27
2026-04-12T22:06:15.575Z,15.24
2026-04-12T22:11:15.494Z,15.27
2026-04-12T22:16:15.593Z,15.33
2026-04-12T22:21:15.583Z,15.27
2026-04-12T22:26:15.512Z,15.27
2026-04-12T22:31:15.593Z,15.21
2026-04-12T22:36:15.602Z,15.07
2026-04-12T22:41:15.644Z,15.07
2026-04-12T22:46:15.518Z,15.07
2026-04-12T22:51:15.584Z,14.98
2026-04-12T22:56:15.484Z,15.01
2026-04-12T23:01:15.806Z,14.98
2026-04-12T23:06:15.615Z,14.98
2026-04-12T23:11:15.609Z,14.9
2026-04-12T23:16:15.591Z,14.93
2026-04-12T23:21:15.517Z,14.95
2026-04-12T23:26:15.573Z,14.98
2026-04-12T23:31:15.678Z,15.01
2026-04-12T23:36:15.52Z,15.01
2026-04-12T23:41:15.539Z,14.81
2026-04-12T23:46:15.45Z,14.55
2026-04-12T23:51:15.684Z,14.47
2026-04-12T23:56:15.561Z,14.35
2026-04-13T00:01:15.515Z,14.12
2026-04-13T00:06:15.585Z,14.03
2026-04-13T00:11:15.577Z,13.92
2026-04-13T00:16:15.574Z,13.8
2026-04-13T00:21:15.582Z,13.83
2026-04-13T00:26:15.559Z,13.92
2026-04-13T00:31:15.643Z,13.92
2026-04-13T00:36:15.451Z,13.86
2026-04-13T00:41:15.621Z,13.86
2026-04-13T00:46:15.509Z,13.92
2026-04-13T00:51:15.656Z,14.0
2026-04-13T00:56:15.581Z,13.98
2026-04-13T01:01:15.606Z,13.95
2026-04-13T01:06:15.437Z,13.77
2026-04-13T01:11:15.536Z,13.89
2026-04-13T01:16:15.503Z,13.89
2026-04-13T01:21:15.642Z,13.92
2026-04-13T01:26:15.639Z,13.98
2026-04-13T01:31:15.439Z,13.95
2026-04-13T01:36:15.561Z,13.95
2026-04-13T01:41:15.706Z,13.89
2026-04-13T01:46:16.655Z,13.8
2026-04-13T01:51:15.618Z,13.83
2026-04-13T01:56:15.436Z,13.72
2026-04-13T02:01:15.569Z,13.72
2026-04-13T02:06:15.656Z,13.63
2026-04-13T02:11:15.667Z,13.43
2026-04-13T02:16:15.421Z,13.34
2026-04-13T02:21:15.683Z,13.4
2026-04-13T02:26:15.66Z,13.51
2026-04-13T02:31:15.525Z,13.6
2026-04-13T02:36:15.549Z,13.57
2026-04-13T02:41:15.528Z,13.6
2026-04-13T02:46:15.964Z,13.57
2026-04-13T02:51:15.535Z,13.43
2026-04-13T02:56:16.192Z,13.43
2026-04-13T03:01:15.499Z,13.46
2026-04-13T03:06:15.445Z,13.43
2026-04-13T03:11:15.455Z,13.49
2026-04-13T03:16:15.472Z,13.54
2026-04-13T03:21:15.593Z,13.54
2026-04-13T03:26:15.594Z,13.54
2026-04-13T03:31:15.602Z,13.49
2026-04-13T03:36:15.527Z,13.54
2026-04-13T03:41:16.122Z,13.43
2026-04-13T03:46:15.629Z,13.46
2026-04-13T03:51:15.459Z,13.4
2026-04-13T03:56:15.428Z,13.37
2026-04-13T04:01:15.639Z,13.34
2026-04-13T04:06:15.638Z,13.23
2026-04-13T04:11:15.438Z,13.23
2026-04-13T04:16:15.489Z,13.17
2026-04-13T04:21:15.86Z,13.2
2026-04-13T04:26:15.664Z,13.11
2026-04-13T04:31:15.598Z,13.03
2026-04-13T04:36:15.538Z,12.94
2026-04-13T04:41:16.078Z,12.82
2026-04-13T04:46:16.812Z,12.77
2026-04-13T04:51:15.608Z,12.65
2026-04-13T04:56:15.543Z,12.42
2026-04-13T05:01:15.49Z,12.48
2026-04-13T05:06:15.487Z,12.39
2026-04-13T05:11:15.622Z,12.25
2026-04-13T05:16:15.484Z,12.33
2026-04-13T05:21:15.457Z,12.42
2026-04-13T05:26:15.46Z,12.45
2026-04-13T05:31:16.233Z,12.56
2026-04-13T05:36:15.444Z,12.59
2026-04-13T05:41:15.558Z,12.79
2026-04-13T05:46:15.537Z,12.77
2026-04-13T05:51:15.542Z,12.68
2026-04-13T05:56:15.868Z,12.54
2026-04-13T06:01:15.522Z,12.65
2026-04-13T06:06:15.444Z,12.68
2026-04-13T06:11:15.635Z,12.59
2026-04-13T06:16:15.471Z,12.74
2026-04-13T06:21:15.576Z,12.82
2026-04-13T06:26:15.442Z,13.03
2026-04-13T06:31:15.585Z,13.03
2026-04-13T06:36:15.552Z,13.2
2026-04-13T06:41:15.407Z,13.26
2026-04-13T06:46:15.523Z,13.26
2026-04-13T06:51:15.453Z,13.34
2026-04-13T06:56:15.606Z,13.43
2026-04-13T07:01:15.553Z,13.43
2026-04-13T07:06:15.527Z,13.54
2026-04-13T07:11:15.458Z,13.54
2026-04-13T07:16:15.514Z,13.6
2026-04-13T07:21:15.608Z,13.69
2026-04-13T07:26:15.627Z,13.83
2026-04-13T07:31:15.515Z,14.0
2026-04-13T07:36:15.526Z,14.03
2026-04-13T07:41:17.136Z,14.09
2026-04-13T07:46:15.615Z,14.21
2026-04-13T07:51:15.624Z,14.29
2026-04-13T07:56:15.649Z,14.41
2026-04-13T08:01:15.605Z,14.37
2026-04-13T08:06:15.508Z,14.44
2026-04-13T08:11:15.793Z,14.52
2026-04-13T08:16:15.545Z,14.7
2026-04-13T08:21:15.578Z,14.84
2026-04-13T08:26:15.403Z,14.93
2026-04-13T08:31:15.369Z,15.09
2026-04-13T08:36:15.669Z,15.07
2026-04-13T08:41:16.357Z,15.19
2026-04-13T08:46:15.483Z,15.39
2026-04-13T08:51:15.473Z,15.42
2026-04-13T08:56:15.449Z,15.44
2026-04-13T09:01:15.519Z,15.5
2026-04-13T09:06:15.414Z,15.7
2026-04-13T09:11:15.627Z,15.88
2026-04-13T09:16:16.008Z,15.88
2026-04-13T09:21:15.419Z,15.93
2026-04-13T09:26:15.455Z,16.14
2026-04-13T09:31:15.548Z,16.14
2026-04-13T09:36:15.521Z,16.16
2026-04-13T09:41:15.593Z,16.59
2026-04-13T09:46:15.801Z,16.68
2026-04-13T09:51:15.603Z,16.71
2026-04-13T09:56:16.355Z,16.94
2026-04-13T10:01:15.497Z,17.14
2026-04-13T10:06:15.41Z,16.91
2026-04-13T10:11:15.503Z,16.79
2026-04-13T10:16:15.564Z,17.14
2026-04-13T10:21:15.436Z,16.85
2026-04-13T10:26:15.413Z,17.02
2026-04-13T10:31:15.65Z,17.02
2026-04-13T10:36:15.505Z,17.2
2026-04-13T10:41:15.878Z,17.4
2026-04-13T10:46:15.473Z,17.31
2026-04-13T10:51:15.55Z,17.46
2026-04-13T10:56:15.57Z,17.66
2026-04-13T11:01:15.642Z,17.54
2026-04-13T11:06:15.523Z,17.92
2026-04-13T11:11:15.411Z,17.8
2026-04-13T11:16:15.553Z,18.03
2026-04-13T11:21:15.373Z,17.97
2026-04-13T11:26:15.579Z,18.12
2026-04-13T11:31:15.597Z,18.12
2026-04-13T11:36:15.741Z,18.32
2026-04-13T11:41:15.486Z,18.35
2026-04-13T11:46:15.427Z,18.38
2026-04-13T11:51:15.533Z,17.97
2026-04-13T11:56:15.612Z,18.38
2026-04-13T12:01:15.492Z,18.61
2026-04-13T12:06:16.108Z,18.93
2026-04-13T12:11:15.462Z,19.39
2026-04-13T12:16:15.432Z,19.1
2026-04-13T12:21:15.537Z,19.18
2026-04-13T12:26:15.554Z,19.33
2026-04-13T12:31:15.532Z,19.27
2026-04-13T12:36:15.484Z,19.16
2026-04-13T12:41:15.888Z,19.47
2026-04-13T12:46:16.295Z,19.47
2026-04-13T12:51:15.437Z,19.42
2026-04-13T12:56:15.513Z,19.5
2026-04-13T13:01:15.468Z,19.36
2026-04-13T13:06:15.388Z,19.44
2026-04-13T13:11:15.424Z,19.56
2026-04-13T13:16:15.538Z,19.67
2026-04-13T13:21:15.537Z,19.88
2026-04-13T13:26:15.434Z,19.59
2026-04-13T13:31:15.492Z,19.67
2026-04-13T13:36:15.377Z,19.47
2026-04-13T13:41:15.564Z,19.9
2026-04-13T13:46:15.381Z,20.22
2026-04-13T13:51:16.285Z,20.19
2026-04-13T13:56:15.385Z,20.19
2026-04-13T14:01:16.15Z,20.25
2026-04-13T14:06:15.578Z,20.45
2026-04-13T14:11:15.503Z,20.28
2026-04-13T14:16:15.476Z,20.42
2026-04-13T14:21:15.542Z,20.34
2026-04-13T14:26:15.501Z,20.45
2026-04-13T14:31:15.364Z,20.45
2026-04-13T14:36:15.456Z,20.74
2026-04-13T14:41:15.565Z,20.97
2026-04-13T14:46:15.703Z,21.0
2026-04-13T14:51:15.532Z,20.97
2026-04-13T14:56:15.475Z,21.14
2026-04-13T15:01:15.404Z,20.71
2026-04-13T15:06:15.489Z,20.6
2026-04-13T15:11:15.477Z,20.45
2026-04-13T15:16:15.567Z,20.51
2026-04-13T15:21:15.388Z,20.74
2026-04-13T15:26:15.368Z,20.79
2026-04-13T15:31:15.431Z,21.06
2026-04-13T15:36:15.451Z,21.14
2026-04-13T15:41:15.494Z,21.17
2026-04-13T15:46:15.417Z,20.97
2026-04-13T15:51:15.975Z,21.06
2026-04-13T15:56:16.746Z,21.11
2026-04-13T16:01:15.363Z,21.23
2026-04-13T16:06:15.59Z,21.2
2026-04-13T16:11:15.569Z,21.0
2026-04-13T16:16:15.499Z,21.09
2026-04-13T16:21:15.623Z,20.88
2026-04-13T16:26:15.567Z,21.11
2026-04-13T16:31:15.444Z,21.14
2026-04-13T16:36:15.519Z,21.06
2026-04-13T16:41:15.609Z,21.06
2026-04-13T16:46:15.667Z,21.09
2026-04-13T16:51:16.114Z,21.06
2026-04-13T16:56:15.48Z,20.91
2026-04-13T17:01:15.813Z,20.83
2026-04-13T17:06:15.483Z,20.79
2026-04-13T17:11:15.944Z,20.76
2026-04-13T17:16:17.031Z,20.74
2026-04-13T17:21:15.493Z,20.71
2026-04-13T17:26:15.65Z,20.76
2026-04-13T17:31:15.47Z,20.62
2026-04-13T17:36:15.427Z,20.53
2026-04-13T17:41:15.668Z,20.51
2026-04-13T17:46:15.446Z,20.48
2026-04-13T17:51:16.266Z,20.51
2026-04-13T17:56:15.564Z,20.42
2026-04-13T18:01:15.431Z,20.34
2026-04-13T18:06:15.624Z,20.19
2026-04-13T18:11:15.401Z,20.11
2026-04-13T18:16:15.453Z,19.96
2026-04-13T18:21:16.378Z,19.9
2026-04-13T18:26:15.888Z,19.79
2026-04-13T18:31:15.457Z,19.62
2026-04-13T18:36:15.409Z,19.5
2026-04-13T18:41:15.6Z,19.39
2026-04-13T18:46:16.058Z,19.33
2026-04-13T18:51:16.303Z,19.27
2026-04-13T18:56:15.522Z,19.33
2026-04-13T19:01:15.602Z,19.21
2026-04-13T19:06:15.671Z,19.13
2026-04-13T19:11:15.616Z,18.98
2026-04-13T19:16:15.503Z,18.93
2026-04-13T19:21:15.506Z,18.93
2026-04-13T19:26:15.351Z,18.98
2026-04-13T19:31:15.556Z,18.93
2026-04-13T19:36:15.604Z,18.78
2026-04-13T19:41:15.408Z,18.69
2026-04-13T19:46:15.573Z,18.81
2026-04-13T19:51:15.565Z,18.72
2026-04-13T19:56:15.536Z,18.78
2026-04-13T20:01:15.423Z,18.81
2026-04-13T20:06:15.478Z,18.67
2026-04-13T20:11:15.625Z,18.52
2026-04-13T20:16:15.438Z,18.55
2026-04-13T20:21:15.552Z,18.35
2026-04-13T20:26:15.589Z,18.38
2026-04-13T20:31:15.501Z,18.26
2026-04-13T20:36:15.489Z,18.21
2026-04-13T20:41:15.869Z,18.12
2026-04-13T20:46:15.381Z,18.03
2026-04-13T20:51:15.531Z,18.0
2026-04-13T20:56:15.618Z,17.95
2026-04-13T21:01:15.403Z,17.89
2026-04-13T21:06:15.528Z,17.89
2026-04-13T21:11:15.391Z,17.8
2026-04-13T21:16:15.672Z,17.72
2026-04-13T21:21:15.549Z,17.77
2026-04-13T21:26:15.509Z,17.74
2026-04-13T21:31:16.15Z,17.66
2026-04-13T21:36:15.498Z,17.63
2026-04-13T21:41:15.603Z,17.51
2026-04-13T21:46:15.574Z,17.57
2026-04-13T21:51:15.357Z,17.46
2026-04-13T21:56:15.485Z,17.49
2026-04-13T22:01:15.353Z,17.51
2026-04-13T22:06:15.55Z,17.37
2026-04-13T22:11:15.615Z,17.34
2026-04-13T22:16:15.534Z,17.2
2026-04-13T22:21:15.621Z,17.05
2026-04-13T22:26:15.529Z,16.88
2026-04-13T22:31:15.603Z,16.56
2026-04-13T22:36:15.404Z,16.33
2026-04-13T22:41:15.715Z,16.02
2026-04-13T22:46:15.629Z,15.7
2026-04-13T22:51:15.567Z,15.5
2026-04-13T22:56:15.481Z,15.33
2026-04-13T23:01:15.579Z,15.16
2026-04-13T23:06:15.364Z,14.93
2026-04-13T23:11:15.546Z,14.64
2026-04-13T23:16:15.502Z,14.32
2026-04-13T23:21:15.448Z,13.89
2026-04-13T23:26:15.508Z,13.6
2026-04-13T23:31:15.533Z,13.26
2026-04-13T23:36:15.548Z,13.05
2026-04-13T23:41:15.492Z,12.91
2026-04-13T23:46:15.405Z,12.82
2026-04-13T23:51:15.531Z,12.91
2026-04-13T23:56:15.436Z,12.97
2026-04-14T00:01:15.413Z,12.91
2026-04-14T00:06:15.492Z,13.03
2026-04-14T00:11:15.403Z,12.91
2026-04-14T00:16:15.603Z,13.2
2026-04-14T00:21:15.449Z,13.77
2026-04-14T00:26:15.384Z,14.06
2026-04-14T00:31:15.364Z,14.52
2026-04-14T00:36:15.432Z,15.07
2026-04-14T00:41:15.507Z,15.24
2026-04-14T00:46:15.421Z,15.21
2026-04-14T00:51:15.69Z,15.12
2026-04-14T00:56:15.395Z,15.09
2026-04-14T01:01:15.608Z,14.81
2026-04-14T01:06:15.52Z,14.64
2026-04-14T01:11:16.044Z,14.44
2026-04-14T01:16:15.409Z,14.21
2026-04-14T01:21:15.478Z,14.18
2026-04-14T01:26:15.594Z,13.98
2026-04-14T01:31:15.36Z,13.8
2026-04-14T01:36:15.431Z,13.69
2026-04-14T01:41:15.745Z,13.74
2026-04-14T01:46:15.743Z,13.92
2026-04-14T01:51:15.528Z,14.0
2026-04-14T01:56:15.539Z,14.0
2026-04-14T02:01:15.401Z,13.98
2026-04-14T02:06:15.484Z,13.98
2026-04-14T02:11:15.69Z,13.83
2026-04-14T02:16:15.554Z,13.77
2026-04-14T02:21:15.465Z,13.63
2026-04-14T02:26:15.442Z,13.49
2026-04-14T02:31:15.569Z,13.14
2026-04-14T02:36:15.387Z,12.88
2026-04-14T02:41:15.6Z,12.71
2026-04-14T02:46:15.56Z,12.42
2026-04-14T02:51:15.513Z,12.33
2026-04-14T02:56:15.572Z,12.07
2026-04-14T03:01:15.407Z,11.82
2026-04-14T03:06:15.381Z,11.67
2026-04-14T03:11:15.434Z,11.41
2026-04-14T03:16:15.503Z,11.21
2026-04-14T03:21:15.951Z,11.12
2026-04-14T03:26:15.59Z,11.07
2026-04-14T03:31:15.462Z,10.96
2026-04-14T03:36:15.594Z,10.96
2026-04-14T03:41:15.496Z,11.1
2026-04-14T03:46:15.606Z,11.24
2026-04-14T03:51:15.559Z,11.24
2026-04-14T03:56:15.585Z,11.3
2026-04-14T04:01:15.502Z,11.35
2026-04-14T04:06:15.774Z,11.33
2026-04-14T04:11:15.348Z,11.33
2026-04-14T04:16:15.591Z,11.27
2026-04-14T04:21:15.566Z,11.35
2026-04-14T04:26:15.486Z,11.24
2026-04-14T04:31:15.377Z,11.15
2026-04-14T04:36:15.362Z,11.1
2026-04-14T04:41:15.684Z,11.01
2026-04-14T04:46:15.524Z,10.92
2026-04-14T04:51:15.454Z,10.92
2026-04-14T04:56:15.593Z,10.89
2026-04-14T05:01:15.489Z,10.98
2026-04-14T05:06:15.562Z,10.96
2026-04-14T05:11:15.636Z,10.98
2026-04-14T05:16:15.386Z,11.04
2026-04-14T05:21:15.474Z,11.07
2026-04-14T05:26:15.411Z,11.1
2026-04-14T05:31:15.553Z,11.1
2026-04-14T05:36:15.454Z,11.15
2026-04-14T05:41:15.96Z,11.21
2026-04-14T05:46:15.474Z,11.33
2026-04-14T05:51:15.389Z,11.47
2026-04-14T05:56:15.492Z,11.67
2026-04-14T06:01:15.568Z,11.87
2026-04-14T06:06:15.439Z,12.28
2026-04-14T06:11:15.545Z,12.59
2026-04-14T06:16:15.519Z,12.88
2026-04-14T06:21:15.456Z,13.23
2026-04-14T06:26:15.585Z,13.46
2026-04-14T06:31:15.491Z,13.63
2026-04-14T06:36:15.576Z,13.83
2026-04-14T06:41:15.455Z,14.47
2026-04-14T06:46:15.426Z,15.07
2026-04-14T06:51:16.113Z,15.39
2026-04-14T06:56:16.809Z,15.53
2026-04-14T07:01:15.472Z,15.76
2026-04-14T07:06:15.373Z,15.93
2026-04-14T07:11:15.515Z,15.99
2026-04-14T07:16:15.57Z,16.07
2026-04-14T07:21:15.551Z,16.25
2026-04-14T07:26:15.46Z,16.42
2026-04-14T07:31:15.51Z,16.53
2026-04-14T07:36:15.552Z,16.68
2026-04-14T07:41:15.507Z,16.71
2026-04-14T07:46:15.477Z,16.85
2026-04-14T07:51:15.444Z,17.2
2026-04-14T07:56:15.408Z,17.4
2026-04-14T08:01:15.579Z,17.57
2026-04-14T08:06:15.569Z,17.74
2026-04-14T08:11:15.636Z,17.8
2026-04-14T08:16:15.892Z,17.97
2026-04-14T08:21:15.369Z,18.0
2026-04-14T08:26:15.388Z,18.35
2026-04-14T08:31:15.625Z,18.35
2026-04-14T08:36:15.929Z,18.52
2026-04-14T08:41:15.409Z,18.61
2026-04-14T08:46:16.111Z,18.81
2026-04-14T08:51:15.548Z,18.72
2026-04-14T08:56:15.471Z,18.81
2026-04-14T09:01:15.446Z,18.93
2026-04-14T09:06:16.056Z,19.07
2026-04-14T09:11:15.394Z,19.27
2026-04-14T09:16:15.445Z,19.36
2026-04-14T09:21:15.618Z,19.7
2026-04-14T09:26:15.503Z,19.67
2026-04-14T09:31:15.408Z,19.96
2026-04-14T09:36:16.003Z,20.08
2026-04-14T09:41:15.411Z,20.08
2026-04-14T09:46:15.557Z,20.16
2026-04-14T09:51:15.497Z,20.31
2026-04-14T09:56:15.4Z,20.42
2026-04-14T10:01:15.438Z,20.62
2026-04-14T10:06:15.534Z,20.76
2026-04-14T10:11:15.498Z,20.94
2026-04-14T10:16:15.495Z,21.06
2026-04-14T10:21:15.39Z,21.32
2026-04-14T10:26:15.673Z,21.46
2026-04-14T10:31:15.413Z,21.63
2026-04-14T10:36:15.413Z,21.83
2026-04-14T10:41:15.404Z,22.0
2026-04-14T10:46:15.547Z,21.95
2026-04-14T10:51:15.54Z,22.23
2026-04-14T10:56:15.467Z,22.29
2026-04-14T11:01:15.51Z,22.23
2026-04-14T11:06:15.581Z,22.67
2026-04-14T11:11:15.376Z,22.78
2026-04-14T11:16:15.435Z,22.75
2026-04-14T11:21:15.439Z,22.87
2026-04-14T11:26:15.517Z,22.55
2026-04-14T11:31:15.426Z,22.55
2026-04-14T11:36:15.638Z,22.81
2026-04-14T11:41:15.604Z,22.81
2026-04-14T11:46:15.381Z,22.87
2026-04-14T11:51:15.365Z,23.24
2026-04-14T11:56:15.567Z,23.3
2026-04-14T12:01:15.593Z,23.62
2026-04-14T12:06:16.061Z,23.76
2026-04-14T12:11:15.421Z,23.79
2026-04-14T12:16:15.563Z,23.93
2026-04-14T12:21:15.834Z,24.02
2026-04-14T12:26:15.571Z,24.02
2026-04-14T12:31:15.526Z,24.11
2026-04-14T12:36:15.472Z,24.11
2026-04-14T12:41:15.548Z,24.02
2026-04-14T12:46:15.423Z,24.11
2026-04-14T12:51:15.529Z,24.25
2026-04-14T12:56:15.469Z,24.19
2026-04-14T13:01:15.425Z,24.19
2026-04-14T13:06:15.559Z,24.25
2026-04-14T13:11:15.444Z,24.37
2026-04-14T13:16:15.394Z,24.22
2026-04-14T13:21:15.457Z,24.68
2026-04-14T13:26:15.757Z,24.71
2026-04-14T13:31:15.401Z,24.57
2026-04-14T13:36:15.578Z,24.8
2026-04-14T13:41:15.874Z,25.11
2026-04-14T13:46:15.53Z,25.14
2026-04-14T13:51:15.383Z,24.94
2026-04-14T13:56:15.347Z,25.11
2026-04-14T14:01:15.562Z,25.23
2026-04-14T14:06:15.492Z,25.34
2026-04-14T14:11:15.432Z,25.14
2026-04-14T14:16:15.417Z,24.85
2026-04-14T14:21:15.413Z,24.83
2026-04-14T14:26:15.373Z,24.39
2026-04-14T14:31:15.578Z,24.19
2026-04-14T14:36:16.375Z,24.22
2026-04-14T14:41:15.486Z,24.13
2026-04-14T14:46:15.452Z,24.13
2026-04-14T14:51:15.857Z,24.19
2026-04-14T14:56:15.444Z,24.25
2026-04-14T15:01:15.368Z,24.39
2026-04-14T15:06:15.431Z,24.28
2026-04-14T15:11:15.463Z,24.19
2026-04-14T15:16:15.361Z,24.16
2026-04-14T15:21:15.53Z,24.28
2026-04-14T15:26:15.348Z,24.39
2026-04-14T15:31:15.475Z,24.39
2026-04-14T15:36:15.586Z,24.37
2026-04-14T15:41:15.609Z,24.25
2026-04-14T15:46:15.565Z,24.22
2026-04-14T15:51:15.654Z,24.11
2026-04-14T15:56:15.373Z,24.08
2026-04-14T16:01:15.841Z,24.05
2026-04-14T16:06:15.939Z,24.05
2026-04-14T16:11:16.102Z,23.13
2026-04-14T16:16:15.454Z,22.67
2026-04-14T16:21:15.535Z,22.38
2026-04-14T16:26:15.499Z,22.23
2026-04-14T16:31:15.416Z,22.06
2026-04-14T16:36:15.441Z,21.66
2026-04-14T16:41:15.51Z,21.57
2026-04-14T16:46:15.404Z,21.4
2026-04-14T16:51:15.384Z,21.09
2026-04-14T16:56:15.498Z,21.02
2026-04-14T17:01:15.506Z,20.94
2026-04-14T17:06:15.385Z,20.88
2026-04-14T17:11:15.369Z,20.86
2026-04-14T17:16:15.595Z,20.76
2026-04-14T17:21:15.423Z,20.74
2026-04-14T17:26:15.454Z,20.65
2026-04-14T17:31:15.451Z,20.6
2026-04-14T17:36:15.338Z,20.51
2026-04-14T17:41:15.334Z,20.42
2026-04-14T17:46:15.369Z,20.48
2026-04-14T17:51:15.511Z,20.28
2026-04-14T17:56:15.58Z,20.16
2026-04-14T18:01:15.551Z,19.96
2026-04-14T18:06:15.354Z,19.85
2026-04-14T18:11:15.49Z,19.76
2026-04-14T18:16:15.362Z,19.73
2026-04-14T18:21:15.367Z,19.62
2026-04-14T18:26:15.564Z,19.53
2026-04-14T18:31:15.38Z,19.3
2026-04-14T18:36:15.401Z,19.27
2026-04-14T18:41:15.522Z,19.18
2026-04-14T18:46:15.561Z,19.01
2026-04-14T18:51:15.493Z,18.87
2026-04-14T18:56:15.346Z,18.72
2026-04-14T19:01:15.459Z,18.64
2026-04-14T19:06:15.403Z,18.44
2026-04-14T19:11:15.379Z,18.32
2026-04-14T19:16:15.384Z,18.26
2026-04-14T19:21:15.443Z,18.09
2026-04-14T19:26:15.41Z,18.03
2026-04-14T19:31:15.621Z,17.95
2026-04-14T19:36:15.39Z,17.83
2026-04-14T19:41:15.402Z,17.72
2026-04-14T19:46:15.906Z,17.63
2026-04-14T19:51:15.428Z,17.74
2026-04-14T19:56:15.328Z,17.66
2026-04-14T20:01:15.598Z,17.51
2026-04-14T20:06:15.47Z,17.46
2026-04-14T20:11:15.381Z,17.4
2026-04-14T20:16:15.544Z,17.26
2026-04-14T20:21:15.418Z,17.23
2026-04-14T20:26:15.396Z,17.05
2026-04-14T20:31:15.453Z,16.97
2026-04-14T20:36:15.537Z,16.91
2026-04-14T20:41:16.098Z,16.82
2026-04-14T20:46:15.433Z,16.62
2026-04-14T20:51:15.35Z,16.48
2026-04-14T20:56:15.385Z,16.3
2026-04-14T21:01:15.352Z,16.1
2026-04-14T21:06:15.451Z,16.05
2026-04-14T21:11:15.425Z,15.9
2026-04-14T21:16:15.402Z,15.9
2026-04-14T21:21:15.505Z,15.73
2026-04-14T21:26:15.582Z,15.67
2026-04-14T21:31:15.361Z,15.58
2026-04-14T21:36:15.565Z,15.5
2026-04-14T21:41:15.467Z,15.42
2026-04-14T21:46:15.434Z,15.35
2026-04-14T21:51:15.401Z,15.33
2026-04-14T21:56:15.589Z,15.27
2026-04-14T22:01:15.397Z,15.19
2026-04-14T22:06:15.524Z,15.12
2026-04-14T22:11:15.445Z,15.01
2026-04-14T22:16:15.464Z,14.86
2026-04-14T22:21:15.373Z,14.67
2026-04-14T22:26:15.657Z,14.61
2026-04-14T22:31:15.53Z,14.55
2026-04-14T22:36:15.432Z,14.41
2026-04-14T22:41:15.413Z,14.29
2026-04-14T22:46:15.433Z,14.18
2026-04-14T22:51:15.533Z,14.12
2026-04-14T22:56:16.035Z,13.98
2026-04-14T23:01:16.196Z,13.92
2026-04-14T23:06:15.646Z,13.8
2026-04-14T23:11:15.529Z,13.77
2026-04-14T23:16:15.974Z,13.8
2026-04-14T23:21:15.572Z,13.69
2026-04-14T23:26:15.476Z,13.72
2026-04-14T23:31:15.491Z,14.06
2026-04-14T23:36:15.364Z,14.23
2026-04-14T23:41:15.647Z,14.29
2026-04-14T23:46:15.582Z,14.32
2026-04-14T23:51:15.407Z,14.35
2026-04-14T23:56:15.493Z,14.32
2026-04-15T00:01:15.383Z,14.26
2026-04-15T00:06:15.555Z,14.09
2026-04-15T00:11:15.499Z,14.06
2026-04-15T00:16:15.516Z,13.98
2026-04-15T00:21:15.484Z,13.95
2026-04-15T00:26:15.477Z,13.92
2026-04-15T00:31:15.407Z,13.83
2026-04-15T00:36:15.415Z,13.74
2026-04-15T00:41:16.08Z,13.63
2026-04-15T00:46:15.452Z,13.66
2026-04-15T00:51:15.455Z,13.57
2026-04-15T00:56:15.404Z,13.6
2026-04-15T01:01:15.433Z,13.63
2026-04-15T01:06:15.458Z,13.66
2026-04-15T01:11:15.482Z,13.57
2026-04-15T01:16:15.61Z,13.57
2026-04-15T01:21:15.486Z,13.57
2026-04-15T01:26:15.494Z,13.43
2026-04-15T01:31:15.545Z,13.4
2026-04-15T01:36:15.379Z,13.28
2026-04-15T01:41:15.358Z,13.23
2026-04-15T01:46:15.545Z,13.17
2026-04-15T01:51:15.532Z,13.11
2026-04-15T01:56:15.55Z,12.88
2026-04-15T02:01:15.387Z,12.82
2026-04-15T02:06:15.389Z,12.88
2026-04-15T02:11:15.436Z,12.79
2026-04-15T02:16:15.386Z,12.74
2026-04-15T02:21:16.096Z,12.82
2026-04-15T02:26:15.565Z,12.79
2026-04-15T02:31:15.479Z,12.88
2026-04-15T02:36:15.616Z,12.91
2026-04-15T02:41:15.4Z,12.94
2026-04-15T02:46:15.435Z,12.91
2026-04-15T02:51:15.366Z,12.94
2026-04-15T02:56:15.417Z,12.91
2026-04-15T03:01:15.514Z,12.88
2026-04-15T03:06:15.551Z,12.77
2026-04-15T03:11:15.404Z,12.59
2026-04-15T03:16:15.433Z,12.62
2026-04-15T03:21:15.391Z,12.48
2026-04-15T03:26:15.485Z,12.54
2026-04-15T03:31:15.447Z,12.51
2026-04-15T03:36:15.348Z,12.68
2026-04-15T03:41:15.521Z,12.59
2026-04-15T03:46:15.44Z,12.62
2026-04-15T03:51:16.783Z,12.59
2026-04-15T03:56:15.598Z,12.54
2026-04-15T04:01:15.449Z,12.42
2026-04-15T04:06:15.526Z,12.36
2026-04-15T04:11:15.494Z,12.45
2026-04-15T04:16:15.432Z,12.48
2026-04-15T04:21:15.532Z,12.54
2026-04-15T04:26:15.523Z,12.51
2026-04-15T04:31:15.447Z,12.42
2026-04-15T04:36:15.403Z,12.45
2026-04-15T04:41:15.489Z,12.51
2026-04-15T04:46:15.564Z,12.45
2026-04-15T04:51:16.041Z,12.39
2026-04-15T04:56:15.379Z,12.25
2026-04-15T05:01:15.484Z,12.25
2026-04-15T05:06:15.598Z,12.31
2026-04-15T05:11:15.447Z,12.25
2026-04-15T05:16:15.567Z,12.19
2026-04-15T05:21:15.472Z,12.02
2026-04-15T05:26:15.503Z,11.96
2026-04-15T05:31:15.43Z,12.05
2026-04-15T05:36:15.568Z,12.22
2026-04-15T05:41:15.392Z,12.25
2026-04-15T05:46:15.443Z,12.42
2026-04-15T05:51:15.578Z,12.45
2026-04-15T05:56:15.422Z,12.59
2026-04-15T06:01:15.492Z,12.79
2026-04-15T06:06:15.341Z,13.0
2026-04-15T06:11:15.477Z,13.17
2026-04-15T06:16:15.569Z,13.37
2026-04-15T06:21:15.978Z,13.6
2026-04-15T06:26:15.307Z,13.89
2026-04-15T06:31:16.433Z,13.95
2026-04-15T06:36:15.579Z,14.03
2026-04-15T06:41:15.425Z,14.26
2026-04-15T06:46:15.529Z,14.41
2026-04-15T06:51:15.403Z,14.47
2026-04-15T06:56:15.338Z,14.64
2026-04-15T07:01:15.554Z,14.86
2026-04-15T07:06:15.519Z,15.21
2026-04-15T07:11:15.49Z,15.44
2026-04-15T07:16:15.514Z,15.88
2026-04-15T07:21:15.751Z,16.3
2026-04-15T07:26:15.534Z,16.71
2026-04-15T07:31:15.483Z,17.0
2026-04-15T07:36:15.406Z,17.31
2026-04-15T07:41:16.9Z,17.69
2026-04-15T07:46:15.34Z,18.03
2026-04-15T07:51:15.416Z,18.41
2026-04-15T07:56:15.456Z,18.64
2026-04-15T08:01:15.328Z,18.87
2026-04-15T08:06:15.575Z,18.9
2026-04-15T08:11:15.443Z,19.16
2026-04-15T08:16:15.333Z,19.36
2026-04-15T08:21:15.501Z,19.47
2026-04-15T08:26:15.376Z,19.65
2026-04-15T08:31:15.351Z,19.96
2026-04-15T08:36:15.513Z,20.48
2026-04-15T08:41:15.514Z,20.83
2026-04-15T08:46:15.482Z,21.06
2026-04-15T08:51:15.447Z,21.43
2026-04-15T08:56:15.346Z,21.55
2026-04-15T09:01:15.455Z,21.83
2026-04-15T09:06:15.488Z,21.97
2026-04-15T09:11:15.441Z,22.12
2026-04-15T09:16:15.5Z,22.38
2026-04-15T09:21:15.421Z,22.35
2026-04-15T09:26:15.366Z,22.69
2026-04-15T09:31:15.461Z,22.87
2026-04-15T09:36:15.431Z,23.01
2026-04-15T09:41:15.453Z,23.13
2026-04-15T09:46:15.544Z,23.36
2026-04-15T09:51:15.328Z,23.39
2026-04-15T09:56:15.369Z,23.5
2026-04-15T10:01:15.584Z,23.73
2026-04-15T10:06:16.037Z,23.85
2026-04-15T10:11:16.099Z,24.08
2026-04-15T10:16:15.402Z,24.08
2026-04-15T10:21:15.492Z,24.34
2026-04-15T10:26:15.451Z,24.13
2026-04-15T10:31:15.614Z,24.16
2026-04-15T10:36:15.333Z,24.51
2026-04-15T10:41:15.579Z,24.45
2026-04-15T10:46:15.358Z,24.71
2026-04-15T10:51:15.32Z,24.97
2026-04-15T10:56:15.519Z,25.2
2026-04-15T11:01:16.533Z,25.4
2026-04-15T11:06:15.886Z,25.29
2026-04-15T11:11:15.53Z,25.57
2026-04-15T11:16:15.384Z,25.52
2026-04-15T11:21:15.458Z,25.55
2026-04-15T11:26:15.354Z,25.55
2026-04-15T11:31:15.539Z,25.55
2026-04-15T11:36:15.575Z,25.86
2026-04-15T11:41:15.571Z,25.78
2026-04-15T11:46:15.412Z,25.63
2026-04-15T11:51:15.438Z,26.01
2026-04-15T11:56:15.526Z,26.41
2026-04-15T12:01:15.4Z,26.38
2026-04-15T12:06:15.436Z,26.41
2026-04-15T12:11:15.404Z,26.2
2026-04-15T12:16:15.456Z,26.12
2026-04-15T12:21:15.469Z,26.38
2026-04-15T12:26:15.434Z,26.55
2026-04-15T12:31:15.331Z,26.52
2026-04-15T12:36:15.343Z,26.76
2026-04-15T12:41:15.485Z,26.69
2026-04-15T12:46:15.396Z,26.87
2026-04-15T12:51:15.313Z,26.99
2026-04-15T12:56:15.841Z,27.1
2026-04-15T13:01:15.691Z,27.16
2026-04-15T13:06:15.322Z,27.22
2026-04-15T13:11:15.46Z,27.36
2026-04-15T13:16:15.391Z,27.33
2026-04-15T13:21:15.799Z,27.16
2026-04-15T13:26:15.567Z,27.01
2026-04-15T13:31:15.691Z,27.16
2026-04-15T13:36:15.588Z,27.64
2026-04-15T13:41:16.048Z,27.59
2026-04-15T13:46:15.338Z,27.9
2026-04-15T13:51:15.479Z,28.19
2026-04-15T13:56:15.397Z,28.25
2026-04-15T14:01:15.373Z,28.51
2026-04-15T14:06:15.585Z,28.25
2026-04-15T14:11:15.387Z,28.05
2026-04-15T14:16:15.999Z,27.73
2026-04-15T14:21:15.373Z,27.87
2026-04-15T14:26:15.511Z,28.22
2026-04-15T14:31:15.52Z,28.39
2026-04-15T14:36:16.207Z,28.05
2026-04-15T14:41:15.469Z,28.05
2026-04-15T14:46:15.429Z,27.76
2026-04-15T14:51:16.006Z,27.44
2026-04-15T14:56:15.374Z,27.13
2026-04-15T15:01:15.454Z,26.9
2026-04-15T15:06:15.384Z,27.07
2026-04-15T15:11:15.525Z,27.1
2026-04-15T15:16:15.512Z,26.9
2026-04-15T15:21:15.371Z,26.81
2026-04-15T15:26:15.484Z,26.87
2026-04-15T15:31:15.305Z,27.01
2026-04-15T15:36:15.5Z,27.07
2026-04-15T15:41:15.523Z,27.13
2026-04-15T15:46:15.51Z,27.07
2026-04-15T15:51:15.516Z,27.01
2026-04-15T15:56:15.485Z,27.07
2026-04-15T16:01:15.462Z,27.13
2026-04-15T16:06:15.307Z,27.22
2026-04-15T16:11:15.358Z,27.07
2026-04-15T16:16:15.321Z,27.01
2026-04-15T16:21:15.348Z,27.13
2026-04-15T16:26:15.394Z,27.13
2026-04-15T16:31:15.399Z,27.01
2026-04-15T16:36:15.475Z,26.95
2026-04-15T16:41:15.292Z,26.69
2026-04-15T16:46:15.448Z,26.61
2026-04-15T16:51:16.198Z,26.46
2026-04-15T16:56:16.495Z,26.15
2026-04-15T17:01:15.36Z,25.63
2026-04-15T17:06:15.435Z,25.46
2026-04-15T17:11:15.297Z,25.6
2026-04-15T17:16:15.931Z,25.57
2026-04-15T17:21:15.861Z,25.6
2026-04-15T17:26:15.509Z,25.6
2026-04-15T17:31:15.323Z,25.43
2026-04-15T17:36:15.44Z,25.43
2026-04-15T17:41:15.396Z,25.4
2026-04-15T17:46:15.398Z,25.32
2026-04-15T17:51:15.349Z,25.14
2026-04-15T17:56:15.385Z,24.97
2026-04-15T18:01:15.341Z,24.91
2026-04-15T18:06:15.383Z,24.77
2026-04-15T18:11:15.443Z,24.54
2026-04-15T18:16:15.453Z,24.28
2026-04-15T18:21:15.485Z,23.88
2026-04-15T18:26:15.411Z,23.7
2026-04-15T18:31:15.322Z,23.47
2026-04-15T18:36:15.384Z,23.3
2026-04-15T18:41:15.32Z,23.13
2026-04-15T18:46:15.414Z,22.78
2026-04-15T18:51:15.352Z,22.52
2026-04-15T18:56:15.412Z,22.35
2026-04-15T19:01:15.506Z,22.12
2026-04-15T19:06:15.381Z,22.04
2026-04-15T19:11:15.328Z,21.89
2026-04-15T19:16:15.424Z,21.63
2026-04-15T19:21:15.462Z,21.57
2026-04-15T19:26:15.418Z,21.43
2026-04-15T19:31:15.565Z,21.37
2026-04-15T19:36:15.404Z,21.32
2026-04-15T19:41:15.3Z,21.14
2026-04-15T19:46:15.284Z,20.97
2026-04-15T19:51:15.449Z,20.83
2026-04-15T19:56:15.428Z,20.65
2026-04-15T20:01:15.338Z,20.62
2026-04-15T20:06:15.312Z,20.53
2026-04-15T20:11:15.397Z,20.51
2026-04-15T20:16:15.296Z,20.45
2026-04-15T20:21:15.396Z,20.34
2026-04-15T20:26:15.463Z,20.25
2026-04-15T20:31:15.317Z,20.16
2026-04-15T20:36:15.35Z,19.99
2026-04-15T20:41:16.289Z,19.82
2026-04-15T20:46:15.497Z,19.7
2026-04-15T20:51:15.545Z,19.59
2026-04-15T20:56:15.507Z,19.5
2026-04-15T21:01:15.527Z,19.36
2026-04-15T21:06:15.289Z,19.18
2026-04-15T21:11:15.415Z,19.07
2026-04-15T21:16:15.486Z,18.81
2026-04-15T21:21:15.954Z,18.69
2026-04-15T21:26:15.471Z,18.44
2026-04-15T21:31:15.51Z,18.29
2026-04-15T21:36:15.29Z,18.03
2026-04-15T21:41:15.84Z,17.89
2026-04-15T21:46:15.458Z,17.57
2026-04-15T21:51:15.743Z,17.4
2026-04-15T21:56:15.239Z,17.31
2026-04-15T22:01:15.518Z,17.2
2026-04-15T22:06:15.478Z,17.11
2026-04-15T22:11:15.319Z,17.05
2026-04-15T22:16:15.362Z,17.02
2026-04-15T22:21:15.388Z,17.05
2026-04-15T22:26:15.302Z,17.05
2026-04-15T22:31:15.289Z,17.11
2026-04-15T22:36:15.562Z,17.02
2026-04-15T22:41:15.308Z,16.94
2026-04-15T22:46:15.413Z,16.82
2026-04-15T22:51:15.242Z,16.65
2026-04-15T22:56:15.462Z,16.51
2026-04-15T23:01:15.709Z,16.37
2026-04-15T23:06:15.351Z,16.33
2026-04-15T23:11:15.464Z,16.22
2026-04-15T23:16:15.407Z,16.16
2026-04-15T23:21:15.376Z,16.16
2026-04-15T23:26:15.364Z,16.05
2026-04-15T23:31:15.391Z,16.02
2026-04-15T23:36:15.292Z,15.93
2026-04-15T23:41:16.158Z,15.84
2026-04-15T23:46:15.252Z,15.79
2026-04-15T23:51:15.701Z,15.65
2026-04-15T23:56:15.318Z,15.58
2026-04-16T00:01:15.306Z,15.58
2026-04-16T00:06:15.317Z,15.5
2026-04-16T00:11:15.393Z,15.39
2026-04-16T00:16:15.313Z,15.33
2026-04-16T00:21:15.348Z,15.3
2026-04-16T00:26:15.694Z,15.21
2026-04-16T00:31:15.461Z,15.19
2026-04-16T00:36:15.296Z,15.12
2026-04-16T00:41:15.294Z,15.12
2026-04-16T00:46:15.297Z,15.07
2026-04-16T00:51:15.318Z,15.09
2026-04-16T00:56:15.409Z,15.09
2026-04-16T01:01:15.289Z,15.07
2026-04-16T01:06:15.499Z,15.07
2026-04-16T01:11:15.424Z,15.04
2026-04-16T01:16:15.364Z,15.12
2026-04-16T01:21:15.494Z,15.09
2026-04-16T01:26:15.456Z,15.09
2026-04-16T01:31:15.413Z,15.04
2026-04-16T01:36:15.288Z,15.01
2026-04-16T01:41:15.379Z,15.01
2026-04-16T01:46:15.386Z,14.93
2026-04-16T01:51:15.56Z,14.84
2026-04-16T01:56:15.457Z,14.98
2026-04-16T02:01:15.346Z,15.12
2026-04-16T02:06:15.31Z,15.27
2026-04-16T02:11:15.366Z,15.39
2026-04-16T02:16:15.395Z,15.42
2026-04-16T02:21:15.357Z,15.33
2026-04-16T02:26:15.411Z,15.33
2026-04-16T02:31:15.565Z,15.3
2026-04-16T02:36:15.374Z,15.16
2026-04-16T02:41:15.374Z,15.12
2026-04-16T02:46:15.376Z,15.12
2026-04-16T02:51:15.398Z,15.09
2026-04-16T02:56:15.414Z,14.98
2026-04-16T03:01:15.51Z,15.01
2026-04-16T03:06:15.346Z,14.9
2026-04-16T03:11:15.461Z,14.93
2026-04-16T03:16:15.22Z,14.98
2026-04-16T03:21:15.441Z,14.98
2026-04-16T03:26:16.235Z,14.98
2026-04-16T03:31:15.309Z,14.95
2026-04-16T03:36:15.337Z,14.95
2026-04-16T03:41:15.232Z,14.93
2026-04-16T03:46:16.145Z,14.95
2026-04-16T03:51:15.477Z,15.01
2026-04-16T03:56:15.216Z,14.98
2026-04-16T04:01:15.246Z,15.01
2026-04-16T04:06:15.224Z,15.07
2026-04-16T04:11:15.354Z,15.09
2026-04-16T04:16:15.251Z,15.19
2026-04-16T04:21:15.24Z,15.27
2026-04-16T04:26:15.427Z,15.24
2026-04-16T04:31:15.473Z,15.04
2026-04-16T04:36:15.398Z,14.95
2026-04-16T04:41:15.812Z,14.9
2026-04-16T04:46:15.367Z,14.9
2026-04-16T04:51:15.371Z,14.98
2026-04-16T04:56:15.315Z,14.9
2026-04-16T05:01:15.401Z,14.9
2026-04-16T05:06:15.323Z,14.9
2026-04-16T05:11:15.42Z,14.84
2026-04-16T05:16:16.044Z,14.61
2026-04-16T05:21:15.254Z,14.61
2026-04-16T05:26:15.483Z,14.37
2026-04-16T05:31:15.359Z,14.29
2026-04-16T05:36:15.397Z,14.29
2026-04-16T05:41:15.239Z,14.32
2026-04-16T05:46:16.48Z,14.29
2026-04-16T05:51:15.285Z,14.23
2026-04-16T05:56:15.467Z,14.32
2026-04-16T06:01:15.219Z,14.29
2026-04-16T06:06:15.607Z,14.41
2026-04-16T06:11:15.478Z,14.61
2026-04-16T06:16:15.451Z,14.81
2026-04-16T06:21:15.461Z,14.98
2026-04-16T06:26:15.212Z,15.16
2026-04-16T06:31:15.437Z,15.53
2026-04-16T06:36:15.243Z,15.84
2026-04-16T06:41:15.403Z,16.07
2026-04-16T06:46:15.442Z,16.22
2026-04-16T06:51:15.217Z,16.42
2026-04-16T06:56:15.421Z,16.56
2026-04-16T07:01:15.459Z,16.74
2026-04-16T07:06:15.371Z,16.91
2026-04-16T07:11:15.423Z,17.08
2026-04-16T07:16:15.403Z,17.37
2026-04-16T07:21:15.471Z,17.54
2026-04-16T07:26:15.4Z,17.86
2026-04-16T07:31:15.304Z,18.06
2026-04-16T07:36:15.307Z,18.49
2026-04-16T07:41:15.435Z,18.81
2026-04-16T07:46:15.457Z,19.1
2026-04-16T07:51:15.481Z,19.24
2026-04-16T07:56:15.305Z,19.16
2026-04-16T08:01:15.39Z,19.24
2026-04-16T08:06:15.395Z,19.56
2026-04-16T08:11:16.813Z,19.96
2026-04-16T08:16:15.399Z,20.02
2026-04-16T08:21:15.459Z,20.25
2026-04-16T08:26:15.388Z,20.31
2026-04-16T08:31:15.231Z,20.19
2026-04-16T08:36:15.823Z,20.62
2026-04-16T08:41:15.233Z,20.76
2026-04-16T08:46:15.441Z,21.11
2026-04-16T08:51:15.547Z,21.32
2026-04-16T08:56:15.426Z,21.32
2026-04-16T09:01:15.441Z,21.43
2026-04-16T09:06:15.455Z,21.51
2026-04-16T09:11:15.196Z,21.51
2026-04-16T09:16:15.308Z,21.6
2026-04-16T09:21:15.321Z,21.74
2026-04-16T09:26:15.532Z,21.97
2026-04-16T09:31:15.37Z,22.0
2026-04-16T09:36:15.458Z,22.29
2026-04-16T09:41:15.256Z,22.55
2026-04-16T09:46:15.435Z,22.72
2026-04-16T09:51:15.268Z,22.98
2026-04-16T09:56:15.349Z,23.13
2026-04-16T10:01:15.44Z,23.21
2026-04-16T10:06:15.347Z,23.47
2026-04-16T10:11:15.413Z,23.47
2026-04-16T10:16:15.418Z,23.5
2026-04-16T10:21:15.443Z,23.39
2026-04-16T10:26:15.291Z,23.67
2026-04-16T10:31:15.421Z,23.88
2026-04-16T10:36:15.376Z,23.76
2026-04-16T10:41:15.315Z,23.96
2026-04-16T10:46:15.385Z,24.05
2026-04-16T10:51:15.244Z,24.19
2026-04-16T10:56:15.378Z,24.42
2026-04-16T11:01:15.361Z,24.45
2026-04-16T11:06:15.356Z,24.94
2026-04-16T11:11:15.324Z,25.2
2026-04-16T11:16:15.319Z,25.17
2026-04-16T11:21:15.263Z,25.17
2026-04-16T11:26:15.392Z,25.4
2026-04-16T11:31:15.296Z,25.55
2026-04-16T11:36:15.374Z,25.72
2026-04-16T11:41:15.374Z,26.12
2026-04-16T11:46:15.326Z,26.2
2026-04-16T11:51:15.435Z,26.18
2026-04-16T11:56:15.414Z,25.92
2026-04-16T12:01:15.283Z,25.83
2026-04-16T12:06:15.354Z,25.75
2026-04-16T12:11:15.365Z,25.89
2026-04-16T12:16:15.48Z,25.97
2026-04-16T12:21:15.337Z,26.18
2026-04-16T12:26:15.452Z,26.27
2026-04-16T12:31:15.454Z,26.24
2026-04-16T12:36:15.304Z,26.58
2026-04-16T12:41:15.334Z,26.58
2026-04-16T12:46:15.212Z,26.67
2026-04-16T12:51:15.467Z,26.58
2026-04-16T12:56:15.408Z,26.58
2026-04-16T13:01:15.302Z,26.64
2026-04-16T13:06:15.23Z,26.95
2026-04-16T13:11:15.251Z,26.81
2026-04-16T13:16:15.443Z,26.9
2026-04-16T13:21:15.411Z,27.07
2026-04-16T13:26:15.231Z,26.92
2026-04-16T13:31:15.46Z,26.67
2026-04-16T13:36:15.385Z,26.73
2026-04-16T13:41:15.44Z,27.04
2026-04-16T13:46:15.396Z,27.3
2026-04-16T13:51:15.465Z,27.01
2026-04-16T13:56:15.447Z,27.24
2026-04-16T14:01:15.265Z,27.39
2026-04-16T14:06:15.3Z,27.22
2026-04-16T14:11:15.384Z,27.04
2026-04-16T14:16:15.301Z,26.92
2026-04-16T14:21:15.416Z,26.92
2026-04-16T14:26:15.429Z,27.18
2026-04-16T14:31:15.302Z,27.18
2026-04-16T14:36:15.365Z,27.22
2026-04-16T14:41:15.513Z,27.16
2026-04-16T14:46:15.359Z,27.24
2026-04-16T14:51:15.47Z,26.9
2026-04-16T14:56:15.364Z,27.1
2026-04-16T15:01:15.364Z,26.84
2026-04-16T15:06:15.29Z,27.18
2026-04-16T15:11:15.429Z,26.99
2026-04-16T15:16:15.365Z,26.95
2026-04-16T15:21:15.235Z,27.04
2026-04-16T15:26:15.462Z,27.1
2026-04-16T15:31:15.475Z,27.04
2026-04-16T15:36:15.26Z,27.13
2026-04-16T15:41:15.431Z,26.99
2026-04-16T15:46:15.231Z,26.76
2026-04-16T15:51:15.246Z,26.52
2026-04-16T15:56:15.215Z,26.52
2026-04-16T16:01:15.339Z,26.44
2026-04-16T16:06:15.468Z,26.5
2026-04-16T16:11:15.45Z,26.27
2026-04-16T16:16:15.371Z,26.29
2026-04-16T16:21:15.302Z,26.27
2026-04-16T16:26:15.461Z,26.15
2026-04-16T16:31:15.26Z,25.95
2026-04-16T16:36:15.221Z,25.89
2026-04-16T16:41:15.386Z,25.92
2026-04-16T16:46:15.23Z,26.01
2026-04-16T16:51:15.267Z,25.83
2026-04-16T16:56:15.417Z,25.86
2026-04-16T17:01:15.217Z,25.55
2026-04-16T17:06:15.283Z,25.37
2026-04-16T17:11:15.23Z,25.32
2026-04-16T17:16:15.441Z,25.32
2026-04-16T17:21:15.289Z,25.2
2026-04-16T17:26:15.429Z,25.03
2026-04-16T17:31:15.242Z,25.09
2026-04-16T17:36:15.432Z,24.85
2026-04-16T17:41:15.453Z,24.77
2026-04-16T17:46:15.394Z,24.6
2026-04-16T17:51:15.309Z,24.42
2026-04-16T17:56:15.387Z,24.42
2026-04-16T18:01:15.52Z,24.28
2026-04-16T18:19:50.927Z,24.13
2026-04-16T18:20:20.972Z,23.99
2026-04-16T18:20:50.814Z,23.5
2026-04-16T18:21:19.602Z,23.1
2026-04-16T18:26:15.633Z,22.67
2026-04-16T18:31:15.448Z,22.38
2026-04-16T18:36:15.333Z,22.04
2026-04-16T18:41:15.318Z,21.81
2026-04-16T18:46:15.355Z,21.51
2026-04-16T18:51:15.271Z,21.28
2026-04-16T18:56:15.35Z,21.11
2026-04-16T19:01:15.656Z,20.91
2026-04-16T19:06:15.305Z,20.76
2026-04-16T19:11:15.503Z,20.6
2026-04-16T19:16:15.31Z,20.45
2026-04-16T19:21:15.266Z,20.31
2026-04-16T19:26:15.206Z,20.22
2026-04-16T19:31:15.285Z,20.11
2026-04-16T19:36:15.425Z,19.99
2026-04-16T19:41:15.412Z,19.88
2026-04-16T19:46:15.33Z,19.7
2026-04-16T19:51:15.466Z,19.56
2026-04-16T19:56:15.413Z,19.42
2026-04-16T20:01:15.259Z,19.3
2026-04-16T20:06:16Z,19.07
2026-04-16T20:11:15.501Z,19.01
2026-04-16T20:16:15.429Z,18.87
2026-04-16T20:21:15.42Z,18.78
2026-04-16T20:26:15.293Z,18.72
2026-04-16T20:31:15.273Z,18.55
2026-04-16T20:36:15.31Z,18.41
2026-04-16T20:41:15.343Z,18.29
2026-04-16T20:46:15.343Z,18.21
2026-04-16T20:51:15.227Z,18.06
2026-04-16T20:56:15.22Z,18.0
2026-04-16T21:01:15.271Z,17.95
2026-04-16T21:06:15.465Z,17.86
2026-04-16T21:11:15.518Z,17.86
2026-04-16T21:16:15.325Z,17.77
2026-04-16T21:21:15.442Z,17.63
2026-04-16T21:26:15.38Z,17.51
2026-04-16T21:31:15.215Z,17.34
2026-04-16T21:36:15.398Z,17.26
2026-04-16T21:41:15.3Z,17.11
2026-04-16T21:46:15.396Z,17.05
2026-04-16T21:51:15.409Z,16.94
2026-04-16T21:56:15.231Z,16.91
2026-04-16T22:01:15.234Z,16.94
2026-04-16T22:06:15.428Z,16.88
2026-04-16T22:11:15.477Z,16.79
2026-04-16T22:16:15.386Z,16.68
2026-04-16T22:21:15.355Z,16.68
2026-04-16T22:26:15.292Z,16.59
2026-04-16T22:31:15.263Z,16.62
2026-04-16T22:36:15.298Z,16.53
2026-04-16T22:41:15.461Z,16.48
2026-04-16T22:46:15.444Z,16.48
2026-04-16T22:51:15.359Z,16.39
2026-04-16T22:56:15.442Z,16.28
2026-04-16T23:01:15.226Z,16.19
2026-04-16T23:06:15.26Z,16.14
2026-04-16T23:11:15.304Z,16.14
2026-04-16T23:16:15.381Z,15.99
2026-04-16T23:21:15.196Z,16.02
2026-04-16T23:26:15.305Z,15.88
2026-04-16T23:31:15.354Z,15.79
2026-04-16T23:36:15.453Z,15.61
2026-04-16T23:41:15.293Z,15.58
2026-04-16T23:46:15.436Z,15.47
2026-04-16T23:51:15.342Z,15.42
2026-04-16T23:56:15.384Z,15.3
2026-04-17T00:01:15.819Z,15.24
2026-04-17T00:06:15.326Z,15.16
2026-04-17T00:11:15.41Z,15.12
2026-04-17T00:16:15.618Z,15.04
2026-04-17T00:21:15.367Z,14.98
2026-04-17T00:26:15.395Z,14.9
2026-04-17T00:31:15.31Z,14.9
2026-04-17T00:36:15.368Z,14.78
2026-04-17T00:41:15.386Z,14.75
2026-04-17T00:46:15.236Z,14.72
2026-04-17T00:51:15.315Z,14.7
2026-04-17T00:56:15.266Z,14.58
2026-04-17T01:01:15.259Z,14.55
2026-04-17T01:06:15.886Z,14.52
2026-04-17T01:11:15.312Z,14.47
2026-04-17T01:16:15.314Z,14.41
2026-04-17T01:21:15.258Z,14.37
2026-04-17T01:26:15.895Z,14.29
2026-04-17T01:31:15.352Z,14.64
2026-04-17T01:36:15.305Z,14.72
2026-04-17T01:41:15.336Z,14.86
2026-04-17T01:46:15.212Z,14.9
2026-04-17T01:51:15.308Z,14.93
2026-04-17T01:56:15.442Z,14.98
2026-04-17T02:01:15.311Z,15.04
2026-04-17T02:06:15.463Z,15.07
2026-04-17T02:11:15.242Z,15.07
2026-04-17T02:16:15.299Z,14.98
2026-04-17T02:21:15.331Z,15.04
2026-04-17T02:26:15.443Z,15.09
2026-04-17T02:31:15.388Z,14.98
2026-04-17T02:36:15.229Z,15.01
2026-04-17T02:41:15.425Z,14.98
2026-04-17T02:46:15.404Z,14.9
2026-04-17T02:51:15.455Z,14.93
2026-04-17T02:56:15.343Z,14.86
2026-04-17T03:01:15.353Z,14.84
2026-04-17T03:06:15.48Z,14.72
2026-04-17T03:11:15.436Z,14.75
2026-04-17T03:16:15.206Z,14.67
2026-04-17T03:21:15.441Z,14.64
2026-04-17T03:26:15.928Z,14.64
2026-04-17T03:31:15.286Z,14.64
2026-04-17T03:36:15.26Z,14.49
2026-04-17T03:41:15.227Z,14.32
2026-04-17T03:46:15.349Z,14.21
2026-04-17T03:51:15.285Z,14.15
2026-04-17T03:56:15.329Z,14.18
2026-04-17T04:01:15.389Z,14.12
2026-04-17T04:06:15.212Z,14.03
2026-04-17T04:11:15.23Z,13.98
2026-04-17T04:16:15.409Z,13.89
2026-04-17T04:21:15.31Z,13.92
2026-04-17T04:26:15.478Z,13.95
2026-04-17T04:31:15.67Z,13.83
2026-04-17T04:36:15.687Z,13.86
2026-04-17T04:41:15.759Z,13.83
2026-04-17T04:46:15.904Z,13.83
2026-04-17T04:51:15.301Z,13.89
2026-04-17T04:56:15.324Z,13.8
2026-04-17T05:01:15.307Z,13.77
2026-04-17T05:06:15.33Z,13.69
2026-04-17T05:11:15.455Z,13.74
2026-04-17T05:16:15.345Z,13.74
2026-04-17T05:21:15.369Z,13.69
2026-04-17T05:26:15.378Z,13.54
2026-04-17T05:31:15.397Z,13.49
2026-04-17T05:36:15.198Z,13.49
2026-04-17T05:41:15.419Z,13.46
2026-04-17T05:46:15.321Z,13.46
2026-04-17T05:51:15.437Z,13.54
2026-04-17T05:56:15.347Z,13.63
2026-04-17T06:01:15.211Z,13.66
2026-04-17T06:06:15.22Z,13.74
2026-04-17T06:11:15.193Z,13.8
2026-04-17T06:16:15.184Z,13.89
2026-04-17T06:21:15.457Z,14.0
2026-04-17T06:26:15.58Z,14.06
2026-04-17T06:31:15.326Z,14.23
2026-04-17T06:36:15.274Z,14.44
2026-04-17T06:41:15.331Z,14.61
2026-04-17T06:46:15.198Z,14.84
2026-04-17T06:51:15.317Z,15.12
2026-04-17T06:56:15.819Z,15.3
2026-04-17T07:01:16.058Z,15.44
2026-04-17T07:06:15.537Z,15.56
2026-04-17T07:11:15.37Z,15.73
2026-04-17T07:16:15.351Z,15.99
2026-04-17T07:21:15.214Z,16.19
2026-04-17T07:26:15.202Z,16.48
2026-04-17T07:31:15.248Z,16.79
2026-04-17T07:36:15.298Z,17.17
2026-04-17T07:41:15.272Z,17.46
2026-04-17T07:46:15.358Z,17.8
2026-04-17T07:51:15.237Z,18.18
2026-04-17T07:56:15.35Z,18.44
2026-04-17T08:01:15.206Z,18.64
2026-04-17T08:06:15.198Z,18.72
2026-04-17T08:11:15.669Z,18.95
2026-04-17T08:16:15.646Z,19.33
2026-04-17T08:21:15.183Z,19.62
2026-04-17T08:26:15.185Z,19.85
2026-04-17T08:31:15.413Z,19.99
2026-04-17T08:36:15.278Z,20.28
2026-04-17T08:41:15.338Z,20.53
2026-04-17T08:46:15.391Z,20.86
2026-04-17T08:51:15.427Z,21.34
2026-04-17T08:56:15.382Z,21.37
2026-04-17T09:01:16.354Z,21.69
2026-04-17T09:06:15.209Z,21.89
2026-04-17T09:11:15.418Z,22.21
2026-04-17T09:16:15.426Z,22.52
2026-04-17T09:21:15.17Z,22.95
2026-04-17T09:26:15.345Z,22.9
2026-04-17T09:31:16.452Z,22.9
2026-04-17T09:36:15.272Z,23.27
2026-04-17T09:41:15.432Z,23.36
2026-04-17T09:46:15.273Z,23.73
2026-04-17T09:51:15.463Z,24.13
2026-04-17T09:56:15.68Z,24.37
2026-04-17T10:01:15.247Z,24.57
2026-04-17T10:06:15.365Z,24.42
2026-04-17T10:11:16.229Z,24.6
2026-04-17T10:16:15.408Z,24.83
2026-04-17T10:21:15.304Z,25.06
2026-04-17T10:26:15.269Z,24.74
2026-04-17T10:31:15.874Z,25.26
2026-04-17T10:36:15.35Z,25.66
2026-04-17T10:41:15.226Z,25.92
2026-04-17T10:46:15.204Z,25.83
2026-04-17T10:51:15.27Z,25.95
2026-04-17T10:56:15.25Z,26.04
2026-04-17T11:01:15.668Z,26.15
2026-04-17T11:06:15.65Z,26.35
2026-04-17T11:11:15.582Z,26.38
2026-04-17T11:16:16.882Z,26.46
2026-04-17T11:21:15.425Z,26.69
2026-04-17T11:26:15.957Z,26.9
2026-04-17T11:31:15.472Z,26.95
2026-04-17T11:36:16.047Z,27.01
2026-04-17T11:41:15.42Z,27.18
2026-04-17T11:46:15.622Z,27.1
2026-04-17T11:51:15.596Z,27.18
2026-04-17T11:56:15.712Z,26.99
2026-04-17T12:01:15.484Z,27.5
2026-04-17T12:06:15.843Z,27.71
2026-04-17T12:11:15.964Z,27.71
2026-04-17T12:16:15.618Z,27.73
2026-04-17T12:21:16.386Z,27.93
2026-04-17T12:26:15.511Z,28.13
2026-04-17T12:31:16.584Z,28.16
2026-04-17T12:36:15.516Z,28.54
2026-04-17T12:41:15.593Z,28.65
2026-04-17T12:46:15.599Z,28.74
2026-04-17T12:51:15.483Z,28.88
2026-04-17T12:56:15.663Z,28.8
2026-04-17T13:01:15.622Z,28.88
2026-04-17T13:06:15.485Z,28.94
2026-04-17T13:11:15.561Z,29.17
2026-04-17T13:16:15.59Z,28.97
2026-04-17T13:21:15.515Z,29.32
2026-04-17T13:26:15.509Z,29.37
2026-04-17T13:31:15.547Z,29.34
2026-04-17T13:36:15.574Z,29.49
2026-04-17T13:41:15.756Z,29.52
2026-04-17T13:46:15.834Z,29.52
2026-04-17T13:51:15.539Z,29.63
2026-04-17T13:56:16.414Z,29.55
2026-04-17T14:01:15.483Z,29.52
2026-04-17T14:06:15.457Z,29.52
2026-04-17T14:11:15.619Z,29.69
2026-04-17T14:16:15.463Z,29.8
2026-04-17T14:21:15.556Z,29.72
2026-04-17T14:26:15.63Z,29.66
2026-04-17T14:31:15.897Z,29.72
2026-04-17T14:36:15.488Z,29.69
2026-04-17T14:41:15.662Z,29.43
2026-04-17T14:46:15.626Z,29.49
2026-04-17T14:51:15.419Z,29.78
2026-04-17T14:56:15.558Z,29.52
2026-04-17T15:01:15.584Z,29.17
2026-04-17T15:06:15.482Z,29.14
2026-04-17T15:11:15.433Z,29.11
2026-04-17T15:16:15.592Z,29.2
2026-04-17T15:21:15.512Z,29.26
2026-04-17T15:26:15.492Z,29.32
2026-04-17T15:31:15.475Z,29.06
2026-04-17T15:36:16.441Z,28.94
2026-04-17T15:41:15.484Z,28.94
2026-04-17T15:46:15.495Z,28.88
2026-04-17T15:51:16.996Z,28.88
2026-04-17T15:56:15.659Z,28.85
2026-04-17T16:01:15.755Z,28.97
2026-04-17T16:06:16.77Z,29.17
2026-04-17T16:11:15.672Z,29.14
2026-04-17T16:16:15.437Z,29.11
2026-04-17T16:21:15.427Z,29.11
2026-04-17T16:26:15.488Z,29.03
2026-04-17T16:31:15.517Z,28.77
2026-04-17T16:36:15.572Z,28.57
2026-04-17T16:41:15.843Z,28.39
2026-04-17T16:46:15.619Z,28.22
2026-04-17T16:51:15.509Z,28.11
2026-04-17T16:56:15.439Z,27.71
2026-04-17T17:01:15.515Z,27.53
2026-04-17T17:06:15.634Z,27.53
2026-04-17T17:11:15.653Z,27.48
2026-04-17T17:16:15.661Z,27.33
2026-04-17T17:21:15.69Z,27.22
2026-04-17T17:26:15.609Z,26.99
2026-04-17T17:31:15.919Z,26.81
2026-04-17T17:36:15.567Z,26.12
2026-04-17T17:41:15.7Z,25.66
2026-04-17T17:46:15.562Z,25.32
2026-04-17T17:51:15.88Z,24.83
2026-04-17T17:56:15.573Z,24.57
2026-04-17T18:01:15.587Z,24.25
2026-04-17T18:06:15.531Z,23.96
2026-04-17T18:11:15.649Z,23.62
2026-04-17T18:16:15.513Z,23.41
2026-04-17T18:21:15.488Z,23.01
2026-04-17T18:26:15.723Z,22.67
2026-04-17T18:31:15.658Z,22.38
2026-04-17T18:36:15.523Z,22.18
2026-04-17T18:41:15.597Z,21.95
2026-04-17T18:46:15.444Z,21.77
2026-04-17T18:51:15.591Z,21.6
2026-04-17T18:56:15.639Z,21.37
2026-04-17T19:01:15.778Z,21.23
2026-04-17T19:06:15.495Z,21.11
2026-04-17T19:11:15.618Z,20.86
2026-04-17T19:16:15.633Z,20.79
2026-04-17T19:21:15.539Z,20.74
2026-04-17T19:26:15.664Z,20.6
2026-04-17T19:31:15.622Z,20.45
2026-04-17T19:36:15.652Z,20.37
2026-04-17T19:41:15.57Z,20.25
2026-04-17T19:46:15.617Z,20.11
2026-04-17T19:51:15.628Z,19.96
2026-04-17T19:56:15.533Z,19.9
2026-04-17T20:01:15.595Z,19.82
2026-04-17T20:06:15.462Z,19.73
2026-04-17T20:11:15.639Z,19.62
2026-04-17T20:16:15.537Z,19.56
2026-04-17T20:21:16.206Z,19.44
2026-04-17T20:26:15.63Z,19.3
2026-04-17T20:31:15.43Z,19.16
2026-04-17T20:36:15.558Z,19.07
2026-04-17T20:41:15.59Z,18.95
2026-04-17T20:46:15.665Z,18.72
2026-04-17T20:51:15.453Z,18.67
2026-04-17T20:56:15.76Z,18.58
2026-04-17T21:01:15.702Z,18.46
2026-04-17T21:06:15.44Z,18.35
2026-04-17T21:11:15.622Z,18.18
2026-04-17T21:16:15.653Z,18.06
2026-04-17T21:21:15.561Z,18.0
2026-04-17T21:26:15.597Z,17.97
2026-04-17T21:31:15.534Z,17.92
2026-04-17T21:36:15.621Z,17.86
2026-04-17T21:41:15.635Z,17.74
2026-04-17T21:46:15.454Z,17.66
2026-04-17T21:51:15.645Z,17.63
2026-04-17T21:56:15.535Z,17.6
2026-04-17T22:01:15.62Z,17.51
2026-04-17T22:06:15.53Z,17.46
2026-04-17T22:11:15.425Z,17.4
2026-04-17T22:16:15.598Z,17.34
2026-04-17T22:21:15.57Z,17.31
2026-04-17T22:26:16.398Z,17.23
2026-04-17T22:31:15.648Z,17.2
2026-04-17T22:36:15.409Z,17.11
2026-04-17T22:41:15.972Z,17.05
2026-04-17T22:46:15.568Z,16.85
2026-04-17T22:51:15.649Z,16.77
2026-04-17T22:56:15.663Z,16.62
2026-04-17T23:01:15.633Z,16.51
2026-04-17T23:06:15.423Z,16.45
2026-04-17T23:11:15.448Z,16.37
2026-04-17T23:16:15.472Z,16.28
2026-04-17T23:21:15.693Z,16.14
2026-04-17T23:26:15.501Z,16.05
2026-04-17T23:31:15.584Z,15.96
2026-04-17T23:36:15.587Z,15.9
2026-04-17T23:41:15.571Z,15.9
2026-04-17T23:46:15.531Z,15.81
2026-04-17T23:51:15.618Z,15.79
2026-04-17T23:56:15.522Z,15.79
2026-04-18T00:01:15.426Z,15.79
2026-04-18T00:06:15.561Z,15.65
2026-04-18T00:11:15.639Z,15.67
2026-04-18T00:16:15.669Z,15.61
2026-04-18T00:21:15.501Z,15.56
2026-04-18T00:26:15.627Z,15.47
2026-04-18T00:31:16.097Z,15.39
2026-04-18T00:36:16.127Z,15.33
2026-04-18T00:41:15.402Z,15.3
2026-04-18T00:46:15.602Z,15.21
2026-04-18T00:51:15.666Z,15.16
2026-04-18T00:56:15.471Z,15.19
2026-04-18T01:01:15.574Z,15.16
2026-04-18T01:06:16.231Z,15.16
2026-04-18T01:11:15.648Z,15.07
2026-04-18T01:16:15.422Z,15.01
2026-04-18T01:21:15.548Z,15.12
2026-04-18T01:26:15.514Z,15.19
2026-04-18T01:31:15.641Z,15.07
2026-04-18T01:36:15.554Z,15.09
2026-04-18T01:41:15.531Z,15.04
2026-04-18T01:46:15.519Z,14.9
2026-04-18T01:51:15.645Z,14.81
2026-04-18T01:56:15.58Z,14.75
2026-04-18T02:01:15.624Z,14.67
2026-04-18T02:06:15.443Z,14.58
2026-04-18T02:11:15.619Z,14.78
2026-04-18T02:16:15.673Z,14.93
2026-04-18T02:21:15.446Z,14.98
2026-04-18T02:26:15.567Z,15.01
2026-04-18T02:31:15.446Z,14.98
2026-04-18T02:36:16.902Z,15.04
2026-04-18T02:41:15.513Z,15.04
2026-04-18T02:46:15.523Z,14.98
2026-04-18T02:51:15.603Z,14.9
2026-04-18T02:56:15.625Z,14.84
2026-04-18T03:01:15.453Z,14.81
2026-04-18T03:06:15.591Z,14.75
2026-04-18T03:11:15.569Z,14.72
2026-04-18T03:16:15.501Z,14.7
2026-04-18T03:21:15.386Z,14.72
2026-04-18T03:26:15.528Z,14.61
2026-04-18T03:31:15.502Z,14.58
2026-04-18T03:36:15.525Z,14.58
2026-04-18T03:41:15.506Z,14.67
2026-04-18T03:46:15.514Z,14.55
2026-04-18T03:51:15.751Z,14.47
2026-04-18T03:56:15.686Z,14.29
2026-04-18T04:01:15.725Z,14.23
2026-04-18T04:06:15.47Z,14.18
2026-04-18T04:11:15.407Z,14.12
2026-04-18T04:16:15.407Z,14.06
2026-04-18T04:21:15.46Z,14.06
2026-04-18T04:26:15.458Z,13.98
2026-04-18T04:31:15.455Z,13.95
2026-04-18T04:36:15.549Z,13.8
2026-04-18T04:41:15.589Z,13.83
2026-04-18T04:46:16.1Z,13.83
2026-04-18T04:51:15.631Z,13.83
2026-04-18T04:56:15.429Z,13.77
2026-04-18T05:01:15.661Z,13.74
2026-04-18T05:06:15.39Z,13.8
2026-04-18T05:11:15.571Z,13.6
2026-04-18T05:16:15.424Z,13.66
2026-04-18T05:21:15.517Z,13.72
2026-04-18T05:26:15.506Z,13.54
2026-04-18T05:31:15.421Z,13.6
2026-04-18T05:36:15.426Z,13.63
2026-04-18T05:41:15.443Z,13.66
2026-04-18T05:46:15.409Z,13.63
2026-04-18T05:51:16.289Z,13.66
2026-04-18T05:56:15.495Z,13.63
2026-04-18T06:01:15.534Z,13.69
2026-04-18T06:06:15.559Z,13.89
2026-04-18T06:11:15.569Z,14.26
2026-04-18T06:16:15.587Z,14.49
2026-04-18T06:21:15.505Z,14.7
2026-04-18T06:26:15.39Z,14.81
2026-04-18T06:31:15.455Z,14.98
2026-04-18T06:36:15.471Z,15.01
2026-04-18T06:41:15.435Z,15.07
2026-04-18T06:46:15.416Z,15.21
2026-04-18T06:51:15.433Z,15.3
2026-04-18T06:56:15.403Z,15.3
2026-04-18T07:01:16.026Z,15.42
2026-04-18T07:06:15.502Z,15.56
2026-04-18T07:11:16.828Z,15.7
2026-04-18T07:16:15.565Z,15.96
2026-04-18T07:21:15.619Z,16.19
2026-04-18T07:26:15.583Z,16.51
2026-04-18T07:31:16.84Z,16.65
2026-04-18T07:36:15.66Z,16.91
2026-04-18T07:41:15.661Z,17.08
2026-04-18T07:46:16.205Z,17.34
2026-04-18T07:51:15.509Z,17.6
2026-04-18T07:56:15.583Z,17.92
2026-04-18T08:01:15.618Z,18.18
2026-04-18T08:06:15.477Z,18.44
2026-04-18T08:11:15.626Z,18.78
2026-04-18T08:16:15.436Z,19.01
2026-04-18T08:21:15.433Z,19.39
2026-04-18T08:26:15.617Z,19.76
2026-04-18T08:31:15.572Z,20.16
2026-04-18T08:36:15.44Z,20.42
2026-04-18T08:41:15.473Z,20.68
2026-04-18T08:46:15.516Z,21.06
2026-04-18T08:51:15.541Z,21.66
2026-04-18T08:56:15.664Z,21.92
2026-04-18T09:01:15.463Z,22.29
2026-04-18T09:06:15.654Z,22.55
2026-04-18T09:11:15.652Z,22.64
2026-04-18T09:16:15.405Z,22.98
2026-04-18T09:21:15.569Z,23.3
2026-04-18T09:26:15.612Z,23.3
2026-04-18T09:31:15.563Z,23.33
2026-04-18T09:36:15.434Z,23.56
2026-04-18T09:41:15.457Z,23.7
2026-04-18T09:46:15.47Z,23.53
2026-04-18T09:51:15.635Z,23.65
2026-04-18T09:56:16.728Z,24.11
2026-04-18T10:01:15.466Z,24.39
2026-04-18T10:06:15.442Z,24.42
2026-04-18T10:11:15.572Z,24.37
2026-04-18T10:16:15.597Z,24.77
2026-04-18T10:21:15.517Z,25.09
2026-04-18T10:26:15.414Z,24.94
2026-04-18T10:31:15.575Z,25.46
2026-04-18T10:36:15.608Z,25.6
2026-04-18T10:41:15.497Z,25.75
2026-04-18T10:46:15.68Z,25.8
2026-04-18T10:51:15.616Z,25.72
2026-04-18T10:56:15.592Z,25.75
2026-04-18T11:01:15.536Z,26.12
2026-04-18T11:06:15.66Z,26.32
2026-04-18T11:11:15.448Z,26.44
2026-04-18T11:16:15.958Z,26.61
2026-04-18T11:21:15.767Z,27.01
2026-04-18T11:26:15.757Z,26.84
2026-04-18T11:31:15.888Z,26.9
2026-04-18T11:36:16.154Z,27.13
2026-04-18T11:41:15.404Z,27.44
2026-04-18T11:46:15.526Z,27.48
2026-04-18T11:51:15.525Z,27.56
2026-04-18T11:56:15.57Z,27.41
2026-04-18T12:01:15.629Z,27.64
2026-04-18T12:06:15.439Z,27.99
2026-04-18T12:11:15.594Z,28.22
2026-04-18T12:16:15.517Z,28.08
2026-04-18T12:21:15.457Z,28.13
2026-04-18T12:26:15.519Z,28.39
2026-04-18T12:31:15.63Z,28.48
2026-04-18T12:36:15.894Z,28.6
2026-04-18T12:41:15.605Z,28.68
2026-04-18T12:46:15.437Z,28.74
2026-04-18T12:51:15.63Z,28.54
2026-04-18T12:56:16.666Z,28.83
2026-04-18T13:01:15.649Z,28.85
2026-04-18T13:06:16.528Z,28.83
2026-04-18T13:11:15.603Z,29.03
2026-04-18T13:16:15.654Z,29.0
2026-04-18T13:21:15.441Z,29.2
2026-04-18T13:26:15.404Z,29.29
2026-04-18T13:31:15.593Z,29.37
2026-04-18T13:36:15.642Z,29.37
2026-04-18T13:41:15.555Z,29.2
2026-04-18T13:46:15.602Z,29.17
2026-04-18T13:51:15.608Z,29.2
2026-04-18T13:56:15.422Z,29.17
2026-04-18T14:01:15.536Z,29.46
2026-04-18T14:06:15.576Z,29.34
2026-04-18T14:11:15.403Z,29.11
2026-04-18T14:16:15.662Z,29.43
2026-04-18T14:21:15.848Z,29.69
2026-04-18T14:26:15.585Z,29.6
2026-04-18T14:31:15.456Z,29.29
2026-04-18T14:36:15.455Z,29.08
2026-04-18T14:41:15.437Z,29.0
2026-04-18T14:46:15.436Z,29.03
2026-04-18T14:51:15.522Z,29.03
2026-04-18T14:56:15.448Z,29.2
2026-04-18T15:01:15.417Z,29.2
2026-04-18T15:06:15.412Z,29.06
2026-04-18T15:11:15.48Z,29.29
2026-04-18T15:16:16.116Z,29.34
2026-04-18T15:21:15.562Z,29.4
2026-04-18T15:26:15.628Z,29.14
2026-04-18T15:31:15.658Z,29.2
2026-04-18T15:36:15.451Z,29.06
2026-04-18T15:41:15.494Z,29.06
2026-04-18T15:46:15.558Z,29.06
2026-04-18T15:51:15.428Z,28.74
2026-04-18T15:56:15.51Z,28.65
2026-04-18T16:01:15.471Z,28.62
2026-04-18T16:06:15.546Z,28.6
2026-04-18T16:11:15.555Z,28.36
2026-04-18T16:16:15.634Z,28.42
2026-04-18T16:21:15.642Z,28.39
2026-04-18T16:26:15.467Z,28.45
2026-04-18T16:31:15.553Z,28.42
2026-04-18T16:36:15.575Z,28.34
2026-04-18T16:41:15.508Z,28.19
2026-04-18T16:46:15.448Z,28.13
2026-04-18T16:51:15.418Z,27.79
2026-04-18T16:56:15.504Z,27.5
2026-04-18T17:01:15.498Z,27.53
2026-04-18T17:06:16.658Z,27.44
2026-04-18T17:11:15.419Z,27.33
2026-04-18T17:16:15.579Z,27.24
2026-04-18T17:21:15.431Z,27.16
2026-04-18T17:26:15.548Z,27.18
2026-04-18T17:31:15.761Z,27.1
2026-04-18T17:36:15.454Z,26.95
2026-04-18T17:41:15.471Z,26.81
2026-04-18T17:46:15.427Z,26.67
2026-04-18T17:51:15.592Z,26.64
2026-04-18T17:56:15.522Z,26.5
2026-04-18T18:01:15.634Z,26.41
2026-04-18T18:06:15.769Z,26.29
2026-04-18T18:11:15.502Z,26.06
2026-04-18T18:16:15.613Z,25.78
2026-04-18T18:21:15.437Z,25.52
2026-04-18T18:26:15.567Z,25.2
2026-04-18T18:31:15.63Z,24.97
2026-04-18T18:36:16.25Z,24.74
2026-04-18T18:41:15.425Z,24.54
2026-04-18T18:46:15.511Z,24.37
2026-04-18T18:51:15.486Z,24.16
2026-04-18T18:56:15.574Z,23.93
2026-04-18T19:01:15.365Z,23.73
2026-04-18T19:06:15.444Z,23.44
2026-04-18T19:11:15.491Z,23.13
2026-04-18T19:16:15.481Z,22.9
2026-04-18T19:21:15.365Z,22.55
2026-04-18T19:26:15.628Z,22.29
2026-04-18T19:31:15.395Z,22.06
2026-04-18T19:36:15.533Z,21.81
2026-04-18T19:41:15.552Z,21.63
2026-04-18T19:46:15.626Z,21.66
2026-04-18T19:51:15.593Z,21.6
2026-04-18T19:56:15.469Z,21.55
2026-04-18T20:01:15.406Z,21.49
2026-04-18T20:06:15.817Z,21.4
2026-04-18T20:11:15.599Z,21.25
2026-04-18T20:16:15.608Z,21.02
2026-04-18T20:21:15.57Z,20.79
2026-04-18T20:26:15.417Z,20.71
2026-04-18T20:31:15.447Z,20.74
2026-04-18T20:36:16.384Z,20.57
2026-04-18T20:41:15.555Z,20.53
2026-04-18T20:46:15.81Z,20.31
2026-04-18T20:51:15.92Z,20.11
2026-04-18T20:56:16.023Z,20.02
2026-04-18T21:01:15.507Z,19.85
2026-04-18T21:06:15.503Z,19.67
2026-04-18T21:11:15.354Z,19.62
2026-04-18T21:16:15.578Z,19.47
2026-04-18T21:21:15.406Z,19.42
2026-04-18T21:26:15.426Z,19.24
2026-04-18T21:31:15.55Z,19.1
2026-04-18T21:36:15.517Z,18.95
2026-04-18T21:41:15.416Z,18.84
2026-04-18T21:46:15.422Z,18.75
2026-04-18T21:51:15.509Z,18.69
2026-04-18T21:56:15.689Z,18.58
2026-04-18T22:01:15.598Z,18.58
2026-04-18T22:06:15.419Z,18.55
2026-04-18T22:11:15.365Z,18.46
2026-04-18T22:16:15.529Z,18.35
2026-04-18T22:21:15.55Z,18.18
2026-04-18T22:26:15.534Z,18.12
2026-04-18T22:31:15.549Z,18.0
2026-04-18T22:36:15.424Z,17.77
2026-04-18T22:41:15.41Z,17.54
2026-04-18T22:46:15.631Z,17.46
2026-04-18T22:51:15.539Z,17.51
2026-04-18T22:56:15.782Z,17.6
2026-04-18T23:01:15.581Z,17.6
2026-04-18T23:06:15.407Z,17.57
2026-04-18T23:11:15.6Z,17.43
2026-04-18T23:16:15.363Z,17.23
2026-04-18T23:21:15.386Z,17.02
2026-04-18T23:26:15.644Z,16.85
2026-04-18T23:31:15.517Z,16.79
2026-04-18T23:36:15.534Z,16.56
2026-04-18T23:41:15.627Z,16.48
2026-04-18T23:46:15.54Z,16.42
2026-04-18T23:51:15.446Z,16.33
2026-04-18T23:56:15.638Z,16.25
2026-04-19T00:01:15.491Z,16.19
2026-04-19T00:06:15.355Z,16.1
2026-04-19T00:11:16.123Z,16.05
2026-04-19T00:16:15.537Z,15.9
2026-04-19T00:21:15.619Z,15.84
2026-04-19T00:26:15.603Z,15.73
2026-04-19T00:31:15.582Z,15.79
2026-04-19T00:36:15.442Z,15.7
2026-04-19T00:41:15.609Z,15.58
2026-04-19T00:46:15.542Z,15.56
2026-04-19T00:51:15.524Z,15.73
2026-04-19T00:56:15.501Z,16.14
2026-04-19T01:01:15.505Z,16.3
2026-04-19T01:06:15.41Z,16.42
2026-04-19T01:11:15.363Z,16.39
2026-04-19T01:16:15.575Z,16.42
2026-04-19T01:21:15.602Z,16.37
2026-04-19T01:26:15.596Z,16.42
2026-04-19T01:31:15.592Z,16.42
2026-04-19T01:36:15.473Z,16.33
2026-04-19T01:41:15.455Z,16.33
2026-04-19T01:46:15.36Z,16.33
2026-04-19T01:51:15.439Z,16.19
2026-04-19T01:56:15.633Z,16.25
2026-04-19T02:01:15.39Z,16.19
2026-04-19T02:06:15.476Z,16.22
2026-04-19T02:11:15.372Z,16.1
2026-04-19T02:16:15.365Z,16.02
2026-04-19T02:21:15.488Z,15.84
2026-04-19T02:26:15.417Z,15.7
2026-04-19T02:31:15.512Z,15.5
2026-04-19T02:36:15.363Z,15.33
2026-04-19T02:41:15.401Z,15.07
2026-04-19T02:46:15.55Z,14.95
2026-04-19T02:51:15.654Z,14.81
2026-04-19T02:56:15.377Z,14.75
2026-04-19T03:01:15.412Z,14.81
2026-04-19T03:06:15.553Z,14.9
2026-04-19T03:11:15.48Z,14.93
2026-04-19T03:16:15.551Z,14.86
2026-04-19T03:21:15.772Z,14.98
2026-04-19T03:26:15.416Z,14.98
2026-04-19T03:31:16.202Z,15.04
2026-04-19T03:36:15.382Z,14.95
2026-04-19T03:41:15.404Z,14.84
2026-04-19T03:46:15.554Z,14.72
2026-04-19T03:51:15.505Z,14.58
2026-04-19T03:56:15.589Z,14.44
2026-04-19T04:01:15.552Z,14.41
2026-04-19T04:06:15.568Z,14.44
2026-04-19T04:11:15.579Z,14.75
2026-04-19T04:16:15.362Z,14.9
2026-04-19T04:21:15.375Z,14.95
2026-04-19T04:26:15.436Z,14.93
2026-04-19T04:31:15.468Z,14.84
2026-04-19T04:36:15.608Z,14.78
2026-04-19T04:41:15.417Z,14.78
2026-04-19T04:46:15.506Z,14.64
2026-04-19T04:51:15.593Z,14.49
2026-04-19T04:56:15.642Z,14.49
2026-04-19T05:01:15.552Z,14.44
2026-04-19T05:06:15.589Z,14.41
2026-04-19T05:11:15.424Z,14.37
2026-04-19T05:16:15.497Z,14.37
2026-04-19T05:21:15.429Z,14.41
2026-04-19T05:26:15.599Z,14.37
2026-04-19T05:31:15.443Z,14.29
2026-04-19T05:36:15.532Z,14.21
2026-04-19T05:41:15.741Z,14.18
2026-04-19T05:46:15.386Z,14.15
2026-04-19T05:51:15.603Z,14.23
2026-04-19T05:56:15.457Z,14.23
2026-04-19T06:01:15.628Z,14.32
2026-04-19T06:06:15.356Z,14.41
2026-04-19T06:11:15.48Z,14.47
2026-04-19T06:16:15.378Z,14.61
2026-04-19T06:21:15.467Z,14.7
2026-04-19T06:26:15.617Z,14.78
2026-04-19T06:31:15.584Z,14.86
2026-04-19T06:36:15.76Z,15.04
2026-04-19T06:41:15.538Z,15.47
2026-04-19T06:46:15.569Z,15.79
2026-04-19T06:51:15.401Z,15.99
2026-04-19T06:56:15.456Z,16.22
2026-04-19T07:01:15.579Z,16.42
2026-04-19T07:06:15.791Z,16.53
2026-04-19T07:11:15.418Z,16.71
2026-04-19T07:16:15.467Z,16.82
2026-04-19T07:21:15.53Z,17.0
2026-04-19T07:26:15.62Z,17.14
2026-04-19T07:31:15.769Z,17.34
2026-04-19T07:36:15.505Z,17.72
2026-04-19T07:41:15.994Z,18.09
2026-04-19T07:46:15.389Z,18.38
2026-04-19T07:51:15.353Z,18.58
2026-04-19T07:56:15.515Z,18.84
2026-04-19T08:01:15.375Z,19.21
2026-04-19T08:06:15.523Z,19.62
2026-04-19T08:11:15.905Z,19.85
2026-04-19T08:16:15.538Z,20.25
2026-04-19T08:21:15.486Z,20.45
2026-04-19T08:26:15.485Z,20.83
2026-04-19T08:31:15.601Z,21.09
2026-04-19T08:36:15.455Z,21.43
2026-04-19T08:41:15.481Z,21.57
2026-04-19T08:46:15.425Z,21.81
2026-04-19T08:51:15.582Z,22.18
2026-04-19T08:56:15.506Z,22.35
2026-04-19T09:01:15.577Z,22.64
2026-04-19T09:06:15.375Z,22.81
2026-04-19T09:11:15.422Z,23.36
2026-04-19T09:16:15.434Z,23.7
2026-04-19T09:21:15.352Z,23.85
2026-04-19T09:26:15.401Z,24.16
2026-04-19T09:31:15.526Z,24.28
2026-04-19T09:36:15.586Z,24.42
2026-04-19T09:41:15.477Z,24.51
2026-04-19T09:46:15.588Z,24.74
2026-04-19T09:51:15.573Z,25.03
2026-04-19T09:56:15.783Z,25.29
2026-04-19T10:01:15.522Z,25.2
2026-04-19T10:06:15.463Z,25.57
2026-04-19T10:11:15.519Z,25.69
2026-04-19T10:16:15.326Z,26.06
2026-04-19T10:21:15.494Z,26.01
2026-04-19T10:26:15.58Z,26.12
2026-04-19T10:31:15.591Z,26.27
2026-04-19T10:36:15.581Z,26.58
2026-04-19T10:41:15.546Z,26.73
2026-04-19T10:46:15.579Z,26.84
2026-04-19T10:51:15.371Z,26.9
2026-04-19T10:56:15.588Z,26.99
2026-04-19T11:01:15.572Z,26.92
2026-04-19T11:06:15.446Z,27.13
2026-04-19T11:11:16.256Z,27.18
2026-04-19T11:16:15.566Z,27.33
2026-04-19T11:21:15.532Z,27.71
2026-04-19T11:26:15.47Z,27.79
2026-04-19T11:31:15.373Z,27.85
2026-04-19T11:36:15.929Z,27.97
2026-04-19T11:41:15.447Z,27.9
2026-04-19T11:46:15.594Z,28.02
2026-04-19T11:51:15.901Z,28.08
2026-04-19T11:56:15.489Z,28.45
2026-04-19T12:01:15.399Z,28.39
2026-04-19T12:06:15.447Z,28.34
2026-04-19T12:11:15.489Z,28.48
2026-04-19T12:16:15.99Z,28.8
2026-04-19T12:21:15.548Z,28.8
2026-04-19T12:26:15.59Z,28.94
2026-04-19T12:31:15.406Z,28.8
2026-04-19T12:36:15.579Z,28.8
2026-04-19T12:41:15.466Z,28.91
2026-04-19T12:46:15.467Z,28.88
2026-04-19T12:51:15.432Z,29.14
2026-04-19T12:56:15.434Z,29.2
2026-04-19T13:01:15.428Z,29.14
2026-04-19T13:06:15.895Z,29.08
2026-04-19T13:11:15.425Z,29.2
2026-04-19T13:16:15.496Z,29.29
2026-04-19T13:21:15.334Z,29.29
2026-04-19T13:26:15.555Z,29.29
2026-04-19T13:31:15.389Z,29.72
2026-04-19T13:36:15.405Z,29.55
2026-04-19T13:41:15.413Z,29.4
2026-04-19T13:46:15.498Z,29.26
2026-04-19T13:51:15.553Z,29.2
2026-04-19T13:56:15.593Z,29.32
2026-04-19T14:01:15.335Z,29.17
2026-04-19T14:06:15.411Z,29.29
2026-04-19T14:11:16.265Z,29.4
2026-04-19T14:16:15.507Z,29.49
2026-04-19T14:21:15.352Z,29.43
2026-04-19T14:26:15.585Z,29.23
2026-04-19T14:31:15.418Z,29.23
2026-04-19T14:36:15.395Z,29.2
2026-04-19T14:41:15.458Z,29.03
2026-04-19T14:46:15.546Z,29.06
2026-04-19T14:51:15.568Z,29.0
2026-04-19T14:56:15.322Z,29.06
2026-04-19T15:01:15.353Z,29.29
2026-04-19T15:06:15.574Z,29.06
2026-04-19T15:11:15.569Z,29.17
2026-04-19T15:16:15.437Z,29.08
2026-04-19T15:21:15.51Z,28.74
2026-04-19T15:26:15.505Z,28.77
2026-04-19T15:31:15.393Z,28.85
2026-04-19T15:52:02.994Z,28.77
2026-04-19T15:56:15.56Z,28.8
2026-04-19T16:01:15.51Z,29.0
2026-04-19T16:06:15.387Z,28.74
2026-04-19T16:11:15.445Z,28.74
2026-04-19T16:16:15.367Z,28.8
2026-04-19T16:21:15.384Z,28.88
2026-04-19T16:26:15.575Z,28.71
2026-04-19T16:31:15.545Z,28.65
2026-04-19T16:36:15.455Z,28.74
2026-04-19T16:41:15.581Z,28.51
2026-04-19T16:46:15.379Z,28.31
2026-04-19T16:51:15.426Z,28.16
2026-04-19T16:56:15.672Z,28.19
2026-04-19T17:01:15.332Z,28.22
2026-04-19T17:06:15.463Z,28.08
2026-04-19T17:11:15.484Z,28.02
2026-04-19T17:16:15.332Z,27.9
2026-04-19T17:21:15.369Z,27.71
2026-04-19T17:26:15.325Z,27.41
2026-04-19T17:31:15.343Z,27.3
2026-04-19T17:36:15.442Z,27.13
2026-04-19T17:41:15.583Z,26.99
2026-04-19T17:46:15.435Z,26.76
2026-04-19T17:51:15.466Z,26.5
2026-04-19T17:56:15.692Z,26.46
2026-04-19T18:01:15.483Z,26.2
2026-04-19T18:06:15.541Z,25.97
2026-04-19T18:11:15.55Z,25.83
2026-04-19T18:16:15.553Z,25.69
2026-04-19T18:21:15.483Z,25.37
2026-04-19T18:26:15.485Z,24.94
2026-04-19T18:31:15.396Z,24.71
2026-04-19T18:36:15.776Z,24.45
2026-04-19T18:41:15.506Z,24.22
2026-04-19T18:46:15.39Z,24.02
2026-04-19T18:51:15.518Z,23.85
2026-04-19T18:56:15.555Z,23.47
2026-04-19T19:01:15.571Z,23.33
2026-04-19T19:06:15.485Z,23.13
2026-04-19T19:11:15.405Z,22.98
2026-04-19T19:16:15.547Z,22.69
2026-04-19T19:21:16.169Z,22.64
2026-04-19T19:26:16.635Z,22.52
2026-04-19T19:31:16.09Z,22.41
2026-04-19T19:36:16.088Z,22.04
2026-04-19T19:41:15.5Z,21.74
2026-04-19T19:46:15.548Z,21.4
2026-04-19T19:51:15.464Z,21.14
2026-04-19T19:56:15.616Z,21.11
2026-04-19T20:01:15.866Z,21.23
2026-04-19T20:06:15.938Z,21.14
2026-04-19T20:11:15.963Z,21.06
2026-04-19T20:16:15.56Z,20.83
2026-04-19T20:21:15.558Z,20.65
2026-04-19T20:26:15.446Z,20.45
2026-04-19T20:31:15.402Z,20.31
2026-04-19T20:36:15.573Z,20.22
2026-04-19T20:41:15.597Z,20.05
2026-04-19T20:46:15.601Z,19.96
2026-04-19T20:51:15.579Z,19.82
2026-04-19T20:56:15.454Z,19.79
2026-04-19T21:01:15.466Z,19.65
2026-04-19T21:06:15.511Z,19.47
2026-04-19T21:11:15.598Z,19.39
2026-04-19T21:16:15.957Z,19.27
2026-04-19T21:21:15.461Z,19.24
2026-04-19T21:26:15.696Z,19.13
2026-04-19T21:31:15.443Z,19.04
2026-04-19T21:36:15.365Z,19.01
2026-04-19T21:41:15.587Z,18.84
2026-04-19T21:46:15.494Z,18.9
2026-04-19T21:51:15.504Z,18.75
2026-04-19T21:56:15.541Z,18.61
2026-04-19T22:01:15.562Z,18.49
2026-04-19T22:06:15.443Z,18.46
2026-04-19T22:11:15.412Z,18.41
2026-04-19T22:16:15.372Z,18.26
2026-04-19T22:21:15.513Z,18.18
2026-04-19T22:26:15.587Z,17.95
2026-04-19T22:31:15.408Z,17.92
2026-04-19T22:36:15.593Z,17.8
2026-04-19T22:41:15.487Z,17.69
2026-04-19T22:46:15.426Z,17.63
2026-04-19T22:51:15.52Z,17.54
2026-04-19T22:56:15.588Z,17.4
2026-04-19T23:01:15.555Z,17.28
2026-04-19T23:06:15.553Z,17.23
2026-04-19T23:11:15.542Z,17.2
2026-04-19T23:16:15.503Z,17.05
2026-04-19T23:21:15.445Z,17.0
2026-04-19T23:26:15.47Z,16.79
2026-04-19T23:31:15.432Z,16.65
2026-04-19T23:36:15.476Z,16.51
2026-04-19T23:41:15.476Z,16.33
2026-04-19T23:46:15.529Z,16.3
2026-04-19T23:51:15.388Z,16.33
2026-04-19T23:56:15.613Z,16.28
2026-04-20T00:01:15.971Z,16.22
2026-04-20T00:06:15.435Z,16.14
2026-04-20T00:11:15.651Z,16.16
2026-04-20T00:16:16.169Z,16.1
2026-04-20T00:21:15.502Z,15.99
2026-04-20T00:26:15.599Z,15.84
2026-04-20T00:31:15.523Z,15.73
2026-04-20T00:36:15.928Z,15.67
2026-04-20T00:41:15.598Z,15.5
2026-04-20T00:46:15.457Z,15.53
2026-04-20T00:51:15.585Z,15.84
2026-04-20T00:56:15.484Z,16.22
2026-04-20T01:01:15.603Z,16.56
2026-04-20T01:06:15.5Z,16.71
2026-04-20T01:11:15.518Z,16.71
2026-04-20T01:16:15.555Z,16.79
2026-04-20T01:21:15.581Z,16.77
2026-04-20T01:26:15.492Z,16.74
2026-04-20T01:31:15.782Z,16.59
2026-04-20T01:36:15.575Z,16.33
2026-04-20T01:41:16.247Z,16.19
2026-04-20T01:46:16.188Z,15.93
2026-04-20T01:51:15.886Z,15.84
2026-04-20T01:56:15.496Z,15.67
2026-04-20T02:01:15.389Z,15.76
2026-04-20T02:06:15.401Z,15.81
2026-04-20T02:11:15.474Z,15.96
2026-04-20T02:16:15.431Z,16.05
2026-04-20T02:21:15.526Z,15.99
2026-04-20T02:26:15.375Z,15.93
2026-04-20T02:31:15.466Z,15.81
2026-04-20T02:36:15.598Z,15.84
2026-04-20T02:41:15.502Z,15.76
2026-04-20T02:46:15.569Z,15.76
2026-04-20T02:51:15.469Z,15.76
2026-04-20T02:56:15.394Z,15.7
2026-04-20T03:01:15.43Z,15.58
2026-04-20T03:06:15.371Z,15.33
2026-04-20T03:11:15.475Z,15.3
2026-04-20T03:16:15.643Z,15.27
2026-04-20T03:21:15.586Z,15.21
2026-04-20T03:26:15.52Z,15.09
2026-04-20T03:31:15.629Z,15.01
2026-04-20T03:36:15.365Z,14.95
2026-04-20T03:41:15.437Z,14.98
2026-04-20T03:46:15.567Z,14.93
2026-04-20T03:51:15.801Z,14.78
2026-04-20T03:56:15.555Z,14.75
2026-04-20T04:01:15.419Z,14.81
2026-04-20T04:06:15.761Z,14.84
2026-04-20T04:11:15.6Z,14.78
2026-04-20T04:16:15.472Z,14.61
2026-04-20T04:21:15.521Z,14.58
2026-04-20T04:26:15.436Z,14.44
2026-04-20T04:31:15.519Z,14.44
2026-04-20T04:36:15.474Z,14.37
2026-04-20T04:41:15.654Z,14.32
2026-04-20T04:46:15.553Z,14.41
2026-04-20T04:51:15.917Z,14.26
2026-04-20T04:56:15.598Z,14.21
2026-04-20T05:01:15.423Z,14.12
2026-04-20T05:06:15.585Z,14.12
2026-04-20T05:11:15.384Z,14.12
2026-04-20T05:16:15.474Z,14.09
2026-04-20T05:21:15.394Z,13.92
2026-04-20T05:26:15.403Z,13.77
2026-04-20T05:31:15.415Z,13.69
2026-04-20T05:36:15.489Z,13.8
2026-04-20T05:41:15.61Z,13.89
2026-04-20T05:46:15.376Z,13.89
2026-04-20T05:51:15.374Z,13.98
2026-04-20T05:56:15.567Z,14.12
2026-04-20T06:01:15.421Z,14.26
2026-04-20T06:06:15.353Z,14.35
2026-04-20T06:11:15.566Z,14.47
2026-04-20T06:16:15.364Z,14.58
2026-04-20T06:21:15.369Z,14.67
2026-04-20T06:26:15.317Z,14.78
2026-04-20T06:31:15.313Z,14.93
2026-04-20T06:36:15.428Z,15.01
2026-04-20T06:41:15.39Z,15.12
2026-04-20T06:46:15.41Z,15.42
2026-04-20T06:51:15.542Z,15.7
2026-04-20T06:56:15.592Z,15.96
2026-04-20T07:01:15.43Z,16.02
2026-04-20T07:06:15.434Z,16.25
2026-04-20T07:11:15.439Z,16.45
2026-04-20T07:16:16.217Z,16.62
2026-04-20T07:21:15.539Z,16.91
2026-04-20T07:26:15.488Z,17.17
2026-04-20T07:31:15.593Z,17.46
2026-04-20T07:36:15.411Z,17.72
2026-04-20T07:41:15.343Z,17.89
2026-04-20T07:46:15.363Z,18.09
2026-04-20T07:51:15.68Z,18.52
2026-04-20T07:56:15.64Z,18.75
2026-04-20T08:01:15.507Z,18.98
2026-04-20T08:06:15.936Z,19.36
2026-04-20T08:11:15.443Z,19.7
2026-04-20T08:16:15.534Z,19.82
2026-04-20T08:21:15.441Z,20.11
2026-04-20T08:26:15.367Z,20.25
2026-04-20T08:31:15.583Z,20.53
2026-04-20T08:36:15.624Z,20.83
2026-04-20T08:41:15.475Z,21.2
2026-04-20T08:46:15.524Z,21.25
2026-04-20T08:51:15.436Z,21.49
2026-04-20T08:56:15.538Z,21.55
2026-04-20T09:01:15.615Z,22.04
2026-04-20T09:06:15.607Z,22.64
2026-04-20T09:11:15.328Z,22.84
2026-04-20T09:16:15.584Z,22.98
2026-04-20T09:21:15.572Z,23.04
2026-04-20T09:26:15.411Z,23.47
2026-04-20T09:31:15.35Z,23.67
2026-04-20T09:36:15.709Z,23.85
2026-04-20T09:41:16.064Z,24.16
2026-04-20T09:46:15.533Z,24.31
2026-04-20T09:51:15.484Z,24.42
2026-04-20T09:56:15.595Z,24.8
2026-04-20T10:01:15.564Z,25.29
2026-04-20T10:06:15.529Z,25.49
2026-04-20T10:11:15.514Z,25.37
2026-04-20T10:16:15.43Z,25.66
2026-04-20T10:21:15.369Z,25.49
2026-04-20T10:26:15.579Z,25.6
2026-04-20T10:31:15.465Z,25.92
2026-04-20T10:36:15.342Z,26.32
2026-04-20T10:41:15.49Z,26.32
2026-04-20T10:46:15.636Z,26.41
2026-04-20T10:51:15.506Z,26.55
2026-04-20T10:56:15.523Z,26.9
2026-04-20T11:01:15.547Z,27.27
2026-04-20T11:06:15.36Z,27.5
2026-04-20T11:11:16.112Z,27.62
2026-04-20T11:16:16.045Z,27.59
2026-04-20T11:21:15.443Z,27.76
2026-04-20T11:26:15.413Z,27.82
2026-04-20T11:31:15.475Z,27.93
2026-04-20T11:36:15.33Z,28.08
2026-04-20T11:41:15.406Z,28.34
2026-04-20T11:46:15.422Z,28.42
2026-04-20T11:49:12.927Z,28.48
2026-04-20T11:54:01.829Z,28.54
2026-04-20T11:59:01.73Z,28.54
2026-04-20T12:04:01.729Z,28.68
2026-04-20T12:09:02.173Z,28.83
2026-04-20T12:14:01.987Z,29.0
2026-04-20T12:19:01.916Z,29.06
2026-04-20T12:24:01.93Z,29.11
2026-04-20T12:29:02.625Z,29.17
2026-04-20T12:34:02.636Z,29.4
2026-04-20T12:39:01.621Z,29.4
2026-04-20T12:44:01.923Z,29.6
2026-04-20T12:49:01.793Z,29.52
2026-04-20T12:54:02.752Z,29.78
2026-04-20T12:59:01.978Z,29.92
2026-04-20T13:04:03.586Z,29.95
2026-04-20T13:09:02.248Z,30.12
2026-04-20T13:14:01.783Z,30.06
2026-04-20T13:19:01.785Z,30.29
2026-04-20T13:24:01.728Z,30.29
2026-04-20T13:29:01.841Z,30.21
2026-04-20T13:34:02.665Z,30.41
2026-04-20T13:39:02.637Z,30.58
2026-04-20T13:44:01.831Z,30.58
2026-04-20T13:49:01.853Z,30.61
2026-04-20T13:54:01.914Z,30.61
2026-04-20T13:59:01.868Z,30.81
2026-04-20T14:04:01.841Z,30.75
2026-04-20T14:09:02.794Z,30.5
2026-04-20T14:14:01.895Z,30.58
2026-04-20T14:19:02.1Z,30.61
2026-04-20T14:24:01.958Z,30.64
2026-04-20T14:29:04.802Z,30.5
2026-04-20T14:34:02.037Z,30.35
2026-04-20T14:39:04.928Z,30.35
2026-04-20T14:44:01.96Z,30.15
2026-04-20T14:49:01.87Z,29.95
2026-04-20T14:54:01.814Z,29.72
2026-04-20T14:59:02.056Z,29.78
2026-04-20T15:04:01.96Z,29.8
2026-04-20T15:09:02.047Z,29.52
2026-04-20T15:14:01.988Z,29.55
2026-04-20T15:19:02.467Z,29.52
2026-04-20T15:24:03.854Z,29.55
2026-04-20T15:29:02.135Z,29.52
2026-04-20T15:34:01.758Z,29.32
2026-04-20T15:39:01.826Z,29.55
2026-04-20T15:44:01.994Z,29.52
2026-04-20T15:49:02.054Z,29.14
2026-04-20T15:54:01.828Z,29.14
2026-04-20T15:59:01.713Z,28.83
2026-04-20T16:04:01.756Z,28.97
2026-04-20T16:09:02.613Z,28.97
2026-04-20T16:14:01.854Z,28.83
2026-04-20T16:19:02.154Z,28.68
2026-04-20T16:24:01.767Z,28.54
2026-04-20T16:29:01.939Z,28.31
2026-04-20T16:34:01.91Z,28.11
2026-04-20T16:39:02.592Z,28.05
2026-04-20T16:44:01.914Z,27.99
2026-04-20T16:49:02.968Z,27.9
2026-04-20T16:54:02.468Z,27.73
2026-04-20T16:59:01.944Z,27.67
2026-04-20T17:04:02.804Z,27.56
2026-04-20T17:09:01.882Z,27.44
2026-04-20T17:14:02.144Z,27.24
2026-04-20T17:19:02.068Z,27.07
2026-04-20T17:24:02.029Z,26.84
2026-04-20T17:29:02.315Z,26.67
2026-04-20T17:34:01.646Z,26.55
2026-04-20T17:39:01.944Z,26.46
2026-04-20T17:44:02.402Z,26.35
2026-04-20T17:49:02.324Z,26.27
2026-04-20T17:54:02.117Z,26.01
2026-04-20T17:59:03.6Z,25.8
2026-04-20T18:04:02.017Z,25.52
2026-04-20T18:09:02.174Z,25.29
2026-04-20T18:14:02.175Z,25.0
2026-04-20T18:19:01.697Z,24.83
2026-04-20T18:24:02.024Z,24.48
2026-04-20T18:29:01.655Z,24.25
2026-04-20T18:34:02.175Z,23.9
2026-04-20T18:39:01.888Z,23.62
2026-04-20T18:44:01.836Z,23.36
2026-04-20T18:49:01.858Z,23.1
2026-04-20T18:54:01.711Z,22.9
2026-04-20T18:59:02.844Z,22.75
2026-04-20T19:04:01.861Z,22.52
2026-04-20T19:09:02.765Z,22.35
2026-04-20T19:14:02.045Z,22.26
2026-04-20T19:19:02.278Z,21.95
2026-04-20T19:24:02.248Z,21.74
2026-04-20T19:29:02.683Z,21.55
2026-04-20T19:34:02.083Z,21.34
2026-04-20T19:39:02.108Z,21.09
2026-04-20T19:44:02.197Z,20.83
2026-04-20T19:49:01.78Z,20.62
2026-04-20T19:54:01.87Z,20.6
2026-04-20T19:59:01.93Z,20.51
2026-04-20T20:04:01.921Z,20.37
2026-04-20T20:09:02.938Z,20.25
2026-04-20T20:14:01.895Z,20.16
2026-04-20T20:19:01.947Z,20.02
2026-04-20T20:24:01.89Z,19.96
2026-04-20T20:29:01.817Z,19.88
2026-04-20T20:34:01.891Z,19.67
2026-04-20T20:39:01.822Z,19.62
2026-04-20T20:44:02.392Z,19.47
2026-04-20T20:49:01.905Z,19.33
2026-04-20T20:54:01.818Z,19.3
2026-04-20T20:59:01.708Z,19.16
2026-04-20T21:04:02.42Z,19.04
2026-04-20T21:09:01.786Z,18.95
2026-04-20T21:14:01.775Z,18.67
2026-04-20T21:19:01.845Z,18.49
2026-04-20T21:24:02.218Z,18.41
2026-04-20T21:29:01.813Z,18.29
2026-04-20T21:34:02.48Z,18.23
2026-04-20T21:39:02.046Z,18.06
2026-04-20T21:44:02.198Z,18.0
2026-04-20T21:49:02.854Z,17.83
2026-04-20T21:54:02.521Z,17.8
2026-04-20T21:59:02.107Z,17.83
2026-04-20T22:04:01.784Z,17.8
2026-04-20T22:09:03.192Z,17.66
2026-04-20T22:14:02.473Z,17.6
2026-04-20T22:19:02.907Z,17.51
2026-04-20T22:24:01.695Z,17.4
2026-04-20T22:29:01.681Z,17.28
2026-04-20T22:34:02.003Z,17.26
2026-04-20T22:39:02.08Z,17.2
2026-04-20T22:44:01.98Z,17.02
2026-04-20T22:49:02.199Z,16.97
2026-04-20T22:54:02.007Z,16.85
2026-04-20T22:59:01.865Z,16.71
2026-04-20T23:04:01.967Z,16.65
2026-04-20T23:09:01.777Z,16.59
2026-04-20T23:14:01.764Z,16.51
2026-04-20T23:19:01.834Z,16.45
2026-04-20T23:24:01.926Z,16.37
2026-04-20T23:29:01.762Z,16.33
2026-04-20T23:34:01.76Z,16.33
2026-04-20T23:39:02.003Z,16.39
2026-04-20T23:44:01.716Z,16.28
2026-04-20T23:49:02.151Z,16.16
2026-04-20T23:54:02.159Z,16.07
2026-04-20T23:59:02.08Z,16.02
2026-04-21T00:04:02.146Z,15.88
2026-04-21T00:09:02.059Z,15.79
2026-04-21T00:14:02.056Z,15.67
2026-04-21T00:19:02.324Z,15.65
2026-04-21T00:24:01.797Z,15.84
2026-04-21T00:29:01.935Z,16.02
2026-04-21T00:34:01.744Z,16.28
2026-04-21T00:39:02.416Z,16.28
2026-04-21T00:44:02.441Z,16.25
2026-04-21T00:49:01.707Z,16.22
2026-04-21T00:54:02.406Z,16.07
2026-04-21T00:59:02.345Z,15.99
2026-04-21T01:04:02.225Z,16.05
2026-04-21T01:09:01.904Z,15.99
2026-04-21T01:14:01.866Z,15.96
2026-04-21T01:19:01.925Z,15.84
2026-04-21T01:24:02.513Z,15.93
2026-04-21T01:29:01.731Z,15.88
2026-04-21T01:34:02.426Z,15.88
2026-04-21T01:39:01.743Z,15.81
2026-04-21T01:44:01.778Z,15.81
2026-04-21T01:49:01.804Z,15.81
2026-04-21T01:54:01.924Z,15.79
2026-04-21T01:59:01.716Z,15.73
2026-04-21T02:04:01.79Z,15.65
2026-04-21T02:09:01.674Z,15.58
2026-04-21T02:14:01.681Z,15.5
2026-04-21T02:19:02.153Z,15.39
2026-04-21T02:24:03.156Z,15.3
2026-04-21T02:29:01.734Z,15.24
2026-04-21T02:34:01.903Z,15.16
2026-04-21T02:39:01.755Z,15.09
2026-04-21T02:44:01.875Z,15.01
2026-04-21T02:49:01.888Z,14.84
2026-04-21T02:54:02.028Z,14.84
2026-04-21T02:59:02.051Z,14.72
2026-04-21T03:04:01.764Z,14.7
2026-04-21T03:09:02.857Z,14.7
2026-04-21T03:14:02.081Z,14.67
2026-04-21T03:19:02.148Z,14.7
2026-04-21T03:24:01.969Z,14.64
2026-04-21T03:29:01.986Z,14.55
2026-04-21T03:34:02.246Z,14.41
2026-04-21T03:39:02.074Z,14.29
2026-04-21T03:44:01.994Z,14.09
2026-04-21T03:49:02.292Z,13.92
2026-04-21T03:54:02.121Z,13.77
2026-04-21T03:59:02.856Z,13.57
2026-04-21T04:04:02.121Z,13.34
2026-04-21T04:09:02.144Z,13.34
2026-04-21T04:14:02.079Z,13.2
2026-04-21T04:19:02.093Z,13.28
2026-04-21T04:24:02.347Z,13.46
2026-04-21T04:29:01.91Z,13.6
2026-04-21T04:34:01.765Z,13.8
2026-04-21T04:39:02.955Z,13.77
2026-04-21T04:44:02.031Z,13.8
2026-04-21T04:49:02.489Z,13.77
2026-04-21T04:54:02.142Z,13.66
2026-04-21T04:59:01.911Z,13.89
2026-04-21T05:04:01.965Z,13.98
2026-04-21T05:09:01.963Z,13.92
2026-04-21T05:14:01.861Z,13.95
2026-04-21T05:19:01.972Z,13.95
2026-04-21T05:24:02.096Z,13.86
2026-04-21T05:29:02.092Z,13.69
2026-04-21T05:34:02.116Z,13.74
2026-04-21T05:39:01.669Z,13.72
2026-04-21T05:44:01.801Z,13.69
2026-04-21T05:49:02.121Z,13.66
2026-04-21T05:54:01.732Z,13.72
2026-04-21T05:59:01.702Z,13.74
2026-04-21T06:04:01.942Z,13.74
2026-04-21T06:09:01.707Z,13.8
2026-04-21T06:14:01.823Z,14.03
2026-04-21T06:19:01.933Z,14.41
2026-04-21T06:24:02.636Z,14.64
2026-04-21T06:29:02.092Z,14.81
2026-04-21T06:34:01.996Z,14.86
2026-04-21T06:39:02.036Z,14.95
2026-04-21T06:44:01.917Z,15.07
2026-04-21T06:49:02.28Z,15.16
2026-04-21T06:54:01.959Z,15.35
2026-04-21T06:59:02.065Z,15.56
2026-04-21T07:04:03.133Z,15.76
2026-04-21T07:09:02.076Z,16.02
2026-04-21T07:14:01.633Z,16.37
2026-04-21T07:19:01.829Z,16.53
2026-04-21T07:24:02.437Z,16.74
2026-04-21T07:29:01.805Z,17.0
2026-04-21T07:34:03.411Z,17.37
2026-04-21T07:39:01.929Z,17.54
2026-04-21T07:44:02.007Z,17.72
2026-04-21T07:49:02.884Z,17.95
2026-04-21T07:54:01.906Z,18.32
2026-04-21T07:59:01.933Z,18.55
2026-04-21T08:04:01.76Z,18.72
2026-04-21T08:09:02.228Z,18.95
2026-04-21T08:14:02.539Z,19.27
2026-04-21T08:19:02.187Z,19.39
2026-04-21T08:24:03.833Z,19.65
2026-04-21T08:29:01.98Z,19.93
2026-04-21T08:34:02.405Z,20.22
2026-04-21T08:39:02.128Z,20.45
2026-04-21T08:44:01.775Z,20.76
2026-04-21T08:49:03.824Z,21.11
2026-04-21T08:54:00.997Z,21.46
2026-04-21T08:59:01.163Z,21.77
2026-04-21T09:04:01.025Z,21.89
2026-04-21T09:09:01.075Z,22.12
2026-04-21T09:14:00.915Z,22.52
2026-04-21T09:19:00.966Z,22.69
2026-04-21T09:24:01.777Z,22.93
2026-04-21T09:29:01.704Z,23.07
2026-04-21T09:34:01.755Z,23.62
2026-04-21T09:39:02.133Z,23.59
2026-04-21T09:44:02.111Z,24.08
2026-04-21T09:49:02.069Z,24.16
2026-04-21T09:54:02.375Z,24.71
2026-04-21T09:59:02.05Z,24.88
2026-04-21T10:04:02.108Z,24.94
2026-04-21T10:09:02.137Z,25.26
2026-04-21T10:14:02.29Z,25.29
2026-04-21T10:19:03.111Z,25.69
2026-04-21T10:24:02.106Z,26.01
2026-04-21T10:29:02.029Z,25.78
2026-04-21T10:34:02.642Z,25.78
2026-04-21T10:39:02.655Z,26.01
2026-04-21T10:44:01.918Z,26.12
2026-04-21T10:49:01.906Z,26.32
2026-04-21T10:54:01.71Z,26.29
2026-04-21T10:59:01.822Z,26.58
2026-04-21T11:04:01.815Z,26.5
2026-04-21T11:09:01.823Z,26.67
2026-04-21T11:14:01.642Z,26.9
2026-04-21T11:19:01.778Z,26.84
2026-04-21T11:24:01.876Z,27.16
2026-04-21T11:29:01.971Z,27.53
2026-04-21T11:34:02.532Z,27.67
2026-04-21T11:39:01.926Z,27.73
2026-04-21T11:44:03.18Z,27.85
2026-04-21T11:49:02.056Z,27.9
2026-04-21T11:54:01.995Z,28.22
2026-04-21T11:59:01.995Z,28.42
2026-04-21T12:04:02.101Z,28.6
2026-04-21T12:09:01.754Z,28.34
2026-04-21T12:14:02.594Z,28.51
2026-04-21T12:19:01.924Z,28.62
2026-04-21T12:24:02.556Z,28.45
2026-04-21T12:29:01.841Z,28.54
2026-04-21T12:34:01.881Z,28.25
2026-04-21T12:39:01.734Z,28.28
2026-04-21T12:44:03.452Z,28.19
2026-04-21T12:49:02.356Z,28.28
2026-04-21T12:54:01.922Z,28.54
2026-04-21T12:59:01.924Z,28.48
2026-04-21T13:04:02.1Z,28.36
2026-04-21T13:09:02.087Z,28.34
2026-04-21T13:14:01.978Z,28.54
2026-04-21T13:19:02.984Z,28.16
2026-04-21T13:24:02.913Z,28.08
2026-04-21T13:29:02.886Z,28.22
2026-04-21T13:34:01.822Z,28.42
2026-04-21T13:39:01.75Z,28.22
2026-04-21T13:44:01.757Z,28.02
2026-04-21T13:49:01.892Z,28.02
2026-04-21T13:54:02.299Z,27.99
2026-04-21T13:59:01.958Z,28.19
2026-04-21T14:04:02.235Z,28.36
2026-04-21T14:09:02.03Z,28.22
2026-04-21T14:14:02.169Z,28.28
2026-04-21T14:19:02.012Z,28.31
2026-04-21T14:24:02.151Z,28.39
2026-04-21T14:29:01.597Z,28.42
2026-04-21T14:34:01.674Z,28.11
2026-04-21T14:39:01.744Z,27.9
2026-04-21T14:44:02.27Z,27.59
2026-04-21T14:49:01.68Z,27.48
2026-04-21T14:54:03.57Z,27.62
2026-04-21T14:59:01.647Z,27.64
2026-04-21T15:04:01.742Z,27.87
2026-04-21T15:09:01.724Z,28.02
2026-04-21T15:14:01.871Z,27.93
2026-04-21T15:19:01.932Z,27.82
2026-04-21T15:24:01.964Z,27.73
2026-04-21T15:29:02.408Z,27.79
2026-04-21T15:34:02.043Z,27.9
2026-04-21T15:39:02.04Z,27.82
2026-04-21T15:44:02.103Z,27.59
2026-04-21T15:49:03.548Z,27.5
2026-04-21T15:54:01.603Z,27.41
2026-04-21T15:59:01.82Z,27.24
2026-04-21T16:04:02.213Z,27.13
2026-04-21T16:09:01.919Z,26.9
2026-04-21T16:14:01.952Z,26.64
2026-04-21T16:19:02.191Z,26.78
2026-04-21T16:24:02.04Z,26.84
2026-04-21T16:29:01.712Z,26.92
2026-04-21T16:34:01.691Z,27.18
2026-04-21T16:39:01.658Z,26.95
2026-04-21T16:44:02.004Z,26.84
2026-04-21T16:49:01.845Z,26.73
2026-04-21T16:54:03.363Z,26.73
2026-04-21T16:59:01.761Z,26.52
2026-04-21T17:04:01.814Z,26.32
2026-04-21T17:09:01.906Z,26.12
2026-04-21T17:14:01.991Z,26.01
2026-04-21T17:19:01.849Z,25.92
2026-04-21T17:24:02.749Z,25.66
2026-04-21T17:29:02.147Z,25.57
2026-04-21T17:34:01.891Z,25.37
2026-04-21T17:39:01.771Z,25.17
2026-04-21T17:44:01.706Z,24.94
2026-04-21T17:49:02.437Z,24.77
2026-04-21T17:54:02.571Z,24.42
2026-04-21T17:59:02.387Z,24.34
2026-04-21T18:04:01.952Z,24.13
2026-04-21T18:09:01.904Z,23.93
2026-04-21T18:14:01.726Z,23.7
2026-04-21T18:19:01.871Z,23.59
2026-04-21T18:24:02.7Z,23.36
2026-04-21T18:29:01.831Z,23.21
2026-04-21T18:34:01.783Z,23.04
2026-04-21T18:39:01.707Z,22.93
2026-04-21T18:44:01.819Z,22.78
2026-04-21T18:49:01.957Z,22.64
2026-04-21T18:54:01.766Z,22.61
2026-04-21T18:59:01.82Z,22.49
2026-04-21T19:04:01.932Z,22.38
2026-04-21T19:09:02.005Z,22.26
2026-04-21T19:14:01.937Z,22.06
2026-04-21T19:19:02.292Z,21.92
2026-04-21T19:24:02.01Z,21.77
2026-04-21T19:29:01.919Z,21.69
2026-04-21T19:34:02.105Z,21.55
2026-04-21T19:39:02.039Z,21.4
2026-04-21T19:44:02.056Z,21.2
2026-04-21T19:49:01.866Z,21.09
2026-04-21T19:54:02.131Z,20.94
2026-04-21T19:59:02.286Z,21.0
2026-04-21T20:04:01.978Z,20.94
2026-04-21T20:09:02.053Z,20.94
2026-04-21T20:14:02.21Z,21.0
2026-04-21T20:19:02.067Z,20.76
2026-04-21T20:24:03.548Z,20.71
2026-04-21T20:29:02.624Z,20.62
2026-04-21T20:34:02.101Z,20.48
2026-04-21T20:39:02.194Z,20.37
2026-04-21T20:44:01.748Z,20.42
2026-04-21T20:49:02.888Z,20.37
2026-04-21T20:54:01.965Z,20.31
2026-04-21T20:59:01.931Z,20.08
2026-04-21T21:04:02.063Z,19.88
2026-04-21T21:09:02.49Z,19.76
2026-04-21T21:14:01.913Z,19.65
2026-04-21T21:19:02.03Z,19.42
2026-04-21T21:24:01.976Z,19.27
2026-04-21T21:29:01.881Z,19.3
2026-04-21T21:34:01.948Z,19.01
2026-04-21T21:39:01.748Z,18.93
2026-04-21T21:44:01.92Z,18.87
2026-04-21T21:49:02.056Z,18.78
2026-04-21T21:54:01.998Z,18.61
2026-04-21T21:59:01.99Z,18.44
2026-04-21T22:04:01.982Z,18.41
2026-04-21T22:09:01.82Z,18.44
2026-04-21T22:14:01.922Z,18.41
2026-04-21T22:19:01.938Z,18.61
2026-04-21T22:24:01.853Z,18.87
2026-04-21T22:29:01.681Z,18.93
2026-04-21T22:34:01.968Z,18.93
2026-04-21T22:39:01.937Z,18.98
2026-04-21T22:44:01.938Z,18.98
2026-04-21T22:49:01.844Z,18.9
2026-04-21T22:54:01.762Z,18.67
2026-04-21T22:59:02.444Z,18.61
2026-04-21T23:04:02.413Z,18.58
2026-04-21T23:09:02.21Z,18.46
2026-04-21T23:14:01.945Z,18.35
2026-04-21T23:19:02.052Z,18.26
2026-04-21T23:24:02.067Z,18.29
2026-04-21T23:29:02.013Z,18.32
2026-04-21T23:34:02.998Z,18.32
2026-04-21T23:39:01.928Z,18.26
2026-04-21T23:44:01.963Z,18.41
2026-04-21T23:49:03.191Z,18.46
2026-04-21T23:54:01.988Z,18.52
2026-04-21T23:59:01.847Z,18.55
2026-04-22T00:04:02.249Z,18.44
2026-04-22T00:09:02.058Z,18.41
2026-04-22T00:14:02.127Z,18.49
2026-04-22T00:19:02.02Z,18.46
2026-04-22T00:24:01.871Z,18.41
2026-04-22T00:29:01.959Z,18.44
2026-04-22T00:34:01.873Z,18.46
2026-04-22T00:39:01.907Z,18.55
2026-04-22T00:44:01.942Z,18.58
2026-04-22T00:49:02.219Z,18.52
2026-04-22T00:54:01.847Z,18.52
2026-04-22T00:59:01.792Z,18.58
2026-04-22T01:04:01.791Z,18.49
2026-04-22T01:09:02.132Z,18.35
2026-04-22T01:14:01.895Z,18.26
2026-04-22T01:19:02.598Z,18.03
2026-04-22T01:24:01.795Z,17.92
2026-04-22T01:29:02.525Z,17.69
2026-04-22T01:34:02.532Z,17.6
2026-04-22T01:39:01.71Z,17.4
2026-04-22T01:44:01.759Z,17.26
2026-04-22T01:49:02.057Z,17.2
2026-04-22T01:54:02.596Z,17.28
2026-04-22T01:59:01.951Z,17.46
2026-04-22T02:04:01.961Z,17.46
2026-04-22T02:09:01.95Z,17.31
2026-04-22T02:14:01.796Z,17.26
2026-04-22T02:19:01.736Z,17.34
2026-04-22T02:24:02.092Z,17.17
2026-04-22T02:29:02.162Z,17.28
2026-04-22T02:34:01.76Z,17.05
2026-04-22T02:39:01.664Z,17.11
2026-04-22T02:44:01.878Z,17.17
2026-04-22T02:49:01.744Z,17.14
2026-04-22T02:54:01.838Z,17.11
2026-04-22T02:59:01.768Z,17.14
2026-04-22T03:04:02.038Z,17.17
2026-04-22T03:09:02.073Z,17.11
2026-04-22T03:14:02.321Z,17.17
2026-04-22T03:19:02.015Z,17.23
2026-04-22T03:24:01.927Z,17.26
2026-04-22T03:29:01.948Z,17.46
2026-04-22T03:34:02.174Z,17.57
2026-04-22T03:39:02.17Z,17.63
2026-04-22T03:44:02.145Z,17.69
2026-04-22T03:49:02.453Z,17.74
2026-04-22T03:54:02.126Z,17.72
2026-04-22T03:59:02.038Z,17.69
2026-04-22T04:04:01.738Z,17.54
2026-04-22T04:09:01.728Z,17.57
2026-04-22T04:14:02.219Z,17.66
2026-04-22T04:19:02.076Z,17.6
2026-04-22T04:24:03.463Z,17.46
2026-04-22T04:29:02.052Z,17.4
2026-04-22T04:34:02.616Z,17.14
2026-04-22T04:39:02.528Z,17.02
2026-04-22T04:44:03.38Z,16.97
2026-04-22T04:49:02.08Z,17.02
2026-04-22T04:54:01.857Z,16.97
2026-04-22T04:59:01.829Z,16.94
2026-04-22T05:04:01.865Z,16.79
2026-04-22T05:09:02.845Z,16.71
2026-04-22T05:14:01.919Z,16.51
2026-04-22T05:19:02.062Z,16.3
2026-04-22T05:24:02.031Z,16.14
2026-04-22T05:29:02.051Z,16.07
2026-04-22T05:34:02.175Z,16.02
2026-04-22T05:39:03.408Z,16.02
2026-04-22T05:44:02.057Z,16.1
2026-04-22T05:49:01.78Z,16.16
2026-04-22T05:54:02.113Z,16.28
2026-04-22T05:59:01.77Z,16.37
2026-04-22T06:04:01.677Z,16.48
2026-04-22T06:09:02.9Z,16.68
2026-04-22T06:14:02.07Z,17.02
2026-04-22T06:19:01.916Z,17.26
2026-04-22T06:24:01.769Z,17.51
2026-04-22T06:29:02.384Z,17.77
2026-04-22T06:34:01.717Z,17.97
2026-04-22T06:39:01.638Z,18.18
2026-04-22T06:44:01.733Z,18.46
2026-04-22T06:49:01.992Z,18.72
2026-04-22T06:54:01.947Z,18.98
2026-04-22T06:59:01.916Z,19.33
2026-04-22T07:04:02.058Z,19.47
2026-04-22T07:09:01.694Z,19.67
2026-04-22T07:14:01.663Z,19.9
2026-04-22T07:19:01.853Z,19.88
2026-04-22T07:24:01.944Z,19.82
2026-04-22T07:29:02.595Z,19.93
2026-04-22T07:34:02.01Z,19.96
2026-04-22T07:39:02.398Z,19.9
2026-04-22T07:44:02.596Z,19.7
2026-04-22T07:49:02.805Z,19.9
2026-04-22T07:54:01.98Z,20.11
2026-04-22T07:59:02Z,20.31
2026-04-22T08:04:01.965Z,20.6
2026-04-22T08:09:02.588Z,20.76
2026-04-22T08:14:01.959Z,20.97
2026-04-22T08:19:01.978Z,21.2
2026-04-22T08:24:02.075Z,21.57
2026-04-22T08:29:01.788Z,21.72
2026-04-22T08:34:01.734Z,21.92
2026-04-22T08:39:02.207Z,22.15
2026-04-22T08:44:01.996Z,22.29
2026-04-22T08:49:02.251Z,22.49
2026-04-22T08:54:01.978Z,22.69
2026-04-22T08:59:01.87Z,23.13
2026-04-22T09:04:01.919Z,23.3
2026-04-22T09:09:01.884Z,23.67
2026-04-22T09:14:01.888Z,23.67
2026-04-22T09:19:02.037Z,23.88
2026-04-22T09:24:01.969Z,23.93
2026-04-22T09:29:01.96Z,24.05
2026-04-22T09:34:02.047Z,24.51
2026-04-22T09:39:00.828Z,24.91
2026-04-22T09:44:01.937Z,25.03
2026-04-22T09:49:01.784Z,25.17
2026-04-22T09:54:01.852Z,25.4
2026-04-22T09:59:02.504Z,25.6
2026-04-22T10:04:02.803Z,25.72
2026-04-22T10:09:02.049Z,25.92
2026-04-22T10:14:02.728Z,26.12
2026-04-22T10:19:02.015Z,26.38
2026-04-22T10:24:02.773Z,26.67
2026-04-22T10:29:01.832Z,26.67
2026-04-22T10:34:01.895Z,26.92
2026-04-22T10:39:01.982Z,27.1
2026-04-22T10:44:01.944Z,27.36
2026-04-22T10:49:01.944Z,27.41
2026-04-22T10:54:01.946Z,27.56
2026-04-22T10:59:01.813Z,27.73
2026-04-22T11:04:02.161Z,27.87
2026-04-22T11:09:02.015Z,28.05
2026-04-22T11:14:02.033Z,28.11
2026-04-22T11:19:02.336Z,28.16
2026-04-22T11:24:02.783Z,28.34
2026-04-22T11:29:02.203Z,28.57
2026-04-22T11:34:02.51Z,28.83
2026-04-22T11:39:01.859Z,28.97
2026-04-22T11:44:02.132Z,29.23
2026-04-22T11:49:02.528Z,29.4
2026-04-22T11:54:01.992Z,29.72
2026-04-22T11:59:02.307Z,29.37
2026-04-22T12:04:02.343Z,29.43
2026-04-22T12:09:01.963Z,29.72
2026-04-22T12:14:01.831Z,29.75
2026-04-22T12:19:03.472Z,29.78
2026-04-22T12:24:02.501Z,29.75
2026-04-22T12:29:02.436Z,30.04
2026-04-22T12:34:01.905Z,30.21
2026-04-22T12:39:02.365Z,30.09
2026-04-22T12:44:01.941Z,30.38
2026-04-22T12:49:01.978Z,30.44
2026-04-22T12:54:02.64Z,30.64
2026-04-22T12:59:01.747Z,30.64
2026-04-22T13:04:03.286Z,30.38
2026-04-22T13:09:01.976Z,30.52
2026-04-22T13:14:01.821Z,30.38
2026-04-22T13:19:01.838Z,30.35
2026-04-22T13:24:01.863Z,30.5
2026-04-22T13:29:03.255Z,30.64
2026-04-22T13:34:01.96Z,30.67
2026-04-22T13:39:01.955Z,30.52
2026-04-22T13:44:01.928Z,30.5
2026-04-22T13:49:02.234Z,30.61
2026-04-22T13:54:01.86Z,30.41
2026-04-22T13:59:01.916Z,30.52
2026-04-22T14:04:01.847Z,30.64
2026-04-22T14:09:01.88Z,30.61
2026-04-22T14:14:02.011Z,30.81
2026-04-22T14:19:01.993Z,31.19
2026-04-22T14:24:01.687Z,31.27
2026-04-22T14:29:01.831Z,31.27
2026-04-22T14:34:01.868Z,31.1
2026-04-22T14:39:02.003Z,31.04
2026-04-22T14:44:01.986Z,30.87
2026-04-22T14:49:01.991Z,30.73
2026-04-22T14:54:01.743Z,30.75
2026-04-22T14:59:01.895Z,30.75
2026-04-22T15:04:01.937Z,30.93
2026-04-22T15:09:01.984Z,31.01
2026-04-22T15:14:01.954Z,31.3
2026-04-22T15:19:02.155Z,31.33
2026-04-22T15:24:02.095Z,31.27
2026-04-22T15:29:01.999Z,31.3
2026-04-22T15:34:02.419Z,31.36
2026-04-22T15:39:02.828Z,31.33
2026-04-22T15:44:01.801Z,31.39
2026-04-22T15:49:02.21Z,31.33
2026-04-22T15:54:01.834Z,31.42
2026-04-22T15:59:02.054Z,31.22
2026-04-22T16:04:01.702Z,31.13
2026-04-22T16:09:02.041Z,31.1
2026-04-22T16:14:01.878Z,31.04
2026-04-22T16:19:02.094Z,31.07
2026-04-22T16:24:03.248Z,31.07
2026-04-22T16:29:01.939Z,30.96
2026-04-22T16:34:02.028Z,30.93
2026-04-22T16:39:02.353Z,30.81
2026-04-22T16:44:01.987Z,30.7
2026-04-22T16:49:07.732Z,30.5
2026-04-22T16:54:01.825Z,30.21
2026-04-22T16:59:02.088Z,30.32
2026-04-22T17:04:01.963Z,29.95
2026-04-22T17:09:01.974Z,29.55
2026-04-22T17:14:01.972Z,29.23
2026-04-22T17:19:01.739Z,29.0
2026-04-22T17:24:01.87Z,28.71
2026-04-22T17:29:01.78Z,28.51
2026-04-22T17:34:01.825Z,28.11
2026-04-22T17:39:02.637Z,27.67
2026-04-22T17:44:01.935Z,27.1
2026-04-22T17:49:02.163Z,26.76
2026-04-22T17:54:01.905Z,26.46
2026-04-22T17:59:02.226Z,26.41
2026-04-22T18:04:01.947Z,26.09
2026-04-22T18:09:01.95Z,25.86
2026-04-22T18:14:02.453Z,25.52
2026-04-22T18:19:01.872Z,25.37
2026-04-22T18:24:02.788Z,25.2
2026-04-22T18:29:02.021Z,25.0
2026-04-22T18:34:02.078Z,24.77
2026-04-22T18:39:01.922Z,24.57
2026-04-22T18:44:01.836Z,24.31
2026-04-22T18:49:02.246Z,24.08
2026-04-22T18:54:01.851Z,23.96
2026-04-22T18:59:01.793Z,23.73
2026-04-22T19:04:01.968Z,23.59
2026-04-22T19:09:02.278Z,23.44
2026-04-22T19:14:02.475Z,23.27
2026-04-22T19:19:02.554Z,23.1
2026-04-22T19:24:02.672Z,22.98
2026-04-22T19:29:02.867Z,22.87
2026-04-22T19:34:01.944Z,22.84
2026-04-22T19:39:02.084Z,22.69
2026-04-22T19:44:02.097Z,22.52
2026-04-22T19:49:01.923Z,22.38
2026-04-22T19:54:01.853Z,22.29
2026-04-22T19:59:01.946Z,22.23
2026-04-22T20:04:02.151Z,22.09
2026-04-22T20:09:01.678Z,22.0
2026-04-22T20:14:02.057Z,22.06
2026-04-22T20:19:02.043Z,22.04
2026-04-22T20:24:01.854Z,22.06
2026-04-22T20:29:01.723Z,22.0
2026-04-22T20:34:01.873Z,21.95
2026-04-22T20:39:01.913Z,21.74
2026-04-22T20:44:01.961Z,21.72
2026-04-22T20:49:02.783Z,21.57
2026-04-22T20:54:02.745Z,21.46
2026-04-22T20:59:01.824Z,21.2
2026-04-22T21:04:02.018Z,21.11
2026-04-22T21:09:02.02Z,21.09
2026-04-22T21:14:01.773Z,21.0
2026-04-22T21:19:01.907Z,21.06
2026-04-22T21:24:01.906Z,20.94
2026-04-22T21:29:02.038Z,20.86
2026-04-22T21:34:02.182Z,20.83
2026-04-22T21:39:02.095Z,20.79
2026-04-22T21:44:01.693Z,20.53
2026-04-22T21:49:01.924Z,20.39
2026-04-22T21:54:02.079Z,20.05
2026-04-22T21:59:02.426Z,19.79
2026-04-22T22:04:01.81Z,19.62
2026-04-22T22:09:02.425Z,19.56
2026-04-22T22:14:02.692Z,19.47
2026-04-22T22:19:01.989Z,19.3
2026-04-22T22:24:02.635Z,19.27
2026-04-22T22:29:02.227Z,19.3
2026-04-22T22:34:02.104Z,19.27
2026-04-22T22:39:01.856Z,19.27
2026-04-22T22:44:02.11Z,19.16
2026-04-22T22:49:01.703Z,19.04
2026-04-22T22:54:01.833Z,18.98
2026-04-22T22:59:01.689Z,18.87
2026-04-22T23:04:02.324Z,18.69
2026-04-22T23:09:02.083Z,18.58
2026-04-22T23:14:02.03Z,18.46
2026-04-22T23:19:01.987Z,18.32
2026-04-22T23:24:01.945Z,18.18
2026-04-22T23:29:01.984Z,17.95
2026-04-22T23:34:02.008Z,17.77
2026-04-22T23:39:02.084Z,17.74
2026-04-22T23:44:02.02Z,17.66
2026-04-22T23:49:01.978Z,17.57
2026-04-22T23:54:02.082Z,17.54
2026-04-22T23:59:01.972Z,17.6
2026-04-23T00:04:02.013Z,17.51
2026-04-23T00:09:01.84Z,17.6
2026-04-23T00:14:03.168Z,17.57
2026-04-23T00:19:01.796Z,17.54
2026-04-23T00:24:01.758Z,17.51
2026-04-23T00:29:01.986Z,17.49
2026-04-23T00:34:01.994Z,17.43
2026-04-23T00:39:01.983Z,17.4
2026-04-23T00:44:01.933Z,17.49
2026-04-23T00:49:01.809Z,17.46
2026-04-23T00:54:01.863Z,17.72
2026-04-23T00:59:01.783Z,17.92
2026-04-23T01:04:01.843Z,18.12
2026-04-23T01:09:01.851Z,18.29
2026-04-23T01:14:01.865Z,18.44
2026-04-23T01:19:02.297Z,18.55
2026-04-23T01:24:02.025Z,18.67
2026-04-23T01:29:01.87Z,18.75
2026-04-23T01:34:02.263Z,18.78
2026-04-23T01:39:01.809Z,18.75
2026-04-23T01:44:01.71Z,18.75
2026-04-23T01:49:01.846Z,18.72
2026-04-23T01:54:01.844Z,18.84
2026-04-23T01:59:02.097Z,18.93
2026-04-23T02:04:01.751Z,18.95
2026-04-23T02:09:01.937Z,18.98
2026-04-23T02:14:01.952Z,18.95
2026-04-23T02:19:01.765Z,18.9
2026-04-23T02:24:02.2Z,18.93
2026-04-23T02:29:02.066Z,18.81
2026-04-23T02:34:02.023Z,18.84
2026-04-23T02:39:02.025Z,18.84
2026-04-23T02:44:02.187Z,18.87
2026-04-23T02:49:02.125Z,18.75
2026-04-23T02:54:02.029Z,18.75
2026-04-23T02:59:02.097Z,18.75
2026-04-23T03:04:02.15Z,18.81
2026-04-23T03:09:02.047Z,18.9
2026-04-23T03:14:01.928Z,18.9
2026-04-23T03:19:02.31Z,18.87
2026-04-23T03:24:01.912Z,18.93
2026-04-23T03:29:01.882Z,19.01
2026-04-23T03:34:02.331Z,19.1
2026-04-23T03:39:01.685Z,19.04
2026-04-23T03:44:02.13Z,18.95
2026-04-23T03:49:02.588Z,18.9
2026-04-23T03:54:02.631Z,18.87
2026-04-23T03:59:01.999Z,18.67
2026-04-23T04:04:02.348Z,18.55
2026-04-23T04:09:01.919Z,18.49
2026-04-23T04:14:01.863Z,18.35
2026-04-23T04:19:01.957Z,18.23
2026-04-23T04:24:01.815Z,18.06
2026-04-23T04:29:01.832Z,17.97
2026-04-23T04:34:01.713Z,17.89
2026-04-23T04:39:01.735Z,17.74
2026-04-23T04:44:02.251Z,17.66
2026-04-23T04:49:02.557Z,17.57
2026-04-23T04:54:02.076Z,17.49
2026-04-23T04:59:01.958Z,17.51
2026-04-23T05:04:01.904Z,17.4
2026-04-23T05:09:02.076Z,17.4
2026-04-23T05:14:01.826Z,17.49
2026-04-23T05:19:02.208Z,17.46
2026-04-23T05:24:01.88Z,17.4
2026-04-23T05:29:01.908Z,17.37
2026-04-23T05:34:01.65Z,17.26
2026-04-23T05:39:02.149Z,17.26
2026-04-23T05:44:02.386Z,17.2
2026-04-23T05:49:01.83Z,17.2
2026-04-23T05:54:01.908Z,17.11
2026-04-23T05:59:01.921Z,17.0
2026-04-23T06:04:01.949Z,16.94
2026-04-23T06:09:01.938Z,16.85
2026-04-23T06:14:01.891Z,16.85
2026-04-23T06:19:01.792Z,16.94
2026-04-23T06:24:02.005Z,17.02
2026-04-23T06:29:02.25Z,17.11
2026-04-23T06:34:01.877Z,17.23
2026-04-23T06:39:01.784Z,17.4
2026-04-23T06:44:29.515Z,17.37
2026-04-23T06:49:03.057Z,17.43
2026-04-23T06:54:01.405Z,17.54
2026-04-23T06:59:01.442Z,17.72
2026-04-23T07:04:01.428Z,17.86
2026-04-23T07:09:01.736Z,17.92
2026-04-23T07:14:02.203Z,18.03
2026-04-23T07:19:02.055Z,18.26
2026-04-23T07:24:02.088Z,18.49
2026-04-23T07:29:02.277Z,18.72
2026-04-23T07:34:02.076Z,18.9
2026-04-23T07:39:02.08Z,19.18
2026-04-23T07:44:02.125Z,19.44
2026-04-23T07:49:01.925Z,19.73
2026-04-23T07:54:02.081Z,20.05
2026-04-23T07:59:02.088Z,20.37
2026-04-23T08:04:01.84Z,20.51
2026-04-23T08:09:01.817Z,20.91
2026-04-23T08:14:02.642Z,21.23
2026-04-23T08:19:01.933Z,21.34
2026-04-23T08:24:01.987Z,21.6
2026-04-23T08:29:01.967Z,21.77
2026-04-23T08:34:01.987Z,21.95
2026-04-23T08:39:02.806Z,21.95
2026-04-23T08:44:01.909Z,22.38
2026-04-23T08:49:01.966Z,22.72
2026-04-23T08:54:02.473Z,22.9
2026-04-23T08:59:01.895Z,22.9
2026-04-23T09:04:02.778Z,23.13
2026-04-23T09:09:02.997Z,23.36
2026-04-23T09:14:02.139Z,23.62
2026-04-23T09:19:01.892Z,23.67
2026-04-23T09:24:02.253Z,23.76
2026-04-23T09:29:01.821Z,23.76
2026-04-23T09:34:02.12Z,24.19
2026-04-23T09:39:01.654Z,24.48
2026-04-23T09:44:01.843Z,24.6
2026-04-23T09:49:01.912Z,24.6
2026-04-23T09:54:02.387Z,24.88
2026-04-23T09:59:02.099Z,25.2
2026-04-23T10:04:01.95Z,25.6
2026-04-23T10:09:02.206Z,26.06
2026-04-23T10:14:00.869Z,26.09
2026-04-23T10:19:00.787Z,26.2
2026-04-23T10:24:00.838Z,26.27
2026-04-23T10:29:01.036Z,26.27
2026-04-23T10:36:09.042Z,26.44
2026-04-23T10:39:08.403Z,26.46
2026-04-23T10:44:02.381Z,26.44
2026-04-23T10:49:02.005Z,26.69
2026-04-23T10:54:02.117Z,26.76
2026-04-23T10:59:02.211Z,26.84
2026-04-23T11:04:03.424Z,27.13
2026-04-23T11:09:02.075Z,27.16
2026-04-23T11:14:02.753Z,27.24
2026-04-23T11:19:03.671Z,27.27
2026-04-23T11:24:02.218Z,27.24
2026-04-23T11:29:02.15Z,27.27
2026-04-23T11:34:03.111Z,27.24
2026-04-23T11:39:02.296Z,27.53
2026-04-23T11:44:02.301Z,27.3
2026-04-23T11:49:02.989Z,27.01
2026-04-23T11:54:02.479Z,27.18
2026-04-23T11:59:02.201Z,27.18
2026-04-23T12:04:02.639Z,27.27
2026-04-23T12:09:02.643Z,27.39
2026-04-23T12:14:02.092Z,27.59
2026-04-23T12:19:03.44Z,27.44
2026-04-23T12:24:02.072Z,27.41
2026-04-23T12:29:02.076Z,27.9
2026-04-23T12:34:03.132Z,28.11
2026-04-23T12:39:02.185Z,27.97
2026-04-23T12:44:02.197Z,28.02
2026-04-23T12:49:02.163Z,28.34
2026-04-23T12:54:04.871Z,28.31
2026-04-23T12:59:02.156Z,28.02
2026-04-23T13:04:03.443Z,28.05
2026-04-23T13:09:02.241Z,27.79
2026-04-23T13:14:02.209Z,27.33
2026-04-23T13:19:02.194Z,27.24
2026-04-23T13:24:02.334Z,27.1
2026-04-23T13:29:02.188Z,27.16
2026-04-23T13:34:02.134Z,26.92
2026-04-23T13:39:02.227Z,26.9
2026-04-23T13:44:02.174Z,26.92
2026-04-23T13:49:02.187Z,26.87
2026-04-23T13:54:02.158Z,26.9
2026-04-23T13:59:02.368Z,26.58
2026-04-23T14:04:03.082Z,26.18
2026-04-23T14:09:02.595Z,26.01
2026-04-23T14:14:02.325Z,26.38
2026-04-23T14:19:02.195Z,26.24
2026-04-23T14:24:02.306Z,26.27
2026-04-23T14:29:02.329Z,26.18
2026-04-23T14:34:02.222Z,25.97
2026-04-23T14:39:02.354Z,25.72
2026-04-23T14:44:02.448Z,25.29
2026-04-23T14:49:02.752Z,24.97
2026-04-23T14:54:02.2Z,24.94
2026-04-23T14:59:05.482Z,24.97
2026-04-23T15:04:03.949Z,24.97
2026-04-23T15:09:02.325Z,24.88
2026-04-23T15:14:01.914Z,24.94
2026-04-23T15:19:01.869Z,24.88
2026-04-23T15:24:02.091Z,24.83
2026-04-23T15:29:02.381Z,24.68
2026-04-23T15:34:02.22Z,24.6
2026-04-23T15:39:02.242Z,24.42
2026-04-23T15:44:02.282Z,24.48
2026-04-23T15:49:02.238Z,24.45
2026-04-23T15:54:02.169Z,24.45
2026-04-23T15:59:02.231Z,24.48
2026-04-23T16:04:02.126Z,24.34
2026-04-23T16:09:02.245Z,24.39
2026-04-23T16:14:02.181Z,24.42
2026-04-23T16:19:02.348Z,24.34
2026-04-23T16:24:02.217Z,24.13
2026-04-23T16:29:02.687Z,24.28
2026-04-23T16:34:02.739Z,24.08
2026-04-23T16:39:01.952Z,24.05
2026-04-23T16:44:02.269Z,23.88
2026-04-23T16:49:03.479Z,23.85
2026-04-23T16:54:02.045Z,23.76
2026-04-23T16:59:02.022Z,23.62
2026-04-23T17:04:02.384Z,23.62
2026-04-23T17:09:02.34Z,23.41
2026-04-23T17:14:03.746Z,23.44
2026-04-23T17:19:02.191Z,23.5
2026-04-23T17:24:02.065Z,23.39
2026-04-23T17:29:02.419Z,23.1
2026-04-23T17:34:02.328Z,22.81
2026-04-23T17:39:02.191Z,22.75
2026-04-23T17:44:02.346Z,22.72
2026-04-23T17:49:02.577Z,22.61
2026-04-23T17:54:02.437Z,22.52
2026-04-23T17:59:01.948Z,22.55
2026-04-23T18:04:02.283Z,22.49
2026-04-23T18:09:02.223Z,22.49
2026-04-23T18:14:02.019Z,22.38
2026-04-23T18:19:02.016Z,22.35
2026-04-23T18:24:02.174Z,22.38
2026-04-23T18:29:02.097Z,22.26
2026-04-23T18:34:02.183Z,22.18
2026-04-23T18:39:02.091Z,22.12
2026-04-23T18:44:01.955Z,21.97
2026-04-23T18:49:02.088Z,21.92
2026-04-23T18:54:02.206Z,21.86
2026-04-23T18:59:02.112Z,21.77
2026-04-23T19:04:02.244Z,21.81
2026-04-23T19:09:02.545Z,21.63
2026-04-23T19:14:02.549Z,21.57
2026-04-23T19:19:02.761Z,21.57
2026-04-23T19:24:02.191Z,21.46
2026-04-23T19:29:02.194Z,21.43
2026-04-23T19:34:02.322Z,21.32
2026-04-23T19:39:02.234Z,21.32
2026-04-23T19:44:02.317Z,21.2
2026-04-23T19:49:02.658Z,21.17
2026-04-23T19:54:02.671Z,21.14
2026-04-23T19:59:02.323Z,21.0
2026-04-23T20:04:02.095Z,20.94
2026-04-23T20:09:02.111Z,20.88
2026-04-23T20:14:02.838Z,20.79
2026-04-23T20:19:02.159Z,20.79
2026-04-23T20:24:02.288Z,20.76
2026-04-23T20:29:03.136Z,20.62
2026-04-23T20:34:03.596Z,20.57
2026-04-23T20:39:02.091Z,20.48
2026-04-23T20:44:02.003Z,20.42
2026-04-23T20:49:02.245Z,20.28
2026-04-23T20:54:03.291Z,20.22
2026-04-23T20:59:02.109Z,19.99
2026-04-23T21:04:02.131Z,19.88
2026-04-23T21:09:02.171Z,19.73
2026-04-23T21:14:03.908Z,19.62
2026-04-23T21:19:02.178Z,19.53
2026-04-23T21:24:02.229Z,19.39
2026-04-23T21:29:02.953Z,19.1
2026-04-23T21:34:02.437Z,19.04
2026-04-23T21:39:02.301Z,18.95
2026-04-23T21:44:02.084Z,18.87
2026-04-23T21:49:01.974Z,18.72
2026-04-23T21:54:02.674Z,18.58
2026-04-23T21:59:02.316Z,18.46
2026-04-23T22:04:02.377Z,18.32
2026-04-23T22:09:02.307Z,18.23
2026-04-23T22:14:02.763Z,18.29
2026-04-23T22:19:02.293Z,18.23
2026-04-23T22:24:02.235Z,18.32
2026-04-23T22:29:02.832Z,18.41
2026-04-23T22:34:01.962Z,18.67
2026-04-23T22:39:02.157Z,18.75
2026-04-23T22:44:02.208Z,18.84
2026-04-23T22:49:02.404Z,18.84
2026-04-23T22:54:02.265Z,18.78
2026-04-23T22:59:02.302Z,18.72
2026-04-23T23:04:02.371Z,18.64
2026-04-23T23:09:02.166Z,18.44
2026-04-23T23:14:02.061Z,18.35
2026-04-23T23:19:02.036Z,18.26
2026-04-23T23:24:02.353Z,18.44
2026-04-23T23:29:02.732Z,18.64
2026-04-23T23:34:03.208Z,18.81
2026-04-23T23:39:02.335Z,18.81
2026-04-23T23:44:02.236Z,18.9
2026-04-23T23:49:02.191Z,18.81
2026-04-23T23:54:02.166Z,18.72
2026-04-23T23:59:02.046Z,18.58
2026-04-24T00:04:02.026Z,18.44
2026-04-24T00:09:01.985Z,18.41
2026-04-24T00:14:01.962Z,18.15
2026-04-24T00:19:02.333Z,18.03
2026-04-24T00:24:02.197Z,17.89
2026-04-24T00:29:02.375Z,17.92
2026-04-24T00:34:02.952Z,17.95
2026-04-24T00:39:02.419Z,17.89
2026-04-24T00:44:02.329Z,17.72
2026-04-24T00:49:02.209Z,17.6
2026-04-24T00:54:02.047Z,17.63
2026-04-24T00:59:02.125Z,17.66
2026-04-24T01:04:03.633Z,17.6
2026-04-24T01:09:02.554Z,17.43
2026-04-24T01:14:02.133Z,17.46
2026-04-24T01:19:02.529Z,17.49
2026-04-24T01:24:02.295Z,17.43
2026-04-24T01:29:02.262Z,17.28
2026-04-24T01:34:02.074Z,17.11
2026-04-24T01:39:01.948Z,16.97
2026-04-24T01:44:02.484Z,16.85
2026-04-24T01:49:02.218Z,16.65
2026-04-24T01:54:02.154Z,16.62
2026-04-24T01:59:02.3Z,16.65
2026-04-24T02:04:02.164Z,16.71
2026-04-24T02:09:02.95Z,16.82
2026-04-24T02:14:02.427Z,16.85
2026-04-24T02:19:02.293Z,17.02
2026-04-24T02:24:02.39Z,16.97
2026-04-24T02:29:02.251Z,17.0
2026-04-24T02:34:02.134Z,17.02
2026-04-24T02:39:02.45Z,16.94
2026-04-24T02:44:02.905Z,16.97
2026-04-24T02:49:02.824Z,16.91
2026-04-24T02:54:02.347Z,16.88
2026-04-24T02:59:02.359Z,16.74
2026-04-24T03:04:02.175Z,16.65
2026-04-24T03:09:02.008Z,16.51
2026-04-24T03:14:02.516Z,16.37
2026-04-24T03:19:02.209Z,16.33
2026-04-24T03:24:02.269Z,16.42
2026-04-24T03:29:02.229Z,16.33
2026-04-24T03:34:02.257Z,16.22
2026-04-24T03:39:02.053Z,16.19
2026-04-24T03:44:02.042Z,16.19
2026-04-24T03:49:03.099Z,16.16
2026-04-24T03:54:02.255Z,16.1
2026-04-24T03:59:02.418Z,16.02
2026-04-24T04:04:02.435Z,16.05
2026-04-24T04:09:03.337Z,16.02
2026-04-24T04:14:02.074Z,15.9
2026-04-24T04:19:02.344Z,15.79
2026-04-24T04:24:02.23Z,15.79
2026-04-24T04:29:02.363Z,15.7
2026-04-24T04:34:02.466Z,15.61
2026-04-24T04:39:02.404Z,15.53
2026-04-24T04:44:02.461Z,15.5
2026-04-24T04:49:02.316Z,15.33
2026-04-24T04:54:02.56Z,15.27
2026-04-24T04:59:02.195Z,15.16
2026-04-24T05:04:02.488Z,14.95
2026-04-24T05:09:02.124Z,15.04
2026-04-24T05:14:02.092Z,15.01
2026-04-24T05:19:02.185Z,15.04
2026-04-24T05:24:02.057Z,14.98
2026-04-24T05:29:01.986Z,14.9
2026-04-24T05:34:02.062Z,14.84
2026-04-24T05:39:02.084Z,14.72
2026-04-24T05:44:01.954Z,14.84
2026-04-24T05:49:02.393Z,14.95
2026-04-24T05:54:02.995Z,15.12
2026-04-24T05:59:02.078Z,15.24
2026-04-24T06:04:02.412Z,15.53
2026-04-24T06:09:44.999Z,15.65
2026-04-24T06:37:56.436Z,15.79
2026-04-24T08:04:01.683Z,18.58
2026-04-24T08:09:01.749Z,18.61
2026-04-24T08:14:02.489Z,18.75
2026-04-24T08:19:01.804Z,18.84
2026-04-24T08:24:01.847Z,18.95
2026-04-24T08:29:01.68Z,19.21
2026-04-24T08:34:01.731Z,19.44
2026-04-24T08:39:02.603Z,19.44
2026-04-24T08:44:01.703Z,19.53
2026-04-24T08:49:01.964Z,19.56
2026-04-24T08:54:01.923Z,19.93
2026-04-24T08:59:01.511Z,20.11
2026-04-24T09:04:01.604Z,20.45
2026-04-24T09:09:01.894Z,20.6
2026-04-24T09:14:01.692Z,21.23
2026-04-24T09:19:01.64Z,21.17
2026-04-24T09:24:01.628Z,21.34
2026-04-24T09:29:01.606Z,21.63
2026-04-24T09:34:01.882Z,21.63
2026-04-24T09:39:01.901Z,22.06
2026-04-24T09:44:02.024Z,22.21
2026-04-24T09:49:01.512Z,22.46
2026-04-24T09:54:01.499Z,22.72
2026-04-24T09:59:01.661Z,22.87
2026-04-24T10:04:02.599Z,22.67
2026-04-24T10:09:01.569Z,22.29
2026-04-24T10:14:01.509Z,21.77
2026-04-24T10:19:03.175Z,21.69
2026-04-24T10:24:01.715Z,21.74
2026-04-24T10:29:01.954Z,22.04
2026-04-24T10:34:02.019Z,22.29
2026-04-24T10:39:01.975Z,22.64
2026-04-24T10:44:01.977Z,22.69
2026-04-24T10:49:01.804Z,22.75
2026-04-24T10:54:01.908Z,22.9
2026-04-24T10:59:01.865Z,22.93
2026-04-24T11:04:01.989Z,23.13
2026-04-24T11:09:01.981Z,23.21
2026-04-24T11:14:02.479Z,23.21
2026-04-24T11:19:01.987Z,22.98
2026-04-24T11:24:01.772Z,22.78
2026-04-24T11:29:01.761Z,22.75
2026-04-24T11:34:01.976Z,22.87
2026-04-24T11:39:01.895Z,22.98
2026-04-24T11:44:01.983Z,23.33
2026-04-24T11:49:02.242Z,23.27
2026-04-24T11:54:02.104Z,23.18
2026-04-24T11:59:01.955Z,23.13
2026-04-24T12:04:01.581Z,23.33
2026-04-24T12:09:01.847Z,23.07
2026-04-24T12:14:01.925Z,22.95
2026-04-24T12:19:03.38Z,22.87
2026-04-24T12:24:02.14Z,23.04
2026-04-24T12:29:01.739Z,23.07
2026-04-24T12:34:01.731Z,23.59
2026-04-24T12:39:01.761Z,23.44
2026-04-24T12:44:01.938Z,23.41
2026-04-24T12:49:01.876Z,23.07
2026-04-24T12:54:01.863Z,22.9
2026-04-24T12:59:01.681Z,22.98
2026-04-24T13:04:01.788Z,22.67
2026-04-24T13:09:01.666Z,22.61
2026-04-24T13:14:01.941Z,22.69
2026-04-24T13:19:01.74Z,22.46
2026-04-24T13:24:01.816Z,22.55
2026-04-24T13:29:01.779Z,22.41
2026-04-24T13:34:01.813Z,22.18
2026-04-24T13:39:01.881Z,22.0
2026-04-24T13:44:01.979Z,21.97
2026-04-24T13:49:01.653Z,21.97
2026-04-24T13:54:02.289Z,21.77
2026-04-24T13:59:02.814Z,21.77
2026-04-24T14:04:01.689Z,21.63
2026-04-24T14:09:01.728Z,21.57
2026-04-24T14:14:01.716Z,21.57
2026-04-24T14:19:01.903Z,21.49
2026-04-24T14:24:01.6Z,21.51
2026-04-24T14:29:01.696Z,21.51
2026-04-24T14:34:01.626Z,21.43
2026-04-24T14:39:01.828Z,21.49
2026-04-24T14:44:01.822Z,21.51
2026-04-24T14:49:01.936Z,21.49
2026-04-24T14:54:02.047Z,21.46
2026-04-24T14:59:01.81Z,21.34
2026-04-24T15:04:02.1Z,21.37
2026-04-24T15:09:02.361Z,21.25
2026-04-24T15:14:01.894Z,21.17
2026-04-24T15:19:01.885Z,20.71
2026-04-24T15:24:01.918Z,20.25
2026-04-24T15:29:02.033Z,20.16
2026-04-24T15:34:31.309Z,19.99
2026-04-24T15:39:01.892Z,19.99
2026-04-24T15:44:01.622Z,19.85
2026-04-24T15:49:01.966Z,19.85
2026-04-24T15:54:03.074Z,19.7
2026-04-24T15:59:01.762Z,19.73
2026-04-24T16:04:02.161Z,19.56
2026-04-24T16:09:01.67Z,19.5
2026-04-24T16:14:01.705Z,19.27
2026-04-24T16:19:02.489Z,19.1
2026-04-24T16:24:01.726Z,18.98
2026-04-24T16:29:01.656Z,18.98
2026-04-24T16:34:01.797Z,18.87
2026-04-24T16:39:01.86Z,18.9
2026-04-24T16:44:01.613Z,18.87
2026-04-24T16:49:01.657Z,18.87
2026-04-24T16:54:01.917Z,18.81
2026-04-24T16:59:01.87Z,18.72
2026-04-24T17:04:01.799Z,18.75
2026-04-24T17:09:02.522Z,18.55
2026-04-24T17:14:01.822Z,18.49
2026-04-24T17:19:01.864Z,18.52
2026-04-24T17:24:02.263Z,18.52
2026-04-24T17:29:01.833Z,18.46
2026-04-24T17:34:01.875Z,18.41
2026-04-24T17:39:02.062Z,18.38
2026-04-24T17:44:02.011Z,18.41
2026-04-24T17:49:02.242Z,18.35
2026-04-24T17:54:01.902Z,18.38
2026-04-24T17:59:01.975Z,18.38
2026-04-24T18:04:02.127Z,18.35
2026-04-24T18:09:01.742Z,18.23
2026-04-24T18:14:01.772Z,18.26
2026-04-24T18:19:01.865Z,18.0
2026-04-24T18:24:01.583Z,17.95
2026-04-24T18:29:02.141Z,17.74
2026-04-24T18:34:01.863Z,17.8
2026-04-24T18:39:02.028Z,17.63
2026-04-24T18:44:01.92Z,17.49
2026-04-24T18:49:02.126Z,17.34
2026-04-24T18:54:01.731Z,17.34
2026-04-24T18:59:01.799Z,17.31
2026-04-24T19:04:02.039Z,17.23
2026-04-24T19:09:01.878Z,17.17
2026-04-24T19:14:01.957Z,17.31
2026-04-24T19:19:01.933Z,17.28
2026-04-24T19:24:01.974Z,17.28
2026-04-24T19:29:01.74Z,17.34
2026-04-24T19:34:01.849Z,17.43
2026-04-24T19:39:02.016Z,17.37
2026-04-24T19:44:01.801Z,17.4
2026-04-24T19:49:01.873Z,17.46
2026-04-24T19:54:02.126Z,17.54
2026-04-24T19:59:02.656Z,17.54
2026-04-24T20:04:01.783Z,17.69
2026-04-24T20:09:01.726Z,17.74
2026-04-24T20:14:01.664Z,17.77
2026-04-24T20:19:01.655Z,17.83
2026-04-24T20:24:01.681Z,17.77
2026-04-24T20:29:01.828Z,17.8
2026-04-24T20:34:01.767Z,17.72
2026-04-24T20:39:01.858Z,17.63
2026-04-24T20:44:01.932Z,17.66
2026-04-24T20:49:01.941Z,17.66
2026-04-24T20:54:01.822Z,17.77
2026-04-24T20:59:01.895Z,17.8
2026-04-24T21:04:02.247Z,17.8
2026-04-24T21:09:01.882Z,17.77
2026-04-24T21:14:02.619Z,17.83
2026-04-24T21:19:01.692Z,17.8
2026-04-24T21:24:01.697Z,17.8
2026-04-24T21:29:01.628Z,17.83
2026-04-24T21:34:01.715Z,17.77
2026-04-24T21:39:01.733Z,17.77
2026-04-24T21:44:02.769Z,17.83
2026-04-24T21:49:02.029Z,17.83
2026-04-24T21:54:02.105Z,17.8
2026-04-24T21:59:02.142Z,17.83
2026-04-24T22:04:02.18Z,17.77
2026-04-24T22:09:02.063Z,17.74
2026-04-24T22:14:03.041Z,17.77
2026-04-24T22:19:02.04Z,17.72
2026-04-24T22:24:03.321Z,17.74
2026-04-24T22:29:01.95Z,17.74
2026-04-24T22:34:02.567Z,17.63
2026-04-24T22:39:02.258Z,17.6
2026-04-24T22:44:02.152Z,17.57
2026-04-24T22:49:02.276Z,17.51
2026-04-24T22:54:02.455Z,17.54
2026-04-24T22:59:02.333Z,17.49
2026-04-24T23:04:02.456Z,17.6
2026-04-24T23:09:02.275Z,17.54
2026-04-24T23:14:02.341Z,17.54
2026-04-24T23:19:02.314Z,17.54
2026-04-24T23:24:02.354Z,17.49
2026-04-24T23:29:01.892Z,17.51
2026-04-24T23:34:01.869Z,17.54
2026-04-24T23:39:03.517Z,17.4
2026-04-24T23:44:02.199Z,17.49
2026-04-24T23:49:02.083Z,17.37
2026-04-24T23:54:02.049Z,17.34
2026-04-24T23:59:02.191Z,17.23
2026-04-25T00:04:02.054Z,17.26
2026-04-25T00:09:02.017Z,17.23
2026-04-25T00:14:02.125Z,17.14
2026-04-25T00:19:02.081Z,17.23
2026-04-25T00:24:02.083Z,17.23
2026-04-25T00:29:02.163Z,17.2
2026-04-25T00:34:02.259Z,17.17
2026-04-25T00:39:02.059Z,17.17
2026-04-25T00:44:02.082Z,17.26
2026-04-25T00:49:02.099Z,17.23
2026-04-25T00:54:02.059Z,17.28
2026-04-25T00:59:02.216Z,17.17
2026-04-25T01:04:03.865Z,17.14
2026-04-25T01:09:02.212Z,17.23
2026-04-25T01:14:02.166Z,17.2
2026-04-25T01:19:02.429Z,17.17
2026-04-25T01:24:02.296Z,17.2
2026-04-25T01:29:02.245Z,17.17
2026-04-25T01:34:02.308Z,17.11
2026-04-25T01:39:02.179Z,17.11
2026-04-25T01:44:02.244Z,17.0
2026-04-25T01:49:02.319Z,17.05
2026-04-25T01:54:02.129Z,17.08
2026-04-25T01:59:03.448Z,17.02
2026-04-25T02:04:04.792Z,17.08
2026-04-25T02:09:02.277Z,17.0
2026-04-25T02:14:01.939Z,17.08
2026-04-25T02:19:02.362Z,17.02
2026-04-25T02:24:01.872Z,17.0
2026-04-25T02:29:02.313Z,17.02
2026-04-25T02:34:02.262Z,17.0
2026-04-25T02:39:02.445Z,16.97
2026-04-25T02:44:02.22Z,16.94
2026-04-25T02:49:02.303Z,16.97
2026-04-25T02:54:02.325Z,17.0
2026-04-25T02:59:03.193Z,17.0
2026-04-25T03:04:02.32Z,16.97
2026-04-25T03:09:02.499Z,16.91
2026-04-25T03:14:02.284Z,16.91
2026-04-25T03:19:03.902Z,16.88
2026-04-25T03:24:02.019Z,16.88
2026-04-25T03:29:02.583Z,16.91
2026-04-25T03:34:02.105Z,16.94
2026-04-25T03:39:02.083Z,16.85
2026-04-25T03:44:02.192Z,16.71
2026-04-25T03:49:02.178Z,16.79
2026-04-25T03:54:02.076Z,16.77
2026-04-25T03:59:02.1Z,16.77
2026-04-25T04:04:02.147Z,16.74
2026-04-25T04:09:02.106Z,16.79
2026-04-25T04:14:02.238Z,16.88
2026-04-25T04:19:02.153Z,16.91
2026-04-25T04:24:02.095Z,16.85
2026-04-25T04:29:03.668Z,17.0
2026-04-25T04:34:01.965Z,16.91
2026-04-25T04:39:01.918Z,16.85
2026-04-25T04:44:01.988Z,16.85
2026-04-25T04:49:01.974Z,16.77
2026-04-25T04:54:01.881Z,16.71
2026-04-25T04:59:02.277Z,16.68
2026-04-25T05:04:02.284Z,16.68
2026-04-25T05:09:01.892Z,16.56
2026-04-25T05:14:02.157Z,16.62
2026-04-25T05:19:02.552Z,16.62
2026-04-25T05:24:03.133Z,16.77
2026-04-25T05:29:02.115Z,16.77
2026-04-25T05:34:02.307Z,16.79
2026-04-25T05:39:02.121Z,16.85
2026-04-25T05:44:02.127Z,16.85
2026-04-25T05:49:02.378Z,16.94
2026-04-25T05:54:02.278Z,16.97
2026-04-25T05:59:02.303Z,17.0
2026-04-25T06:04:02.473Z,17.05
2026-04-25T06:09:02.341Z,17.05
2026-04-25T06:14:01.916Z,17.14
2026-04-25T06:19:02.129Z,17.05
2026-04-25T06:24:01.988Z,17.08
2026-04-25T06:29:01.882Z,17.02
2026-04-25T06:34:03.722Z,17.02
2026-04-25T06:39:02.266Z,16.97
2026-04-25T06:44:02.433Z,17.0
2026-04-25T06:49:03.853Z,16.97
2026-04-25T06:54:02.273Z,17.05
2026-04-25T06:59:01.99Z,16.94
2026-04-25T07:04:02.047Z,16.85
2026-04-25T07:09:02.193Z,16.85
2026-04-25T07:14:02.262Z,16.91
2026-04-25T07:19:03.371Z,16.88
2026-04-25T07:24:02.13Z,16.94
2026-04-25T07:29:02.331Z,17.05
2026-04-25T07:34:02.121Z,17.11
2026-04-25T07:39:02.092Z,17.26
2026-04-25T07:44:02.802Z,17.37
2026-04-25T07:49:02.42Z,17.49
2026-04-25T07:54:02.011Z,17.57
2026-04-25T07:59:01.926Z,17.74
2026-04-25T08:04:01.996Z,17.69
2026-04-25T08:09:02.054Z,17.72
2026-04-25T08:14:02.141Z,17.92
2026-04-25T08:19:02.013Z,17.83
2026-04-25T08:24:02.151Z,17.95
2026-04-25T08:29:02.362Z,17.86
2026-04-25T08:34:02.327Z,17.92
2026-04-25T08:39:02.747Z,17.97
2026-04-25T08:44:02.165Z,17.95
2026-04-25T08:49:02.178Z,17.83
2026-04-25T08:54:02.373Z,17.74
2026-04-25T08:59:01.988Z,17.72
2026-04-25T09:04:02.128Z,17.8
2026-04-25T09:09:02.042Z,17.86
2026-04-25T09:14:01.944Z,18.03
2026-04-25T09:19:01.958Z,18.03
2026-04-25T09:24:02.081Z,18.0
2026-04-25T09:29:02.153Z,17.92
2026-04-25T09:34:02.077Z,17.92
2026-04-25T09:39:02.122Z,17.77
2026-04-25T09:44:02.099Z,17.57
2026-04-25T09:49:02.473Z,17.51
2026-04-25T09:54:01.912Z,17.57
2026-04-25T09:59:02.013Z,17.63
2026-04-25T10:04:01.977Z,17.37
2026-04-25T10:09:02.152Z,17.17
2026-04-25T10:14:02.563Z,17.11
2026-04-25T10:19:02.084Z,17.2
2026-04-25T10:24:02.145Z,17.31
2026-04-25T10:29:02.014Z,17.4
2026-04-25T10:34:02.137Z,17.57
2026-04-25T10:39:03.901Z,17.66
2026-04-25T10:44:02.219Z,17.72
2026-04-25T10:49:02.096Z,17.54
2026-04-25T10:54:02.18Z,17.51
2026-04-25T10:59:02.178Z,17.31
2026-04-25T11:04:02.186Z,17.28
2026-04-25T11:09:02.589Z,17.17
2026-04-25T11:14:02.439Z,17.4
2026-04-25T11:19:02.402Z,17.31
2026-04-25T11:24:02.301Z,17.26
2026-04-25T11:29:02.154Z,17.14
2026-04-25T11:34:04.211Z,17.0
2026-04-25T11:39:02.097Z,17.0
2026-04-25T11:44:02.626Z,17.05
2026-04-25T11:49:01.985Z,16.97
2026-04-25T11:54:02.977Z,17.11
2026-04-25T11:59:02.027Z,17.14
2026-04-25T12:04:02.102Z,17.28
2026-04-25T12:09:03.761Z,17.49
2026-04-25T12:14:02.365Z,17.43
2026-04-25T12:19:02.241Z,17.54
2026-04-25T12:24:02.437Z,17.46
2026-04-25T12:29:02.295Z,17.51
2026-04-25T12:34:02.016Z,17.63
2026-04-25T12:39:02.21Z,17.86
2026-04-25T12:44:02.333Z,18.03
2026-04-25T12:49:02.494Z,18.23
2026-04-25T12:54:01.92Z,18.32
2026-04-25T12:59:02.012Z,18.44
2026-04-25T13:04:02.291Z,18.29
2026-04-25T13:09:02.758Z,18.21
2026-04-25T13:14:02.072Z,18.21
2026-04-25T13:19:02.239Z,18.26
2026-04-25T13:24:02.133Z,18.21
2026-04-25T13:29:01.944Z,18.21
2026-04-25T13:34:02.095Z,18.21
2026-04-25T13:39:03.42Z,18.21
2026-04-25T13:44:02.313Z,18.23
2026-04-25T13:49:02.237Z,18.29
2026-04-25T13:54:02.259Z,18.38
2026-04-25T13:59:02.139Z,18.38
2026-04-25T14:04:02.557Z,18.55
2026-04-25T14:09:04.989Z,18.46
2026-04-25T14:14:02.253Z,18.55
2026-04-25T14:19:02.158Z,18.52
2026-04-25T14:24:03.175Z,18.52
2026-04-25T14:29:02.41Z,18.69
2026-04-25T14:34:02.044Z,18.84
2026-04-25T14:39:03.107Z,18.84
2026-04-25T14:44:02.273Z,18.78
2026-04-25T14:49:03.9Z,18.72
2026-04-25T14:54:01.922Z,18.49
2026-04-25T14:59:02.323Z,18.41
2026-04-25T15:04:02.176Z,18.35
2026-04-25T15:09:02.189Z,18.29
2026-04-25T15:14:04.334Z,18.21
2026-04-25T15:19:02.187Z,18.18
2026-04-25T15:24:04.044Z,18.15
2026-04-25T15:29:02.245Z,18.15
2026-04-25T15:34:02.207Z,18.23
2026-04-25T15:39:03.052Z,18.21
2026-04-25T15:44:02.405Z,18.29
2026-04-25T15:49:02.113Z,18.35
2026-04-25T15:54:03.449Z,18.35
2026-04-25T15:59:02.086Z,18.29
2026-04-25T16:04:02.123Z,18.32
2026-04-25T16:09:02.139Z,18.46
2026-04-25T16:14:02.229Z,18.41
2026-04-25T16:19:02.204Z,18.44
2026-04-25T16:24:02.193Z,18.29
2026-04-25T16:29:02.256Z,18.23
2026-04-25T16:34:04.128Z,18.32
2026-04-25T16:39:02.25Z,18.23
2026-04-25T16:44:02.283Z,18.23
2026-04-25T16:49:02.229Z,18.23
2026-04-25T16:54:02.33Z,18.29
2026-04-25T16:59:02.268Z,18.41
2026-04-25T17:04:02.391Z,18.29
2026-04-25T17:09:02.252Z,18.26
2026-04-25T17:14:02.258Z,18.35
2026-04-25T17:19:02.102Z,18.44
2026-04-25T17:24:01.924Z,18.52
2026-04-25T17:29:02.101Z,18.49
2026-04-25T17:34:02.362Z,18.55
2026-04-25T17:39:02.259Z,18.52
2026-04-25T17:44:02.898Z,18.55
2026-04-25T17:49:02.194Z,18.52
2026-04-25T17:54:02.248Z,18.41
2026-04-25T17:59:02.749Z,18.38
2026-04-25T18:04:01.964Z,18.44
2026-04-25T18:09:03.785Z,18.41
2026-04-25T18:14:02.092Z,18.38
2026-04-25T18:19:02.205Z,18.32
2026-04-25T18:24:02.131Z,18.23
2026-04-25T18:29:02.182Z,18.23
2026-04-25T18:34:02.141Z,18.12
2026-04-25T18:39:02.227Z,18.09
2026-04-25T18:44:02.075Z,18.09
2026-04-25T18:49:01.952Z,18.09
2026-04-25T18:54:02.176Z,18.0
2026-04-25T18:59:02.227Z,18.03
2026-04-25T19:04:02.248Z,18.0
2026-04-25T19:09:02.34Z,17.97
2026-04-25T19:14:01.987Z,17.89
2026-04-25T19:19:02.01Z,17.95
2026-04-25T19:24:02.33Z,17.83
2026-04-25T19:29:02.038Z,17.95
2026-04-25T19:34:02.037Z,17.89
2026-04-25T19:39:02.087Z,17.74
2026-04-25T19:44:01.987Z,17.8
2026-04-25T19:49:02.169Z,17.83
2026-04-25T19:54:02.182Z,17.77
2026-04-25T19:59:02.283Z,17.83
2026-04-25T20:04:02.261Z,17.8
2026-04-25T20:09:02.249Z,17.74
2026-04-25T20:14:02.366Z,17.8
2026-04-25T20:19:02.423Z,17.69
2026-04-25T20:24:02.513Z,17.66
2026-04-25T20:29:02.129Z,17.6
2026-04-25T20:34:02.2Z,17.46
2026-04-25T20:39:02.409Z,17.4
2026-04-25T20:44:02.12Z,17.23
2026-04-25T20:49:02.132Z,17.2
2026-04-25T20:54:02.399Z,17.43
2026-04-25T20:59:02.35Z,17.46
2026-04-25T21:04:02.032Z,17.43
2026-04-25T21:09:02.046Z,17.34
2026-04-25T21:14:02.136Z,17.31
2026-04-25T21:19:02.183Z,17.23
2026-04-25T21:24:02.104Z,17.11
2026-04-25T21:29:02.09Z,17.0
2026-04-25T21:34:02.015Z,16.91
2026-04-25T21:39:02.11Z,16.91
2026-04-25T21:44:03.313Z,16.79
2026-04-25T21:49:02.241Z,16.77
2026-04-25T21:54:02.34Z,16.59
2026-04-25T21:59:03.062Z,16.59
2026-04-25T22:04:02.413Z,16.74
2026-04-25T22:09:02.341Z,16.77
2026-04-25T22:14:02.334Z,16.68
2026-04-25T22:19:02.035Z,16.77
2026-04-25T22:24:02.624Z,16.79
2026-04-25T22:29:02.245Z,16.82
2026-04-25T22:34:02.076Z,16.88
2026-04-25T22:39:02.076Z,16.94
2026-04-25T22:44:02.668Z,16.91
2026-04-25T22:49:02.195Z,16.91
2026-04-25T22:54:02.092Z,16.85
2026-04-25T22:59:02.341Z,16.77
2026-04-25T23:04:02.435Z,16.79
2026-04-25T23:09:02.497Z,16.53
2026-04-25T23:14:02.253Z,16.48
2026-04-25T23:19:02.265Z,16.42
2026-04-25T23:24:03.871Z,16.42
2026-04-25T23:29:02.871Z,16.3
2026-04-25T23:34:02.421Z,16.28
2026-04-25T23:39:02.345Z,16.28
2026-04-25T23:44:02.231Z,16.3
2026-04-25T23:49:01.927Z,16.3
2026-04-25T23:54:02.062Z,16.28
2026-04-25T23:59:01.98Z,16.33
2026-04-26T00:04:02.165Z,16.39
2026-04-26T00:09:02.12Z,16.33
2026-04-26T00:14:02.04Z,16.3
2026-04-26T00:19:02.095Z,16.28
2026-04-26T00:24:02.064Z,16.3
2026-04-26T00:29:02.004Z,16.28
2026-04-26T00:34:02.12Z,16.3
2026-04-26T00:39:02.283Z,16.22
2026-04-26T00:44:02.147Z,16.28
2026-04-26T00:49:02.196Z,16.28
2026-04-26T00:54:02.094Z,16.37
2026-04-26T00:59:02.19Z,16.33
2026-04-26T01:04:03.517Z,16.33
2026-04-26T01:09:02.332Z,16.25
2026-04-26T01:14:02.294Z,16.22
2026-04-26T01:19:02.374Z,16.19
2026-04-26T01:24:02.364Z,16.07
2026-04-26T01:29:02.298Z,15.99
2026-04-26T01:34:02.529Z,15.81
2026-04-26T01:39:02.34Z,15.79
2026-04-26T01:44:02.272Z,15.47
2026-04-26T01:49:01.879Z,15.53
2026-04-26T01:54:01.95Z,15.47
2026-04-26T01:59:02.396Z,15.44
2026-04-26T02:04:02.489Z,15.33
2026-04-26T02:09:02.268Z,15.3
2026-04-26T02:14:02.354Z,15.19
2026-04-26T02:19:02.229Z,15.07
2026-04-26T02:24:02.282Z,15.01
2026-04-26T02:29:02.423Z,15.16
2026-04-26T02:34:02.379Z,15.12
2026-04-26T02:39:02.286Z,15.21
2026-04-26T02:44:02.32Z,15.24
2026-04-26T02:49:02.008Z,15.27
2026-04-26T02:54:01.979Z,15.24
2026-04-26T02:59:02.151Z,15.12
2026-04-26T03:04:02.133Z,15.12
2026-04-26T03:09:02.414Z,15.16
2026-04-26T03:14:02.207Z,15.24
2026-04-26T03:19:02.292Z,15.24
2026-04-26T03:24:02.441Z,15.21
2026-04-26T03:29:01.887Z,15.04
2026-04-26T03:34:02.068Z,14.98
2026-04-26T03:39:01.911Z,14.95
2026-04-26T03:44:02.056Z,14.95
2026-04-26T03:49:02.022Z,14.95
2026-04-26T03:54:02.148Z,14.9
2026-04-26T03:59:02.227Z,14.78
2026-04-26T04:04:02.22Z,14.7
2026-04-26T04:09:02.243Z,14.55
2026-04-26T04:14:02.329Z,14.49
2026-04-26T04:19:02.421Z,14.47
2026-04-26T04:24:02.597Z,14.44
2026-04-26T04:29:02.806Z,14.55
2026-04-26T04:34:04.235Z,14.64
2026-04-26T04:39:02.158Z,14.78
2026-04-26T04:44:02.163Z,14.72
2026-04-26T04:49:03.467Z,14.75
2026-04-26T04:54:02.406Z,14.67
2026-04-26T04:59:02.297Z,14.58
2026-04-26T05:04:03.994Z,14.44
2026-04-26T05:09:02.397Z,14.29
2026-04-26T05:14:02.439Z,14.12
2026-04-26T05:19:02.324Z,14.06
2026-04-26T05:24:02.463Z,13.95
2026-04-26T05:29:02.1Z,13.86
2026-04-26T05:34:03.37Z,13.77
2026-04-26T05:39:02.313Z,13.77
2026-04-26T05:44:03.944Z,13.69
2026-04-26T05:49:02.186Z,13.72
2026-04-26T05:54:02.23Z,13.77
2026-04-26T05:59:02.857Z,13.83
2026-04-26T06:04:02.225Z,13.83
2026-04-26T06:09:02.404Z,13.92
2026-04-26T06:14:02.29Z,13.89
2026-04-26T06:19:02.217Z,13.95
2026-04-26T06:24:02.776Z,14.0
2026-04-26T06:29:02.271Z,14.21
2026-04-26T06:34:02.398Z,14.49
2026-04-26T06:39:02.283Z,14.7
2026-04-26T06:44:02.476Z,15.01
2026-04-26T06:49:02.342Z,15.27
2026-04-26T06:54:01.988Z,15.65
2026-04-26T06:59:02.215Z,15.73
2026-04-26T07:04:02.173Z,15.7
2026-04-26T07:09:02.004Z,15.76
2026-04-26T07:14:02.277Z,15.9
2026-04-26T07:19:02.242Z,16.14
2026-04-26T07:24:02.233Z,16.28
2026-04-26T07:29:02.355Z,16.48
2026-04-26T07:34:02.347Z,16.77
2026-04-26T07:39:02.123Z,16.97
2026-04-26T07:44:02.019Z,17.08
2026-04-26T07:49:02.087Z,17.34
2026-04-26T07:54:04.626Z,17.8
2026-04-26T07:59:02.276Z,18.32
2026-04-26T08:04:01.918Z,18.78
2026-04-26T08:09:03.841Z,19.04
2026-04-26T08:14:02.214Z,19.3
2026-04-26T08:19:02.395Z,19.21
2026-04-26T08:24:02.199Z,19.39
2026-04-26T08:29:02.267Z,19.67
2026-04-26T08:34:03.274Z,19.53
2026-04-26T08:39:02.042Z,19.21
2026-04-26T08:44:01.939Z,19.1
2026-04-26T08:49:02.133Z,19.33
2026-04-26T08:54:02.248Z,19.56
2026-04-26T08:59:02.158Z,19.56
2026-04-26T09:04:09.716Z,19.7
2026-04-26T09:09:20.687Z,19.85
2026-04-26T09:14:02.2Z,20.02
2026-04-26T09:19:02.235Z,20.25
2026-04-26T09:24:03.979Z,20.83
2026-04-26T09:29:02.005Z,21.14
2026-04-26T09:34:02.312Z,21.25
2026-04-26T09:39:02.328Z,21.43
2026-04-26T09:44:01.969Z,21.43
2026-04-26T09:49:02.422Z,21.37
2026-04-26T09:54:02.25Z,21.28
2026-04-26T09:59:02.399Z,21.23
2026-04-26T10:04:03.849Z,21.23
2026-04-26T10:09:01.893Z,21.57
2026-04-26T10:14:02.172Z,21.37
2026-04-26T10:19:03.561Z,20.97
2026-04-26T10:24:03.409Z,20.79
2026-04-26T10:29:02.084Z,20.86
2026-04-26T10:34:04.066Z,21.17
2026-04-26T10:39:04.109Z,21.11
2026-04-26T10:44:02.204Z,21.14
2026-04-26T10:49:02.115Z,21.6
2026-04-26T10:54:02.111Z,22.0
2026-04-26T10:59:02.357Z,21.95
2026-04-26T11:04:02.1Z,21.89
2026-04-26T11:09:02.305Z,21.92
2026-04-26T11:14:02.364Z,22.04
2026-04-26T11:19:02.492Z,21.97
2026-04-26T11:24:02.278Z,21.89
2026-04-26T11:29:01.968Z,21.74
2026-04-26T11:34:02.328Z,21.63
2026-04-26T11:39:02.255Z,21.77
2026-04-26T11:44:01.928Z,21.74
2026-04-26T11:49:02.093Z,21.74
2026-04-26T11:54:02.068Z,21.66
2026-04-26T11:59:02.101Z,21.92
2026-04-26T12:04:02.223Z,22.41
2026-04-26T12:09:02.313Z,22.9
2026-04-26T12:14:03.615Z,22.95
2026-04-26T12:19:02.123Z,23.27
2026-04-26T12:24:01.998Z,23.13
2026-04-26T12:29:02.813Z,23.13
2026-04-26T12:34:02.234Z,23.5
2026-04-26T12:39:02.185Z,23.33
2026-04-26T12:44:02.42Z,23.59
2026-04-26T12:49:02.391Z,23.67
2026-04-26T12:54:02.317Z,23.5
2026-04-26T12:59:02.382Z,23.27
2026-04-26T13:04:01.96Z,23.53
2026-04-26T13:09:02.376Z,24.11
2026-04-26T13:14:02.465Z,24.08
2026-04-26T13:19:02.041Z,24.25
2026-04-26T13:24:02.262Z,24.25
2026-04-26T13:29:02.357Z,24.45
2026-04-26T13:34:02.175Z,24.71
2026-04-26T13:39:02.3Z,24.88
2026-04-26T13:44:02.215Z,24.28
2026-04-26T13:49:02.408Z,24.16
2026-04-26T13:54:02.451Z,24.13
2026-04-26T13:59:02.684Z,24.51
2026-04-26T14:04:02.576Z,24.11
2026-04-26T14:09:02.669Z,23.53
2026-04-26T14:14:04.141Z,23.24
2026-04-26T14:19:02.877Z,23.16
2026-04-26T14:24:02.032Z,23.56
2026-04-26T14:29:13.675Z,23.59
2026-04-26T14:34:02.274Z,23.44
2026-04-26T14:39:23.112Z,23.3
2026-04-26T14:44:02.152Z,23.18
2026-04-26T14:49:02.197Z,23.04
2026-04-26T14:54:02.358Z,22.64
2026-04-26T14:59:01.987Z,22.67
2026-04-26T15:04:02.249Z,22.67
2026-04-26T15:09:02.003Z,22.72
2026-04-26T15:14:02.184Z,22.87
2026-04-26T15:19:02.563Z,23.07
2026-04-26T15:24:02.218Z,23.18
2026-04-26T15:29:02.213Z,23.07
2026-04-26T15:34:02.013Z,23.01
2026-04-26T15:39:03.986Z,23.13
2026-04-26T15:44:02.135Z,23.16
2026-04-26T15:49:02.269Z,23.13
2026-04-26T15:54:02.007Z,23.33
2026-04-26T15:59:02.385Z,23.21
2026-04-26T16:04:02.173Z,22.87
2026-04-26T16:09:02.285Z,22.93
2026-04-26T16:14:02.353Z,23.01
2026-04-26T16:19:02.153Z,23.1
2026-04-26T16:24:02.387Z,23.04
2026-04-26T16:29:02.236Z,23.01
2026-04-26T16:34:02.035Z,22.95
2026-04-26T16:39:02.171Z,22.75
2026-04-26T16:44:02.127Z,22.64
2026-04-26T16:49:02.199Z,22.84
2026-04-26T16:54:02.331Z,22.55
2026-04-26T16:59:04.558Z,22.38
2026-04-26T17:04:02.063Z,22.26
2026-04-26T17:09:02.143Z,22.15
2026-04-26T17:14:02.411Z,22.06
2026-04-26T17:19:02.33Z,21.92
2026-04-26T17:24:02.044Z,21.74
2026-04-26T17:29:02.074Z,21.6
2026-04-26T17:34:02.251Z,21.43
2026-04-26T17:39:03.006Z,21.4
2026-04-26T17:44:02.334Z,21.49
2026-04-26T17:49:02.112Z,21.17
2026-04-26T17:54:02.384Z,20.97
2026-04-26T17:59:02.272Z,20.83
2026-04-26T18:04:02.24Z,20.71
2026-04-26T18:09:02.52Z,20.42
2026-04-26T18:14:02.221Z,20.39
2026-04-26T18:19:02.136Z,20.16
2026-04-26T18:24:02.352Z,19.99
2026-04-26T18:29:02.465Z,19.82
2026-04-26T18:34:02.432Z,19.73
2026-04-26T18:39:03.167Z,19.67
2026-04-26T18:44:02.141Z,19.59
2026-04-26T18:49:02.219Z,19.47
2026-04-26T18:54:02.662Z,19.33
2026-04-26T18:59:05.073Z,19.24
2026-04-26T19:04:02Z,19.07
2026-04-26T19:09:02.181Z,18.95
2026-04-26T19:14:02.208Z,18.87
2026-04-26T19:19:02.206Z,18.78
2026-04-26T19:24:02.336Z,18.67
2026-04-26T19:29:01.969Z,18.52
2026-04-26T19:34:02.05Z,18.46
2026-04-26T19:39:03.111Z,18.29
2026-04-26T19:44:02.281Z,18.23
2026-04-26T19:49:02.463Z,18.21
2026-04-26T19:54:02.335Z,18.06
2026-04-26T19:59:02.37Z,17.97
2026-04-26T20:04:02.071Z,17.89
2026-04-26T20:09:02.212Z,17.83
2026-04-26T20:14:02.174Z,17.77
2026-04-26T20:19:02.264Z,17.63
2026-04-26T20:24:01.904Z,17.57
2026-04-26T20:29:02.206Z,17.4
2026-04-26T20:34:02.177Z,17.34
2026-04-26T20:39:02.139Z,17.26
2026-04-26T20:44:02.368Z,17.17
2026-04-26T20:49:01.957Z,17.05
2026-04-26T20:54:02.134Z,17.0
2026-04-26T20:59:01.986Z,16.94
2026-04-26T21:04:02.197Z,16.85
2026-04-26T21:09:02.232Z,16.82
2026-04-26T21:14:02.275Z,16.65
2026-04-26T21:19:02.376Z,16.68
2026-04-26T21:24:03.199Z,16.68
2026-04-26T21:29:02.038Z,16.59
2026-04-26T21:34:02.149Z,16.56
2026-04-26T21:39:02.142Z,16.53
2026-04-26T21:44:02.708Z,16.45
2026-04-26T21:49:02.17Z,16.33
2026-04-26T21:54:02.213Z,16.22
2026-04-26T21:59:02.249Z,16.07
2026-04-26T22:04:02.317Z,16.14
2026-04-26T22:09:01.891Z,16.22
2026-04-26T22:14:02.037Z,16.22
2026-04-26T22:19:02.568Z,16.19
2026-04-26T22:24:02.177Z,16.05
2026-04-26T22:29:02.233Z,15.99
2026-04-26T22:34:04.274Z,15.93
2026-04-26T22:39:01.867Z,15.76
2026-04-26T22:44:02.035Z,15.7
2026-04-26T22:49:01.928Z,15.73
2026-04-26T22:54:02.128Z,15.76
2026-04-26T22:59:02.481Z,15.76
2026-04-26T23:04:02.271Z,15.76
2026-04-26T23:09:02.239Z,15.7
2026-04-26T23:14:02.451Z,15.7
2026-04-26T23:19:02.833Z,15.76
2026-04-26T23:24:01.941Z,15.65
2026-04-26T23:29:02.175Z,15.67
2026-04-26T23:34:02.04Z,15.58
2026-04-26T23:39:02.577Z,15.56
2026-04-26T23:44:02.161Z,15.53
2026-04-26T23:49:02.218Z,15.42
2026-04-26T23:54:02.205Z,15.39
2026-04-26T23:59:02.18Z,15.33
2026-04-27T00:04:02.311Z,15.33
2026-04-27T00:09:02.355Z,15.21
2026-04-27T00:14:01.999Z,15.33
2026-04-27T00:19:02.398Z,15.3
2026-04-27T00:24:02.168Z,15.3
2026-04-27T00:29:02.279Z,15.24
2026-04-27T00:34:02.164Z,15.16
2026-04-27T00:39:02.346Z,15.07
2026-04-27T00:44:02.262Z,15.01
2026-04-27T00:49:03.113Z,14.9
2026-04-27T00:54:02.635Z,14.9
2026-04-27T00:59:01.936Z,14.9
2026-04-27T01:04:02.031Z,14.84
2026-04-27T01:09:01.973Z,14.86
2026-04-27T01:14:02.277Z,14.86
2026-04-27T01:19:02.298Z,14.9
2026-04-27T01:24:02.257Z,14.9
2026-04-27T01:29:02.355Z,15.01
2026-04-27T01:34:01.986Z,15.09
2026-04-27T01:39:02.144Z,15.12
2026-04-27T01:44:02.627Z,15.09
2026-04-27T01:49:02.295Z,15.12
2026-04-27T01:54:02.263Z,15.07
2026-04-27T01:59:02.227Z,15.09
2026-04-27T02:04:02.376Z,15.12
2026-04-27T02:09:02.764Z,15.12
2026-04-27T02:14:02.276Z,15.09
2026-04-27T02:19:02.353Z,15.16
2026-04-27T02:24:03.689Z,15.07
2026-04-27T02:29:02.322Z,14.7
2026-04-27T02:34:02.022Z,14.26
2026-04-27T02:39:01.974Z,14.03
2026-04-27T02:44:02.081Z,13.95
2026-04-27T02:49:02.296Z,13.72
2026-04-27T02:54:02.312Z,13.72
2026-04-27T02:59:02.131Z,13.66
2026-04-27T03:04:02.009Z,13.66
2026-04-27T03:09:02.199Z,13.66
2026-04-27T03:14:02.436Z,13.66
2026-04-27T03:19:04.315Z,13.74
2026-04-27T03:24:02.23Z,13.8
2026-04-27T03:29:02.292Z,13.74
2026-04-27T03:34:02.33Z,13.72
2026-04-27T03:39:02.432Z,13.54
2026-04-27T03:44:02.01Z,13.49
2026-04-27T03:49:03.982Z,13.51
2026-04-27T03:54:02.176Z,13.46
2026-04-27T03:59:02.143Z,13.4
2026-04-27T04:04:02.344Z,13.37
2026-04-27T04:09:02.279Z,13.34
2026-04-27T04:14:02.289Z,13.31
2026-04-27T04:19:02.111Z,13.31
2026-04-27T04:24:02.536Z,13.26
2026-04-27T04:29:01.837Z,13.14
2026-04-27T04:34:02.076Z,13.03
2026-04-27T04:39:02.019Z,13.05
2026-04-27T04:44:02.085Z,13.17
2026-04-27T04:49:02.292Z,13.2
2026-04-27T04:54:02.197Z,13.28
2026-04-27T04:59:02.287Z,13.43
2026-04-27T05:04:02.029Z,13.49
2026-04-27T05:09:02.281Z,13.66
2026-04-27T05:14:02.238Z,13.72
2026-04-27T05:19:02.273Z,13.69
2026-04-27T05:24:02.162Z,13.66
2026-04-27T05:29:02.26Z,13.72
2026-04-27T05:34:02.34Z,13.74
2026-04-27T05:39:02.273Z,13.86
2026-04-27T05:44:02.384Z,13.83
2026-04-27T05:49:01.911Z,13.86
2026-04-27T05:54:02.453Z,13.8
2026-04-27T05:59:02.021Z,13.77
2026-04-27T06:04:02.026Z,13.86
2026-04-27T06:09:02.082Z,13.77
2026-04-27T06:14:02.154Z,13.57
2026-04-27T06:19:02.134Z,13.49
2026-04-27T06:24:02.123Z,13.51
2026-04-27T06:29:02.283Z,13.57
2026-04-27T06:34:02.251Z,13.72
2026-04-27T06:39:02.261Z,13.77
2026-04-27T06:44:02.405Z,13.95
2026-04-27T06:49:02.299Z,14.18
2026-04-27T06:54:04.135Z,14.67
2026-04-27T06:59:02.301Z,14.95
2026-04-27T07:04:02.356Z,15.16
2026-04-27T07:09:01.895Z,15.53
2026-04-27T07:14:02.038Z,15.65
2026-04-27T07:19:08.125Z,15.88
2026-04-27T07:23:31.288Z,16.1
2026-04-27T07:28:31.22Z,16.48
2026-04-27T07:33:31.635Z,16.85
2026-04-27T07:38:31.206Z,17.2
2026-04-27T07:43:31.361Z,17.28
2026-04-27T07:48:32.798Z,17.34
2026-04-27T07:53:33.427Z,17.54
2026-04-27T07:58:32.068Z,17.86
2026-04-27T08:03:32.345Z,18.06
2026-04-27T08:08:31.364Z,18.29
2026-04-27T08:13:33.125Z,18.55
2026-04-27T08:18:32.341Z,18.67
2026-04-27T08:23:31.307Z,18.9
2026-04-27T08:28:48.857Z,19.18
2026-04-27T08:33:31.461Z,19.44
2026-04-27T08:38:31.53Z,19.59
2026-04-27T08:43:32.308Z,19.82
2026-04-27T08:48:31.841Z,19.93
2026-04-27T08:53:31.41Z,20.02
2026-04-27T08:58:31.186Z,20.25
2026-04-27T09:03:32.539Z,20.39
2026-04-27T09:08:32.615Z,20.42
2026-04-27T09:13:31.309Z,20.65
2026-04-27T09:18:31.327Z,20.91
2026-04-27T09:23:31.433Z,21.02
2026-04-27T09:28:31.25Z,21.02
2026-04-27T09:33:31.422Z,21.2
2026-04-27T09:38:31.247Z,21.37
2026-04-27T09:43:31.26Z,21.72
2026-04-27T09:48:32.616Z,21.66
2026-04-27T09:53:31.312Z,21.57
2026-04-27T09:58:31.497Z,21.72
2026-04-27T10:03:31.795Z,22.09
2026-04-27T10:08:31.295Z,21.97
2026-04-27T10:13:31.26Z,22.29
2026-04-27T10:18:37.819Z,22.21
2026-04-27T10:23:31.261Z,22.49
2026-04-27T10:28:31.395Z,22.75
2026-04-27T10:33:31.232Z,22.84
2026-04-27T10:38:31.409Z,23.1
2026-04-27T10:43:31.909Z,23.44
2026-04-27T10:48:31.28Z,23.13
2026-04-27T10:53:31.166Z,23.44
2026-04-27T10:58:31.143Z,23.67
2026-04-27T11:03:31.698Z,23.96
2026-04-27T11:08:31.202Z,23.67
2026-04-27T11:13:32.298Z,23.88
2026-04-27T11:18:32.537Z,23.88
2026-04-27T11:23:31.316Z,23.9
2026-04-27T11:28:31.262Z,24.13
2026-04-27T11:33:31.189Z,24.45
2026-04-27T11:38:31.96Z,24.28
2026-04-27T11:43:32.393Z,24.05
2026-04-27T11:48:31.307Z,23.96
2026-04-27T11:53:31.48Z,23.96
2026-04-27T11:58:31.398Z,23.96
2026-04-27T12:03:31.328Z,23.93
2026-04-27T12:08:31.231Z,24.28
2026-04-27T12:13:42.917Z,24.22
2026-04-27T12:18:31.179Z,24.31
2026-04-27T12:23:34.521Z,24.31
2026-04-27T12:28:31.188Z,24.39
2026-04-27T12:33:31.403Z,24.77
2026-04-27T12:38:31.518Z,24.91
2026-04-27T12:43:31.388Z,24.6
2026-04-27T12:48:31.375Z,24.6
2026-04-27T12:53:31.323Z,24.6
2026-04-27T12:58:31.254Z,24.57
2026-04-27T13:03:31.256Z,24.74
2026-04-27T13:08:31.156Z,24.88
2026-04-27T13:13:31.322Z,24.83
2026-04-27T13:18:31.19Z,24.77
2026-04-27T13:23:32.591Z,24.54
2026-04-27T13:28:32.957Z,24.94
2026-04-27T13:33:31.421Z,24.74
2026-04-27T13:38:31.336Z,24.97
2026-04-27T13:43:31.41Z,24.85
2026-04-27T13:48:31.247Z,24.83
2026-04-27T13:53:31.365Z,24.74
2026-04-27T13:58:31.16Z,24.65
2026-04-27T14:03:31.398Z,24.8
2026-04-27T14:08:31.51Z,24.62
2026-04-27T14:13:31.23Z,24.8
2026-04-27T14:18:31.275Z,24.54
2026-04-27T14:23:31.147Z,24.25
2026-04-27T14:28:31.286Z,24.42
2026-04-27T14:33:31.175Z,24.51
2026-04-27T14:38:31.151Z,24.6
2026-04-27T14:43:32.341Z,24.31
2026-04-27T14:48:31.163Z,24.22
2026-04-27T14:53:31.35Z,24.39
2026-04-27T14:58:31.26Z,24.11
2026-04-27T15:03:31.396Z,24.28
2026-04-27T15:08:31.323Z,24.45
2026-04-27T15:13:31.236Z,24.57
2026-04-27T15:18:31.175Z,24.31
2026-04-27T15:23:32.756Z,24.25
2026-04-27T15:28:32.531Z,24.45
2026-04-27T15:33:31.186Z,24.45
2026-04-27T15:38:45.019Z,24.65
2026-04-27T15:43:31.298Z,24.77
2026-04-27T15:48:32.245Z,24.54
2026-04-27T15:53:31.179Z,24.62
2026-04-27T15:58:31.158Z,24.37
2026-04-27T16:03:31.507Z,24.13
2026-04-27T16:08:31.267Z,24.22
2026-04-27T16:13:31.152Z,24.13
2026-04-27T16:18:31.378Z,24.39
2026-04-27T16:23:32.817Z,23.96
2026-04-27T16:28:31.204Z,23.96
2026-04-27T16:33:31.166Z,23.76
2026-04-27T16:38:31.295Z,23.67
2026-04-27T16:43:31.207Z,23.56
2026-04-27T16:48:31.367Z,23.39
2026-04-27T16:53:31.293Z,23.27
2026-04-27T16:58:31.678Z,23.1
2026-04-27T17:03:31.319Z,23.1
2026-04-27T17:08:31.423Z,23.04
2026-04-27T17:13:31.187Z,22.93
2026-04-27T17:18:31.387Z,22.95
2026-04-27T17:23:31.336Z,22.9
2026-04-27T17:28:32.634Z,22.72
2026-04-27T17:33:31.627Z,22.67
2026-04-27T17:38:31.331Z,22.46
2026-04-27T17:43:31.233Z,22.44
2026-04-27T17:48:31.377Z,22.23
2026-04-27T17:53:31.739Z,22.21
2026-04-27T17:58:31.242Z,22.06
2026-04-27T18:03:31.387Z,21.83
2026-04-27T18:08:31.271Z,21.6
2026-04-27T18:13:31.295Z,21.28
2026-04-27T18:18:31.467Z,21.14
2026-04-27T18:23:31.344Z,20.97
2026-04-27T18:28:31.323Z,20.74
2026-04-27T18:33:33.137Z,20.53
2026-04-27T18:38:31.292Z,20.39
2026-04-27T18:43:31.181Z,20.34
2026-04-27T18:48:31.849Z,20.16
2026-04-27T18:53:31.38Z,19.93
2026-04-27T18:58:31.257Z,19.85
2026-04-27T19:03:31.344Z,19.65
2026-04-27T19:08:31.134Z,19.53
2026-04-27T19:13:31.283Z,19.47
2026-04-27T19:18:31.403Z,19.39
2026-04-27T19:23:32.369Z,19.3
2026-04-27T19:28:32.208Z,19.24
2026-04-27T19:33:32.631Z,19.1
2026-04-27T19:38:33.16Z,19.01
2026-04-27T19:43:31.325Z,18.9
2026-04-27T19:48:31.142Z,18.95
2026-04-27T19:53:31.605Z,18.84
2026-04-27T19:58:31.262Z,18.87
2026-04-27T20:03:31.174Z,18.72
2026-04-27T20:08:31.144Z,18.67
2026-04-27T20:13:31.325Z,18.61
2026-04-27T20:18:31.719Z,18.52
2026-04-27T20:23:31.398Z,18.49
2026-04-27T20:28:31.268Z,18.38
2026-04-27T20:33:33.296Z,18.41
2026-04-27T20:38:31.348Z,18.32
2026-04-27T20:43:31.153Z,18.23
2026-04-27T20:48:31.275Z,18.15
2026-04-27T20:53:31.386Z,18.12
2026-04-27T20:58:31.177Z,18.06
2026-04-27T21:03:31.969Z,18.06
2026-04-27T21:08:31.243Z,17.95
2026-04-27T21:13:31.877Z,17.92
2026-04-27T21:18:31.977Z,17.86
2026-04-27T21:23:32.039Z,17.83
2026-04-27T21:28:31.291Z,17.77
2026-04-27T21:33:31.787Z,17.77
2026-04-27T21:38:31.318Z,17.72
2026-04-27T21:43:31.131Z,17.72
2026-04-27T21:48:31.387Z,17.66
2026-04-27T21:53:31.186Z,17.6
2026-04-27T21:58:31.777Z,17.49
2026-04-27T22:03:31.3Z,17.37
2026-04-27T22:08:31.216Z,17.4
2026-04-27T22:13:31.302Z,17.28
2026-04-27T22:18:31.401Z,17.2
2026-04-27T22:23:31.714Z,17.14
2026-04-27T22:28:31.621Z,17.17
2026-04-27T22:33:31.2Z,17.17
2026-04-27T22:38:31.808Z,17.2
2026-04-27T22:43:32.08Z,17.2
2026-04-27T22:48:31.378Z,17.17
2026-04-27T22:53:32.365Z,17.23
2026-04-27T22:58:31.411Z,17.17
2026-04-27T23:03:31.309Z,17.14
2026-04-27T23:08:31.382Z,17.05
2026-04-27T23:13:31.397Z,17.0
2026-04-27T23:18:31.335Z,16.94
2026-04-27T23:23:31.273Z,17.0
2026-04-27T23:28:31.381Z,16.88
2026-04-27T23:33:31.361Z,16.85
2026-04-27T23:38:31.274Z,16.77
2026-04-27T23:43:31.604Z,16.59
2026-04-27T23:48:31.331Z,16.62
2026-04-27T23:53:32.541Z,16.53
2026-04-27T23:58:32.825Z,16.53
2026-04-28T00:03:31.26Z,16.37
2026-04-28T00:08:31.369Z,16.3
2026-04-28T00:13:31.28Z,16.22
2026-04-28T00:18:31.32Z,16.05
2026-04-28T00:23:31.217Z,15.99
2026-04-28T00:28:31.246Z,16.02
2026-04-28T00:33:32.169Z,15.96
2026-04-28T00:38:31.224Z,15.9
2026-04-28T00:43:31.133Z,15.88
2026-04-28T00:48:31.209Z,15.84
2026-04-28T00:53:32.594Z,15.7
2026-04-28T00:58:31.222Z,15.67
2026-04-28T01:03:31.259Z,15.67
2026-04-28T01:08:31.871Z,15.61
2026-04-28T01:13:31.158Z,15.65
2026-04-28T01:18:31.236Z,15.65
2026-04-28T01:23:31.299Z,15.65
2026-04-28T01:28:31.364Z,15.73
2026-04-28T01:33:31.191Z,15.7
2026-04-28T01:38:31.147Z,15.67
2026-04-28T01:43:31.099Z,15.65
2026-04-28T01:48:31.305Z,15.58
2026-04-28T01:53:31.371Z,15.61
2026-04-28T01:58:31.117Z,15.67
2026-04-28T02:03:31.357Z,15.65
2026-04-28T02:08:31.134Z,15.67
2026-04-28T02:13:31.281Z,15.7
2026-04-28T02:18:31.179Z,15.65
2026-04-28T02:23:31.282Z,15.67
2026-04-28T02:28:31.299Z,15.7
2026-04-28T02:33:31.189Z,15.7
2026-04-28T02:38:31.346Z,15.79
2026-04-28T02:43:31.156Z,15.81
2026-04-28T02:48:31.348Z,15.65
2026-04-28T02:53:31.376Z,15.58
2026-04-28T02:58:31.325Z,15.44
2026-04-28T03:03:32.181Z,15.21
2026-04-28T03:08:31.204Z,15.01
2026-04-28T03:13:31.255Z,14.78
2026-04-28T03:18:31.229Z,14.67
2026-04-28T03:23:31.107Z,14.58
2026-04-28T03:28:31.39Z,14.44
2026-04-28T03:33:31.365Z,14.32
2026-04-28T03:38:31.294Z,14.32
2026-04-28T03:43:31.349Z,14.32
2026-04-28T03:48:32.322Z,14.41
2026-04-28T03:53:31.445Z,14.49
2026-04-28T03:58:31.194Z,14.58
2026-04-28T04:03:31.224Z,14.64
2026-04-28T04:08:31.35Z,14.72
2026-04-28T04:13:33.009Z,14.72
2026-04-28T04:18:31.243Z,14.75
2026-04-28T04:23:31.331Z,14.93
2026-04-28T04:28:31.28Z,14.98
2026-04-28T04:33:31.265Z,14.93
2026-04-28T04:38:31.235Z,14.84
2026-04-28T04:43:31.38Z,14.55
2026-04-28T04:48:31.395Z,14.58
2026-04-28T04:53:31.385Z,14.67
2026-04-28T04:58:31.356Z,14.81
2026-04-28T05:03:31.223Z,14.75
2026-04-28T05:08:31.212Z,14.81
2026-04-28T05:13:31.114Z,14.75
2026-04-28T05:18:32.569Z,14.81
2026-04-28T05:23:31.272Z,14.61
2026-04-28T05:28:31.176Z,14.49
2026-04-28T05:33:31.167Z,14.37
2026-04-28T05:38:31.379Z,14.35
2026-04-28T05:43:31.301Z,14.49
2026-04-28T05:48:33.177Z,14.61
2026-04-28T05:53:31.289Z,14.75
2026-04-28T05:58:31.146Z,14.9
2026-04-28T06:03:31.377Z,-999999.0
2026-04-28T06:08:31.249Z,15.04
2026-04-28T06:13:31.269Z,15.07
2026-04-28T06:18:33.427Z,15.3
2026-04-28T06:23:32.025Z,15.44
2026-04-28T06:28:31.232Z,15.53
2026-04-28T06:33:31.188Z,15.58
2026-04-28T06:38:31.088Z,15.65
2026-04-28T06:43:31.851Z,15.7
2026-04-28T06:51:20.646Z,15.84
2026-04-28T06:55:33.921Z,15.96
2026-04-28T07:00:33.984Z,16.19
2026-04-28T07:05:34.008Z,16.39
2026-04-28T07:10:33.957Z,16.62
2026-04-28T07:15:33.95Z,16.74
2026-04-28T07:20:34.563Z,16.82
2026-04-28T07:25:33.757Z,17.0
2026-04-28T07:30:33.797Z,17.23
2026-04-28T07:35:33.855Z,17.4
2026-04-28T07:40:35.736Z,17.6
2026-04-28T07:45:33.905Z,17.77
2026-04-28T07:50:33.923Z,17.89
2026-04-28T07:55:33.972Z,18.06
2026-04-28T08:00:33.894Z,18.18
2026-04-28T08:05:34.116Z,18.29
2026-04-28T08:10:35.548Z,18.18
2026-04-28T08:15:35.363Z,17.77
2026-04-28T08:20:33.857Z,17.54
2026-04-28T08:25:33.756Z,17.49
2026-04-28T08:30:33.847Z,17.4
2026-04-28T08:35:34.024Z,17.46
2026-04-28T08:40:33.976Z,17.37
2026-04-28T08:45:33.978Z,17.26
2026-04-28T08:50:33.897Z,17.23
2026-04-28T08:55:33.849Z,17.28
2026-04-28T09:00:34.482Z,17.34
2026-04-28T09:05:34.478Z,17.51
2026-04-28T09:10:34.867Z,17.77
2026-04-28T09:15:36.202Z,17.8
2026-04-28T09:20:35.615Z,18.0
2026-04-28T09:25:33.71Z,18.06
2026-04-28T09:30:33.982Z,18.32
2026-04-28T09:35:33.999Z,18.49
2026-04-28T09:40:33.766Z,18.67
2026-04-28T09:45:33.845Z,18.75
2026-04-28T09:50:34.07Z,18.75
2026-04-28T09:55:34.017Z,18.98
2026-04-28T10:00:33.754Z,18.72
2026-04-28T10:05:34.047Z,18.61
2026-04-28T10:10:33.985Z,18.9
2026-04-28T10:15:33.835Z,19.18
2026-04-28T10:20:35.302Z,19.13
2026-04-28T10:25:35.774Z,19.24
2026-04-28T10:30:33.913Z,19.18
2026-04-28T10:35:33.941Z,19.5
2026-04-28T10:40:34.651Z,19.85
2026-04-28T10:45:33.828Z,20.37
2026-04-28T10:50:35.468Z,20.79
2026-04-28T10:55:33.91Z,21.32
2026-04-28T11:00:33.92Z,21.77
2026-04-28T11:05:33.993Z,22.09
2026-04-28T11:10:35.097Z,22.26
2026-04-28T11:15:33.952Z,22.52
2026-04-28T11:20:33.836Z,22.61
2026-04-28T11:25:33.721Z,22.64
2026-04-28T11:30:33.814Z,22.67
2026-04-28T11:35:33.741Z,22.55
2026-04-28T11:40:33.934Z,22.93
2026-04-28T11:45:33.825Z,22.81
2026-04-28T11:50:33.724Z,22.81
2026-04-28T11:55:25.93Z,23.13
2026-04-28T11:59:53.73Z,23.01
2026-04-28T12:04:53.664Z,22.81
2026-04-28T12:09:53.837Z,23.13
2026-04-28T12:14:54.617Z,23.21
2026-04-28T12:19:53.755Z,23.01
2026-04-28T12:24:55.428Z,22.95
2026-04-28T12:29:53.588Z,23.13
2026-04-28T12:34:53.732Z,22.9
2026-04-28T12:39:55.593Z,23.04
2026-04-28T12:44:53.7Z,23.1
2026-04-28T12:49:53.774Z,23.18
2026-04-28T12:54:54.437Z,22.9
2026-04-28T12:59:54.47Z,23.27
2026-04-28T13:04:53.626Z,23.07
2026-04-28T13:09:53.684Z,23.13
2026-04-28T13:14:53.776Z,23.18
2026-04-28T13:19:53.666Z,23.62
2026-04-28T13:24:53.611Z,23.88
2026-04-28T13:29:53.597Z,24.02
2026-04-28T13:34:53.779Z,24.02
2026-04-28T13:39:53.758Z,23.73
2026-04-28T13:44:54.774Z,23.88
2026-04-28T13:49:53.733Z,24.28
2026-04-28T13:54:55.015Z,24.05
2026-04-28T13:59:53.672Z,24.45
2026-04-28T14:04:53.804Z,24.25
2026-04-28T14:09:54.409Z,24.31
2026-04-28T14:14:54.794Z,24.74
2026-04-28T14:19:55.222Z,24.94
2026-04-28T14:24:53.73Z,24.97
2026-04-28T14:29:53.626Z,24.88
2026-04-28T14:34:53.62Z,25.06
2026-04-28T14:39:54.11Z,25.52
2026-04-28T14:44:53.728Z,25.63
2026-04-28T14:49:53.736Z,25.63
2026-04-28T14:54:55.042Z,25.55
2026-04-28T14:59:54.025Z,25.63
2026-04-28T15:04:53.884Z,25.46
2026-04-28T15:09:53.814Z,25.32
2026-04-28T15:14:53.839Z,25.17
2026-04-28T15:19:53.58Z,25.34
2026-04-28T15:24:55.493Z,25.14
2026-04-28T15:29:53.787Z,25.14
2026-04-28T15:34:54.515Z,25.14
2026-04-28T15:39:53.615Z,25.11
2026-04-28T15:44:54.341Z,25.2
2026-04-28T15:49:53.843Z,25.32
2026-04-28T15:54:53.677Z,25.57
2026-04-28T15:59:53.663Z,25.43
2026-04-28T16:04:53.62Z,25.75
2026-04-28T16:09:54.398Z,25.69
2026-04-28T16:14:53.996Z,25.78
2026-04-28T16:19:55.035Z,25.75
2026-04-28T16:24:53.773Z,25.78
2026-04-28T16:29:55.271Z,25.89
2026-04-28T16:34:53.671Z,25.75
2026-04-28T16:39:53.818Z,25.66
2026-04-28T16:44:53.702Z,25.72
2026-04-28T16:49:53.657Z,25.8
2026-04-28T16:54:54.121Z,25.66
2026-04-28T16:59:53.798Z,25.75
2026-04-28T17:04:53.691Z,25.72
2026-04-28T17:09:53.613Z,25.78
2026-04-28T17:14:53.968Z,25.6
2026-04-28T17:19:53.839Z,25.17
2026-04-28T17:24:53.758Z,24.77
2026-04-28T17:29:55.448Z,24.28
2026-04-28T17:34:54.138Z,23.88
2026-04-28T17:39:53.729Z,23.44
2026-04-28T17:44:53.995Z,22.87
2026-04-28T17:49:54.113Z,22.72
2026-04-28T17:54:53.809Z,22.52
2026-04-28T17:59:53.776Z,22.15
2026-04-28T18:04:53.7Z,21.83
2026-04-28T18:09:53.701Z,21.6
2026-04-28T18:14:53.614Z,21.17
2026-04-28T18:19:53.668Z,20.91
2026-04-28T18:24:54.367Z,20.71
2026-04-28T18:29:53.554Z,20.6
2026-04-28T18:34:53.685Z,20.45
2026-04-28T18:39:53.59Z,20.25
2026-04-28T18:44:53.709Z,20.19
2026-04-28T18:49:55.2Z,19.99
2026-04-28T18:54:53.68Z,19.85
2026-04-28T18:59:53.687Z,19.76
2026-04-28T19:04:53.74Z,19.7
2026-04-28T19:09:53.675Z,19.5
2026-04-28T19:14:54.419Z,19.5
2026-04-28T19:19:53.687Z,19.47
2026-04-28T19:24:54.741Z,19.47
2026-04-28T19:29:53.705Z,19.59
2026-04-28T19:34:53.842Z,19.56
2026-04-28T19:39:53.77Z,19.65
2026-04-28T19:44:53.566Z,19.73
2026-04-28T19:49:54.498Z,19.67
2026-04-28T19:54:53.623Z,19.7
2026-04-28T19:59:53.726Z,19.65
2026-04-28T20:04:53.744Z,19.7
2026-04-28T20:09:54.557Z,19.7
2026-04-28T20:14:53.575Z,19.73
2026-04-28T20:19:54.314Z,19.7
2026-04-28T20:24:54.702Z,19.73
2026-04-28T20:29:53.773Z,19.79
2026-04-28T20:34:53.561Z,19.73
2026-04-28T20:39:53.588Z,19.7
2026-04-28T20:44:53.589Z,19.73
2026-04-28T20:49:54.063Z,19.73
2026-04-28T20:54:53.658Z,19.79
2026-04-28T20:59:54.603Z,19.82
2026-04-28T21:04:53.663Z,19.82
2026-04-28T21:09:55.361Z,19.82
2026-04-28T21:14:53.803Z,19.85
2026-04-28T21:19:53.67Z,19.79
2026-04-28T21:24:53.59Z,19.85
2026-04-28T21:29:53.606Z,19.82
2026-04-28T21:34:53.631Z,19.88
2026-04-28T21:39:53.614Z,19.88
2026-04-28T21:44:53.816Z,19.82
2026-04-28T21:49:53.823Z,19.88
2026-04-28T21:54:53.791Z,19.85
2026-04-28T21:59:54.57Z,19.85
2026-04-28T22:04:53.817Z,19.62
2026-04-28T22:09:53.689Z,19.44
2026-04-28T22:14:53.72Z,19.47
2026-04-28T22:19:55.384Z,19.39
2026-04-28T22:24:53.795Z,19.36
2026-04-28T22:29:53.7Z,19.33
2026-04-28T22:34:53.776Z,19.27
2026-04-28T22:39:53.753Z,19.36
2026-04-28T22:44:53.572Z,19.3
2026-04-28T22:49:53.73Z,19.07
2026-04-28T22:54:53.786Z,18.87
2026-04-28T22:59:53.811Z,18.75
2026-04-28T23:04:53.763Z,18.72
2026-04-28T23:09:54.261Z,18.72
2026-04-28T23:14:53.576Z,18.69
2026-04-28T23:19:53.655Z,18.72
2026-04-28T23:24:54.115Z,18.72
2026-04-28T23:29:53.719Z,18.69
2026-04-28T23:34:53.962Z,18.69
2026-04-28T23:39:53.71Z,18.58
2026-04-28T23:44:53.703Z,18.55
2026-04-28T23:49:53.736Z,18.52
2026-04-28T23:54:53.708Z,18.44
2026-04-28T23:59:53.809Z,18.35
2026-04-29T00:04:53.614Z,18.29
2026-04-29T00:09:53.797Z,18.26
2026-04-29T00:14:53.751Z,18.15
2026-04-29T00:19:53.808Z,18.09
2026-04-29T00:24:53.763Z,18.09
2026-04-29T00:29:53.652Z,18.03
2026-04-29T00:34:53.628Z,17.86
2026-04-29T00:39:53.635Z,17.92
2026-04-29T00:44:53.622Z,17.8
2026-04-29T00:49:53.691Z,17.77
2026-04-29T00:54:53.586Z,17.63
2026-04-29T00:59:53.594Z,17.57
2026-04-29T01:04:53.694Z,17.49
2026-04-29T01:09:53.751Z,17.31
2026-04-29T01:14:54.82Z,17.26
2026-04-29T01:19:53.671Z,17.11
2026-04-29T01:24:53.813Z,17.08
2026-04-29T01:29:54.186Z,17.0
2026-04-29T01:34:54.82Z,16.94
2026-04-29T01:39:53.726Z,17.02
2026-04-29T01:44:53.634Z,17.05
2026-04-29T01:49:53.677Z,17.17
2026-04-29T01:54:53.718Z,17.26
2026-04-29T01:59:53.675Z,17.23
2026-04-29T02:04:53.612Z,17.23
2026-04-29T02:09:53.599Z,17.2
2026-04-29T02:14:53.783Z,17.14
2026-04-29T02:19:53.723Z,17.11
2026-04-29T02:24:53.567Z,17.08
2026-04-29T02:29:53.721Z,17.0
2026-04-29T02:34:53.714Z,17.0
2026-04-29T02:39:53.74Z,16.97
2026-04-29T02:44:53.647Z,16.82
2026-04-29T02:49:53.634Z,16.74
2026-04-29T02:54:55.75Z,16.77
2026-04-29T02:59:53.676Z,16.71
2026-04-29T03:04:53.716Z,16.74
2026-04-29T03:09:54.249Z,16.59
2026-04-29T03:14:53.602Z,16.53
2026-04-29T03:19:53.678Z,16.48
2026-04-29T03:24:53.555Z,16.51
2026-04-29T03:29:53.775Z,16.48
2026-04-29T03:34:53.604Z,16.45
2026-04-29T03:39:54.051Z,16.42
2026-04-29T03:44:53.865Z,16.39
2026-04-29T03:49:54.222Z,16.45
2026-04-29T03:54:53.668Z,16.33
2026-04-29T03:59:53.682Z,16.39
2026-04-29T04:04:53.77Z,16.39
2026-04-29T04:09:54.397Z,16.48
2026-04-29T04:14:53.768Z,16.53
2026-04-29T04:19:53.636Z,16.45
2026-04-29T04:24:53.689Z,16.45
2026-04-29T04:29:53.842Z,16.45
2026-04-29T04:34:54.768Z,16.39
2026-04-29T04:39:53.7Z,16.3
2026-04-29T04:44:53.678Z,16.25
2026-04-29T04:49:53.595Z,16.05
2026-04-29T04:54:53.913Z,16.07
2026-04-29T04:59:54.735Z,16.05
2026-04-29T05:04:53.698Z,15.99
2026-04-29T05:09:54.613Z,15.93
2026-04-29T05:14:55.562Z,15.9
2026-04-29T05:19:53.646Z,15.84
2026-04-29T05:24:53.767Z,15.81
2026-04-29T05:29:53.652Z,15.9
2026-04-29T05:34:53.776Z,16.07
2026-04-29T05:39:53.625Z,16.14
2026-04-29T05:44:54.403Z,16.22
2026-04-29T05:49:53.575Z,16.25
2026-04-29T05:54:53.758Z,16.28
2026-04-29T05:59:53.607Z,16.33
2026-04-29T06:04:53.711Z,16.45
2026-04-29T06:09:53.61Z,16.51
2026-04-29T06:14:53.75Z,16.68
2026-04-29T06:19:53.592Z,16.79
2026-04-29T06:24:53.745Z,16.94
2026-04-29T06:29:53.619Z,17.11
2026-04-29T06:34:53.563Z,17.37
2026-04-29T06:39:53.717Z,17.57
2026-04-29T06:44:53.77Z,17.72
2026-04-29T06:49:54.349Z,17.92
2026-04-29T06:54:53.579Z,18.03
2026-04-29T06:59:53.55Z,18.26
2026-04-29T07:04:53.563Z,18.26
2026-04-29T07:09:53.638Z,18.41
2026-04-29T07:14:54.761Z,18.46
2026-04-29T07:19:53.643Z,18.72
2026-04-29T07:24:56.394Z,18.93
2026-04-29T07:29:53.785Z,19.13
2026-04-29T07:34:55.404Z,19.27
2026-04-29T07:39:53.772Z,19.42
2026-04-29T07:44:53.644Z,19.53
2026-04-29T07:49:53.546Z,19.73
2026-04-29T07:54:53.726Z,19.96
2026-04-29T07:59:53.643Z,20.11
2026-04-29T08:04:54.296Z,20.37
2026-04-29T08:09:53.661Z,20.53
2026-04-29T08:14:53.754Z,20.74
2026-04-29T08:19:53.683Z,20.83
2026-04-29T08:24:54.844Z,21.02
2026-04-29T08:29:54.349Z,21.2
2026-04-29T08:34:53.631Z,21.43
2026-04-29T08:39:58.958Z,21.63
2026-04-29T08:44:53.641Z,21.69
2026-04-29T08:50:06.835Z,21.77
2026-04-29T08:54:53.732Z,21.74
2026-04-29T09:00:12.852Z,21.89
2026-04-29T09:04:53.572Z,21.86
2026-04-29T09:09:54.903Z,22.0
2026-04-29T09:14:53.681Z,22.12
2026-04-29T09:19:53.853Z,22.44
2026-04-29T09:24:53.565Z,22.46
2026-04-29T09:29:53.685Z,22.38
2026-04-29T09:34:55.202Z,22.46
2026-04-29T09:39:55.094Z,22.72
2026-04-29T09:44:54.949Z,22.98
2026-04-29T09:49:53.686Z,23.36
2026-04-29T09:54:56.85Z,23.5
2026-04-29T09:59:53.938Z,23.3
2026-04-29T10:05:08.452Z,23.67
2026-04-29T10:09:53.597Z,23.82
2026-04-29T10:15:12.043Z,23.73
2026-04-29T10:19:53.753Z,23.96
2026-04-29T10:24:53.695Z,23.93
2026-04-29T10:29:53.623Z,24.05
2026-04-29T10:34:53.632Z,24.16
2026-04-29T10:39:54.249Z,24.42
2026-04-29T10:44:54.407Z,24.57
2026-04-29T10:49:54.164Z,24.77
2026-04-29T10:54:54.051Z,24.6
2026-04-29T10:59:53.669Z,24.39
2026-04-29T11:04:56.019Z,24.48
2026-04-29T11:09:53.592Z,24.37
2026-04-29T11:14:53.549Z,24.08
2026-04-29T11:19:53.75Z,24.11
2026-04-29T11:24:54.615Z,24.28
2026-04-29T11:29:53.674Z,24.54
2026-04-29T11:34:53.629Z,24.85
2026-04-29T11:39:53.556Z,24.97
2026-04-29T11:44:54.488Z,25.09
2026-04-29T11:49:53.783Z,25.4
2026-04-29T11:54:54.26Z,25.66
2026-04-29T11:59:54.462Z,25.6
2026-04-29T12:04:53.575Z,25.43
2026-04-29T12:09:53.791Z,25.23
2026-04-29T12:14:53.717Z,25.6
2026-04-29T12:19:54.066Z,25.78
2026-04-29T12:24:53.711Z,25.6
2026-04-29T12:29:53.654Z,25.26
2026-04-29T12:34:53.754Z,25.14
2026-04-29T12:39:53.568Z,25.14
2026-04-29T12:44:53.723Z,25.17
2026-04-29T12:49:53.721Z,25.14
2026-04-29T12:54:53.523Z,25.32
2026-04-29T12:59:53.511Z,25.57
2026-04-29T13:04:53.561Z,25.72
2026-04-29T13:09:53.603Z,25.6
2026-04-29T13:14:53.766Z,25.57
2026-04-29T13:19:53.555Z,25.86
2026-04-29T13:24:53.64Z,26.04
2026-04-29T13:29:53.788Z,25.97
2026-04-29T13:34:54.349Z,25.55
2026-04-29T13:39:53.718Z,25.52
2026-04-29T13:44:53.679Z,25.55
2026-04-29T13:49:53.607Z,25.89
2026-04-29T13:54:53.592Z,25.86
2026-04-29T13:59:53.77Z,26.18
2026-04-29T14:04:53.548Z,26.44
2026-04-29T14:09:53.893Z,26.41
2026-04-29T14:14:53.884Z,26.29
2026-04-29T14:19:53.892Z,26.12
2026-04-29T14:24:53.65Z,25.89
2026-04-29T14:29:55.508Z,26.24
2026-04-29T14:34:53.532Z,26.06
2026-04-29T14:39:53.535Z,25.92
2026-04-29T14:44:53.577Z,25.97
2026-04-29T14:49:53.624Z,26.01
2026-04-29T14:54:53.75Z,25.75
2026-04-29T14:59:53.737Z,25.97
2026-04-29T15:04:53.652Z,26.24
2026-04-29T15:09:53.875Z,26.32
2026-04-29T15:14:53.845Z,26.32
2026-04-29T15:19:53.929Z,26.44
2026-04-29T15:24:53.681Z,26.2
2026-04-29T15:29:53.709Z,26.27
2026-04-29T15:34:54.267Z,26.18
2026-04-29T15:39:53.542Z,25.86
2026-04-29T15:44:53.512Z,26.04
2026-04-29T15:49:53.74Z,25.95
2026-04-29T15:54:53.676Z,25.83
2026-04-29T15:59:53.528Z,25.89
2026-04-29T16:04:53.745Z,26.01
2026-04-29T16:09:53.759Z,25.95
2026-04-29T16:14:53.953Z,26.01
2026-04-29T16:19:53.671Z,25.89
2026-04-29T16:24:53.567Z,25.46
2026-04-29T16:29:53.914Z,25.32
2026-04-29T16:34:53.562Z,25.0
2026-04-29T16:39:53.756Z,24.74
2026-04-29T16:44:53.783Z,24.6
2026-04-29T16:49:53.674Z,24.45
2026-04-29T16:54:53.513Z,24.51
2026-04-29T16:59:53.817Z,24.65
2026-04-29T17:04:53.743Z,24.83
2026-04-29T17:09:53.728Z,24.85
2026-04-29T17:14:54.734Z,24.91
2026-04-29T17:19:54.879Z,24.71
2026-04-29T17:24:55.099Z,24.62
2026-04-29T17:29:55.653Z,24.42
2026-04-29T17:34:53.557Z,24.16
2026-04-29T17:39:53.552Z,24.05
2026-04-29T17:44:53.528Z,23.85
2026-04-29T17:49:53.732Z,23.62
2026-04-29T17:54:53.603Z,23.33
2026-04-29T17:59:53.741Z,23.21
2026-04-29T18:04:53.509Z,23.1
2026-04-29T18:09:53.655Z,23.1
2026-04-29T18:14:53.566Z,23.13
2026-04-29T18:19:53.654Z,23.1
2026-04-29T18:24:53.696Z,22.93
2026-04-29T18:29:54.445Z,22.84
2026-04-29T18:34:53.623Z,22.81
2026-04-29T18:39:53.772Z,22.64
2026-04-29T18:44:53.86Z,22.44
2026-04-29T18:49:53.665Z,22.38
2026-04-29T18:54:53.632Z,22.21
2026-04-29T18:59:55.667Z,22.18
2026-04-29T19:04:53.546Z,22.04
2026-04-29T19:09:53.551Z,22.0
2026-04-29T19:14:53.584Z,21.83
2026-04-29T19:19:53.76Z,21.69
2026-04-29T19:24:53.54Z,21.43
2026-04-29T19:29:53.727Z,21.23
2026-04-29T19:34:53.681Z,21.14
2026-04-29T19:39:53.557Z,20.94
2026-04-29T19:44:53.732Z,20.79
2026-04-29T19:49:53.624Z,20.62
2026-04-29T19:54:53.552Z,20.53
2026-04-29T19:59:53.488Z,20.45
2026-04-29T20:04:55.139Z,20.37
2026-04-29T20:09:53.75Z,20.25
2026-04-29T20:14:53.576Z,20.14
2026-04-29T20:19:53.768Z,20.11
2026-04-29T20:24:53.65Z,19.96
2026-04-29T20:29:53.597Z,19.82
2026-04-29T20:34:53.545Z,19.85
2026-04-29T20:39:53.638Z,19.79
2026-04-29T20:44:53.535Z,19.7
2026-04-29T20:49:53.748Z,19.65
2026-04-29T20:54:53.756Z,19.59
2026-04-29T20:59:53.755Z,19.56
2026-04-29T21:04:53.537Z,19.53
2026-04-29T21:09:53.77Z,19.47
2026-04-29T21:14:54.166Z,19.39
2026-04-29T21:19:53.674Z,19.36
2026-04-29T21:24:53.732Z,19.3
2026-04-29T21:29:53.794Z,19.21
2026-04-29T21:34:53.725Z,19.21
2026-04-29T21:39:53.731Z,19.07
2026-04-29T21:44:53.534Z,19.07
2026-04-29T21:49:53.668Z,18.95
2026-04-29T21:54:53.674Z,18.98
2026-04-29T21:59:53.567Z,18.87
2026-04-29T22:04:53.53Z,18.87
2026-04-29T22:09:53.761Z,18.84
2026-04-29T22:14:53.671Z,18.75
2026-04-29T22:19:53.543Z,18.69
2026-04-29T22:24:53.675Z,18.72
2026-04-29T22:29:53.562Z,18.61
2026-04-29T22:34:53.594Z,18.58
2026-04-29T22:39:53.623Z,18.52
2026-04-29T22:44:53.733Z,18.46
2026-04-29T22:49:53.589Z,18.46
2026-04-29T22:54:53.865Z,18.41
2026-04-29T22:59:53.74Z,18.44
2026-04-29T23:04:53.504Z,18.26
2026-04-29T23:09:53.538Z,18.29
2026-04-29T23:14:53.639Z,18.21
2026-04-29T23:19:55.021Z,18.23
2026-04-29T23:24:53.754Z,18.15
2026-04-29T23:29:53.653Z,18.09
2026-04-29T23:34:53.633Z,18.03
2026-04-29T23:39:53.569Z,18.03
2026-04-29T23:44:53.752Z,17.92
2026-04-29T23:49:53.733Z,17.89
2026-04-29T23:54:53.657Z,17.8
2026-04-29T23:59:53.731Z,17.74
2026-04-30T00:04:53.571Z,17.66
2026-04-30T00:09:54.874Z,17.69
2026-04-30T00:14:53.596Z,17.66
2026-04-30T00:19:53.644Z,17.66
2026-04-30T00:24:53.919Z,17.63
2026-04-30T00:29:53.503Z,17.69
2026-04-30T00:34:53.621Z,17.72
2026-04-30T00:39:53.694Z,17.66
2026-04-30T00:44:53.644Z,17.66
2026-04-30T00:49:53.601Z,17.6
2026-04-30T00:54:53.603Z,17.6
2026-04-30T00:59:53.523Z,17.6
2026-04-30T01:04:53.799Z,17.54
2026-04-30T01:09:53.716Z,17.54
2026-04-30T01:14:53.579Z,17.43
2026-04-30T01:19:53.491Z,17.31
2026-04-30T01:24:54.105Z,17.26
2026-04-30T01:29:53.746Z,17.14
2026-04-30T01:34:53.522Z,17.2
2026-04-30T01:39:55.083Z,17.11
2026-04-30T01:44:53.533Z,17.05
2026-04-30T01:49:53.64Z,17.0
2026-04-30T01:54:53.628Z,16.97
2026-04-30T01:59:53.494Z,16.97
2026-04-30T02:04:53.62Z,16.97
2026-04-30T02:09:53.715Z,16.97
2026-04-30T02:14:53.521Z,16.94
2026-04-30T02:19:53.518Z,16.97
2026-04-30T02:24:53.731Z,16.88
2026-04-30T02:29:53.593Z,16.88
2026-04-30T02:34:53.528Z,16.77
2026-04-30T02:39:54.17Z,16.74
2026-04-30T02:44:53.482Z,16.71
2026-04-30T02:49:53.625Z,16.65
2026-04-30T02:54:55.39Z,16.65
2026-04-30T02:59:53.53Z,16.53
2026-04-30T03:04:53.529Z,16.59
2026-04-30T03:09:53.601Z,16.53
2026-04-30T03:14:53.482Z,16.51
2026-04-30T03:19:53.698Z,16.51
2026-04-30T03:24:53.743Z,16.51
2026-04-30T03:29:53.477Z,16.56
2026-04-30T03:34:54.342Z,16.59
2026-04-30T03:39:53.616Z,16.68
2026-04-30T03:44:54.392Z,16.74
2026-04-30T03:49:54.163Z,16.85
2026-04-30T03:54:53.638Z,16.88
2026-04-30T03:59:53.547Z,16.91
2026-04-30T04:04:54.742Z,17.0
2026-04-30T04:09:53.558Z,16.97
2026-04-30T04:14:53.571Z,16.97
2026-04-30T04:19:53.602Z,17.02
2026-04-30T04:24:54.196Z,16.97
2026-04-30T04:29:53.708Z,16.97
2026-04-30T04:34:53.733Z,16.97
2026-04-30T04:39:53.875Z,16.91
2026-04-30T04:44:53.71Z,16.88
2026-04-30T04:49:53.595Z,16.85
2026-04-30T04:54:53.963Z,16.85
2026-04-30T04:59:53.621Z,16.88
2026-04-30T05:04:53.725Z,16.79
2026-04-30T05:09:53.611Z,16.77
2026-04-30T05:14:53.552Z,16.79
2026-04-30T05:19:54.357Z,16.82
2026-04-30T05:24:53.629Z,16.71
2026-04-30T05:29:53.622Z,16.65
2026-04-30T05:34:53.513Z,16.56
2026-04-30T05:39:53.692Z,16.56
2026-04-30T05:44:53.534Z,16.65
2026-04-30T05:49:53.692Z,16.65
2026-04-30T05:54:53.487Z,16.71
2026-04-30T05:59:53.698Z,16.77
2026-04-30T06:04:55.785Z,16.79
2026-04-30T06:09:54.422Z,16.77
2026-04-30T06:14:53.73Z,16.94
2026-04-30T06:19:53.513Z,16.88
2026-04-30T06:24:53.697Z,17.0
2026-04-30T06:29:54.496Z,17.05
2026-04-30T06:34:53.528Z,17.23
2026-04-30T06:39:54.343Z,17.31
2026-04-30T06:44:53.592Z,17.34
2026-04-30T06:49:54.123Z,17.51
2026-04-30T06:54:54.969Z,17.66
2026-04-30T06:59:53.562Z,17.89
2026-04-30T07:04:53.697Z,17.97
2026-04-30T07:09:53.567Z,18.06
2026-04-30T07:14:54.1Z,18.32
2026-04-30T07:19:54.572Z,18.41
2026-04-30T07:24:53.542Z,18.58
2026-04-30T07:29:53.496Z,18.93
2026-04-30T07:34:57.46Z,19.3
2026-04-30T07:39:53.693Z,19.53
2026-04-30T07:44:53.489Z,19.67
2026-04-30T07:49:53.488Z,19.7
2026-04-30T07:54:53.635Z,19.96
2026-04-30T07:59:53.514Z,20.11
2026-04-30T08:04:53.596Z,20.51
2026-04-30T08:09:53.5Z,20.86
2026-04-30T08:14:53.593Z,20.94
2026-04-30T08:19:53.662Z,21.32
2026-04-30T08:24:53.901Z,21.51
2026-04-30T08:29:54.119Z,21.92
2026-04-30T08:34:53.495Z,21.97
2026-04-30T08:39:55.105Z,22.21
2026-04-30T08:44:53.675Z,22.38
2026-04-30T08:49:53.607Z,22.61
2026-04-30T08:54:53.493Z,22.72
2026-04-30T08:59:53.574Z,23.1
2026-04-30T09:04:53.537Z,23.13
2026-04-30T09:09:54.124Z,23.36
2026-04-30T09:14:53.569Z,23.21
2026-04-30T09:19:53.476Z,23.24
2026-04-30T09:24:53.678Z,23.33
2026-04-30T09:29:53.705Z,23.65
2026-04-30T09:34:53.691Z,23.99
2026-04-30T09:39:53.437Z,24.13
2026-04-30T09:44:54.365Z,24.25
2026-04-30T09:49:53.581Z,24.16
2026-04-30T09:54:53.439Z,24.45
2026-04-30T09:59:53.631Z,24.62
2026-04-30T10:04:53.625Z,24.85
2026-04-30T10:09:53.486Z,25.0
2026-04-30T10:14:53.511Z,24.97
2026-04-30T10:19:53.686Z,25.09
2026-04-30T10:24:53.531Z,25.29
2026-04-30T10:29:53.589Z,25.49
2026-04-30T10:34:53.516Z,25.72
2026-04-30T10:39:53.777Z,25.52
2026-04-30T10:44:53.557Z,25.66
2026-04-30T10:49:53.963Z,25.86
2026-04-30T10:54:53.738Z,25.8
2026-04-30T10:59:53.703Z,25.97
2026-04-30T11:04:53.633Z,26.38
2026-04-30T11:09:53.567Z,26.81
2026-04-30T11:14:53.698Z,26.99
2026-04-30T11:19:53.598Z,27.16
2026-04-30T11:24:53.58Z,27.24
2026-04-30T11:29:53.545Z,27.07
2026-04-30T11:34:55.109Z,26.87
2026-04-30T11:39:53.52Z,27.27
2026-04-30T11:44:53.431Z,27.39
2026-04-30T11:49:53.58Z,27.56
2026-04-30T11:54:53.711Z,27.44
2026-04-30T11:59:53.475Z,27.71
2026-04-30T12:04:53.725Z,27.62
2026-04-30T12:09:53.683Z,27.5
2026-04-30T12:14:53.718Z,27.53
2026-04-30T12:19:53.484Z,27.56
2026-04-30T12:24:53.545Z,27.85
2026-04-30T12:29:53.507Z,28.02
2026-04-30T12:34:53.541Z,27.99
2026-04-30T12:39:53.594Z,28.13
2026-04-30T12:44:53.537Z,28.22
2026-04-30T12:49:53.422Z,28.28
2026-04-30T12:54:53.494Z,28.28
2026-04-30T12:59:53.482Z,28.31
2026-04-30T13:04:53.81Z,28.36
2026-04-30T13:09:54.351Z,28.51
2026-04-30T13:14:53.485Z,28.88
2026-04-30T13:19:54.999Z,29.03
2026-04-30T13:24:55.392Z,29.03
2026-04-30T13:29:53.616Z,28.88
2026-04-30T13:34:53.606Z,28.85
2026-04-30T13:39:53.77Z,28.74
2026-04-30T13:44:53.494Z,29.03
2026-04-30T13:49:54.416Z,28.8
2026-04-30T13:54:53.713Z,28.74
2026-04-30T13:59:54.88Z,28.74
2026-04-30T14:04:54.634Z,28.94
2026-04-30T14:09:53.616Z,29.06
2026-04-30T14:14:53.584Z,28.88
2026-04-30T14:19:54.802Z,28.77
2026-04-30T14:24:53.657Z,28.71
2026-04-30T14:29:53.618Z,28.83
2026-04-30T14:34:55.577Z,28.83
2026-04-30T14:39:53.596Z,28.42
2026-04-30T14:44:53.798Z,27.9
2026-04-30T14:49:53.575Z,27.56
2026-04-30T14:54:53.549Z,27.39
2026-04-30T14:59:53.561Z,27.27
2026-04-30T15:04:53.594Z,27.27
2026-04-30T15:09:53.833Z,27.53
2026-04-30T15:14:53.445Z,27.5
2026-04-30T15:19:53.703Z,27.27
2026-04-30T15:24:54.647Z,27.18
2026-04-30T15:29:53.532Z,27.33
2026-04-30T15:34:54.858Z,27.41
2026-04-30T15:39:54.016Z,27.33
2026-04-30T15:44:53.434Z,27.41
2026-04-30T15:49:53.621Z,27.59
2026-04-30T15:54:53.603Z,27.56
2026-04-30T15:59:54.424Z,27.79
2026-04-30T16:04:53.595Z,27.97
2026-04-30T16:09:53.592Z,27.64
2026-04-30T16:14:53.699Z,27.48
2026-04-30T16:19:55.132Z,27.44
2026-04-30T16:24:53.596Z,27.41
2026-04-30T16:29:53.525Z,27.27
2026-04-30T16:34:53.837Z,27.22
2026-04-30T16:39:54.595Z,26.9
2026-04-30T16:44:53.691Z,26.5
2026-04-30T16:49:53.525Z,26.38
2026-04-30T16:54:53.513Z,26.46
2026-04-30T16:59:53.598Z,26.38
2026-04-30T17:04:53.703Z,26.35
2026-04-30T17:09:53.528Z,26.18
2026-04-30T17:14:53.448Z,26.04
2026-04-30T17:19:53.511Z,26.06
2026-04-30T17:24:53.996Z,25.97
2026-04-30T17:29:53.659Z,25.75
2026-04-30T17:34:53.592Z,25.57
2026-04-30T17:39:54.579Z,25.46
2026-04-30T17:44:54.18Z,25.32
2026-04-30T17:49:54.562Z,25.2
2026-04-30T17:54:54.643Z,25.09
2026-04-30T17:59:54.931Z,24.94
2026-04-30T18:04:53.7Z,24.8
2026-04-30T18:09:53.404Z,24.57
2026-04-30T18:14:53.594Z,24.48
2026-04-30T18:19:53.6Z,24.31
2026-04-30T18:24:53.41Z,24.13
2026-04-30T18:29:53.597Z,23.96
2026-04-30T18:34:53.411Z,23.85
2026-04-30T18:39:54.67Z,23.7
2026-04-30T18:44:53.415Z,23.59
2026-04-30T18:49:53.579Z,23.27
2026-04-30T18:54:53.577Z,23.04
2026-04-30T18:59:54.146Z,22.78
2026-04-30T19:04:53.644Z,22.61
2026-04-30T19:09:55.356Z,22.52
2026-04-30T19:14:55.074Z,22.41
2026-04-30T19:19:53.515Z,22.35
2026-04-30T19:24:53.638Z,22.18
2026-04-30T19:29:53.411Z,22.06
2026-04-30T19:34:53.533Z,21.97
2026-04-30T19:39:53.656Z,21.97
2026-04-30T19:44:53.437Z,21.89
2026-04-30T19:49:53.546Z,21.89
2026-04-30T19:54:53.428Z,21.83
2026-04-30T19:59:54.579Z,21.83
2026-04-30T20:04:53.576Z,21.81
2026-04-30T20:09:53.917Z,21.83
2026-04-30T20:14:54.631Z,21.81
2026-04-30T20:19:53.624Z,21.81
2026-04-30T20:24:55.247Z,21.72
2026-04-30T20:29:54.519Z,21.66
2026-04-30T20:34:53.685Z,21.69
2026-04-30T20:39:53.561Z,21.63
2026-04-30T20:44:53.526Z,21.63
2026-04-30T20:49:53.439Z,21.55
2026-04-30T20:54:53.688Z,21.55
2026-04-30T20:59:53.626Z,21.55
2026-04-30T21:04:53.431Z,21.49
2026-04-30T21:09:53.571Z,21.4
2026-04-30T21:14:54.044Z,21.43
2026-04-30T21:19:54.126Z,21.51
2026-04-30T21:24:55.776Z,21.51
2026-04-30T21:29:55.126Z,21.51
2026-04-30T21:34:53.476Z,21.57
2026-04-30T21:39:53.461Z,21.57
2026-04-30T21:44:54.308Z,21.63
2026-04-30T21:49:53.615Z,21.57
2026-04-30T21:54:53.862Z,21.63
2026-04-30T21:59:54.356Z,21.6
2026-04-30T22:04:53.664Z,21.55
2026-04-30T22:09:53.606Z,21.57
2026-04-30T22:14:53.468Z,21.57
2026-04-30T22:19:53.787Z,21.49
2026-04-30T22:24:53.463Z,21.4
2026-04-30T22:29:53.411Z,21.25
2026-04-30T22:34:53.654Z,21.37
2026-04-30T22:39:53.592Z,21.28
2026-04-30T22:44:53.467Z,21.23
2026-04-30T22:49:53.428Z,21.25
2026-04-30T22:54:53.505Z,21.23
2026-04-30T22:59:53.612Z,21.23
2026-04-30T23:04:53.676Z,21.2
2026-04-30T23:09:53.609Z,21.06
2026-04-30T23:14:53.59Z,20.94
2026-04-30T23:19:53.509Z,20.91
2026-04-30T23:24:53.411Z,20.83
2026-04-30T23:29:53.623Z,20.79
2026-04-30T23:34:53.512Z,20.74
2026-04-30T23:39:53.527Z,20.62
2026-04-30T23:44:54.533Z,20.57
2026-04-30T23:49:53.666Z,20.53
2026-04-30T23:54:53.933Z,20.51
2026-04-30T23:59:54.12Z,20.51
2026-05-01T00:04:53.434Z,20.53
2026-05-01T00:09:53.743Z,20.62
2026-05-01T00:14:53.807Z,20.68
2026-05-01T00:19:53.509Z,20.65
2026-05-01T00:24:53.599Z,20.74
2026-05-01T00:29:53.555Z,20.71
2026-05-01T00:34:54.344Z,20.76
2026-05-01T00:39:53.632Z,20.76
2026-05-01T00:44:53.601Z,20.74
2026-05-01T00:49:53.577Z,20.76
2026-05-01T00:54:53.558Z,20.71
2026-05-01T00:59:54.693Z,20.6
2026-05-01T01:04:53.405Z,20.62
2026-05-01T01:09:53.53Z,20.53
2026-05-01T01:14:53.512Z,20.45
2026-05-01T01:19:53.883Z,20.45
2026-05-01T01:24:53.615Z,20.22
2026-05-01T01:29:53.596Z,20.22
2026-05-01T01:34:53.487Z,20.19
2026-05-01T01:39:53.55Z,20.11
2026-05-01T01:44:53.651Z,20.02
2026-05-01T01:49:53.665Z,19.9
2026-05-01T01:54:53.736Z,19.9
2026-05-01T01:59:53.674Z,19.9
2026-05-01T02:04:53.66Z,19.93
2026-05-01T02:09:53.549Z,19.99
2026-05-01T02:14:54.88Z,19.93
2026-05-01T02:19:54.233Z,19.9
2026-05-01T02:24:53.611Z,19.93
2026-05-01T02:29:53.922Z,19.96
2026-05-01T02:34:53.422Z,19.88
2026-05-01T02:39:53.583Z,19.9
2026-05-01T02:44:53.458Z,19.93
2026-05-01T02:49:53.421Z,20.02
2026-05-01T02:54:53.65Z,20.02
2026-05-01T02:59:53.673Z,20.08
2026-05-01T03:04:53.65Z,20.02
2026-05-01T03:09:54.922Z,20.05
2026-05-01T03:14:53.512Z,20.05
2026-05-01T03:19:53.75Z,20.05
2026-05-01T03:24:55.216Z,19.93
2026-05-01T03:29:53.475Z,20.02
2026-05-01T03:34:53.576Z,19.93
2026-05-01T03:39:54.153Z,19.99
2026-05-01T03:44:53.445Z,19.93
2026-05-01T03:49:53.426Z,19.99
2026-05-01T03:54:53.614Z,19.99
2026-05-01T03:59:53.4Z,19.93
2026-05-01T04:04:53.652Z,19.82
2026-05-01T04:09:53.593Z,19.79
2026-05-01T04:14:53.443Z,19.73
2026-05-01T04:19:53.67Z,19.67
2026-05-01T04:24:53.487Z,19.65
2026-05-01T04:29:54.654Z,19.67
2026-05-01T04:34:55.24Z,19.65
2026-05-01T04:39:54.069Z,19.67
2026-05-01T04:44:53.425Z,19.67
2026-05-01T04:49:53.558Z,19.7
2026-05-01T04:54:53.449Z,19.67
2026-05-01T04:59:53.536Z,19.65
2026-05-01T05:04:53.577Z,19.65
2026-05-01T05:09:53.426Z,19.62
2026-05-01T05:14:53.951Z,19.62
2026-05-01T05:19:53.641Z,19.56
2026-05-01T05:24:53.635Z,19.5
2026-05-01T05:29:55.502Z,19.56
2026-05-01T05:34:53.925Z,19.5
2026-05-01T05:39:54.613Z,19.47
2026-05-01T05:44:53.391Z,19.44
2026-05-01T05:49:53.661Z,19.33
2026-05-01T05:54:53.442Z,19.18
2026-05-01T05:59:53.516Z,19.18
2026-05-01T06:04:54.104Z,19.18
2026-05-01T06:09:53.439Z,19.04
2026-05-01T06:14:53.407Z,19.04
2026-05-01T06:19:53.412Z,18.95
2026-05-01T06:24:53.531Z,19.1
2026-05-01T06:29:53.59Z,19.16
2026-05-01T06:34:53.567Z,19.27
2026-05-01T06:39:53.649Z,19.39
2026-05-01T06:44:53.559Z,19.65
2026-05-01T06:49:53.532Z,19.82
2026-05-01T06:54:53.438Z,20.08
2026-05-01T06:59:55.016Z,20.28
2026-05-01T07:04:53.684Z,20.42
2026-05-01T07:09:53.452Z,20.48
2026-05-01T07:14:53.523Z,20.6
2026-05-01T07:19:53.479Z,20.71
2026-05-01T07:24:53.563Z,20.86
2026-05-01T07:29:53.626Z,21.14
2026-05-01T07:34:53.531Z,21.32
2026-05-01T07:39:53.639Z,21.34
2026-05-01T07:44:53.616Z,21.2
2026-05-01T07:49:53.457Z,21.14
2026-05-01T07:54:53.39Z,21.14
2026-05-01T07:59:53.572Z,21.11
2026-05-01T08:04:53.542Z,21.23
2026-05-01T08:09:53.42Z,21.28
2026-05-01T08:14:53.65Z,21.23
2026-05-01T08:19:53.459Z,21.32
2026-05-01T08:24:53.439Z,21.32
2026-05-01T08:29:54.008Z,21.37
2026-05-01T08:34:53.717Z,21.49
2026-05-01T08:39:54.138Z,21.55
2026-05-01T08:44:53.681Z,21.72
2026-05-01T08:49:53.703Z,21.83
2026-05-01T08:54:53.687Z,21.89
2026-05-01T08:59:53.524Z,22.06
2026-05-01T09:04:53.973Z,22.29
2026-05-01T09:09:53.645Z,22.44
2026-05-01T09:14:53.524Z,22.55
2026-05-01T09:19:53.568Z,22.72
2026-05-01T09:24:53.398Z,22.9
2026-05-01T09:29:53.573Z,23.16
2026-05-01T09:34:53.455Z,23.27
2026-05-01T09:39:53.585Z,23.04
2026-05-01T09:44:53.625Z,22.98
2026-05-01T09:49:53.577Z,22.84
2026-05-01T09:54:53.461Z,22.78
2026-05-01T09:59:53.516Z,22.75
2026-05-01T10:04:53.558Z,22.72
2026-05-01T10:09:54.078Z,22.75
2026-05-01T10:14:53.508Z,22.67
2026-05-01T10:19:54.386Z,22.81
2026-05-01T10:24:53.413Z,23.13
2026-05-01T10:29:55.402Z,23.27
2026-05-01T10:34:53.554Z,23.41
2026-05-01T10:39:53.39Z,23.5
2026-05-01T10:44:54.075Z,23.59
2026-05-01T10:49:53.523Z,23.41
2026-05-01T10:54:54.086Z,23.53
2026-05-01T10:59:53.445Z,23.82
2026-05-01T11:04:53.68Z,23.85
2026-05-01T11:09:53.455Z,23.85
2026-05-01T11:14:53.528Z,23.79
2026-05-01T11:19:54.766Z,23.88
2026-05-01T11:24:53.415Z,23.96
2026-05-01T11:29:53.535Z,24.22
2026-05-01T11:34:54.18Z,24.25
2026-05-01T11:39:55.071Z,24.31
2026-05-01T11:44:53.446Z,24.37
2026-05-01T11:49:53.67Z,24.74
2026-05-01T11:54:53.531Z,25.17
2026-05-01T11:59:53.705Z,25.46
2026-05-01T12:04:54.173Z,24.91
2026-05-01T12:09:53.425Z,24.71
2026-05-01T12:14:53.636Z,24.77
2026-05-01T12:19:53.494Z,24.62
2026-05-01T12:24:53.483Z,24.31
2026-05-01T12:29:53.629Z,24.22
2026-05-01T12:34:53.39Z,24.65
2026-05-01T12:39:54.468Z,24.88
2026-05-01T12:44:53.673Z,25.09
2026-05-01T12:49:53.423Z,25.11
2026-05-01T12:54:53.499Z,24.8
2026-05-01T12:59:53.391Z,24.8
2026-05-01T13:04:53.508Z,24.62
2026-05-01T13:09:53.627Z,24.71
2026-05-01T13:14:53.397Z,24.74
2026-05-01T13:19:53.79Z,24.85
2026-05-01T13:24:53.779Z,25.09
2026-05-01T13:29:53.639Z,25.14
2026-05-01T13:34:53.486Z,25.37
2026-05-01T13:39:53.44Z,24.85
2026-05-01T13:44:53.878Z,24.91
2026-05-01T13:49:53.623Z,25.0
2026-05-01T13:54:53.595Z,24.97
2026-05-01T13:59:55.102Z,24.88
2026-05-01T14:04:53.524Z,24.83
2026-05-01T14:09:53.563Z,24.88
2026-05-01T14:14:53.977Z,25.03
2026-05-01T14:19:53.622Z,25.29
2026-05-01T14:24:53.666Z,25.32
2026-05-01T14:29:53.525Z,25.52
2026-05-01T14:34:53.478Z,25.55
2026-05-01T14:39:53.647Z,25.66
2026-05-01T14:44:53.842Z,25.72
2026-05-01T14:49:53.679Z,25.78
2026-05-01T14:54:53.642Z,26.04
2026-05-01T14:59:54.704Z,26.09
2026-05-01T15:04:53.527Z,26.06
2026-05-01T15:09:53.496Z,26.06
2026-05-01T15:14:53.826Z,26.09
2026-05-01T15:19:53.678Z,26.04
2026-05-01T15:24:53.464Z,25.57
2026-05-01T15:29:53.41Z,24.8
2026-05-01T15:34:53.654Z,24.48
2026-05-01T15:39:53.441Z,23.88
2026-05-01T15:44:53.654Z,23.7
2026-05-01T15:49:53.616Z,23.18
2026-05-01T15:54:55.176Z,22.72
2026-05-01T15:59:53.502Z,22.69
2026-05-01T16:04:53.377Z,22.69
2026-05-01T16:09:53.628Z,22.72
2026-05-01T16:14:53.682Z,22.61
2026-05-01T16:19:56.962Z,22.67
2026-05-01T16:24:55.358Z,22.58
2026-05-01T16:29:53.563Z,22.55
2026-05-01T16:34:53.368Z,22.32
2026-05-01T16:39:53.492Z,22.29
2026-05-01T16:44:53.788Z,22.21
2026-05-01T16:49:53.921Z,22.18
2026-05-01T16:54:53.628Z,22.23
2026-05-01T16:59:53.386Z,22.26
2026-05-01T17:04:53.724Z,22.23
2026-05-01T17:09:53.494Z,22.26
2026-05-01T17:14:53.43Z,22.32
2026-05-01T17:19:54.416Z,22.35
2026-05-01T17:24:53.391Z,22.44
2026-05-01T17:29:53.523Z,22.58
2026-05-01T17:34:53.556Z,22.44
2026-05-01T17:39:54.435Z,22.41
2026-05-01T17:44:53.606Z,22.23
2026-05-01T17:49:53.429Z,22.15
2026-05-01T17:54:53.54Z,22.09
2026-05-01T17:59:53.64Z,22.04
2026-05-01T18:04:53.398Z,21.89
2026-05-01T18:09:53.396Z,21.83
2026-05-01T18:14:54.26Z,21.77
2026-05-01T18:19:54.25Z,21.6
2026-05-01T18:24:53.421Z,21.55
2026-05-01T18:29:54.223Z,21.43
2026-05-01T18:34:53.524Z,21.32
2026-05-01T18:39:53.453Z,21.28
2026-05-01T18:44:53.392Z,21.28
2026-05-01T18:49:53.525Z,21.28
2026-05-01T18:54:53.624Z,21.23
2026-05-01T18:59:53.486Z,21.28
2026-05-01T19:04:53.528Z,21.2
2026-05-01T19:09:53.52Z,21.14
2026-05-01T19:14:53.62Z,21.0
2026-05-01T19:19:53.592Z,20.91
2026-05-01T19:24:54.95Z,20.86
2026-05-01T19:29:53.503Z,20.74
2026-05-01T19:34:53.599Z,20.74
2026-05-01T19:39:53.431Z,20.65
2026-05-01T19:44:53.391Z,20.68
2026-05-01T19:49:53.524Z,20.57
2026-05-01T19:54:53.419Z,20.57
2026-05-01T19:59:54.958Z,20.45
2026-05-01T20:04:53.353Z,20.42
2026-05-01T20:09:53.633Z,20.42
2026-05-01T20:14:53.785Z,20.37
2026-05-01T20:19:53.53Z,20.34
2026-05-01T20:24:53.642Z,20.42
2026-05-01T20:29:54.379Z,20.34
2026-05-01T20:34:53.466Z,20.28
2026-05-01T20:39:53.347Z,20.22
2026-05-01T20:44:54.201Z,20.14
2026-05-01T20:49:53.902Z,20.11
2026-05-01T20:54:55.134Z,20.02
2026-05-01T20:59:53.401Z,19.99
2026-05-01T21:04:53.563Z,19.96
2026-05-01T21:09:53.318Z,19.85
2026-05-01T21:14:53.443Z,19.82
2026-05-01T21:19:53.361Z,19.79
2026-05-01T21:24:53.564Z,19.76
2026-05-01T21:29:53.624Z,19.73
2026-05-01T21:34:53.332Z,19.7
2026-05-01T21:39:53.536Z,19.7
2026-05-01T21:44:53.995Z,19.7
2026-05-01T21:49:54.467Z,19.82
2026-05-01T21:54:53.893Z,19.85
2026-05-01T21:59:53.352Z,19.79
2026-05-01T22:04:53.368Z,19.76
2026-05-01T22:09:55.495Z,19.67
2026-05-01T22:14:53.473Z,19.65
2026-05-01T22:19:53.358Z,19.67
2026-05-01T22:24:53.401Z,19.62
2026-05-01T22:29:53.389Z,19.62
2026-05-01T22:34:53.396Z,19.62
2026-05-01T22:39:54.23Z,19.59
2026-05-01T22:44:53.538Z,19.47
2026-05-01T22:49:53.53Z,19.56
2026-05-01T22:54:53.523Z,19.56
2026-05-01T22:59:54.265Z,19.67
2026-05-01T23:04:53.489Z,19.65
2026-05-01T23:09:53.602Z,19.65
2026-05-01T23:14:53.339Z,19.65
2026-05-01T23:19:53.586Z,19.65
2026-05-01T23:24:53.426Z,19.65
2026-05-01T23:29:53.447Z,19.67
2026-05-01T23:34:53.8Z,19.7
2026-05-01T23:39:53.472Z,19.65
2026-05-01T23:44:53.59Z,19.62
2026-05-01T23:49:53.521Z,19.59
2026-05-01T23:54:54.393Z,19.56
2026-05-01T23:59:53.366Z,19.62
2026-05-02T00:04:53.395Z,19.62
2026-05-02T00:09:53.408Z,19.53
2026-05-02T00:14:54.947Z,19.56
2026-05-02T00:19:53.583Z,19.53
2026-05-02T00:24:53.604Z,19.56
2026-05-02T00:29:53.477Z,19.62
2026-05-02T00:34:53.527Z,19.67
2026-05-02T00:39:53.399Z,19.62
2026-05-02T00:44:53.35Z,19.62
2026-05-02T00:49:53.361Z,19.56
2026-05-02T00:54:53.435Z,19.59
2026-05-02T00:59:53.589Z,19.59
2026-05-02T01:04:53.537Z,19.53
2026-05-02T01:09:55.006Z,19.59
2026-05-02T01:14:53.441Z,19.53
2026-05-02T01:19:53.417Z,19.53
2026-05-02T01:24:53.331Z,19.56
2026-05-02T01:29:53.357Z,19.56
2026-05-02T01:34:53.347Z,19.59
2026-05-02T01:39:53.42Z,19.53
2026-05-02T01:44:53.394Z,19.5
2026-05-02T01:49:53.632Z,19.53
2026-05-02T01:54:53.626Z,19.47
2026-05-02T01:59:53.346Z,19.47
2026-05-02T02:04:53.383Z,19.44
2026-05-02T02:09:53.355Z,19.47
2026-05-02T02:14:53.59Z,19.44
2026-05-02T02:19:53.336Z,19.42
2026-05-02T02:24:53.554Z,19.42
2026-05-02T02:29:53.617Z,19.36
2026-05-02T02:34:53.545Z,19.42
2026-05-02T02:39:53.328Z,19.33
2026-05-02T02:44:53.548Z,19.42
2026-05-02T02:49:53.611Z,19.47
2026-05-02T02:54:53.367Z,19.44
2026-05-02T02:59:54.77Z,19.44
2026-05-02T03:04:53.514Z,19.44
2026-05-02T03:09:53.499Z,19.62
2026-05-02T03:14:54.317Z,19.59
2026-05-02T03:19:53.54Z,19.5
2026-05-02T03:24:53.431Z,19.56
2026-05-02T03:29:53.323Z,19.5
2026-05-02T03:34:54.058Z,19.5
2026-05-02T03:39:53.416Z,19.5
2026-05-02T03:44:53.509Z,19.53
2026-05-02T03:49:53.404Z,19.5
2026-05-02T03:54:53.472Z,19.47
2026-05-02T03:59:53.474Z,19.5
2026-05-02T04:04:53.597Z,19.53
2026-05-02T04:09:53.538Z,19.5
2026-05-02T04:14:53.508Z,19.59
2026-05-02T04:19:53.78Z,19.5
2026-05-02T04:24:53.494Z,19.44
2026-05-02T04:29:53.523Z,19.53
2026-05-02T04:34:53.579Z,19.44
2026-05-02T04:39:53.544Z,19.42
2026-05-02T04:44:54.146Z,19.44
2026-05-02T04:49:55.099Z,19.36
2026-05-02T04:54:53.621Z,19.42
2026-05-02T04:59:53.356Z,19.5
2026-05-02T05:04:53.548Z,19.56
2026-05-02T05:09:53.429Z,19.5
2026-05-02T05:14:53.44Z,19.5
2026-05-02T05:19:53.604Z,19.56
2026-05-02T05:24:53.412Z,19.62
2026-05-02T05:29:53.425Z,19.56
2026-05-02T05:34:53.594Z,19.56
2026-05-02T05:39:53.36Z,19.59
2026-05-02T05:44:53.499Z,19.65
2026-05-02T05:49:53.527Z,19.65
2026-05-02T05:54:53.365Z,19.62
2026-05-02T05:59:53.549Z,19.53
2026-05-02T06:04:53.412Z,19.67
2026-05-02T06:09:53.54Z,19.82
2026-05-02T06:14:54.612Z,19.76
2026-05-02T06:19:54.645Z,19.88
2026-05-02T06:24:53.604Z,19.82
2026-05-02T06:29:53.612Z,19.88
2026-05-02T06:34:53.544Z,19.96
2026-05-02T06:39:53.472Z,20.16
2026-05-02T06:44:53.414Z,20.19
2026-05-02T06:49:54.039Z,20.22
2026-05-02T06:54:53.475Z,20.16
2026-05-02T06:59:53.366Z,20.16
2026-05-02T07:04:53.498Z,20.34
2026-05-02T07:09:53.828Z,20.51
2026-05-02T07:14:53.341Z,20.39
2026-05-02T07:19:53.376Z,20.51
2026-05-02T07:24:53.593Z,20.68
2026-05-02T07:29:53.537Z,20.71
2026-05-02T07:34:53.443Z,20.86
2026-05-02T07:39:53.55Z,21.02
2026-05-02T07:44:53.846Z,21.14
2026-05-02T07:49:53.412Z,21.06
2026-05-02T07:54:53.562Z,21.0
2026-05-02T07:59:54.151Z,20.86
2026-05-02T08:04:53.607Z,20.88
2026-05-02T08:09:53.802Z,20.88
2026-05-02T08:14:53.994Z,20.86
2026-05-02T08:19:53.449Z,21.14
2026-05-02T08:24:53.527Z,21.28
2026-05-02T08:29:53.656Z,21.32
2026-05-02T08:34:53.534Z,21.4
2026-05-02T08:39:53.503Z,21.55
2026-05-02T08:44:55.426Z,21.6
2026-05-02T08:49:53.517Z,21.81
2026-05-02T08:54:53.387Z,21.66
2026-05-02T08:59:54.524Z,21.66
2026-05-02T09:04:53.487Z,21.81
2026-05-02T09:09:53.511Z,21.97
2026-05-02T09:14:53.361Z,22.15
2026-05-02T09:19:53.367Z,22.06
2026-05-02T09:24:53.603Z,22.09
2026-05-02T09:29:53.49Z,22.06
2026-05-02T09:34:53.331Z,22.09
2026-05-02T09:39:53.561Z,22.06
2026-05-02T09:44:53.367Z,22.29
2026-05-02T09:49:53.485Z,22.52
2026-05-02T09:54:53.362Z,22.75
2026-05-02T09:59:53.495Z,22.87
2026-05-02T10:04:53.801Z,22.95
2026-05-02T10:09:53.944Z,23.1
2026-05-02T10:14:53.461Z,23.24
2026-05-02T10:19:53.352Z,23.21
2026-05-02T10:24:53.459Z,23.18
2026-05-02T10:29:53.309Z,23.27
2026-05-02T10:34:53.372Z,23.24
2026-05-02T10:39:53.537Z,23.33
2026-05-02T10:44:54.282Z,23.18
2026-05-02T10:49:54.542Z,23.07
2026-05-02T10:54:54.227Z,23.1
2026-05-02T10:59:53.329Z,23.01
2026-05-02T11:04:53.463Z,22.95
2026-05-02T11:09:53.409Z,23.1
2026-05-02T11:14:53.499Z,23.07
2026-05-02T11:19:53.312Z,23.27
2026-05-02T11:24:53.337Z,23.33
2026-05-02T11:29:53.518Z,23.18
2026-05-02T11:34:53.36Z,23.16
2026-05-02T11:39:53.37Z,23.16
2026-05-02T11:44:54.651Z,23.36
2026-05-02T11:49:53.458Z,23.39
2026-05-02T11:54:53.332Z,23.47
2026-05-02T11:59:53.848Z,23.3
2026-05-02T12:04:53.492Z,22.95
2026-05-02T12:09:53.408Z,22.98
2026-05-02T12:14:53.344Z,22.81
2026-05-02T12:19:53.949Z,22.87
2026-05-02T12:24:53.773Z,22.78
2026-05-02T12:29:53.333Z,22.87
2026-05-02T12:34:54.326Z,22.87
2026-05-02T12:39:53.391Z,22.9
2026-05-02T12:44:53.593Z,22.87
2026-05-02T12:49:53.574Z,22.9
2026-05-02T12:54:54.069Z,22.78
2026-05-02T12:59:54.964Z,22.9
2026-05-02T13:04:53.592Z,22.81
2026-05-02T13:09:54.236Z,22.84
2026-05-02T13:14:54.441Z,23.04
2026-05-02T13:19:53.618Z,22.87
2026-05-02T13:24:53.342Z,22.78
2026-05-02T13:29:53.456Z,22.9
2026-05-02T13:34:55.148Z,22.87
2026-05-02T13:39:53.322Z,22.9
2026-05-02T13:44:53.441Z,22.93
2026-05-02T13:49:53.38Z,22.9
2026-05-02T13:54:53.571Z,22.93
2026-05-02T13:59:53.44Z,22.87
2026-05-02T14:04:53.353Z,22.93
2026-05-02T14:09:54.057Z,22.98
2026-05-02T14:14:53.366Z,23.1
2026-05-02T14:19:53.589Z,23.21
2026-05-02T14:24:53.457Z,23.24
2026-05-02T14:29:54.705Z,23.27
2026-05-02T14:34:53.494Z,23.24
2026-05-02T14:39:53.562Z,23.21
2026-05-02T14:44:53.833Z,23.1
2026-05-02T14:49:54.784Z,23.21
2026-05-02T14:54:53.579Z,23.18
2026-05-02T14:59:53.603Z,23.07
2026-05-02T15:04:53.46Z,23.07
2026-05-02T15:09:53.331Z,23.04
2026-05-02T15:14:53.482Z,23.01
2026-05-02T15:19:53.401Z,22.93
2026-05-02T15:24:54.314Z,23.04
2026-05-02T15:29:53.342Z,23.1
2026-05-02T15:34:53.511Z,23.21
2026-05-02T15:39:53.363Z,23.3
2026-05-02T15:44:53.48Z,23.33
2026-05-02T15:49:53.368Z,23.33
2026-05-02T15:54:53.561Z,23.47
2026-05-02T15:59:53.504Z,23.59
2026-05-02T16:04:55.05Z,23.59
2026-05-02T16:09:53.353Z,23.5
2026-05-02T16:14:53.345Z,23.41
2026-05-02T16:19:53.576Z,23.13
2026-05-02T16:24:53.75Z,22.95
2026-05-02T16:29:53.539Z,22.95
2026-05-02T16:34:53.459Z,22.75
2026-05-02T16:39:53.458Z,22.78
2026-05-02T16:44:53.349Z,22.75
2026-05-02T16:49:53.542Z,22.61
2026-05-02T16:54:53.454Z,22.55
2026-05-02T16:59:53.319Z,22.64
2026-05-02T17:04:53.365Z,22.78
2026-05-02T17:09:53.333Z,22.95
2026-05-02T17:14:53.443Z,22.78
2026-05-02T17:19:53.318Z,22.75
2026-05-02T17:24:53.382Z,22.46
2026-05-02T17:29:53.87Z,22.46
2026-05-02T17:34:53.371Z,22.35
2026-05-02T17:39:53.473Z,22.23
2026-05-02T17:44:53.613Z,22.26
2026-05-02T17:49:53.453Z,22.26
2026-05-02T17:54:53.46Z,22.18
2026-05-02T17:59:54.713Z,22.12
2026-05-02T18:04:53.325Z,21.89
2026-05-02T18:09:54.588Z,21.77
2026-05-02T18:14:53.429Z,21.6
2026-05-02T18:19:53.427Z,21.4
2026-05-02T18:24:53.483Z,21.34
2026-05-02T18:29:53.33Z,21.25
2026-05-02T18:34:53.492Z,21.11
2026-05-02T18:39:53.439Z,20.94
2026-05-02T18:44:53.321Z,20.71
2026-05-02T18:49:55.292Z,20.6
2026-05-02T18:54:53.346Z,20.53
2026-05-02T18:59:53.451Z,20.48
2026-05-02T19:04:53.429Z,20.42
2026-05-02T19:09:53.337Z,20.25
2026-05-02T19:14:54.453Z,20.08
2026-05-02T19:19:53.568Z,20.08
2026-05-02T19:24:54.889Z,19.96
2026-05-02T19:29:53.298Z,19.93
2026-05-02T19:34:53.359Z,19.82
2026-05-02T19:39:53.558Z,19.73
2026-05-02T19:44:53.469Z,19.67
2026-05-02T19:49:53.559Z,19.65
2026-05-02T19:54:53.696Z,19.59
2026-05-02T19:59:53.5Z,19.59
2026-05-02T20:04:53.303Z,19.5
2026-05-02T20:09:54.662Z,19.47
2026-05-02T20:14:53.757Z,19.42
2026-05-02T20:19:53.303Z,19.33
2026-05-02T20:24:53.624Z,19.36
2026-05-02T20:29:53.552Z,19.36
2026-05-02T20:34:53.424Z,19.36
2026-05-02T20:39:53.445Z,19.33
2026-05-02T20:44:53.536Z,19.27
2026-05-02T20:49:53.991Z,19.21
2026-05-02T20:54:53.337Z,19.18
2026-05-02T20:59:53.329Z,19.27
2026-05-02T21:04:53.565Z,19.18
2026-05-02T21:09:53.3Z,19.18
2026-05-02T21:14:56.098Z,19.16
2026-05-02T21:19:53.45Z,19.18
2026-05-02T21:24:53.379Z,19.24
2026-05-02T21:29:54.106Z,19.16
2026-05-02T21:34:53.367Z,19.24
2026-05-02T21:39:53.365Z,19.27
2026-05-02T21:44:53.556Z,19.27
2026-05-02T21:49:53.351Z,19.33
2026-05-02T21:54:53.732Z,19.36
2026-05-02T21:59:53.456Z,19.44
2026-05-02T22:04:53.902Z,19.42
2026-05-02T22:09:53.571Z,19.42
2026-05-02T22:14:53.465Z,19.39
2026-05-02T22:19:53.816Z,19.27
2026-05-02T22:24:55.322Z,19.27
2026-05-02T22:29:53.369Z,19.27
2026-05-02T22:34:53.443Z,19.16
2026-05-02T22:39:53.66Z,19.13
2026-05-02T22:44:53.308Z,19.07
2026-05-02T22:49:53.326Z,19.07
2026-05-02T22:54:53.663Z,19.1
2026-05-02T22:59:53.463Z,19.21
2026-05-02T23:04:53.553Z,19.18
2026-05-02T23:09:53.505Z,19.21
2026-05-02T23:14:53.684Z,19.33
2026-05-02T23:19:53.38Z,19.42
2026-05-02T23:24:53.319Z,19.47
2026-05-02T23:29:53.46Z,19.44
2026-05-02T23:34:53.375Z,19.47
2026-05-02T23:39:54.57Z,19.47
2026-05-02T23:44:53.575Z,19.53
2026-05-02T23:49:53.317Z,19.53
2026-05-02T23:54:53.468Z,19.42
2026-05-02T23:59:53.33Z,19.42
2026-05-03T00:04:53.323Z,19.44
2026-05-03T00:09:53.563Z,19.42
2026-05-03T00:14:53.362Z,19.42
2026-05-03T00:19:53.306Z,19.3
2026-05-03T00:24:53.385Z,19.36
2026-05-03T00:29:53.561Z,19.42
2026-05-03T00:34:53.461Z,19.39
2026-05-03T00:39:53.456Z,19.3
2026-05-03T00:44:53.57Z,19.18
2026-05-03T00:49:53.538Z,19.13
2026-05-03T00:54:53.473Z,18.93
2026-05-03T00:59:53.511Z,18.78
2026-05-03T01:04:53.73Z,18.78
2026-05-03T01:09:53.315Z,18.72
2026-05-03T01:14:53.29Z,18.75
2026-05-03T01:19:53.482Z,18.72
2026-05-03T01:24:53.76Z,18.72
2026-05-03T01:29:53.291Z,18.78
2026-05-03T01:34:53.555Z,18.81
2026-05-03T01:39:53.956Z,18.87
2026-05-03T01:44:53.5Z,18.93
2026-05-03T01:49:53.45Z,18.95
2026-05-03T01:54:53.358Z,18.9
2026-05-03T01:59:53.569Z,18.93
2026-05-03T02:04:53.436Z,18.84
2026-05-03T02:09:53.47Z,18.84
2026-05-03T02:14:53.445Z,18.81
2026-05-03T02:19:53.446Z,18.69
2026-05-03T02:24:55.171Z,18.52
2026-05-03T02:29:53.444Z,18.46
2026-05-03T02:34:53.538Z,18.32
2026-05-03T02:39:53.573Z,18.26
2026-05-03T02:44:53.491Z,18.12
2026-05-03T02:49:53.87Z,18.03
2026-05-03T02:54:53.706Z,17.95
2026-05-03T02:59:54.962Z,17.86
2026-05-03T03:04:53.481Z,17.86
2026-05-03T03:09:53.547Z,17.77
2026-05-03T03:14:54.412Z,17.69
2026-05-03T03:19:53.295Z,17.72
2026-05-03T03:24:53.379Z,17.86
2026-05-03T03:29:53.549Z,17.83
2026-05-03T03:34:53.536Z,17.83
2026-05-03T03:39:53.723Z,17.86
2026-05-03T03:44:53.374Z,17.89
2026-05-03T03:49:54.076Z,17.86
2026-05-03T03:54:53.328Z,17.97
2026-05-03T03:59:53.282Z,18.03
2026-05-03T04:04:53.356Z,18.12
2026-05-03T04:09:53.762Z,18.18
2026-05-03T04:14:54.296Z,18.21
2026-05-03T04:19:53.521Z,18.15
2026-05-03T04:24:53.532Z,18.23
2026-05-03T04:29:55.011Z,18.29
2026-05-03T04:34:53.403Z,18.29
2026-05-03T04:39:53.387Z,18.32
2026-05-03T04:44:54.317Z,18.32
2026-05-03T04:49:53.853Z,18.29
2026-05-03T04:54:53.287Z,18.32
2026-05-03T04:59:53.447Z,18.23
2026-05-03T05:04:53.521Z,18.29
2026-05-03T05:09:53.353Z,18.35
2026-05-03T05:14:53.321Z,18.35
2026-05-03T05:19:53.424Z,18.38
2026-05-03T05:24:53.541Z,18.38
2026-05-03T05:29:53.549Z,18.35
2026-05-03T05:34:53.923Z,18.41
2026-05-03T05:39:53.45Z,18.49
2026-05-03T05:44:54.992Z,18.52
2026-05-03T05:49:53.467Z,18.58
2026-05-03T05:54:53.544Z,18.55
2026-05-03T05:59:53.378Z,18.67
2026-05-03T06:04:53.351Z,18.69
2026-05-03T06:09:53.441Z,18.75
2026-05-03T06:14:53.548Z,18.75
2026-05-03T06:19:54.841Z,18.75
2026-05-03T06:24:53.436Z,18.87
2026-05-03T06:29:53.437Z,18.98
2026-05-03T06:34:53.341Z,18.95
2026-05-03T06:39:53.481Z,19.04
2026-05-03T06:44:53.334Z,19.07
2026-05-03T06:49:53.368Z,19.13
2026-05-03T06:54:53.306Z,19.18
2026-05-03T06:59:53.528Z,19.21
2026-05-03T07:04:53.452Z,19.24
2026-05-03T07:09:53.594Z,19.21
2026-05-03T07:14:54.84Z,19.33
2026-05-03T07:19:53.272Z,19.27
2026-05-03T07:24:54.02Z,19.39
2026-05-03T07:29:53.558Z,19.27
2026-05-03T07:34:53.315Z,19.27
2026-05-03T07:39:53.309Z,19.27
2026-05-03T07:44:53.261Z,19.36
2026-05-03T07:49:53.324Z,19.3
2026-05-03T07:54:53.455Z,19.42
2026-05-03T07:59:53.371Z,19.39
2026-05-03T08:04:53.315Z,19.39
2026-05-03T08:09:53.397Z,19.44
2026-05-03T08:14:53.428Z,19.56
2026-05-03T08:19:53.362Z,19.7
2026-05-03T08:24:53.427Z,19.85
2026-05-03T08:29:53.5Z,19.96
2026-05-03T08:34:56.151Z,20.02
2026-05-03T08:39:53.263Z,20.02
2026-05-03T08:44:53.288Z,20.05
2026-05-03T08:49:53.608Z,20.19
2026-05-03T08:54:54.921Z,20.31
2026-05-03T08:59:53.304Z,20.48
2026-05-03T09:04:53.654Z,20.65
2026-05-03T09:09:53.446Z,20.83
2026-05-03T09:14:53.703Z,20.94
2026-05-03T09:19:53.341Z,20.97
2026-05-03T09:24:53.295Z,21.17
2026-05-03T09:29:54.901Z,21.23
2026-05-03T09:34:53.417Z,21.46
2026-05-03T09:39:53.413Z,21.28
2026-05-03T09:44:53.456Z,21.14
2026-05-03T09:49:53.376Z,21.06
2026-05-03T09:54:53.353Z,21.14
2026-05-03T09:59:53.555Z,21.37
2026-05-03T10:04:53.298Z,21.34
2026-05-03T10:09:53.536Z,21.51
2026-05-03T10:14:53.446Z,21.72
2026-05-03T10:19:53.345Z,21.72
2026-05-03T10:24:54.515Z,21.66
2026-05-03T10:29:53.476Z,22.06
2026-05-03T10:34:53.272Z,22.44
2026-05-03T10:39:53.287Z,22.55
2026-05-03T10:44:53.274Z,22.55
2026-05-03T10:49:53.462Z,22.61
2026-05-03T10:54:53.439Z,23.01
2026-05-03T10:59:55.347Z,23.56
2026-05-03T11:04:53.377Z,23.53
2026-05-03T11:09:53.333Z,23.65
2026-05-03T11:14:53.455Z,23.9
2026-05-03T11:19:54.639Z,23.96
2026-05-03T11:24:53.305Z,24.13
2026-05-03T11:29:53.625Z,23.93
2026-05-03T11:34:53.473Z,24.08
2026-05-03T11:39:55.05Z,24.31
2026-05-03T11:44:53.294Z,24.45
2026-05-03T11:49:53.523Z,24.68
2026-05-03T11:54:54.414Z,24.83
2026-05-03T11:59:53.285Z,24.74
2026-05-03T12:04:54.211Z,24.57
2026-05-03T12:09:53.314Z,24.71
2026-05-03T12:14:53.295Z,24.8
2026-05-03T12:19:53.534Z,24.97
2026-05-03T12:24:53.542Z,25.17
2026-05-03T12:29:53.402Z,25.57
2026-05-03T12:34:53.337Z,25.49
2026-05-03T12:39:53.343Z,25.55
2026-05-03T12:44:53.552Z,25.8
2026-05-03T12:49:53.533Z,25.52
2026-05-03T12:54:53.317Z,25.46
2026-05-03T12:59:53.394Z,25.32
2026-05-03T13:04:53.714Z,25.46
2026-05-03T13:09:53.308Z,25.37
2026-05-03T13:14:53.309Z,25.6
2026-05-03T13:19:53.269Z,26.04
2026-05-03T13:24:53.451Z,26.38
2026-05-03T13:29:53.431Z,26.69
2026-05-03T13:34:53.362Z,26.73
2026-05-03T13:39:53.387Z,26.81
2026-05-03T13:44:54.6Z,26.81
2026-05-03T13:49:53.283Z,26.95
2026-05-03T13:54:53.513Z,27.22
2026-05-03T13:59:53.354Z,27.33
2026-05-03T14:04:55.473Z,27.59
2026-05-03T14:09:53.362Z,27.73
2026-05-03T14:14:53.874Z,28.13
2026-05-03T14:19:55.77Z,27.99
2026-05-03T14:24:53.416Z,27.85
2026-05-03T14:29:53.39Z,27.56
2026-05-03T14:34:53.525Z,27.27
2026-05-03T14:39:53.834Z,27.36
2026-05-03T14:44:53.27Z,27.39
2026-05-03T14:49:53.328Z,27.56
2026-05-03T14:54:53.264Z,27.79
2026-05-03T14:59:53.269Z,28.02
2026-05-03T15:04:53.507Z,27.9
2026-05-03T15:09:53.364Z,27.82
2026-05-03T15:14:53.405Z,27.79
2026-05-03T15:19:53.502Z,27.93
2026-05-03T15:24:53.257Z,27.87
2026-05-03T15:29:53.31Z,27.56
2026-05-03T15:34:53.36Z,27.36
2026-05-03T15:39:53.438Z,27.22
2026-05-03T15:44:53.322Z,27.1
2026-05-03T15:49:55.605Z,27.07
2026-05-03T15:54:53.687Z,27.1
2026-05-03T15:59:53.326Z,27.22
2026-05-03T16:04:53.344Z,27.24
2026-05-03T16:09:53.529Z,26.87
2026-05-03T16:14:53.475Z,26.84
2026-05-03T16:19:53.532Z,26.78
2026-05-03T16:24:53.371Z,26.5
2026-05-03T16:29:53.271Z,26.55
2026-05-03T16:34:53.322Z,26.52
2026-05-03T16:39:53.32Z,26.67
2026-05-03T16:44:54.346Z,26.52
2026-05-03T16:49:53.451Z,26.61
2026-05-03T16:54:54.147Z,26.52
2026-05-03T16:59:53.304Z,26.38
2026-05-03T17:04:53.402Z,25.92
2026-05-03T17:09:53.377Z,25.52
2026-05-03T17:14:53.324Z,25.17
2026-05-03T17:19:53.363Z,24.88
2026-05-03T17:24:53.233Z,24.6
2026-05-03T17:29:53.235Z,24.39
2026-05-03T17:34:53.326Z,23.93
2026-05-03T17:39:53.38Z,23.76
2026-05-03T17:44:53.258Z,23.36
2026-05-03T17:49:53.514Z,23.1
2026-05-03T17:54:55.776Z,22.9
2026-05-03T17:59:53.338Z,22.64
2026-05-03T18:04:53.391Z,22.52
2026-05-03T18:09:53.315Z,22.44
2026-05-03T18:14:54.917Z,22.26
2026-05-03T18:19:53.871Z,21.97
2026-05-03T18:24:53.378Z,21.72
2026-05-03T18:29:53.318Z,21.51
2026-05-03T18:34:53.318Z,21.37
2026-05-03T18:39:53.524Z,21.34
2026-05-03T18:44:53.43Z,21.25
2026-05-03T18:49:53.426Z,21.06
2026-05-03T18:54:53.355Z,21.02
2026-05-03T18:59:53.365Z,20.88
2026-05-03T19:04:53.316Z,20.91
2026-05-03T19:09:53.382Z,20.88
2026-05-03T19:14:53.733Z,20.86
2026-05-03T19:19:53.361Z,20.83
2026-05-03T19:24:53.757Z,20.76
2026-05-03T19:29:53.42Z,20.74
2026-05-03T19:34:53.32Z,20.65
2026-05-03T19:39:53.426Z,20.53
2026-05-03T19:44:58.326Z,20.6
2026-05-03T19:49:55.899Z,20.42
2026-05-03T19:56:06.008Z,20.42
2026-05-03T20:00:38.146Z,20.45
2026-05-03T20:04:53.653Z,20.39
2026-05-03T20:09:53.331Z,20.34
2026-05-03T20:14:53.284Z,20.31
2026-05-03T20:19:54.221Z,20.45
2026-05-03T20:24:55.136Z,20.45
2026-05-03T20:29:53.98Z,20.42
2026-05-03T20:34:53.239Z,20.45
2026-05-03T20:39:53.505Z,20.51
2026-05-03T20:44:53.365Z,20.45
2026-05-03T20:49:53.404Z,20.42
2026-05-03T20:54:53.372Z,20.42
2026-05-03T20:59:54.682Z,20.42
2026-05-03T21:04:53.767Z,20.42
2026-05-03T21:09:53.281Z,20.48
2026-05-03T21:14:53.526Z,20.51
2026-05-03T21:19:53.295Z,20.6
2026-05-03T21:24:53.497Z,20.51
2026-05-03T21:29:53.419Z,20.51
2026-05-03T21:34:53.362Z,20.57
2026-05-03T21:39:53.382Z,20.51
2026-05-03T21:44:54.242Z,20.57
2026-05-03T21:49:53.318Z,20.45
2026-05-03T21:54:54.853Z,20.53
2026-05-03T21:59:53.354Z,20.57
2026-05-03T22:04:53.49Z,20.45
2026-05-03T22:09:54.357Z,20.45
2026-05-03T22:14:53.406Z,20.42
2026-05-03T22:19:53.736Z,20.37
2026-05-03T22:24:53.589Z,20.37
2026-05-03T22:29:53.262Z,20.34
2026-05-03T22:34:53.305Z,20.28
2026-05-03T22:39:53.398Z,20.16
2026-05-03T22:44:54.946Z,20.25
2026-05-03T22:49:53.39Z,20.19
2026-05-03T22:54:53.417Z,20.25
2026-05-03T22:59:53.511Z,20.19
2026-05-03T23:04:54.787Z,20.08
2026-05-03T23:09:53.337Z,20.05
2026-05-03T23:14:53.506Z,20.05
2026-05-03T23:19:54.462Z,20.11
2026-05-03T23:24:53.453Z,20.02
2026-05-03T23:29:53.509Z,19.88
2026-05-03T23:34:53.378Z,19.9
2026-05-03T23:39:53.287Z,19.93
2026-05-03T23:44:53.345Z,19.93
2026-05-03T23:49:53.27Z,20.02
2026-05-03T23:54:53.518Z,20.05
2026-05-03T23:59:53.283Z,20.02
2026-05-04T00:04:53.529Z,20.05
2026-05-04T00:09:53.375Z,20.05
2026-05-04T00:14:53.953Z,19.96
2026-05-04T00:19:53.439Z,19.99
2026-05-04T00:24:53.543Z,19.99
2026-05-04T00:29:53.311Z,20.08
2026-05-04T00:34:53.454Z,20.08
2026-05-04T00:39:53.244Z,20.05
2026-05-04T00:44:53.24Z,19.9
2026-05-04T00:49:54.902Z,19.82
2026-05-04T00:54:53.372Z,19.82
2026-05-04T00:59:53.462Z,19.76
2026-05-04T01:04:53.497Z,19.79
2026-05-04T01:09:53.407Z,19.85
2026-05-04T01:14:53.439Z,19.85
2026-05-04T01:19:53.391Z,19.88
2026-05-04T01:24:53.436Z,19.88
2026-05-04T01:29:53.941Z,19.9
2026-05-04T01:34:53.44Z,19.82
2026-05-04T01:39:53.228Z,19.79
2026-05-04T01:44:53.507Z,19.82
2026-05-04T01:49:53.319Z,19.76
2026-05-04T01:54:53.277Z,19.76
2026-05-04T01:59:53.475Z,19.7
2026-05-04T02:04:53.498Z,19.65
2026-05-04T02:09:53.339Z,19.53
2026-05-04T02:14:53.512Z,19.59
2026-05-04T02:19:53.269Z,19.53
2026-05-04T02:24:53.912Z,19.59
2026-05-04T02:29:53.263Z,19.62
2026-05-04T02:34:54.715Z,19.56
2026-05-04T02:39:54.108Z,19.59
2026-05-04T02:44:53.426Z,19.59
2026-05-04T02:49:53.809Z,19.59
2026-05-04T02:54:53.52Z,19.56
2026-05-04T02:59:54.918Z,19.47
2026-05-04T03:04:53.3Z,19.42
2026-05-04T03:09:53.515Z,19.42
2026-05-04T03:14:54.107Z,19.39
2026-05-04T03:19:53.329Z,19.42
2026-05-04T03:24:53.489Z,19.36
2026-05-04T03:29:53.415Z,19.24
2026-05-04T03:34:54.441Z,19.16
2026-05-04T03:39:53.379Z,19.01
2026-05-04T03:44:53.263Z,18.95
2026-05-04T03:49:53.242Z,18.93
2026-05-04T03:54:53.428Z,18.98
2026-05-04T03:59:53.409Z,19.04
2026-05-04T04:04:53.28Z,18.98
2026-05-04T04:09:54.798Z,18.95
2026-05-04T04:14:53.422Z,18.93
2026-05-04T04:19:53.416Z,19.01
2026-05-04T04:24:53.417Z,19.07
2026-05-04T04:29:53.493Z,19.07
2026-05-04T04:34:54.929Z,19.07
2026-05-04T04:39:53.681Z,19.1
2026-05-04T04:44:53.261Z,19.13
2026-05-04T04:49:53.264Z,19.16
2026-05-04T04:54:53.427Z,19.16
2026-05-04T04:59:53.298Z,19.16
2026-05-04T05:04:53.476Z,19.13
2026-05-04T05:09:53.406Z,19.1
2026-05-04T05:14:53.66Z,19.13
2026-05-04T05:19:53.335Z,19.13
2026-05-04T05:24:53.383Z,19.07
2026-05-04T05:29:53.379Z,18.95
2026-05-04T05:34:53.208Z,18.98
2026-05-04T05:39:53.43Z,18.95
2026-05-04T05:44:53.378Z,19.04
2026-05-04T05:49:54.244Z,19.1
2026-05-04T05:54:53.249Z,19.07
2026-05-04T05:59:53.216Z,19.13
2026-05-04T06:04:53.314Z,19.18
2026-05-04T06:09:53.217Z,19.18
2026-05-04T06:14:53.588Z,19.24
2026-05-04T06:19:57.891Z,19.39
2026-05-04T06:24:53.277Z,19.5
2026-05-04T06:29:53.241Z,19.5
2026-05-04T06:34:53.504Z,19.53
2026-05-04T06:39:53.258Z,19.59
2026-05-04T06:44:53.288Z,19.62
2026-05-04T06:49:55.068Z,19.7
2026-05-04T06:54:53.344Z,19.73
2026-05-04T06:59:53.339Z,19.79
2026-05-04T07:04:53.579Z,19.76
2026-05-04T07:09:54.046Z,19.85
2026-05-04T07:14:53.378Z,19.9
2026-05-04T07:19:53.488Z,20.02
2026-05-04T07:24:53.49Z,20.05
2026-05-04T07:29:54.84Z,20.05
2026-05-04T07:34:53.232Z,19.96
2026-05-04T07:39:53.196Z,20.02
2026-05-04T07:44:54.11Z,19.96
2026-05-04T07:49:53.478Z,19.85
2026-05-04T07:54:53.323Z,19.9
2026-05-04T07:59:54.866Z,19.99
2026-05-04T08:04:55.529Z,20.05
2026-05-04T08:09:53.413Z,20.34
2026-05-04T08:14:53.238Z,20.45
2026-05-04T08:19:53.479Z,20.71
2026-05-04T08:24:53.231Z,20.74
2026-05-04T08:29:53.486Z,20.88
2026-05-04T08:34:53.292Z,21.06
2026-05-04T08:39:53.478Z,21.25
2026-05-04T08:44:53.48Z,21.4
2026-05-04T08:49:54.684Z,21.49
2026-05-04T08:54:54.927Z,21.57
2026-05-04T08:59:53.251Z,21.57
2026-05-04T09:04:53.211Z,21.92
2026-05-04T09:09:53.439Z,22.09
2026-05-04T09:14:53.399Z,22.23
2026-05-04T09:19:55.15Z,22.04
2026-05-04T09:24:53.435Z,21.92
2026-05-04T09:29:54.184Z,21.95
2026-05-04T09:34:53.345Z,22.18
2026-05-04T09:39:53.357Z,22.46
2026-05-04T09:44:53.377Z,22.69
2026-05-04T09:49:53.212Z,22.67
2026-05-04T09:54:54.728Z,22.61
2026-05-04T09:59:53.341Z,22.75
2026-05-04T10:04:53.237Z,22.9
2026-05-04T10:09:53.657Z,23.21
2026-05-04T10:14:53.421Z,23.39
2026-05-04T10:19:53.27Z,23.39
2026-05-04T10:24:53.757Z,23.53
2026-05-04T10:29:54.835Z,23.65
2026-05-04T10:34:53.386Z,24.02
2026-05-04T10:39:53.202Z,24.39
2026-05-04T10:44:53.223Z,24.8
2026-05-04T10:49:53.597Z,25.2
2026-05-04T10:54:53.434Z,25.69
2026-05-04T10:59:53.401Z,25.92
2026-05-04T11:04:53.217Z,26.04
2026-05-04T11:09:53.19Z,25.34
2026-05-04T11:14:53.299Z,25.11
2026-05-04T11:19:53.289Z,25.49
2026-05-04T11:24:54.479Z,25.95
2026-05-04T11:29:53.345Z,26.12
2026-05-04T11:34:53.343Z,26.24
2026-05-04T11:39:53.327Z,26.44
2026-05-04T11:44:53.317Z,26.38
2026-05-04T11:49:53.18Z,26.5
2026-05-04T11:54:53.217Z,26.55
2026-05-04T11:59:53.571Z,26.76
2026-05-04T12:04:53.351Z,26.84
2026-05-04T12:09:53.18Z,26.9
2026-05-04T12:14:53.343Z,27.36
2026-05-04T12:19:54.664Z,27.22
2026-05-04T12:24:53.882Z,27.1
2026-05-04T12:29:53.212Z,27.16
2026-05-04T12:34:53.346Z,27.1
2026-05-04T12:39:53.389Z,26.9
2026-05-04T12:44:53.353Z,26.87
2026-05-04T12:49:54.681Z,27.18
2026-05-04T12:54:53.291Z,27.36
2026-05-04T12:59:53.206Z,27.3
2026-05-04T13:04:53.353Z,27.22
2026-05-04T13:09:53.371Z,27.33
2026-05-04T13:14:53.192Z,27.48
2026-05-04T13:19:53.361Z,27.5
2026-05-04T13:24:53.254Z,27.36
2026-05-04T13:29:53.336Z,27.85
2026-05-04T13:34:53.186Z,27.67
2026-05-04T13:39:53.322Z,27.87
2026-05-04T13:44:53.242Z,28.31
2026-05-04T13:49:54.133Z,28.77
2026-05-04T13:54:53.453Z,28.97
2026-05-04T13:59:53.276Z,29.03
2026-05-04T14:04:53.357Z,28.97
2026-05-04T14:09:53.224Z,28.74
2026-05-04T14:14:53.442Z,28.62
2026-05-04T14:19:53.904Z,28.54
2026-05-04T14:24:53.72Z,28.28
2026-05-04T14:29:53.302Z,28.42
2026-05-04T14:34:53.331Z,28.11
2026-05-04T14:39:53.804Z,27.85
2026-05-04T14:44:53.243Z,28.22
2026-05-04T14:49:53.243Z,28.62
2026-05-04T14:54:53.33Z,28.54
2026-05-04T14:59:54.364Z,28.51
2026-05-04T15:04:53.379Z,28.19
2026-05-04T15:09:54.942Z,28.02
2026-05-04T15:14:53.235Z,28.13
2026-05-04T15:19:53.332Z,28.45
2026-05-04T15:24:55.908Z,28.16
2026-05-04T15:29:53.715Z,27.97
2026-05-04T15:34:53.28Z,27.76
2026-05-04T15:39:53.303Z,27.5
2026-05-04T15:44:53.416Z,27.27
2026-05-04T15:49:53.672Z,27.24
2026-05-04T15:54:53.446Z,27.16
2026-05-04T15:59:54.09Z,27.44
2026-05-04T16:04:53.445Z,27.71
2026-05-04T16:09:53.286Z,27.24
2026-05-04T16:14:53.425Z,27.13
2026-05-04T16:19:53.204Z,27.24
2026-05-04T16:24:53.241Z,27.41
2026-05-04T16:29:53.408Z,27.53
2026-05-04T16:34:53.298Z,27.48
2026-05-04T16:39:54.379Z,27.5
2026-05-04T16:44:53.196Z,27.56
2026-05-04T16:49:53.342Z,27.39
2026-05-04T16:54:53.217Z,27.18
2026-05-04T16:59:53.288Z,27.07
2026-05-04T17:04:53.63Z,27.01
2026-05-04T17:09:53.23Z,27.04
2026-05-04T17:14:53.314Z,27.01
2026-05-04T17:19:53.284Z,26.73
2026-05-04T17:24:53.4Z,26.52
2026-05-04T17:29:54.052Z,26.24
2026-05-04T17:34:53.783Z,25.89
2026-05-04T17:39:53.18Z,25.86
2026-05-04T17:44:54.289Z,25.8
2026-05-04T17:49:53.26Z,25.78
2026-05-04T17:54:53.167Z,25.75
2026-05-04T17:59:53.522Z,25.66
2026-05-04T18:04:53.358Z,25.66
2026-05-04T18:09:53.331Z,25.55
2026-05-04T18:14:53.28Z,25.46
2026-05-04T18:19:53.248Z,25.23
2026-05-04T18:24:53.243Z,25.11
2026-05-04T18:29:53.326Z,24.94
2026-05-04T18:34:54.523Z,24.62
2026-05-04T18:39:55.327Z,24.51
2026-05-04T18:44:54.614Z,24.42
2026-05-04T18:49:53.427Z,24.22
2026-05-04T18:54:53.901Z,24.19
2026-05-04T18:59:53.341Z,24.02
2026-05-04T19:04:53.292Z,23.9
2026-05-04T19:09:53.294Z,23.56
2026-05-04T19:14:54.141Z,23.62
2026-05-04T19:19:53.177Z,23.47
2026-05-04T19:24:53.211Z,23.41
2026-05-04T19:29:53.214Z,23.33
2026-05-04T19:34:53.235Z,23.18
2026-05-04T19:39:53.485Z,22.72
2026-05-04T19:44:53.504Z,22.58
2026-05-04T19:49:53.195Z,22.52
2026-05-04T19:54:53.228Z,22.41
2026-05-04T19:59:53.753Z,22.38
2026-05-04T20:04:53.28Z,22.21
2026-05-04T20:09:53.244Z,22.12
2026-05-04T20:14:53.284Z,22.0
2026-05-04T20:19:53.373Z,22.06
2026-05-04T20:24:53.34Z,22.04
2026-05-04T20:29:53.247Z,22.06
2026-05-04T20:34:53.174Z,22.06
2026-05-04T20:39:53.217Z,21.97
2026-05-04T20:44:54.516Z,21.81
2026-05-04T20:49:53.368Z,21.66
2026-05-04T20:54:53.394Z,21.49
2026-05-04T20:59:53.34Z,21.23
2026-05-04T21:04:53.921Z,21.32
2026-05-04T21:09:53.173Z,21.25
2026-05-04T21:14:53.397Z,21.17
2026-05-04T21:19:54.076Z,21.14
2026-05-04T21:24:53.587Z,20.88
2026-05-04T21:29:53.421Z,20.74
2026-05-04T21:34:53.395Z,20.65
2026-05-04T21:39:53.391Z,20.57
2026-05-04T21:44:54.868Z,20.37
2026-05-04T21:49:53.289Z,20.22
2026-05-04T21:54:53.191Z,20.11
2026-05-04T21:59:53.168Z,20.02
2026-05-04T22:04:53.41Z,19.9
2026-05-04T22:09:53.221Z,19.73
2026-05-04T22:14:53.296Z,19.59
2026-05-04T22:19:53.382Z,19.39
2026-05-04T22:24:53.39Z,19.21
2026-05-04T22:29:53.185Z,19.04
2026-05-04T22:34:53.199Z,18.95
2026-05-04T22:39:54.473Z,18.9
2026-05-04T22:44:53.548Z,18.75
2026-05-04T22:49:53.57Z,18.67
2026-05-04T22:54:53.425Z,18.58
2026-05-04T22:59:53.216Z,18.52
2026-05-04T23:04:53.361Z,18.49
2026-05-04T23:09:53.186Z,18.52
2026-05-04T23:14:54.555Z,18.41
2026-05-04T23:19:53.24Z,18.23
2026-05-04T23:24:53.394Z,18.21
2026-05-04T23:29:53.529Z,18.15
2026-05-04T23:34:54.607Z,18.06
2026-05-04T23:39:53.273Z,18.06
2026-05-04T23:44:53.405Z,18.09
2026-05-04T23:49:53.228Z,18.15
2026-05-04T23:54:53.176Z,18.35
2026-05-04T23:59:53.366Z,18.52
2026-05-05T00:04:53.235Z,18.58
2026-05-05T00:09:53.593Z,18.69
2026-05-05T00:14:53.232Z,18.61
2026-05-05T00:19:53.394Z,18.49
2026-05-05T00:24:53.464Z,18.41
2026-05-05T00:29:54.973Z,18.44
2026-05-05T00:34:53.404Z,18.38
2026-05-05T00:39:53.279Z,18.35
2026-05-05T00:44:53.755Z,18.21
2026-05-05T00:49:53.296Z,17.95
2026-05-05T00:54:53.386Z,17.83
2026-05-05T00:59:53.42Z,17.66
2026-05-05T01:04:53.304Z,17.57
2026-05-05T01:09:55.05Z,17.51
2026-05-05T01:14:53.265Z,17.34
2026-05-05T01:19:53.421Z,17.43
2026-05-05T01:24:53.178Z,17.46
2026-05-05T01:29:54.537Z,17.54
2026-05-05T01:34:54.372Z,17.72
2026-05-05T01:39:53.268Z,17.83
2026-05-05T01:44:54.943Z,17.89
2026-05-05T01:49:53.298Z,17.66
2026-05-05T01:54:53.382Z,17.57
2026-05-05T01:59:53.413Z,17.34
2026-05-05T02:04:53.38Z,17.14
2026-05-05T02:09:53.413Z,16.88
2026-05-05T02:14:53.408Z,16.71
2026-05-05T02:19:54.158Z,16.48
2026-05-05T02:24:53.248Z,16.25
2026-05-05T02:29:53.33Z,16.22
2026-05-05T02:34:53.602Z,16.37
2026-05-05T02:39:53.192Z,16.77
2026-05-05T02:44:53.383Z,16.91
2026-05-05T02:49:53.247Z,17.08
2026-05-05T02:54:55.594Z,17.0
2026-05-05T02:59:53.403Z,16.97
2026-05-05T03:04:54.157Z,16.97
2026-05-05T03:09:53.364Z,17.08
2026-05-05T03:14:53.278Z,16.97
2026-05-05T03:19:53.202Z,17.0
2026-05-05T03:24:53.384Z,17.0
2026-05-05T03:29:53.222Z,16.91
2026-05-05T03:34:54.479Z,16.88
2026-05-05T03:39:54.242Z,16.77
2026-05-05T03:44:56.463Z,16.79
2026-05-05T03:49:53.357Z,16.74
2026-05-05T03:54:53.426Z,16.59
2026-05-05T03:59:53.43Z,16.65
2026-05-05T04:04:53.481Z,16.62
2026-05-05T04:09:53.259Z,16.62
2026-05-05T04:14:53.365Z,16.68
2026-05-05T04:19:53.317Z,16.65
2026-05-05T04:24:53.338Z,16.59
2026-05-05T04:29:54.79Z,16.59
2026-05-05T04:34:53.241Z,16.56
2026-05-05T04:39:53.357Z,16.59
2026-05-05T04:44:53.375Z,16.59
2026-05-05T04:49:54.647Z,16.48
2026-05-05T04:54:53.429Z,16.42
2026-05-05T04:59:53.253Z,16.39
2026-05-05T05:04:53.208Z,16.51
2026-05-05T05:09:53.6Z,16.53
2026-05-05T05:14:53.194Z,16.51
2026-05-05T05:19:53.41Z,16.53
2026-05-05T05:24:53.231Z,16.45
2026-05-05T05:29:54.244Z,16.45
2026-05-05T05:34:53.257Z,16.45
2026-05-05T05:39:53.261Z,16.62
2026-05-05T05:44:53.389Z,16.68
2026-05-05T05:49:53.381Z,16.71
2026-05-05T05:54:53.182Z,16.91
2026-05-05T05:59:53.912Z,16.97
2026-05-05T06:04:53.198Z,17.08
2026-05-05T06:09:53.59Z,17.2
2026-05-05T06:14:53.619Z,17.4
2026-05-05T06:19:53.575Z,17.57
2026-05-05T06:24:53.307Z,17.74
2026-05-05T06:29:53.411Z,17.92
2026-05-05T06:34:56.462Z,18.09
2026-05-05T06:39:53.339Z,18.44
2026-05-05T06:44:53.333Z,18.55
2026-05-05T06:49:53.205Z,18.75
2026-05-05T06:54:53.397Z,18.93
2026-05-05T06:59:53.418Z,19.27
2026-05-05T07:04:53.198Z,19.56
2026-05-05T07:09:55.136Z,19.88
2026-05-05T07:14:53.222Z,20.08
2026-05-05T07:19:53.792Z,20.34
2026-05-05T07:24:53.411Z,20.53
2026-05-05T07:29:53.2Z,20.86
2026-05-05T07:34:53.76Z,21.09
2026-05-05T07:39:53.267Z,21.14
2026-05-05T07:44:54.739Z,21.11
2026-05-05T07:49:53.397Z,21.28
2026-05-05T07:54:53.335Z,21.51
2026-05-05T07:59:53.436Z,21.6
2026-05-05T08:04:54.863Z,21.69
2026-05-05T08:09:53.202Z,21.83
2026-05-05T08:14:55.47Z,22.04
2026-05-05T08:19:53.285Z,22.26
2026-05-05T08:24:53.207Z,22.49
2026-05-05T08:29:53.25Z,22.61
2026-05-05T08:34:53.403Z,22.69
2026-05-05T08:39:53.389Z,22.9
2026-05-05T08:44:54.141Z,22.87
2026-05-05T08:49:53.168Z,23.1
2026-05-05T08:54:54.921Z,23.1
2026-05-05T08:59:53.253Z,23.1
2026-05-05T09:04:53.326Z,23.44
2026-05-05T09:09:53.249Z,23.39
2026-05-05T09:14:53.395Z,23.7
2026-05-05T09:19:54.109Z,23.73
2026-05-05T09:24:53.203Z,23.79
2026-05-05T09:29:53.432Z,23.96
2026-05-05T09:34:55.473Z,24.13
2026-05-05T09:39:53.222Z,24.13
2026-05-05T09:44:53.406Z,24.31
2026-05-05T09:49:53.188Z,24.42
2026-05-05T09:54:53.191Z,24.62
2026-05-05T09:59:53.298Z,24.68
2026-05-05T10:04:53.189Z,24.51
2026-05-05T10:09:53.54Z,24.65
2026-05-05T10:14:53.479Z,24.83
2026-05-05T10:19:53.405Z,24.91
2026-05-05T10:24:53.32Z,25.26
2026-05-05T10:29:53.199Z,25.57
2026-05-05T10:34:53.431Z,25.6
2026-05-05T10:39:53.507Z,25.83
2026-05-05T10:44:53.323Z,25.89
2026-05-05T10:49:53.173Z,25.89
2026-05-05T10:54:53.333Z,25.83
2026-05-05T10:59:53.443Z,25.97
2026-05-05T11:04:53.377Z,25.92
2026-05-05T11:09:53.34Z,25.72
2026-05-05T11:14:53.434Z,25.66
2026-05-05T11:19:53.673Z,25.63
2026-05-05T11:24:53.277Z,25.89
2026-05-05T11:29:53.282Z,25.89
2026-05-05T11:34:53.488Z,25.86
2026-05-05T11:39:55.334Z,26.04
2026-05-05T11:44:53.295Z,26.38
2026-05-05T11:49:53.384Z,26.76
2026-05-05T11:54:53.273Z,26.64
2026-05-05T11:59:53.203Z,26.5
2026-05-05T12:04:53.601Z,26.9
2026-05-05T12:09:53.413Z,27.01
2026-05-05T12:14:53.381Z,26.9
2026-05-05T12:19:54.381Z,26.81
2026-05-05T12:24:55.121Z,26.69
2026-05-05T12:29:53.372Z,26.58
2026-05-05T12:34:53.407Z,27.01
2026-05-05T12:39:54.948Z,27.07
2026-05-05T12:44:53.405Z,27.13
2026-05-05T12:49:53.544Z,27.24
2026-05-05T12:54:53.976Z,27.39
2026-05-05T12:59:56.348Z,27.41
2026-05-05T13:04:53.369Z,27.5
2026-05-05T13:09:53.362Z,27.76
2026-05-05T13:14:53.323Z,28.05
2026-05-05T13:19:53.318Z,27.87
2026-05-05T13:24:55.205Z,27.64
2026-05-05T13:29:53.249Z,27.62
2026-05-05T13:34:54.369Z,27.71
2026-05-05T13:39:53.232Z,27.62
2026-05-05T13:44:53.355Z,27.73
2026-05-05T13:49:53.847Z,27.64
2026-05-05T13:54:53.24Z,27.64
2026-05-05T13:59:53.228Z,27.64
2026-05-05T14:04:55.598Z,27.56
2026-05-05T14:09:54.451Z,27.33
2026-05-05T14:14:53.372Z,27.44
2026-05-05T14:19:53.413Z,27.62
2026-05-05T14:24:54.131Z,27.67
2026-05-05T14:29:53.218Z,27.62
2026-05-05T14:34:53.624Z,27.79
2026-05-05T14:39:53.398Z,27.79
2026-05-05T14:44:53.247Z,27.53
2026-05-05T14:49:55.396Z,27.5
2026-05-05T14:54:53.453Z,27.36
2026-05-05T14:59:53.941Z,27.53
2026-05-05T15:04:53.405Z,27.67
2026-05-05T15:09:53.406Z,27.67
2026-05-05T15:14:53.296Z,27.76
2026-05-05T15:19:53.408Z,27.73
2026-05-05T15:24:53.281Z,27.71
2026-05-05T15:29:53.614Z,27.99
2026-05-05T15:34:53.415Z,27.99
2026-05-05T15:39:53.577Z,27.82
2026-05-05T15:44:53.715Z,27.62
2026-05-05T15:49:53.212Z,27.56
2026-05-05T15:54:53.38Z,27.3
2026-05-05T15:59:53.259Z,27.36
2026-05-05T16:04:53.342Z,27.18
2026-05-05T16:09:53.428Z,27.33
2026-05-05T16:14:53.473Z,27.3
2026-05-05T16:19:53.311Z,27.24
2026-05-05T16:24:54.496Z,27.18
2026-05-05T16:29:53.366Z,26.84
2026-05-05T16:34:53.169Z,26.99
2026-05-05T16:39:53.659Z,26.87
2026-05-05T16:44:53.392Z,26.67
2026-05-05T16:49:55.099Z,26.61
2026-05-05T16:54:53.35Z,26.67
2026-05-05T16:59:53.37Z,26.38
2026-05-05T17:04:53.236Z,26.29
2026-05-05T17:09:53.87Z,26.24
2026-05-05T17:14:53.298Z,25.95
2026-05-05T17:19:53.21Z,25.86
2026-05-05T17:24:53.379Z,25.63
2026-05-05T17:29:53.185Z,25.57
2026-05-05T17:34:53.193Z,25.6
2026-05-05T17:39:53.393Z,25.43
2026-05-05T17:44:53.206Z,25.23
2026-05-05T17:49:53.177Z,25.11
2026-05-05T17:54:53.179Z,24.94
2026-05-05T17:59:53.391Z,25.0
2026-05-05T18:04:53.391Z,24.77
2026-05-05T18:09:53.259Z,24.54
2026-05-05T18:14:53.448Z,24.42
2026-05-05T18:19:53.495Z,24.19
2026-05-05T18:24:54.87Z,24.05
2026-05-05T18:29:54.89Z,23.85
2026-05-05T18:34:53.259Z,23.67
2026-05-05T18:39:53.403Z,23.53
2026-05-05T18:44:53.275Z,23.39
2026-05-05T18:49:56.845Z,23.18
2026-05-05T18:54:55.169Z,22.95
2026-05-05T18:59:53.49Z,22.84
2026-05-05T19:04:53.243Z,22.61
2026-05-05T19:09:53.346Z,22.44
2026-05-05T19:14:53.421Z,22.23
2026-05-05T19:19:53.497Z,22.0
2026-05-05T19:24:53.178Z,21.89
2026-05-05T19:29:53.316Z,21.81
2026-05-05T19:34:53.2Z,21.72
2026-05-05T19:39:53.407Z,21.57
2026-05-05T19:44:53.546Z,21.55
2026-05-05T19:49:53.159Z,21.43
2026-05-05T19:54:53.261Z,21.34
2026-05-05T19:59:53.193Z,21.32
2026-05-05T20:04:53.25Z,21.2
2026-05-05T20:09:54.673Z,21.23
2026-05-05T20:14:53.279Z,21.28
2026-05-05T20:19:53.297Z,21.23
2026-05-05T20:24:53.353Z,21.14
2026-05-05T20:29:53.32Z,21.14
2026-05-05T20:34:53.406Z,21.06
2026-05-05T20:39:53.941Z,20.91
2026-05-05T20:44:54.281Z,20.76
2026-05-05T20:49:53.281Z,20.6
2026-05-05T20:54:54.853Z,20.42
2026-05-05T20:59:53.184Z,20.34
2026-05-05T21:04:53.766Z,20.28
2026-05-05T21:09:53.217Z,20.28
2026-05-05T21:14:53.496Z,20.37
2026-05-05T21:19:53.293Z,20.16
2026-05-05T21:24:53.376Z,20.08
2026-05-05T21:29:53.234Z,19.85
2026-05-05T21:34:53.362Z,19.9
2026-05-05T21:39:53.326Z,19.88
2026-05-05T21:44:53.279Z,19.93
2026-05-05T21:49:53.22Z,19.96
2026-05-05T21:54:53.23Z,19.93
2026-05-05T21:59:53.39Z,19.99
2026-05-05T22:04:53.646Z,20.02
2026-05-05T22:09:54.048Z,19.99
2026-05-05T22:14:53.361Z,20.02
2026-05-05T22:19:53.443Z,19.99
2026-05-05T22:24:53.312Z,19.96
2026-05-05T22:29:53.385Z,20.05
2026-05-05T22:34:53.213Z,19.9
2026-05-05T22:39:53.334Z,19.82
2026-05-05T22:44:53.814Z,19.59
2026-05-05T22:49:53.349Z,19.44
2026-05-05T22:54:53.422Z,19.3
2026-05-05T22:59:53.385Z,19.21
2026-05-05T23:04:54.033Z,19.16
2026-05-05T23:09:53.2Z,19.16
2026-05-05T23:14:53.368Z,19.13
2026-05-05T23:19:53.909Z,18.9
2026-05-05T23:24:53.556Z,18.67
2026-05-05T23:29:53.272Z,18.52
2026-05-05T23:34:53.192Z,18.41
2026-05-05T23:39:53.357Z,18.29
2026-05-05T23:44:53.248Z,18.15
2026-05-05T23:49:53.326Z,18.0
2026-05-05T23:54:53.396Z,17.83
2026-05-05T23:59:53.278Z,17.74
2026-05-06T00:04:53.805Z,17.77
2026-05-06T00:09:54.511Z,17.86
2026-05-06T00:14:53.289Z,17.95
2026-05-06T00:19:53.311Z,17.97
2026-05-06T00:24:53.291Z,17.92
2026-05-06T00:29:54.313Z,17.74
2026-05-06T00:34:54.397Z,17.63
2026-05-06T00:39:53.344Z,17.31
2026-05-06T00:44:55.049Z,17.31
2026-05-06T00:49:53.253Z,17.31
2026-05-06T00:54:53.205Z,17.46
2026-05-06T00:59:53.197Z,17.51
2026-05-06T01:04:53.711Z,17.54
2026-05-06T01:09:53.172Z,17.51
2026-05-06T01:14:53.196Z,17.4
2026-05-06T01:19:53.417Z,17.43
2026-05-06T01:24:53.293Z,17.34
2026-05-06T01:29:53.424Z,17.23
2026-05-06T01:34:54.174Z,17.2
2026-05-06T01:39:53.279Z,17.11
2026-05-06T01:44:53.394Z,17.05
2026-05-06T01:49:53.187Z,16.97
2026-05-06T01:54:53.206Z,16.91
2026-05-06T01:59:53.509Z,16.79
2026-05-06T02:04:53.347Z,16.79
2026-05-06T02:09:53.196Z,16.71
2026-05-06T02:14:53.386Z,16.65
2026-05-06T02:19:54.359Z,16.53
2026-05-06T02:24:53.163Z,16.48
2026-05-06T02:29:53.242Z,16.33
2026-05-06T02:34:53.58Z,16.14
2026-05-06T02:39:53.191Z,15.76
2026-05-06T02:44:53.46Z,15.58
2026-05-06T02:49:53.392Z,15.39
2026-05-06T02:54:53.345Z,15.21
2026-05-06T02:59:53.291Z,15.39
2026-05-06T03:04:53.311Z,15.47
2026-05-06T03:09:53.742Z,15.53
2026-05-06T03:14:53.361Z,15.65
2026-05-06T03:19:53.42Z,15.65
2026-05-06T03:24:53.62Z,15.81
2026-05-06T03:29:53.242Z,15.81
2026-05-06T03:34:54.312Z,15.9
2026-05-06T03:39:54.803Z,15.65
2026-05-06T03:44:53.551Z,15.58
2026-05-06T03:49:53.759Z,15.27
2026-05-06T03:54:54.37Z,15.16
2026-05-06T03:59:53.203Z,15.07
2026-05-06T04:04:53.195Z,15.07
2026-05-06T04:09:53.268Z,15.04
2026-05-06T04:14:53.279Z,15.04
2026-05-06T04:19:53.188Z,15.01
2026-05-06T04:24:53.394Z,15.19
2026-05-06T04:29:53.26Z,15.19
2026-05-06T04:34:53.657Z,15.09
2026-05-06T04:39:53.179Z,14.93
2026-05-06T04:44:53.154Z,14.75
2026-05-06T04:49:53.305Z,14.55
2026-05-06T04:54:54.796Z,14.35
2026-05-06T04:59:53.384Z,14.29
2026-05-06T05:04:53.69Z,14.06
2026-05-06T05:09:53.223Z,14.0
2026-05-06T05:14:53.2Z,14.0
2026-05-06T05:19:54.255Z,14.0
2026-05-06T05:24:53.764Z,13.98
2026-05-06T05:29:53.303Z,14.26
2026-05-06T05:34:53.417Z,14.47
2026-05-06T05:39:53.195Z,14.86
2026-05-06T05:44:53.308Z,15.76
2026-05-06T05:49:53.316Z,16.65
2026-05-06T05:54:53.158Z,17.2
2026-05-06T05:59:53.262Z,17.37
2026-05-06T06:04:54.804Z,17.66
2026-05-06T06:09:53.179Z,17.74
2026-05-06T06:14:56.759Z,17.95
2026-05-06T06:19:54.822Z,18.09
2026-05-06T06:24:53.283Z,18.23
2026-05-06T06:29:53.364Z,18.35
2026-05-06T06:34:53.351Z,18.55
2026-05-06T06:39:53.221Z,18.61
2026-05-06T06:44:53.157Z,18.72
2026-05-06T06:49:53.203Z,18.81
2026-05-06T06:54:53.474Z,18.78
2026-05-06T06:59:54.213Z,18.87
2026-05-06T07:04:53.617Z,18.95
2026-05-06T07:09:53.326Z,19.04
2026-05-06T07:14:53.305Z,19.27
2026-05-06T07:19:53.345Z,19.36
2026-05-06T07:24:53.198Z,19.47
2026-05-06T07:29:53.298Z,19.76
2026-05-06T07:34:53.773Z,19.99
2026-05-06T07:39:53.347Z,20.14
2026-05-06T07:44:53.295Z,20.19
2026-05-06T07:49:53.3Z,20.28
2026-05-06T07:54:53.408Z,20.34
2026-05-06T07:59:53.355Z,20.39
2026-05-06T08:04:53.338Z,20.57
2026-05-06T08:09:53.281Z,20.68
2026-05-06T08:16:00.458Z,20.79
2026-05-06T08:19:53.388Z,20.97
2026-05-06T08:24:53.396Z,21.2
2026-05-06T08:29:55.201Z,21.32
2026-05-06T08:34:53.569Z,21.11
2026-05-06T08:39:53.305Z,21.43
2026-05-06T08:44:53.239Z,21.83
2026-05-06T08:49:53.164Z,21.49
2026-05-06T08:54:53.289Z,21.46
2026-05-06T08:59:53.209Z,21.6
2026-05-06T09:04:53.399Z,21.74
2026-05-06T09:09:53.18Z,22.04
2026-05-06T09:14:53.193Z,22.21
2026-05-06T09:19:53.346Z,22.46
2026-05-06T09:24:53.142Z,22.61
2026-05-06T09:29:53.306Z,22.98
2026-05-06T09:34:53.343Z,23.13
2026-05-06T09:39:55.406Z,23.04
2026-05-06T09:44:53.207Z,23.33
2026-05-06T09:49:53.346Z,23.27
2026-05-06T09:54:53.321Z,23.44
2026-05-06T09:59:53.37Z,23.53
2026-05-06T10:04:53.38Z,23.7
2026-05-06T10:09:53.969Z,23.5
2026-05-06T10:14:53.393Z,23.88
2026-05-06T10:19:53.339Z,24.13
2026-05-06T10:24:53.257Z,24.37
2026-05-06T10:29:54.143Z,24.62
2026-05-06T10:34:53.196Z,24.74
2026-05-06T10:39:53.265Z,25.0
2026-05-06T10:44:53.25Z,24.91
2026-05-06T10:49:53.264Z,24.8
2026-05-06T10:54:53.381Z,24.88
2026-05-06T10:59:53.379Z,24.68
2026-05-06T11:04:53.214Z,25.32
2026-05-06T11:09:53.26Z,25.43
2026-05-06T11:14:53.299Z,25.37
2026-05-06T11:19:53.401Z,25.55
2026-05-06T11:24:53.39Z,25.72
2026-05-06T11:29:53.392Z,25.6
2026-05-06T11:34:53.337Z,25.49
2026-05-06T11:39:53.203Z,25.26
2026-05-06T11:44:54.666Z,25.2
2026-05-06T11:49:53.183Z,24.94
2026-05-06T11:54:53.261Z,25.09
2026-05-06T11:59:53.276Z,25.0
2026-05-06T12:04:53.171Z,25.46
2026-05-06T12:09:53.393Z,25.49
2026-05-06T12:14:53.367Z,25.2
2026-05-06T12:19:53.189Z,25.34
2026-05-06T12:24:53.323Z,25.43
2026-05-06T12:29:53.382Z,25.37
2026-05-06T12:34:53.791Z,24.94
2026-05-06T12:39:53.262Z,25.09
2026-05-06T12:44:53.243Z,25.09
2026-05-06T12:49:53.132Z,25.11
2026-05-06T12:54:53.26Z,25.06
2026-05-06T12:59:53.383Z,25.06
2026-05-06T13:04:53.23Z,24.88
2026-05-06T13:09:53.214Z,24.77
2026-05-06T13:14:54.671Z,24.77
2026-05-06T13:19:53.21Z,24.57
2026-05-06T13:24:53.387Z,24.94
2026-05-06T13:29:53.814Z,25.03
2026-05-06T13:34:53.301Z,24.88
2026-05-06T13:39:53.233Z,24.74
2026-05-06T13:44:53.279Z,24.51
2026-05-06T13:49:53.185Z,24.22
2026-05-06T13:54:53.188Z,24.28
2026-05-06T13:59:53.352Z,24.11
2026-05-06T14:04:53.818Z,24.48
2026-05-06T14:09:54.999Z,24.45
2026-05-06T14:14:53.165Z,24.22
2026-05-06T14:19:53.262Z,24.05
2026-05-06T14:24:53.169Z,23.99
2026-05-06T14:29:53.227Z,23.99
2026-05-06T14:34:53.125Z,23.88
2026-05-06T14:39:53.193Z,23.67
2026-05-06T14:44:53.331Z,23.65
2026-05-06T14:49:53.369Z,23.44
2026-05-06T14:54:53.35Z,23.3
2026-05-06T14:59:53.654Z,23.56
2026-05-06T15:04:53.18Z,23.39
2026-05-06T15:09:53.343Z,23.07
2026-05-06T15:14:53.26Z,23.04
2026-05-06T15:19:53.395Z,23.1
2026-05-06T15:24:53.177Z,23.24
2026-05-06T15:29:53.411Z,22.93
2026-05-06T15:34:53.126Z,22.67
2026-05-06T15:39:53.255Z,22.32
2026-05-06T15:44:53.386Z,22.21
2026-05-06T15:49:53.155Z,22.12
2026-05-06T15:54:53.77Z,21.95
2026-05-06T15:59:53.344Z,22.06
2026-05-06T16:04:53.322Z,22.12
2026-05-06T16:09:53.321Z,22.32
2026-05-06T16:14:54.347Z,22.26
2026-05-06T16:19:53.4Z,22.26
2026-05-06T16:25:30.51Z,22.26
2026-05-06T16:29:53.626Z,22.12
2026-05-06T16:34:53.266Z,22.0
2026-05-06T16:39:53.583Z,21.97
2026-05-06T16:44:53.303Z,21.86
2026-05-06T16:49:54.638Z,21.86
2026-05-06T16:54:53.32Z,21.83
2026-05-06T16:59:53.302Z,22.09
2026-05-06T17:04:53.391Z,22.0
2026-05-06T17:09:53.217Z,21.89
2026-05-06T17:14:53.407Z,21.69
2026-05-06T17:19:53.118Z,21.66
2026-05-06T17:24:53.135Z,21.51
2026-05-06T17:29:53.284Z,21.46
2026-05-06T17:34:53.23Z,21.51
2026-05-06T17:39:53.196Z,21.25
2026-05-06T17:44:53.327Z,21.32
2026-05-06T17:49:53.375Z,21.11
2026-05-06T17:54:53.114Z,21.28
2026-05-06T17:59:54.703Z,21.28
2026-05-06T18:04:53.398Z,21.2
2026-05-06T18:09:53.361Z,21.17
2026-05-06T18:14:53.305Z,21.02
2026-05-06T18:19:53.22Z,20.88
2026-05-06T18:24:53.142Z,20.79
2026-05-06T18:29:53.357Z,20.62
2026-05-06T18:34:53.3Z,20.48
2026-05-06T18:39:53.308Z,20.39
2026-05-06T18:44:53.337Z,20.28
2026-05-06T18:49:53.137Z,20.25
2026-05-06T18:54:53.38Z,20.28
2026-05-06T18:59:53.13Z,20.19
2026-05-06T19:04:53.341Z,20.14
2026-05-06T19:09:53.237Z,20.08
2026-05-06T19:14:53.306Z,20.08
2026-05-06T19:19:53.261Z,19.99
2026-05-06T19:24:53.485Z,19.96
2026-05-06T19:29:53.226Z,19.96
2026-05-06T19:34:53.333Z,19.85
2026-05-06T19:39:53.282Z,19.82
2026-05-06T19:44:54.128Z,19.79
2026-05-06T19:49:53.153Z,19.79
2026-05-06T19:54:53.226Z,19.67
2026-05-06T19:59:53.397Z,19.62
2026-05-06T20:04:53.345Z,19.59
2026-05-06T20:09:53.213Z,19.53
2026-05-06T20:14:53.185Z,19.59
2026-05-06T20:19:53.251Z,19.5
2026-05-06T20:24:53.383Z,19.65
2026-05-06T20:29:53.167Z,19.5
2026-05-06T20:34:53.384Z,19.47
2026-05-06T20:39:53.311Z,19.44
2026-05-06T20:44:53.399Z,19.36
2026-05-06T20:49:53.387Z,19.36
2026-05-06T20:54:53.596Z,19.42
2026-05-06T20:59:54.883Z,19.39
2026-05-06T21:04:53.4Z,19.42
2026-05-06T21:09:53.179Z,19.3
2026-05-06T21:14:53.223Z,19.21
2026-05-06T21:19:53.33Z,19.18
2026-05-06T21:24:53.472Z,19.18
2026-05-06T21:29:53.17Z,19.18
2026-05-06T21:34:55.167Z,19.16
2026-05-06T21:39:53.19Z,19.07
2026-05-06T21:44:53.317Z,19.07
2026-05-06T21:49:53.184Z,19.13
2026-05-06T21:54:53.348Z,19.13
2026-05-06T21:59:53.22Z,19.18
2026-05-06T22:04:53.272Z,19.07
2026-05-06T22:09:53.192Z,19.1
2026-05-06T22:14:53.237Z,19.04
2026-05-06T22:19:53.338Z,18.95
2026-05-06T22:24:54.147Z,18.98
2026-05-06T22:29:53.303Z,19.01
2026-05-06T22:34:53.133Z,18.95
2026-05-06T22:39:53.228Z,18.93
2026-05-06T22:44:53.273Z,18.84
2026-05-06T22:49:53.364Z,18.69
2026-05-06T22:54:53.261Z,18.72
2026-05-06T22:59:53.322Z,18.64
2026-05-06T23:04:53.476Z,18.58
2026-05-06T23:09:53.319Z,18.46
2026-05-06T23:14:53.288Z,18.52
2026-05-06T23:19:54.435Z,18.44
2026-05-06T23:24:53.275Z,18.58
2026-05-06T23:29:53.346Z,18.46
2026-05-06T23:34:53.597Z,18.52
2026-05-06T23:39:54.901Z,18.52
2026-05-06T23:44:53.433Z,18.41
2026-05-06T23:49:53.15Z,18.44
2026-05-06T23:54:53.963Z,18.38
2026-05-06T23:59:53.407Z,18.44
2026-05-07T00:04:53.398Z,18.44
2026-05-07T00:09:53.323Z,18.44
2026-05-07T00:14:53.291Z,18.49
2026-05-07T00:19:53.242Z,18.41
2026-05-07T00:24:53.205Z,18.32
2026-05-07T00:29:53.725Z,18.29
2026-05-07T00:34:53.301Z,18.29
2026-05-07T00:39:53.288Z,18.26
2026-05-07T00:44:53.135Z,18.21
2026-05-07T00:49:53.289Z,18.21
2026-05-07T00:54:53.142Z,18.18
2026-05-07T00:59:53.322Z,18.12
2026-05-07T01:04:53.333Z,18.15
2026-05-07T01:09:53.195Z,18.12
2026-05-07T01:14:53.365Z,18.0
2026-05-07T01:19:53.2Z,18.0
2026-05-07T01:24:53.334Z,18.0
2026-05-07T01:29:53.147Z,18.03
2026-05-07T01:34:53.235Z,17.97
2026-05-07T01:39:53.573Z,18.03
2026-05-07T01:44:54.855Z,18.0
2026-05-07T01:49:53.26Z,18.0
2026-05-07T01:54:53.323Z,18.06
2026-05-07T01:59:54.041Z,17.95
2026-05-07T02:04:53.18Z,17.95
2026-05-07T02:09:53.285Z,17.86
2026-05-07T02:14:53.398Z,17.86
2026-05-07T02:19:54.696Z,17.74
2026-05-07T02:24:53.164Z,17.69
2026-05-07T02:29:53.276Z,17.54
2026-05-07T02:34:53.179Z,17.51
2026-05-07T02:39:53.278Z,17.51
2026-05-07T02:44:53.39Z,17.43
2026-05-07T02:49:53.308Z,17.43
2026-05-07T02:54:54.72Z,17.28
2026-05-07T02:59:53.23Z,17.2
2026-05-07T03:04:53.279Z,17.05
2026-05-07T03:09:53.23Z,16.88
2026-05-07T03:14:53.32Z,16.74
2026-05-07T03:19:53.282Z,16.59
2026-05-07T03:24:53.231Z,16.39
2026-05-07T03:29:54.551Z,16.39
2026-05-07T03:34:53.439Z,16.42
2026-05-07T03:39:53.432Z,16.33
2026-05-07T03:44:53.174Z,16.42
2026-05-07T03:49:55.02Z,16.45
2026-05-07T03:54:53.228Z,16.53
2026-05-07T03:59:53.383Z,16.56
2026-05-07T04:04:53.997Z,16.53
2026-05-07T04:09:53.236Z,16.53
2026-05-07T04:14:53.359Z,16.59
2026-05-07T04:19:53.372Z,16.62
2026-05-07T04:24:53.175Z,16.65
2026-05-07T04:29:53.417Z,16.65
2026-05-07T04:34:53.293Z,16.74
2026-05-07T04:39:53.329Z,16.82
2026-05-07T04:44:53.337Z,16.97
2026-05-07T04:49:53.19Z,17.05
2026-05-07T04:54:53.208Z,17.2
2026-05-07T04:59:54.243Z,17.23
2026-05-07T05:04:53.364Z,17.31
2026-05-07T05:09:53.358Z,17.31
2026-05-07T05:14:53.215Z,17.49
2026-05-07T05:19:54.731Z,17.51
2026-05-07T05:24:53.258Z,17.72
2026-05-07T05:29:53.37Z,17.8
2026-05-07T05:34:54.015Z,17.95
2026-05-07T05:39:53.329Z,18.03
2026-05-07T05:44:53.341Z,18.06
2026-05-07T05:49:53.375Z,18.18
2026-05-07T05:54:53.23Z,18.29
2026-05-07T05:59:53.279Z,18.35
2026-05-07T06:04:53.225Z,18.58
2026-05-07T06:09:53.462Z,18.84
2026-05-07T06:14:53.21Z,18.98
2026-05-07T06:19:53.185Z,19.04
2026-05-07T06:24:53.176Z,19.04
2026-05-07T06:29:53.344Z,19.18
2026-05-07T06:34:53.198Z,19.21
2026-05-07T06:39:53.229Z,19.13
2026-05-07T06:44:53.81Z,19.16
2026-05-07T06:49:55.089Z,19.27
2026-05-07T06:54:53.379Z,19.01
2026-05-07T06:59:53.243Z,19.07
2026-05-07T07:04:53.272Z,19.21
2026-05-07T07:09:53.279Z,19.39
2026-05-07T07:14:53.329Z,19.33
2026-05-07T07:19:53.625Z,19.5
2026-05-07T07:24:53.388Z,19.47
2026-05-07T07:29:53.276Z,19.5
2026-05-07T07:34:53.216Z,19.65
2026-05-07T07:39:53.329Z,19.53
2026-05-07T07:44:53.307Z,19.62
2026-05-07T07:49:53.381Z,19.67
2026-05-07T07:54:53.377Z,19.67
2026-05-07T07:59:53.394Z,19.65
2026-05-07T08:04:53.235Z,19.59
2026-05-07T08:09:54.402Z,19.47
2026-05-07T08:14:53.275Z,19.18
2026-05-07T08:19:53.344Z,19.07
2026-05-07T08:24:53.416Z,19.01
2026-05-07T08:29:53.358Z,18.9
2026-05-07T08:34:53.222Z,18.93
2026-05-07T08:39:53.284Z,18.95
2026-05-07T08:45:52.914Z,19.13
2026-05-07T08:49:53.298Z,19.24
2026-05-07T08:54:53.197Z,19.39
2026-05-07T08:59:53.226Z,19.47
2026-05-07T09:04:53.206Z,19.73
2026-05-07T09:09:53.283Z,19.7
2026-05-07T09:14:53.216Z,19.65
2026-05-07T09:19:53.229Z,19.88
2026-05-07T09:24:53.221Z,19.96
2026-05-07T09:29:53.313Z,20.19
2026-05-07T09:34:53.389Z,20.51
2026-05-07T09:39:53.625Z,20.53
2026-05-07T09:44:53.318Z,20.53
2026-05-07T09:49:53.197Z,20.65
2026-05-07T09:54:53.192Z,20.65
2026-05-07T09:59:53.286Z,20.57
2026-05-07T10:04:53.138Z,20.39
2026-05-07T10:09:53.386Z,20.42
2026-05-07T10:14:53.369Z,20.31
2026-05-07T10:19:53.266Z,20.22
2026-05-07T10:24:53.209Z,20.14
2026-05-07T10:29:53.195Z,19.93
2026-05-07T10:34:53.195Z,19.65
2026-05-07T10:39:53.335Z,19.47
2026-05-07T10:44:53.333Z,19.5
2026-05-07T10:49:53.388Z,19.44
2026-05-07T10:54:53.366Z,19.59
2026-05-07T10:59:53.369Z,19.76
2026-05-07T11:04:53.244Z,20.08
2026-05-07T11:09:53.218Z,20.25
2026-05-07T11:14:53.332Z,20.57
2026-05-07T11:19:53.3Z,20.76
2026-05-07T11:24:53.222Z,20.74
2026-05-07T11:29:54.842Z,20.28
2026-05-07T11:34:53.286Z,19.67
2026-05-07T11:39:53.376Z,19.39
2026-05-07T11:44:53.21Z,19.27
2026-05-07T11:49:53.174Z,19.1
2026-05-07T11:54:53.224Z,18.9
2026-05-07T11:59:54.346Z,18.87
2026-05-07T12:04:53.166Z,19.01
2026-05-07T12:09:53.32Z,19.16
2026-05-07T12:14:53.168Z,19.27
2026-05-07T12:19:54.731Z,19.36
2026-05-07T12:24:53.377Z,19.39
2026-05-07T12:29:53.234Z,19.24
2026-05-07T12:34:53.278Z,19.04
2026-05-07T12:39:53.427Z,18.72
2026-05-07T12:44:53.251Z,18.61
2026-05-07T12:49:53.301Z,18.61
2026-05-07T12:54:54.346Z,18.52
2026-05-07T12:59:53.287Z,18.32
2026-05-07T13:04:53.344Z,18.26
2026-05-07T13:09:53.236Z,18.09
2026-05-07T13:14:55.022Z,18.46
2026-05-07T13:19:53.138Z,18.55
2026-05-07T13:24:53.213Z,18.44
2026-05-07T13:29:53.286Z,18.41
2026-05-07T13:34:53.357Z,18.41
2026-05-07T13:39:53.443Z,18.12
2026-05-07T13:44:53.152Z,18.03
2026-05-07T13:49:54.725Z,18.06
2026-05-07T13:54:53.384Z,18.18
2026-05-07T13:59:53.321Z,18.23
2026-05-07T14:04:53.178Z,18.49
2026-05-07T14:09:55.331Z,18.81
2026-05-07T14:14:53.266Z,18.98
2026-05-07T14:19:53.319Z,18.84
2026-05-07T14:24:54.149Z,18.69
2026-05-07T14:29:53.245Z,18.55
2026-05-07T14:34:53.184Z,18.29
2026-05-07T14:39:53.342Z,18.12
2026-05-07T14:44:53.306Z,18.09
2026-05-07T14:49:53.284Z,18.21
2026-05-07T14:54:53.338Z,18.29
2026-05-07T14:59:53.124Z,18.21
2026-05-07T15:04:53.494Z,18.12
2026-05-07T15:09:53.361Z,18.0
2026-05-07T15:14:53.244Z,17.95
2026-05-07T15:19:54.258Z,17.72
2026-05-07T15:24:53.124Z,17.54
2026-05-07T15:29:53.133Z,17.34
2026-05-07T15:34:53.119Z,17.23
2026-05-07T15:39:53.273Z,17.4
2026-05-07T15:44:53.301Z,17.43
2026-05-07T15:49:53.246Z,17.43
2026-05-07T15:54:53.146Z,17.4
2026-05-07T15:59:53.286Z,17.46
2026-05-07T16:04:53.388Z,17.63
2026-05-07T16:09:53.438Z,17.6
2026-05-07T16:14:54.316Z,17.6
2026-05-07T16:19:53.171Z,17.66
2026-05-07T16:24:53.227Z,17.74
2026-05-07T16:29:53.271Z,17.89
2026-05-07T16:34:53.384Z,18.0
2026-05-07T16:39:53.357Z,18.26
2026-05-07T16:44:53.175Z,18.38
2026-05-07T16:49:53.969Z,18.32
2026-05-07T16:54:53.152Z,18.41
2026-05-07T16:59:53.409Z,18.44
2026-05-07T17:04:53.186Z,18.58
2026-05-07T17:09:54.41Z,18.46
2026-05-07T17:14:53.26Z,18.44
2026-05-07T17:19:53.227Z,18.78
2026-05-07T17:24:53.306Z,19.21
2026-05-07T17:29:53.314Z,19.21
2026-05-07T17:34:53.314Z,18.98
2026-05-07T17:39:53.206Z,18.9
2026-05-07T17:44:53.329Z,18.67
2026-05-07T17:49:53.2Z,18.35
2026-05-07T17:54:53.179Z,18.23
2026-05-07T17:59:53.259Z,18.09
2026-05-07T18:04:53.385Z,18.03
2026-05-07T18:09:53.253Z,18.06
2026-05-07T18:14:53.361Z,18.06
2026-05-07T18:19:53.199Z,18.09
2026-05-07T18:24:53.42Z,18.0
2026-05-07T18:29:53.188Z,17.95
2026-05-07T18:34:53.163Z,18.06
2026-05-07T18:39:53.211Z,18.06
2026-05-07T18:44:53.271Z,18.12
2026-05-07T18:49:53.252Z,18.21
2026-05-07T18:54:53.173Z,18.23
2026-05-07T18:59:54.106Z,18.32
2026-05-07T19:04:53.389Z,18.41
2026-05-07T19:09:53.223Z,18.41
2026-05-07T19:14:53.242Z,18.32
2026-05-07T19:19:53.259Z,18.21
2026-05-07T19:24:53.252Z,18.21
2026-05-07T19:29:53.395Z,18.09
2026-05-07T19:34:53.803Z,18.0
2026-05-07T19:39:54.858Z,17.95
2026-05-07T19:44:53.244Z,17.89
2026-05-07T19:49:53.321Z,17.89
2026-05-07T19:54:53.225Z,17.74
2026-05-07T19:59:53.172Z,17.69
2026-05-07T20:04:53.169Z,17.63
2026-05-07T20:09:53.212Z,17.46
2026-05-07T20:14:53.122Z,17.46
2026-05-07T20:19:53.273Z,17.46
2026-05-07T20:24:53.266Z,17.37
2026-05-07T20:29:53.186Z,17.26
2026-05-07T20:34:53.174Z,17.2
2026-05-07T20:39:53.328Z,17.08
2026-05-07T20:44:53.631Z,16.91
2026-05-07T20:49:54.391Z,16.77
2026-05-07T20:54:53.335Z,16.68
2026-05-07T20:59:53.164Z,16.59
2026-05-07T21:04:53.194Z,16.45
2026-05-07T21:09:53.229Z,16.25
2026-05-07T21:14:53.171Z,16.14
2026-05-07T21:19:53.391Z,15.96
2026-05-07T21:24:53.201Z,15.9
2026-05-07T21:29:53.308Z,15.81
2026-05-07T21:34:53.197Z,15.79
2026-05-07T21:39:53.575Z,15.81
2026-05-07T21:44:54.371Z,15.76
2026-05-07T21:49:53.247Z,15.65
2026-05-07T21:54:53.418Z,15.56
2026-05-07T21:59:53.371Z,15.35
2026-05-07T22:04:54.615Z,15.27
2026-05-07T22:09:53.198Z,15.21
2026-05-07T22:14:53.282Z,15.04
2026-05-07T22:19:53.307Z,14.98
2026-05-07T22:24:53.349Z,14.9
2026-05-07T22:29:53.372Z,14.78
2026-05-07T22:34:53.348Z,14.81
2026-05-07T22:39:53.393Z,14.75
2026-05-07T22:44:53.354Z,14.64
2026-05-07T22:49:53.246Z,14.58
2026-05-07T22:54:53.3Z,14.7
2026-05-07T22:59:55.099Z,14.78
2026-05-07T23:04:53.197Z,14.81
2026-05-07T23:09:53.418Z,14.81
2026-05-07T23:14:53.496Z,14.84
2026-05-07T23:19:53.235Z,14.9
2026-05-07T23:24:53.393Z,14.75
2026-05-07T23:29:53.343Z,14.84
2026-05-07T23:34:53.393Z,14.84
2026-05-07T23:39:53.19Z,14.78
2026-05-07T23:44:53.202Z,14.78
2026-05-07T23:49:53.227Z,14.81
2026-05-07T23:54:53.35Z,14.75
2026-05-07T23:59:53.189Z,14.81
2026-05-08T00:04:53.579Z,14.78
2026-05-08T00:09:53.305Z,14.72
2026-05-08T00:14:53.262Z,14.78
2026-05-08T00:19:53.242Z,14.7
2026-05-08T00:24:53.355Z,14.64
2026-05-08T00:29:53.191Z,14.61
2026-05-08T00:34:53.23Z,14.58
2026-05-08T00:39:53.251Z,14.49
2026-05-08T00:44:53.35Z,14.41
2026-05-08T00:49:54.702Z,14.49
2026-05-08T00:54:53.25Z,14.37
2026-05-08T00:59:53.292Z,14.21
2026-05-08T01:04:53.407Z,14.12
2026-05-08T01:09:53.178Z,13.98
2026-05-08T01:14:53.253Z,13.92
2026-05-08T01:19:53.422Z,13.86
2026-05-08T01:24:54.347Z,13.83
2026-05-08T01:29:53.284Z,13.77
2026-05-08T01:34:53.352Z,13.77
2026-05-08T01:39:53.477Z,13.8
2026-05-08T01:44:53.28Z,13.89
2026-05-08T01:49:53.292Z,13.95
2026-05-08T01:54:53.311Z,13.92
2026-05-08T01:59:53.382Z,13.86
2026-05-08T02:04:53.353Z,13.8
2026-05-08T02:09:53.328Z,13.74
2026-05-08T02:14:53.415Z,13.8
2026-05-08T02:19:53.172Z,13.72
2026-05-08T02:24:53.165Z,13.69
2026-05-08T02:29:53.174Z,13.57
2026-05-08T02:34:53.385Z,13.43
2026-05-08T02:39:53.187Z,13.49
2026-05-08T02:44:53.382Z,13.43
2026-05-08T02:49:53.169Z,13.46
2026-05-08T02:54:54.17Z,13.34
2026-05-08T02:59:53.245Z,13.34
2026-05-08T03:04:53.312Z,13.26
2026-05-08T03:09:53.424Z,13.28
2026-05-08T03:14:53.326Z,13.26
2026-05-08T03:19:53.407Z,13.26
2026-05-08T03:24:53.278Z,13.2
2026-05-08T03:29:53.584Z,13.31
2026-05-08T03:34:53.35Z,13.37
2026-05-08T03:39:53.402Z,13.31
2026-05-08T03:44:53.333Z,13.4
2026-05-08T03:49:54.443Z,13.46
2026-05-08T03:54:53.187Z,13.37
2026-05-08T03:59:53.328Z,13.34
2026-05-08T04:04:53.35Z,13.4
2026-05-08T04:09:53.205Z,13.34
2026-05-08T04:14:53.235Z,13.37
2026-05-08T04:19:53.204Z,13.34
2026-05-08T04:24:53.235Z,13.34
2026-05-08T04:29:54.91Z,13.26
2026-05-08T04:34:53.145Z,13.26
2026-05-08T04:39:53.256Z,13.11
2026-05-08T04:44:53.375Z,13.08
2026-05-08T04:49:53.276Z,13.08
2026-05-08T04:54:53.305Z,13.14
2026-05-08T04:59:53.191Z,13.26
2026-05-08T05:04:53.397Z,13.26
2026-05-08T05:09:53.379Z,13.28
2026-05-08T05:14:53.321Z,13.31
2026-05-08T05:19:53.221Z,13.26
2026-05-08T05:24:54.652Z,13.34
2026-05-08T05:29:53.323Z,13.31
2026-05-08T05:34:53.439Z,13.34
2026-05-08T05:39:53.454Z,13.34
2026-05-08T05:44:53.181Z,13.4
2026-05-08T05:49:53.388Z,13.43
2026-05-08T05:54:53.332Z,13.49
2026-05-08T05:59:53.711Z,13.54
2026-05-08T06:04:55.08Z,13.6
2026-05-08T06:09:53.169Z,13.66
2026-05-08T06:14:53.46Z,13.77
2026-05-08T06:19:54.026Z,13.92
2026-05-08T06:24:53.191Z,13.95
2026-05-08T06:29:53.293Z,14.18
2026-05-08T06:34:53.322Z,14.32
2026-05-08T06:39:54.595Z,14.44
2026-05-08T06:44:53.222Z,14.55
2026-05-08T06:49:53.269Z,14.58
2026-05-08T06:54:53.567Z,14.67
2026-05-08T06:59:53.258Z,14.72
2026-05-08T07:04:53.266Z,14.7
2026-05-08T07:09:53.254Z,14.78
2026-05-08T07:14:53.386Z,14.67
2026-05-08T07:19:53.19Z,14.64
2026-05-08T07:24:53.346Z,14.64
2026-05-08T07:29:53.16Z,14.64
2026-05-08T07:34:53.694Z,14.75
2026-05-08T07:39:53.343Z,14.93
2026-05-08T07:44:53.357Z,15.04
2026-05-08T07:49:53.35Z,15.04
2026-05-08T07:54:53.278Z,14.98
2026-05-08T07:59:53.298Z,14.93
2026-05-08T08:04:53.374Z,14.95
2026-05-08T08:09:53.288Z,14.98
2026-05-08T08:14:53.291Z,15.01
2026-05-08T08:19:53.352Z,15.04
2026-05-08T08:24:53.403Z,15.09
2026-05-08T08:29:53.319Z,15.21
2026-05-08T08:34:53.243Z,15.21
2026-05-08T08:39:53.281Z,15.12
2026-05-08T08:44:54.017Z,15.09
2026-05-08T08:49:53.464Z,15.07
2026-05-08T08:54:53.294Z,15.19
2026-05-08T08:59:53.183Z,15.33
2026-05-08T09:04:53.36Z,15.19
2026-05-08T09:09:53.258Z,15.24
2026-05-08T09:14:53.269Z,15.3
2026-05-08T09:19:53.361Z,15.27
2026-05-08T09:24:53.311Z,15.39
2026-05-08T09:29:53.437Z,15.42
2026-05-08T09:34:53.274Z,15.35
2026-05-08T09:39:53.181Z,15.39
2026-05-08T09:44:53.354Z,15.56
2026-05-08T09:49:53.253Z,15.79
2026-05-08T09:54:53.356Z,15.96
2026-05-08T09:59:53.336Z,16.16
2026-05-08T10:04:53.694Z,16.16
2026-05-08T10:09:53.371Z,16.3
2026-05-08T10:14:53.238Z,16.51
2026-05-08T10:19:53.449Z,16.62
2026-05-08T10:24:53.305Z,16.77
2026-05-08T10:29:53.438Z,16.91
2026-05-08T10:34:53.652Z,17.02
2026-05-08T10:39:53.291Z,17.08
2026-05-08T10:44:53.315Z,17.4
2026-05-08T10:49:53.339Z,17.83
2026-05-08T10:54:53.39Z,18.21
2026-05-08T10:59:53.273Z,18.87
2026-05-08T11:04:53.26Z,19.3
2026-05-08T11:09:53.384Z,19.44
2026-05-08T11:14:53.296Z,19.36
2026-05-08T11:19:53.461Z,19.39
2026-05-08T11:24:53.214Z,19.88
2026-05-08T11:29:53.656Z,20.19
2026-05-08T11:34:54.8Z,20.53
2026-05-08T11:39:53.458Z,20.62
2026-05-08T11:44:53.263Z,20.74
2026-05-08T11:49:53.855Z,21.11
2026-05-08T11:54:53.192Z,21.06
2026-05-08T11:59:53.289Z,21.02
2026-05-08T12:04:53.452Z,21.14
2026-05-08T12:09:53.238Z,21.0
2026-05-08T12:14:53.455Z,21.32
2026-05-08T12:19:53.275Z,21.51
2026-05-08T12:24:53.807Z,21.49
2026-05-08T12:29:54.731Z,21.43
2026-05-08T12:34:53.423Z,21.74
2026-05-08T12:39:53.43Z,22.12
2026-05-08T12:44:53.227Z,22.12
2026-05-08T12:49:53.224Z,22.26
2026-05-08T12:54:53.301Z,22.38
2026-05-08T12:59:53.387Z,22.49
2026-05-08T13:04:53.614Z,22.18
2026-05-08T13:09:55.202Z,22.32
2026-05-08T13:14:53.282Z,22.21
2026-05-08T13:19:53.197Z,22.61
2026-05-08T13:24:53.272Z,22.75
2026-05-08T13:29:53.295Z,22.81
2026-05-08T13:34:53.596Z,22.69
2026-05-08T13:39:53.244Z,22.64
2026-05-08T13:44:54.729Z,22.55
2026-05-08T13:49:53.192Z,22.55
2026-05-08T13:54:53.448Z,22.84
2026-05-08T13:59:53.389Z,23.16
2026-05-08T14:04:53.3Z,23.16
2026-05-08T14:09:53.288Z,23.41
2026-05-08T14:14:53.214Z,23.41
2026-05-08T14:19:54.174Z,23.65
2026-05-08T14:24:53.328Z,23.96
2026-05-08T14:29:54.261Z,24.02
2026-05-08T14:34:53.187Z,23.9
2026-05-08T14:39:54.748Z,24.19
2026-05-08T14:44:53.907Z,24.13
2026-05-08T14:49:53.303Z,23.99
2026-05-08T14:54:53.459Z,24.16
2026-05-08T14:59:53.346Z,24.05
2026-05-08T15:04:53.371Z,24.11
2026-05-08T15:09:53.597Z,24.19
2026-05-08T15:14:53.306Z,24.31
2026-05-08T15:19:53.241Z,24.42
2026-05-08T15:24:53.353Z,24.71
2026-05-08T15:29:53.464Z,24.28
2026-05-08T15:34:53.264Z,24.31
2026-05-08T15:39:53.681Z,24.25
2026-05-08T15:44:53.455Z,24.31
2026-05-08T15:49:53.416Z,24.39
2026-05-08T15:54:54.982Z,24.45
2026-05-08T15:59:53.357Z,24.31
2026-05-08T16:04:53.407Z,24.37
2026-05-08T16:09:53.299Z,24.45
2026-05-08T16:14:53.368Z,24.48
2026-05-08T16:19:53.235Z,24.31
2026-05-08T16:24:53.714Z,24.28
2026-05-08T16:29:53.36Z,23.93
2026-05-08T16:34:53.21Z,23.85
2026-05-08T16:39:53.312Z,23.7
2026-05-08T16:44:54.333Z,23.56
2026-05-08T16:49:53.425Z,23.53
2026-05-08T16:54:53.247Z,23.36
2026-05-08T16:59:54.476Z,22.93
2026-05-08T17:04:54.685Z,22.72
2026-05-08T17:09:53.249Z,22.55
2026-05-08T17:14:53.425Z,22.23
2026-05-08T17:19:53.753Z,22.18
2026-05-08T17:24:53.144Z,22.04
2026-05-08T17:29:53.354Z,21.92
2026-05-08T17:34:53.245Z,21.86
2026-05-08T17:39:53.286Z,21.77
2026-05-08T17:44:53.242Z,21.51
2026-05-08T17:49:53.338Z,21.46
2026-05-08T17:54:53.232Z,21.37
2026-05-08T17:59:53.215Z,21.2
2026-05-08T18:04:54.259Z,21.17
2026-05-08T18:09:53.4Z,21.23
2026-05-08T18:14:53.304Z,21.23
2026-05-08T18:19:53.214Z,21.0
2026-05-08T18:24:53.289Z,20.91
2026-05-08T18:29:53.595Z,20.74
2026-05-08T18:34:53.428Z,20.57
2026-05-08T18:39:53.374Z,20.42
2026-05-08T18:44:53.201Z,20.34
2026-05-08T18:49:53.335Z,20.22
2026-05-08T18:54:53.289Z,20.02
2026-05-08T18:59:53.192Z,19.88
2026-05-08T19:04:53.277Z,19.67
2026-05-08T19:09:53.589Z,19.59
2026-05-08T19:14:53.19Z,19.44
2026-05-08T19:19:53.317Z,19.44
2026-05-08T19:24:53.294Z,19.3
2026-05-08T19:29:53.827Z,19.18
2026-05-08T19:34:53.27Z,19.16
2026-05-08T19:39:53.38Z,19.13
2026-05-08T19:44:53.406Z,19.13
2026-05-08T19:49:53.304Z,19.01
2026-05-08T19:54:53.986Z,18.9
2026-05-08T19:59:53.192Z,18.87
2026-05-08T20:04:53.562Z,18.78
2026-05-08T20:09:53.302Z,18.67
2026-05-08T20:14:53.235Z,18.64
2026-05-08T20:19:53.193Z,18.61
2026-05-08T20:24:53.287Z,18.58
2026-05-08T20:29:53.248Z,18.58
2026-05-08T20:34:53.232Z,18.52
2026-05-08T20:39:53.396Z,18.46
2026-05-08T20:44:53.407Z,18.46
2026-05-08T20:49:53.308Z,18.35
2026-05-08T20:54:53.326Z,18.29
2026-05-08T20:59:53.384Z,18.35
2026-05-08T21:04:53.209Z,18.26
2026-05-08T21:09:53.354Z,18.26
2026-05-08T21:14:53.135Z,18.18
2026-05-08T21:19:53.239Z,18.18
2026-05-08T21:24:53.224Z,18.15
2026-05-08T21:29:53.245Z,18.03
2026-05-08T21:34:53.319Z,18.06
2026-05-08T21:39:53.222Z,18.0
2026-05-08T21:44:53.153Z,17.95
2026-05-08T21:49:53.358Z,17.92
2026-05-08T21:54:54.009Z,17.83
2026-05-08T21:59:54.753Z,17.8
2026-05-08T22:04:53.266Z,17.72
2026-05-08T22:09:53.584Z,17.54
2026-05-08T22:14:53.796Z,17.49
2026-05-08T22:19:53.336Z,17.4
2026-05-08T22:24:53.319Z,17.37
2026-05-08T22:29:53.348Z,17.31
2026-05-08T22:34:53.272Z,17.23
2026-05-08T22:39:53.26Z,17.11
2026-05-08T22:44:53.246Z,17.0
2026-05-08T22:49:53.347Z,16.97
2026-05-08T22:54:53.316Z,16.91
2026-05-08T22:59:53.164Z,16.82
2026-05-08T23:04:53.216Z,16.91
2026-05-08T23:09:54.046Z,16.97
2026-05-08T23:14:53.214Z,16.91
2026-05-08T23:19:53.148Z,16.88
2026-05-08T23:24:53.127Z,16.97
2026-05-08T23:29:53.133Z,17.02
2026-05-08T23:34:53.265Z,17.08
2026-05-08T23:39:53.344Z,17.08
2026-05-08T23:44:53.139Z,17.05
2026-05-08T23:49:53.182Z,17.02
2026-05-08T23:54:53.225Z,17.02
2026-05-08T23:59:53.309Z,16.94
2026-05-09T00:04:53.566Z,16.91
2026-05-09T00:09:54.941Z,16.91
2026-05-09T00:14:53.108Z,16.94
2026-05-09T00:19:53.322Z,16.85
2026-05-09T00:24:53.237Z,16.85
2026-05-09T00:29:53.3Z,16.85
2026-05-09T00:34:53.106Z,16.77
2026-05-09T00:39:53.35Z,16.74
2026-05-09T00:44:53.223Z,16.71
2026-05-09T00:49:53.27Z,16.65
2026-05-09T00:54:53.132Z,16.68
2026-05-09T00:59:53.581Z,16.53
2026-05-09T01:04:54.481Z,16.39
2026-05-09T01:09:53.235Z,16.33
2026-05-09T01:14:53.241Z,16.19
2026-05-09T01:19:53.351Z,16.14
2026-05-09T01:24:53.2Z,16.05
2026-05-09T01:29:53.283Z,16.05
2026-05-09T01:34:53.244Z,15.9
2026-05-09T01:39:53.352Z,15.9
2026-05-09T01:44:53.129Z,15.9
2026-05-09T01:49:53.165Z,15.96
2026-05-09T01:54:53.2Z,16.05
2026-05-09T01:59:53.358Z,16.14
2026-05-09T02:04:53.131Z,16.22
2026-05-09T02:09:53.231Z,16.33
2026-05-09T02:14:53.17Z,16.45
2026-05-09T02:19:55.509Z,16.51
2026-05-09T02:24:53.191Z,16.56
2026-05-09T02:29:53.118Z,16.48
2026-05-09T02:34:53.113Z,16.59
2026-05-09T02:39:53.248Z,16.51
2026-05-09T02:44:53.31Z,16.53
2026-05-09T02:49:53.217Z,16.48
2026-05-09T02:54:53.207Z,16.53
2026-05-09T02:59:53.174Z,16.48
2026-05-09T03:04:53.168Z,16.48
2026-05-09T03:09:53.754Z,16.51
2026-05-09T03:14:53.12Z,16.56
2026-05-09T03:19:53.313Z,16.56
2026-05-09T03:24:53.235Z,16.56
2026-05-09T03:29:53.234Z,16.68
2026-05-09T03:34:53.279Z,16.74
2026-05-09T03:39:53.151Z,16.68
2026-05-09T03:44:53.23Z,16.68
2026-05-09T03:49:53.126Z,16.68
2026-05-09T03:54:53.113Z,16.62
2026-05-09T03:59:53.173Z,16.59
2026-05-09T04:04:53.499Z,16.48
2026-05-09T04:09:53.351Z,16.53
2026-05-09T04:14:53.112Z,16.48
2026-05-09T04:19:53.211Z,16.53
2026-05-09T04:24:54.207Z,16.45
2026-05-09T04:29:53.305Z,16.37
2026-05-09T04:34:53.139Z,16.3
2026-05-09T04:39:53.111Z,16.22
2026-05-09T04:44:53.225Z,16.22
2026-05-09T04:49:53.131Z,16.3
2026-05-09T04:54:53.15Z,16.28
2026-05-09T04:59:53.347Z,16.33
2026-05-09T05:04:53.2Z,16.39
2026-05-09T05:09:53.122Z,16.45
2026-05-09T05:14:53.332Z,16.56
2026-05-09T05:19:53.291Z,16.51
2026-05-09T05:24:53.324Z,16.51
2026-05-09T05:29:53.253Z,16.59
2026-05-09T05:34:53.212Z,16.59
2026-05-09T05:39:53.362Z,16.59
2026-05-09T05:44:53.328Z,16.53
2026-05-09T05:49:53.218Z,16.59
2026-05-09T05:54:53.259Z,16.56
2026-05-09T05:59:53.314Z,16.56
2026-05-09T06:04:53.07Z,16.71
2026-05-09T06:09:53.327Z,16.68
2026-05-09T06:14:53.249Z,16.56
2026-05-09T06:19:53.079Z,16.48
2026-05-09T06:24:53.444Z,16.51
2026-05-09T06:29:53.078Z,16.51
2026-05-09T06:34:53.26Z,16.56
2026-05-09T06:39:53.149Z,16.56
2026-05-09T06:44:53.071Z,16.56
2026-05-09T06:49:53.093Z,16.62
2026-05-09T06:54:53.284Z,16.62
2026-05-09T06:59:53.174Z,16.59
2026-05-09T07:04:53.118Z,16.51
2026-05-09T07:09:53.828Z,16.51
2026-05-09T07:14:54.787Z,16.65
2026-05-09T07:19:53.248Z,16.77
2026-05-09T07:24:53.179Z,16.91
2026-05-09T07:29:54.679Z,17.14
2026-05-09T07:34:53.32Z,17.28
2026-05-09T07:39:53.294Z,17.34
2026-05-09T07:44:53.168Z,17.46
2026-05-09T07:49:53.311Z,17.43
2026-05-09T07:54:53.31Z,17.6
2026-05-09T07:59:53.407Z,17.66
2026-05-09T08:04:53.544Z,17.8
2026-05-09T08:09:54.787Z,17.95
2026-05-09T08:14:53.239Z,17.89
2026-05-09T08:19:53.354Z,17.83
2026-05-09T08:24:53.224Z,17.83
2026-05-09T08:29:54.884Z,17.72
2026-05-09T08:34:53.237Z,17.66
2026-05-09T08:39:53.203Z,17.8
2026-05-09T08:44:53.328Z,17.92
2026-05-09T08:49:53.144Z,17.8
2026-05-09T08:54:53.137Z,17.95
2026-05-09T08:59:53.314Z,17.92
2026-05-09T09:04:54.608Z,17.97
2026-05-09T09:09:53.167Z,18.15
2026-05-09T09:14:53.153Z,18.18
2026-05-09T09:19:53.334Z,18.29
2026-05-09T09:24:53.29Z,18.21
2026-05-09T09:29:53.228Z,18.29
2026-05-09T09:34:53.639Z,18.35
2026-05-09T09:39:53.329Z,18.32
2026-05-09T09:44:53.127Z,18.26
2026-05-09T09:49:53.233Z,18.29
2026-05-09T09:54:53.197Z,18.44
2026-05-09T09:59:53.337Z,18.38
2026-05-09T10:04:53.651Z,18.41
2026-05-09T10:09:53.135Z,18.61
2026-05-09T10:14:53.635Z,18.87
2026-05-09T10:19:54.941Z,19.1
2026-05-09T10:24:53.333Z,19.27
2026-05-09T10:29:53.229Z,19.59
2026-05-09T10:34:53.17Z,19.9
2026-05-09T10:39:53.297Z,20.14
2026-05-09T10:44:53.269Z,20.48
2026-05-09T10:49:53.945Z,20.37
2026-05-09T10:54:53.274Z,20.37
2026-05-09T10:59:53.157Z,20.31
2026-05-09T11:04:53.153Z,20.37
2026-05-09T11:09:53.205Z,20.42
2026-05-09T11:14:53.187Z,20.71
2026-05-09T11:19:53.116Z,20.88
2026-05-09T11:24:53.175Z,20.68
2026-05-09T11:29:54.155Z,20.71
2026-05-09T11:34:53.368Z,20.62
2026-05-09T11:39:53.237Z,20.65
2026-05-09T11:44:53.197Z,20.94
2026-05-09T11:49:53.22Z,20.83
2026-05-09T11:54:53.35Z,21.0
2026-05-09T11:59:53.251Z,21.14
2026-05-09T12:04:53.333Z,21.37
2026-05-09T12:09:53.818Z,21.49
2026-05-09T12:14:53.136Z,21.6
2026-05-09T12:19:53.226Z,21.77
2026-05-09T12:24:53.262Z,22.06
2026-05-09T12:29:53.255Z,22.52
2026-05-09T12:34:53.276Z,22.69
2026-05-09T12:39:54.467Z,22.29
2026-05-09T12:44:53.306Z,22.21
2026-05-09T12:49:53.212Z,22.41
2026-05-09T12:54:53.26Z,22.67
2026-05-09T12:59:53.326Z,22.75
2026-05-09T13:04:53.118Z,22.98
2026-05-09T13:09:53.234Z,22.93
2026-05-09T13:14:53.146Z,23.13
2026-05-09T13:19:53.728Z,23.59
2026-05-09T13:24:53.341Z,23.85
2026-05-09T13:29:53.394Z,23.73
2026-05-09T13:34:53.221Z,23.7
2026-05-09T13:39:53.167Z,23.56
2026-05-09T13:44:53.233Z,23.73
2026-05-09T13:49:53.356Z,23.47
2026-05-09T13:54:53.227Z,23.5
2026-05-09T13:59:54.562Z,23.41
2026-05-09T14:04:53.326Z,23.79
2026-05-09T14:09:53.312Z,24.11
2026-05-09T14:14:54.282Z,24.16
2026-05-09T14:19:53.223Z,24.05
2026-05-09T14:24:53.253Z,24.11
2026-05-09T14:29:53.667Z,24.28
2026-05-09T14:34:53.291Z,24.39
2026-05-09T14:39:53.313Z,24.16
2026-05-09T14:44:53.261Z,24.22
2026-05-09T14:49:53.082Z,24.11
2026-05-09T14:54:54.654Z,24.34
2026-05-09T14:59:53.116Z,24.48
2026-05-09T15:04:53.332Z,24.22
2026-05-09T15:09:53.128Z,23.9
2026-05-09T15:14:53.299Z,23.73
2026-05-09T15:19:53.146Z,23.65
2026-05-09T15:24:53.14Z,23.53
2026-05-09T15:29:53.372Z,23.41
2026-05-09T15:34:53.179Z,23.33
2026-05-09T15:39:53.141Z,23.33
2026-05-09T15:44:53.107Z,23.1
2026-05-09T15:49:53.298Z,23.04
2026-05-09T15:54:53.177Z,22.9
2026-05-09T15:59:53.306Z,23.01
2026-05-09T16:04:53.295Z,23.01
2026-05-09T16:09:53.229Z,22.98
2026-05-09T16:14:53.251Z,22.9
2026-05-09T16:19:53.389Z,22.98
2026-05-09T16:24:54.018Z,23.07
2026-05-09T16:29:53.186Z,23.16
2026-05-09T16:34:53.156Z,23.1
2026-05-09T16:39:54.048Z,22.98
2026-05-09T16:44:53.116Z,22.69
2026-05-09T16:49:53.153Z,22.75
2026-05-09T16:54:53.362Z,22.72
2026-05-09T16:59:53.133Z,22.67
2026-05-09T17:04:53.304Z,22.64
2026-05-09T17:09:53.105Z,22.64
2026-05-09T17:14:53.278Z,22.49
2026-05-09T17:19:53.375Z,22.55
2026-05-09T17:24:53.361Z,22.38
2026-05-09T17:29:53.298Z,22.38
2026-05-09T17:34:53.275Z,22.29
2026-05-09T17:39:53.32Z,22.32
2026-05-09T17:44:53.293Z,22.23
2026-05-09T17:49:53.139Z,22.21
2026-05-09T17:54:53.169Z,22.12
2026-05-09T17:59:53.961Z,22.06
2026-05-09T18:04:53.222Z,21.86
2026-05-09T18:09:53.099Z,21.86
2026-05-09T18:14:53.297Z,21.74
2026-05-09T18:19:54.572Z,21.55
2026-05-09T18:24:53.248Z,21.32
2026-05-09T18:29:53.375Z,21.23
2026-05-09T18:34:53.208Z,21.09
2026-05-09T18:39:53.261Z,20.79
2026-05-09T18:44:53.276Z,20.68
2026-05-09T18:49:53.221Z,20.57
2026-05-09T18:54:53.27Z,20.39
2026-05-09T18:59:53.223Z,20.34
2026-05-09T19:04:53.385Z,20.19
2026-05-09T19:09:53.379Z,19.96
2026-05-09T19:14:53.429Z,19.96
2026-05-09T19:19:53.26Z,19.79
2026-05-09T19:24:53.355Z,19.7
2026-05-09T19:29:53.487Z,19.62
2026-05-09T19:34:53.265Z,19.5
2026-05-09T19:39:53.706Z,19.5
2026-05-09T19:44:53.194Z,19.42
2026-05-09T19:49:54.62Z,19.36
2026-05-09T19:54:53.278Z,19.27
2026-05-09T19:59:53.148Z,19.18
2026-05-09T20:04:53.225Z,19.21
2026-05-09T20:09:53.216Z,19.16
2026-05-09T20:14:53.2Z,18.98
2026-05-09T20:19:53.361Z,19.04
2026-05-09T20:24:53.14Z,19.04
2026-05-09T20:29:53.175Z,19.07
2026-05-09T20:34:53.126Z,18.93
2026-05-09T20:39:53.239Z,18.81
2026-05-09T20:44:53.282Z,18.64
2026-05-09T20:49:53.418Z,18.44
2026-05-09T20:54:53.186Z,18.38
2026-05-09T20:59:53.132Z,18.26
2026-05-09T21:04:53.231Z,18.03
2026-05-09T21:09:53.282Z,17.8
2026-05-09T21:14:53.162Z,17.8
2026-05-09T21:19:53.121Z,17.77
2026-05-09T21:24:53.313Z,17.54
2026-05-09T21:29:53.262Z,17.4
2026-05-09T21:34:53.403Z,17.26
2026-05-09T21:39:53.124Z,17.23
2026-05-09T21:44:53.195Z,17.23
2026-05-09T21:49:53.535Z,17.17
2026-05-09T21:54:53.312Z,17.08
2026-05-09T21:59:53.222Z,17.08
2026-05-09T22:04:53.152Z,17.11
2026-05-09T22:09:53.154Z,17.14
2026-05-09T22:14:54.331Z,17.05
2026-05-09T22:19:53.256Z,16.88
2026-05-09T22:24:53.35Z,16.85
2026-05-09T22:29:53.35Z,16.91
2026-05-09T22:34:53.431Z,16.77
2026-05-09T22:39:53.12Z,16.77
2026-05-09T22:44:53.139Z,16.59
2026-05-09T22:49:53.187Z,16.53
2026-05-09T22:54:53.123Z,16.45
2026-05-09T22:59:53.364Z,16.25
2026-05-09T23:04:53.252Z,16.25
2026-05-09T23:09:53.347Z,16.16
2026-05-09T23:14:55.14Z,16.14
2026-05-09T23:19:53.191Z,15.99
2026-05-09T23:24:53.26Z,16.1
2026-05-09T23:29:54.199Z,16.3
2026-05-09T23:34:53.345Z,16.42
2026-05-09T23:39:53.253Z,16.39
2026-05-09T23:44:53.183Z,16.28
2026-05-09T23:49:54.69Z,16.22
2026-05-09T23:54:53.118Z,16.07
2026-05-09T23:59:53.168Z,16.05
2026-05-10T00:04:53.141Z,15.99
2026-05-10T00:09:53.093Z,15.9
2026-05-10T00:14:53.21Z,15.84
2026-05-10T00:19:53.081Z,15.88
2026-05-10T00:24:53.162Z,15.84
2026-05-10T00:29:53.167Z,15.73
2026-05-10T00:34:53.247Z,15.53
2026-05-10T00:39:53.156Z,15.5
2026-05-10T00:44:54.935Z,15.35
2026-05-10T00:49:53.218Z,15.19
2026-05-10T00:54:53.287Z,15.16
2026-05-10T00:59:54.077Z,15.16
2026-05-10T01:04:53.179Z,15.19
2026-05-10T01:09:53.353Z,15.12
2026-05-10T01:14:53.338Z,15.07
2026-05-10T01:19:54.69Z,15.01
2026-05-10T01:24:53.068Z,15.09
2026-05-10T01:29:53.351Z,15.19
2026-05-10T01:34:53.283Z,15.12
2026-05-10T01:39:54.889Z,15.07
2026-05-10T01:44:53.357Z,15.19
2026-05-10T01:49:53.406Z,15.16
2026-05-10T01:54:53.2Z,15.27
2026-05-10T01:59:55.275Z,15.16
2026-05-10T02:04:53.34Z,15.16
2026-05-10T02:09:53.271Z,15.19
2026-05-10T02:14:53.084Z,15.19
2026-05-10T02:19:53.105Z,15.12
2026-05-10T02:24:53.092Z,15.21
2026-05-10T02:29:53.349Z,15.12
2026-05-10T02:34:53.298Z,15.07
2026-05-10T02:39:53.145Z,15.04
2026-05-10T02:44:53.336Z,14.9
2026-05-10T02:49:53.355Z,14.72
2026-05-10T02:54:54.972Z,14.81
2026-05-10T02:59:53.369Z,14.7
2026-05-10T03:04:53.199Z,14.61
2026-05-10T03:09:53.253Z,14.61
2026-05-10T03:14:53.348Z,14.52
2026-05-10T03:19:53.359Z,14.47
2026-05-10T03:24:53.494Z,14.44
2026-05-10T03:29:54.904Z,14.44
2026-05-10T03:34:53.154Z,14.44
2026-05-10T03:39:53.171Z,14.49
2026-05-10T03:44:53.178Z,14.49
2026-05-10T03:49:53.146Z,14.52
2026-05-10T03:54:53.072Z,14.49
2026-05-10T03:59:53.335Z,14.47
2026-05-10T04:04:53.236Z,14.44
2026-05-10T04:09:53.236Z,14.35
2026-05-10T04:14:53.141Z,14.41
2026-05-10T04:19:53.083Z,14.47
2026-05-10T04:24:53.366Z,14.47
2026-05-10T04:29:53.355Z,14.58
2026-05-10T04:34:53.219Z,14.61
2026-05-10T04:39:53.336Z,14.67
2026-05-10T04:44:55.289Z,14.84
2026-05-10T04:49:53.254Z,14.78
2026-05-10T04:54:53.181Z,14.81
2026-05-10T04:59:53.222Z,14.86
2026-05-10T05:04:53.309Z,14.84
2026-05-10T05:09:53.343Z,14.84
2026-05-10T05:14:53.569Z,14.86
2026-05-10T05:19:53.226Z,14.81
2026-05-10T05:24:53.214Z,14.75
2026-05-10T05:29:53.08Z,14.64
2026-05-10T05:34:53.056Z,14.61
2026-05-10T05:39:53.19Z,14.49
2026-05-10T05:44:53.227Z,14.49
2026-05-10T05:49:53.101Z,14.55
2026-05-10T05:54:54.362Z,14.61
2026-05-10T05:59:53.104Z,14.67
2026-05-10T06:04:53.099Z,14.78
2026-05-10T06:09:53.389Z,14.9
2026-05-10T06:14:53.261Z,15.01
2026-05-10T06:19:53.104Z,15.19
2026-05-10T06:24:53.208Z,15.42
2026-05-10T06:29:54.195Z,15.67
2026-05-10T06:34:53.175Z,15.81
2026-05-10T06:39:53.086Z,15.99
2026-05-10T06:44:53.263Z,16.16
2026-05-10T06:49:53.351Z,16.42
2026-05-10T06:54:53.214Z,16.62
2026-05-10T06:59:53.085Z,16.82
2026-05-10T07:04:53.345Z,17.11
2026-05-10T07:09:54.48Z,17.31
2026-05-10T07:14:53.245Z,17.54
2026-05-10T07:19:53.251Z,17.86
2026-05-10T07:24:53.08Z,18.21
2026-05-10T07:29:53.179Z,18.61
2026-05-10T07:34:53.112Z,19.04
2026-05-10T07:39:53.24Z,19.24
2026-05-10T07:44:53.319Z,19.42
2026-05-10T07:49:53.094Z,19.59
2026-05-10T07:54:53.132Z,19.85
2026-05-10T07:59:53.137Z,20.37
2026-05-10T08:04:53.196Z,20.11
2026-05-10T08:09:53.34Z,20.22
2026-05-10T08:14:53.958Z,20.45
2026-05-10T08:19:53.338Z,20.71
2026-05-10T08:24:54.408Z,20.91
2026-05-10T08:29:53.116Z,21.11
2026-05-10T08:34:53.198Z,21.28
2026-05-10T08:39:53.198Z,21.66
2026-05-10T08:44:53.236Z,21.89
2026-05-10T08:49:53.341Z,22.12
2026-05-10T08:54:53.214Z,22.09
2026-05-10T08:59:53.586Z,22.41
2026-05-10T09:04:53.339Z,22.44
2026-05-10T09:09:53.055Z,22.78
2026-05-10T09:14:53.238Z,22.84
2026-05-10T09:19:53.204Z,23.27
2026-05-10T09:24:53.336Z,23.3
2026-05-10T09:29:53.786Z,23.53
2026-05-10T09:34:53.289Z,23.65
2026-05-10T09:39:54.75Z,23.82
2026-05-10T09:44:53.135Z,23.99
2026-05-10T09:49:53.195Z,24.37
2026-05-10T09:54:53.308Z,24.48
2026-05-10T09:59:53.3Z,24.45
2026-05-10T10:04:53.208Z,24.68
2026-05-10T10:09:53.054Z,24.88
2026-05-10T10:14:53.162Z,24.85
2026-05-10T10:19:53.303Z,25.03
2026-05-10T10:24:53.107Z,25.32
2026-05-10T10:29:53.559Z,25.43
2026-05-10T10:34:54.529Z,25.78
2026-05-10T10:39:53.079Z,25.78
2026-05-10T10:44:53.333Z,26.04
2026-05-10T10:49:53.318Z,26.09
2026-05-10T10:54:53.475Z,26.38
2026-05-10T10:59:53.078Z,26.58
2026-05-10T11:04:53.312Z,26.78
2026-05-10T11:09:53.683Z,26.73
2026-05-10T11:14:53.196Z,26.58
2026-05-10T11:19:53.098Z,26.32
2026-05-10T11:24:53.293Z,26.38
2026-05-10T11:29:55.43Z,26.81
2026-05-10T11:34:53.056Z,27.22
2026-05-10T11:39:53.796Z,27.5
2026-05-10T11:44:53.17Z,27.39
2026-05-10T11:49:53.194Z,27.59
2026-05-10T11:54:53.322Z,28.08
2026-05-10T11:59:53.156Z,28.16
2026-05-10T12:04:53.33Z,28.36
2026-05-10T12:09:53.089Z,28.36
2026-05-10T12:14:53.188Z,27.9
2026-05-10T12:19:53.288Z,28.16
2026-05-10T12:24:53.737Z,27.99
2026-05-10T12:29:53.199Z,27.76
2026-05-10T12:34:53.172Z,27.56
2026-05-10T12:39:53.301Z,27.82
2026-05-10T12:44:53.087Z,28.11
2026-05-10T12:49:53.188Z,27.79
2026-05-10T12:54:53.225Z,27.71
2026-05-10T12:59:53.275Z,27.56
2026-05-10T13:04:53.186Z,27.56
2026-05-10T13:09:53.28Z,27.67
2026-05-10T13:14:53.184Z,27.85
2026-05-10T13:19:53.62Z,27.87
2026-05-10T13:24:53.25Z,27.82
2026-05-10T13:29:53.58Z,27.99
2026-05-10T13:34:54.858Z,27.87
2026-05-10T13:39:53.223Z,27.87
2026-05-10T13:44:53.201Z,27.82
2026-05-10T13:49:53.813Z,28.05
2026-05-10T13:54:53.265Z,28.05
2026-05-10T13:59:53.176Z,27.87
2026-05-10T14:04:53.134Z,27.71
2026-05-10T14:09:55.036Z,27.73
2026-05-10T14:14:53.146Z,27.56
2026-05-10T14:19:53.154Z,27.41
2026-05-10T14:24:53.971Z,27.64
2026-05-10T14:29:53.166Z,27.67
2026-05-10T14:34:53.176Z,27.73
2026-05-10T14:39:53.132Z,27.48
2026-05-10T14:44:53.885Z,27.41
2026-05-10T14:49:53.095Z,27.56
2026-05-10T14:54:53.148Z,27.71
2026-05-10T15:00:02.588Z,27.82
2026-05-10T15:04:53.325Z,27.85
2026-05-10T15:09:53.278Z,27.64
2026-05-10T15:14:53.088Z,27.67
2026-05-10T15:19:53.19Z,27.79
2026-05-10T15:24:53.186Z,27.67
2026-05-10T15:29:53.057Z,27.64
2026-05-10T15:34:53.56Z,27.79
2026-05-10T15:39:54.443Z,27.76
2026-05-10T15:44:53.261Z,28.02
2026-05-10T15:49:53.304Z,27.73
2026-05-10T15:54:53.127Z,27.56
2026-05-10T15:59:53.116Z,27.44
2026-05-10T16:04:53.149Z,27.41
2026-05-10T16:09:53.672Z,27.36
2026-05-10T16:14:53.231Z,27.33
2026-05-10T16:19:53.255Z,27.36
2026-05-10T16:24:53.196Z,27.56
2026-05-10T16:29:53.309Z,27.64
2026-05-10T16:34:54.715Z,27.59
2026-05-10T16:39:53.219Z,27.33
2026-05-10T16:44:53.156Z,27.36
2026-05-10T16:49:53.254Z,27.3
2026-05-10T16:54:53.261Z,27.1
2026-05-10T16:59:53.162Z,26.81
2026-05-10T17:04:53.161Z,26.78
2026-05-10T17:09:53.099Z,26.73
2026-05-10T17:14:53.107Z,26.67
2026-05-10T17:19:53.095Z,26.67
2026-05-10T17:24:53.198Z,26.64
2026-05-10T17:29:53.08Z,26.67
2026-05-10T17:34:53.317Z,26.76
2026-05-10T17:39:53.291Z,26.55
2026-05-10T17:44:53.167Z,26.41
2026-05-10T17:49:53.182Z,26.24
2026-05-10T17:54:53.456Z,25.97
2026-05-10T17:59:53.235Z,25.75
2026-05-10T18:04:53.13Z,25.75
2026-05-10T18:09:53.278Z,25.75
2026-05-10T18:14:53.072Z,25.55
2026-05-10T18:19:53.456Z,25.34
2026-05-10T18:24:53.132Z,25.2
2026-05-10T18:29:53.074Z,25.06
2026-05-10T18:34:53.176Z,24.88
2026-05-10T18:39:53.422Z,24.77
2026-05-10T18:44:53.115Z,24.54
2026-05-10T18:49:53.33Z,24.51
2026-05-10T18:54:53.135Z,24.28
2026-05-10T18:59:53.238Z,24.11
2026-05-10T19:04:53.209Z,24.11
2026-05-10T19:09:53.117Z,24.02
2026-05-10T19:14:53.308Z,23.9
2026-05-10T19:19:53.316Z,23.85
2026-05-10T19:24:53.244Z,23.7
2026-05-10T19:29:53.185Z,23.56
2026-05-10T19:34:53.329Z,23.44
2026-05-10T19:39:53.117Z,23.24
2026-05-10T19:44:53.313Z,23.07
2026-05-10T19:49:53.219Z,22.87
2026-05-10T19:54:53.239Z,22.69
2026-05-10T19:59:53.336Z,22.55
2026-05-10T20:04:53.164Z,22.44
2026-05-10T20:09:54.402Z,22.35
2026-05-10T20:14:53.138Z,22.29
2026-05-10T20:19:53.22Z,22.18
2026-05-10T20:24:54.134Z,22.09
2026-05-10T20:29:53.069Z,21.77
2026-05-10T20:34:53.054Z,21.63
2026-05-10T20:39:53.091Z,21.43
2026-05-10T20:44:53.166Z,21.25
2026-05-10T20:49:54.578Z,21.2
2026-05-10T20:54:53.101Z,21.02
2026-05-10T20:59:53.215Z,21.06
2026-05-10T21:04:53.371Z,21.14
2026-05-10T21:09:53.299Z,21.11
2026-05-10T21:14:53.304Z,21.4
2026-05-10T21:19:53.223Z,21.95
2026-05-10T21:24:54.381Z,22.21
2026-05-10T21:29:53.194Z,22.35
2026-05-10T21:34:53.159Z,22.41
2026-05-10T21:39:53.517Z,22.26
2026-05-10T21:44:53.12Z,22.15
2026-05-10T21:49:53.076Z,21.86
2026-05-10T21:54:53.142Z,21.63
2026-05-10T21:59:53.335Z,21.57
2026-05-10T22:04:53.071Z,21.43
2026-05-10T22:09:53.231Z,21.4
2026-05-10T22:14:53.497Z,21.32
2026-05-10T22:19:53.094Z,21.2
2026-05-10T22:24:53.311Z,21.14
2026-05-10T22:29:53.155Z,21.09
2026-05-10T22:34:53.143Z,21.06
2026-05-10T22:39:53.289Z,20.94
2026-05-10T22:44:54.783Z,20.91
2026-05-10T22:49:53.289Z,20.86
2026-05-10T22:54:53.294Z,20.83
2026-05-10T22:59:53.128Z,20.83
2026-05-10T23:04:53.235Z,20.74
2026-05-10T23:09:53.214Z,20.71
2026-05-10T23:14:53.029Z,20.65
2026-05-10T23:19:55.052Z,20.62
2026-05-10T23:24:55.133Z,20.57
2026-05-10T23:29:53.307Z,20.45
2026-05-10T23:34:53.255Z,20.42
2026-05-10T23:39:54.49Z,20.45
2026-05-10T23:44:53.279Z,20.37
2026-05-10T23:49:53.235Z,20.37
2026-05-10T23:54:53.124Z,20.31
2026-05-10T23:59:53.079Z,20.31
2026-05-11T00:04:53.065Z,20.42
2026-05-11T00:09:53.298Z,20.34
2026-05-11T00:14:54.831Z,20.45
2026-05-11T00:19:53.155Z,20.42
2026-05-11T00:24:53.194Z,20.39
2026-05-11T00:29:53.157Z,20.42
2026-05-11T00:34:53.076Z,20.42
2026-05-11T00:39:53.078Z,20.37
2026-05-11T00:44:53.042Z,20.19
2026-05-11T00:49:53.116Z,20.02
2026-05-11T00:54:53.07Z,19.79
2026-05-11T00:59:53.182Z,19.59
2026-05-11T01:04:53.083Z,19.44
2026-05-11T01:09:53.214Z,19.16
2026-05-11T01:14:53.184Z,18.93
2026-05-11T01:19:53.222Z,18.78
2026-05-11T01:24:54.4Z,18.64
2026-05-11T01:29:53.294Z,18.52
2026-05-11T01:34:53.091Z,18.46
2026-05-11T01:39:53.034Z,18.41
2026-05-11T01:44:53.215Z,18.29
2026-05-11T01:49:53.207Z,18.21
2026-05-11T01:54:53.289Z,18.15
2026-05-11T01:59:54.284Z,18.12
2026-05-11T02:04:53.129Z,18.26
2026-05-11T02:09:53.273Z,18.32
2026-05-11T02:14:53.233Z,18.21
2026-05-11T02:19:53.181Z,18.23
2026-05-11T02:24:53.098Z,18.15
2026-05-11T02:29:53.21Z,18.18
2026-05-11T02:34:53.813Z,18.26
2026-05-11T02:39:53.268Z,18.49
2026-05-11T02:44:53.042Z,18.44
2026-05-11T02:49:53.244Z,18.58
2026-05-11T02:54:53.227Z,18.58
2026-05-11T02:59:53.042Z,18.84
2026-05-11T03:04:53.225Z,18.9
2026-05-11T03:09:53.284Z,18.9
2026-05-11T03:14:54.692Z,18.95
2026-05-11T03:19:53.945Z,18.87
2026-05-11T03:24:53.144Z,18.64
2026-05-11T03:29:53.956Z,18.41
2026-05-11T03:34:53.224Z,18.12
2026-05-11T03:39:53.229Z,17.89
2026-05-11T03:44:53.176Z,17.54
2026-05-11T03:49:53.287Z,17.34
2026-05-11T03:54:53.02Z,17.2
2026-05-11T03:59:53.071Z,17.17
2026-05-11T04:04:53.03Z,17.11
2026-05-11T04:09:53.035Z,17.11
2026-05-11T04:14:53.071Z,17.14
2026-05-11T04:19:53.377Z,17.08
2026-05-11T04:24:53.617Z,17.08
2026-05-11T04:29:55.132Z,17.14
2026-05-11T04:34:53.043Z,17.05
2026-05-11T04:39:53.056Z,17.05
2026-05-11T04:44:53.113Z,17.11
2026-05-11T04:49:53.017Z,17.23
2026-05-11T04:54:53.178Z,17.31
2026-05-11T04:59:53.29Z,17.26
2026-05-11T05:04:54.871Z,17.28
2026-05-11T05:09:53.263Z,17.34
2026-05-11T05:14:53.122Z,17.37
2026-05-11T05:19:53.299Z,17.51
2026-05-11T05:24:53.032Z,17.37
2026-05-11T05:29:53.176Z,17.31
2026-05-11T05:34:53.042Z,17.28
2026-05-11T05:39:54.392Z,17.08
2026-05-11T05:44:53.241Z,16.94
2026-05-11T05:49:53.234Z,16.79
2026-05-11T05:54:53.031Z,16.71
2026-05-11T05:59:53.103Z,16.62
2026-05-11T06:04:53.176Z,16.62
2026-05-11T06:09:53.04Z,16.74
2026-05-11T06:14:54.349Z,16.97
2026-05-11T06:19:53.094Z,17.2
2026-05-11T06:24:53.098Z,17.31
2026-05-11T06:29:53.129Z,17.57
2026-05-11T06:34:53.283Z,17.69
2026-05-11T06:39:53.111Z,18.0
2026-05-11T06:44:53.175Z,18.29
2026-05-11T06:49:53.159Z,18.55
2026-05-11T06:54:53.062Z,18.87
2026-05-11T06:59:53.1Z,19.01
2026-05-11T07:04:53.054Z,19.13
2026-05-11T07:09:53.237Z,19.3
2026-05-11T07:14:53.172Z,19.47
2026-05-11T07:19:53.271Z,19.73
2026-05-11T07:24:53.156Z,19.82
2026-05-11T07:29:53.202Z,20.22
2026-05-11T07:34:53.244Z,20.39
2026-05-11T07:39:53.135Z,20.53
2026-05-11T07:44:53.734Z,20.74
2026-05-11T07:49:53.149Z,21.0
2026-05-11T07:54:53.041Z,21.2
2026-05-11T07:59:53.093Z,21.23
2026-05-11T08:04:54.938Z,21.28
2026-05-11T08:09:53.18Z,21.43
2026-05-11T08:14:53.143Z,21.51
2026-05-11T08:19:53.278Z,21.4
2026-05-11T08:24:53.081Z,21.55
2026-05-11T08:29:53.067Z,21.57
2026-05-11T08:34:53.033Z,21.69
2026-05-11T08:39:53.139Z,21.89
2026-05-11T08:44:54.968Z,21.81
2026-05-11T08:49:53.062Z,21.92
2026-05-11T08:54:53.135Z,22.32
2026-05-11T08:59:53.032Z,22.38
2026-05-11T09:04:52.998Z,21.97
2026-05-11T09:09:53.091Z,22.46
2026-05-11T09:14:53.157Z,22.38
2026-05-11T09:19:53.031Z,22.81
2026-05-11T09:24:53.287Z,22.95
2026-05-11T09:29:53.182Z,23.07
2026-05-11T09:34:53.038Z,23.21
2026-05-11T09:39:53.124Z,22.9
2026-05-11T09:44:53.053Z,22.93
2026-05-11T09:49:53.01Z,23.1
2026-05-11T09:54:54.455Z,23.36
2026-05-11T09:59:53.135Z,23.44
2026-05-11T10:04:53.124Z,23.44
2026-05-11T10:09:53.085Z,23.73
2026-05-11T10:14:55.098Z,23.62
2026-05-11T10:19:53.167Z,24.13
2026-05-11T10:24:53.094Z,24.37
2026-05-11T10:29:53.005Z,24.34
2026-05-11T10:34:53.173Z,24.37
2026-05-11T10:39:53.27Z,24.42
2026-05-11T10:44:53.192Z,24.68
2026-05-11T10:49:54.476Z,24.62
2026-05-11T10:54:53.223Z,24.8
2026-05-11T10:59:53.538Z,24.83
2026-05-11T11:04:53.365Z,24.94
2026-05-11T11:09:54.916Z,25.14
2026-05-11T11:14:53.078Z,25.29
2026-05-11T11:19:53.274Z,25.37
2026-05-11T11:24:53.148Z,25.32
2026-05-11T11:29:53.1Z,25.37
2026-05-11T11:34:53.287Z,25.63
2026-05-11T11:39:53.033Z,25.4
2026-05-11T11:44:53.152Z,25.69
2026-05-11T11:49:53.065Z,25.92
2026-05-11T11:54:53.186Z,26.06
2026-05-11T11:59:53.215Z,26.18
2026-05-11T12:04:53.617Z,26.38
2026-05-11T12:09:53.068Z,26.5
2026-05-11T12:14:53.078Z,26.87
2026-05-11T12:19:53.092Z,27.04
2026-05-11T12:24:53.31Z,27.04
2026-05-11T12:29:53.085Z,27.22
2026-05-11T12:34:53.195Z,26.92
2026-05-11T12:39:54.72Z,26.99
2026-05-11T12:44:53.06Z,26.95
2026-05-11T12:49:53.012Z,27.3
2026-05-11T12:54:53.884Z,27.59
2026-05-11T12:59:54.429Z,27.87
2026-05-11T13:04:53.143Z,28.13
2026-05-11T13:09:53.209Z,28.36
2026-05-11T13:14:54.4Z,28.28
2026-05-11T13:19:53.278Z,28.25
2026-05-11T13:24:53.196Z,28.34
2026-05-11T13:29:53.597Z,28.31
2026-05-11T13:34:54.541Z,28.39
2026-05-11T13:39:53.207Z,28.31
2026-05-11T13:44:53.047Z,28.19
2026-05-11T13:49:53.157Z,28.36
2026-05-11T13:54:53.016Z,28.34
2026-05-11T13:59:53.271Z,28.08
2026-05-11T14:04:53.038Z,28.08
2026-05-11T14:09:53.089Z,28.28
2026-05-11T14:14:53.278Z,28.16
2026-05-11T14:19:53.296Z,28.31
2026-05-11T14:24:53.17Z,28.48
2026-05-11T14:29:53.215Z,28.16
2026-05-11T14:34:53.196Z,28.16
2026-05-11T14:39:53.045Z,28.16
2026-05-11T14:44:53.117Z,28.08
2026-05-11T14:49:53.171Z,28.25
2026-05-11T14:54:53.009Z,28.19
2026-05-11T14:59:53.222Z,28.31
2026-05-11T15:04:54.342Z,28.31
2026-05-11T15:09:53.156Z,27.99
2026-05-11T15:14:53.123Z,28.02
2026-05-11T15:19:53.436Z,28.19
2026-05-11T15:24:54.68Z,28.16
2026-05-11T15:29:53.126Z,28.11
2026-05-11T15:34:53.231Z,27.87
2026-05-11T15:39:53.027Z,27.64
2026-05-11T15:44:53.234Z,27.62
2026-05-11T15:49:53.163Z,27.64
2026-05-11T15:54:53.215Z,27.56
2026-05-11T15:59:53.179Z,27.01
2026-05-11T16:04:53.263Z,26.95
2026-05-11T16:09:53.239Z,26.99
2026-05-11T16:14:53.063Z,27.39
2026-05-11T16:19:53.221Z,27.36
2026-05-11T16:24:53.044Z,27.41
2026-05-11T16:29:53.185Z,27.5
2026-05-11T16:34:53.119Z,27.3
2026-05-11T16:39:53.203Z,27.22
2026-05-11T16:44:53.099Z,27.18
2026-05-11T16:49:53.258Z,27.33
2026-05-11T16:54:53.009Z,27.18
2026-05-11T16:59:53.114Z,27.16
2026-05-11T17:04:53.076Z,27.07
2026-05-11T17:09:53.103Z,27.13
2026-05-11T17:14:54.886Z,26.9
2026-05-11T17:19:53.241Z,26.64
2026-05-11T17:24:53.15Z,26.73
2026-05-11T17:29:53.02Z,26.64
2026-05-11T17:34:53.151Z,26.64
2026-05-11T17:39:53.266Z,26.46
2026-05-11T17:44:53.106Z,26.32
2026-05-11T17:49:53.199Z,26.35
2026-05-11T17:54:53.226Z,26.24
2026-05-11T17:59:53.028Z,26.04
2026-05-11T18:04:53.02Z,25.95
2026-05-11T18:09:53.127Z,25.8
2026-05-11T18:14:53.106Z,25.69
2026-05-11T18:19:53.06Z,25.6
2026-05-11T18:24:52.999Z,25.6
2026-05-11T18:29:53.112Z,25.37
2026-05-11T18:34:53.018Z,25.2
2026-05-11T18:39:53.126Z,25.0
2026-05-11T18:44:54.388Z,24.83
2026-05-11T18:49:53.405Z,24.71
2026-05-11T18:54:53.181Z,24.48
2026-05-11T18:59:53.195Z,24.25
2026-05-11T19:04:54.833Z,24.08
2026-05-11T19:09:53.095Z,23.73
2026-05-11T19:14:53.233Z,23.53
2026-05-11T19:19:53.001Z,23.33
2026-05-11T19:24:53.35Z,23.21
2026-05-11T19:29:53.035Z,23.01
2026-05-11T19:34:53.303Z,23.04
2026-05-11T19:39:53Z,23.07
2026-05-11T19:44:53.058Z,23.07
2026-05-11T19:49:53.073Z,23.04
2026-05-11T19:54:53.08Z,22.98
2026-05-11T19:59:53.014Z,22.9
2026-05-11T20:04:53.05Z,22.75
2026-05-11T20:09:53.019Z,22.61
2026-05-11T20:14:54.182Z,22.44
2026-05-11T20:19:53.16Z,22.18
2026-05-11T20:24:53.007Z,21.95
2026-05-11T20:29:53.303Z,21.83
2026-05-11T20:34:53.037Z,21.66
2026-05-11T20:39:53.042Z,21.49
2026-05-11T20:44:53.015Z,21.37
2026-05-11T20:49:53.216Z,21.28
2026-05-11T20:54:53.224Z,21.25
2026-05-11T20:59:53.202Z,21.25
2026-05-11T21:04:52.973Z,21.17
2026-05-11T21:09:54.286Z,21.14
2026-05-11T21:14:52.979Z,21.0
2026-05-11T21:19:53.904Z,20.97
2026-05-11T21:24:53.058Z,20.91
2026-05-11T21:29:53.062Z,20.74
2026-05-11T21:34:53.239Z,20.62
2026-05-11T21:39:53.05Z,20.48
2026-05-11T21:44:53.495Z,20.37
2026-05-11T21:49:52.999Z,20.28
2026-05-11T21:54:52.995Z,20.22
2026-05-11T21:59:53.053Z,20.05
2026-05-11T22:04:53.103Z,19.88
2026-05-11T22:09:53.166Z,19.82
2026-05-11T22:14:53.211Z,19.79
2026-05-11T22:19:53.197Z,19.67
2026-05-11T22:24:53.029Z,19.65
2026-05-11T22:29:53.246Z,19.62
2026-05-11T22:34:52.977Z,19.56
2026-05-11T22:39:53.538Z,19.56
2026-05-11T22:44:53.194Z,19.44
2026-05-11T22:49:53.142Z,19.42
2026-05-11T22:54:53.112Z,19.3
2026-05-11T22:59:53.109Z,19.24
2026-05-11T23:04:52.982Z,19.13
2026-05-11T23:09:53.185Z,18.98
2026-05-11T23:14:53.023Z,18.98
2026-05-11T23:19:53.205Z,18.93
2026-05-11T23:24:53.074Z,18.84
2026-05-11T23:29:54.492Z,18.78
2026-05-11T23:34:52.999Z,18.55
2026-05-11T23:39:53.074Z,18.49
2026-05-11T23:44:54.077Z,18.35
2026-05-11T23:49:53.133Z,18.38
2026-05-11T23:54:53.066Z,18.38
2026-05-11T23:59:52.966Z,18.44
2026-05-12T00:04:54.803Z,18.41
2026-05-12T00:09:52.972Z,18.58
2026-05-12T00:14:53.064Z,18.55
2026-05-12T00:19:54.402Z,18.52
2026-05-12T00:24:53.063Z,18.46
2026-05-12T00:29:52.957Z,18.44
2026-05-12T00:34:53.536Z,18.35
2026-05-12T00:39:52.981Z,18.38
2026-05-12T00:44:53.028Z,18.38
2026-05-12T00:49:53.114Z,18.38
2026-05-12T00:54:53.11Z,18.41
2026-05-12T00:59:53.015Z,18.46
2026-05-12T01:04:54.212Z,18.44
2026-05-12T01:09:53.509Z,18.44
2026-05-12T01:14:53.023Z,18.26
2026-05-12T01:19:53.096Z,18.15
2026-05-12T01:24:53.171Z,18.09
2026-05-12T01:29:53.149Z,18.03
2026-05-12T01:34:52.989Z,18.06
2026-05-12T01:39:52.977Z,18.06
2026-05-12T01:44:52.997Z,18.0
2026-05-12T01:49:53.086Z,17.83
2026-05-12T01:54:53.122Z,17.72
2026-05-12T01:59:53.095Z,17.54
2026-05-12T02:04:53.065Z,17.49
2026-05-12T02:09:53.021Z,17.49
2026-05-12T02:14:53.211Z,17.49
2026-05-12T02:19:53.041Z,17.4
2026-05-12T02:24:53.111Z,17.34
2026-05-12T02:29:52.972Z,17.2
2026-05-12T02:34:53.415Z,17.11
2026-05-12T02:39:52.976Z,17.0
2026-05-12T02:44:53.074Z,17.0
2026-05-12T02:49:53.159Z,17.05
2026-05-12T02:54:52.952Z,17.11
2026-05-12T02:59:53.079Z,17.05
2026-05-12T03:04:53.137Z,16.97
2026-05-12T03:09:53.028Z,17.0
2026-05-12T03:14:53.112Z,16.97
2026-05-12T03:19:52.916Z,16.91
2026-05-12T03:24:53.464Z,16.94
2026-05-12T03:29:54.432Z,16.94
2026-05-12T03:34:53.046Z,16.97
2026-05-12T03:39:53.228Z,17.0
2026-05-12T03:44:53.053Z,16.88
2026-05-12T03:49:52.957Z,16.91
2026-05-12T03:54:53.097Z,16.71
2026-05-12T03:59:53.193Z,16.51
2026-05-12T04:04:53.207Z,16.3
2026-05-12T04:09:53.088Z,16.1
2026-05-12T04:14:53.102Z,16.16
2026-05-12T04:19:53.143Z,16.1
2026-05-12T04:24:53.01Z,16.07
2026-05-12T04:29:53.028Z,15.99
2026-05-12T04:34:53.348Z,15.76
2026-05-12T04:39:54.245Z,15.81
2026-05-12T04:44:53.01Z,15.81
2026-05-12T04:49:53.186Z,15.79
2026-05-12T04:54:53.199Z,15.76
2026-05-12T04:59:53.021Z,15.84
2026-05-12T05:04:52.992Z,16.1
2026-05-12T05:09:53.225Z,16.05
2026-05-12T05:14:53.173Z,16.45
2026-05-12T05:19:53.031Z,16.65
2026-05-12T05:24:53.027Z,16.71
2026-05-12T05:29:53.03Z,16.74
2026-05-12T05:34:53.105Z,16.77
2026-05-12T05:39:53.083Z,16.85
2026-05-12T05:44:53.096Z,16.91
2026-05-12T05:49:54.716Z,17.02
2026-05-12T05:54:53.151Z,17.11
2026-05-12T05:59:52.896Z,17.26
2026-05-12T06:04:54.009Z,17.34
2026-05-12T06:09:53.072Z,17.34
2026-05-12T06:14:53.006Z,17.43
2026-05-12T06:19:53.02Z,17.51
2026-05-12T06:24:53.075Z,17.49
2026-05-12T06:29:53.099Z,17.43
2026-05-12T06:34:53.412Z,17.4
2026-05-12T06:39:52.951Z,17.37
2026-05-12T06:44:52.918Z,17.31
2026-05-12T06:49:52.98Z,17.51
2026-05-12T06:54:53.365Z,17.77
2026-05-12T06:59:54.581Z,17.95
2026-05-12T07:04:52.983Z,18.21
2026-05-12T07:09:52.964Z,18.55
2026-05-12T07:14:52.95Z,18.87
2026-05-12T07:19:53.207Z,19.16
2026-05-12T07:24:52.957Z,19.44
2026-05-12T07:29:53.035Z,20.02
2026-05-12T07:34:52.992Z,20.42
2026-05-12T07:39:53.364Z,20.79
2026-05-12T07:44:53.064Z,20.97
2026-05-12T07:49:53.114Z,21.17
2026-05-12T07:54:52.937Z,21.43
2026-05-12T07:59:53.111Z,21.66
2026-05-12T08:04:53.119Z,21.89
2026-05-12T08:09:53.065Z,21.86
2026-05-12T08:14:52.929Z,21.74
2026-05-12T08:19:52.909Z,21.63
2026-05-12T08:24:53.011Z,21.74
2026-05-12T08:29:53.058Z,22.12
2026-05-12T08:34:53.052Z,22.38
2026-05-12T08:39:52.98Z,22.32
2026-05-12T08:44:52.988Z,22.35
2026-05-12T08:49:53.134Z,22.29
2026-05-12T08:54:53.145Z,22.18
2026-05-12T08:59:53.863Z,22.32
2026-05-12T09:04:53.088Z,22.69
2026-05-12T09:09:53.134Z,22.61
2026-05-12T09:14:53.391Z,22.78
2026-05-12T09:19:54.015Z,22.78
2026-05-12T09:24:52.997Z,22.95
2026-05-12T09:29:53.001Z,23.01
2026-05-12T09:34:53.256Z,23.16
2026-05-12T09:39:53.156Z,23.33
2026-05-12T09:44:53.082Z,23.47
2026-05-12T09:49:52.904Z,23.76
2026-05-12T09:54:53.071Z,23.82
2026-05-12T09:59:53.09Z,24.13
2026-05-12T10:04:53.069Z,24.37
2026-05-12T10:09:53.086Z,24.6
2026-05-12T10:14:54.184Z,24.74
2026-05-12T10:19:52.95Z,25.2
2026-05-12T10:24:53.186Z,25.46
2026-05-12T10:29:53.031Z,25.89
2026-05-12T10:34:54.633Z,26.15
2026-05-12T10:39:52.904Z,26.15
2026-05-12T10:44:52.89Z,26.12
2026-05-12T10:49:53.094Z,26.15
2026-05-12T10:54:53.157Z,26.29
2026-05-12T10:59:53.031Z,26.32
2026-05-12T11:04:53.925Z,26.52
2026-05-12T11:09:53.156Z,26.52
2026-05-12T11:14:53.157Z,26.69
2026-05-12T11:19:54.663Z,26.81
2026-05-12T11:24:54.221Z,26.95
2026-05-12T11:29:53.076Z,27.01
2026-05-12T11:34:52.991Z,27.04
2026-05-12T11:39:53.773Z,26.99
2026-05-12T11:44:52.958Z,27.04
2026-05-12T11:49:53.01Z,27.3
2026-05-12T11:54:53.005Z,27.73
2026-05-12T11:59:52.921Z,27.56
2026-05-12T12:04:52.966Z,27.53
2026-05-12T12:09:52.986Z,27.39
2026-05-12T12:14:53.747Z,27.48
2026-05-12T12:19:53.159Z,27.48
2026-05-12T12:24:53.741Z,27.41
2026-05-12T12:29:52.976Z,27.44
2026-05-12T12:34:52.94Z,27.36
2026-05-12T12:39:53.102Z,27.24
2026-05-12T12:44:53.104Z,27.27
2026-05-12T12:49:53.928Z,27.33
2026-05-12T12:54:52.999Z,27.56
2026-05-12T12:59:52.964Z,28.13
2026-05-12T13:04:53.098Z,28.45
2026-05-12T13:09:52.93Z,28.16
2026-05-12T13:14:53.009Z,28.85
2026-05-12T13:19:52.948Z,28.97
2026-05-12T13:24:52.934Z,28.91
2026-05-12T13:29:53.122Z,28.6
2026-05-12T13:34:53.046Z,28.68
2026-05-12T13:39:53.034Z,29.0
2026-05-12T13:44:52.997Z,28.51
2026-05-12T13:49:53.145Z,28.68
2026-05-12T13:54:53.272Z,28.74
2026-05-12T13:59:54.451Z,28.94
2026-05-12T14:04:53.036Z,28.97
2026-05-12T14:09:53.135Z,28.6
2026-05-12T14:14:53.021Z,28.45
2026-05-12T14:19:52.983Z,28.34
2026-05-12T14:24:53.093Z,28.62
2026-05-12T14:29:53.288Z,28.97
2026-05-12T14:34:52.905Z,28.91
2026-05-12T14:39:52.958Z,28.51
2026-05-12T14:44:53.064Z,28.62
2026-05-12T14:49:54.199Z,28.39
2026-05-12T14:54:53.064Z,28.31
2026-05-12T14:59:53.089Z,28.19
2026-05-12T15:04:52.931Z,28.42
2026-05-12T15:09:53.073Z,28.36
2026-05-12T15:14:52.89Z,28.28
2026-05-12T15:19:52.891Z,28.31
2026-05-12T15:24:54.014Z,28.16
2026-05-12T15:29:52.964Z,27.99
2026-05-12T15:34:52.965Z,28.34
2026-05-12T15:39:53.111Z,28.31
2026-05-12T15:44:52.881Z,28.36
2026-05-12T15:49:53.069Z,28.71
2026-05-12T15:54:53.293Z,28.83
2026-05-12T15:59:52.951Z,28.62
2026-05-12T16:04:52.993Z,28.22
2026-05-12T16:09:53.076Z,28.28
2026-05-12T16:14:53.184Z,27.93
2026-05-12T16:19:53.058Z,27.93
2026-05-12T16:24:53.352Z,27.79
2026-05-12T16:29:53.129Z,27.64
2026-05-12T16:34:53.082Z,27.59
2026-05-12T16:39:53.039Z,27.53
2026-05-12T16:44:52.89Z,27.64
2026-05-12T16:49:53.132Z,27.53
2026-05-12T16:54:54.77Z,27.48
2026-05-12T16:59:53.059Z,27.39
2026-05-12T17:04:53.099Z,27.3
2026-05-12T17:09:53.292Z,27.24
2026-05-12T17:14:53.094Z,27.1
2026-05-12T17:19:52.949Z,27.01
2026-05-12T17:24:53.514Z,26.64
2026-05-12T17:29:52.947Z,26.32
2026-05-12T17:34:53.115Z,26.18
2026-05-12T17:39:53.047Z,26.01
2026-05-12T17:44:53.008Z,25.86
2026-05-12T17:49:53.175Z,25.43
2026-05-12T17:54:53.268Z,25.52
2026-05-12T17:59:53.14Z,25.32
2026-05-12T18:04:53.043Z,25.29
2026-05-12T18:09:53.116Z,25.03
2026-05-12T18:14:52.985Z,24.97
2026-05-12T18:19:54.639Z,24.77
2026-05-12T18:24:53.172Z,24.54
2026-05-12T18:29:52.941Z,24.34
2026-05-12T18:34:53.825Z,24.28
2026-05-12T18:39:52.951Z,24.13
2026-05-12T18:44:52.976Z,23.99
2026-05-12T18:49:53.027Z,23.96
2026-05-12T18:54:56.211Z,23.93
2026-05-12T18:59:52.992Z,23.88
2026-05-12T19:04:53.087Z,23.76
2026-05-12T19:09:53.981Z,23.7
2026-05-12T19:14:52.963Z,23.67
2026-05-12T19:19:52.945Z,23.62
2026-05-12T19:24:53.09Z,23.53
2026-05-12T19:29:54.368Z,23.5
2026-05-12T19:34:53.03Z,23.44
2026-05-12T19:39:52.883Z,23.41
2026-05-12T19:44:53.696Z,23.3
2026-05-12T19:49:53.059Z,23.36
2026-05-12T19:54:53.085Z,23.3
2026-05-12T19:59:52.981Z,23.3
2026-05-12T20:04:54.697Z,23.24
2026-05-12T20:09:54.656Z,23.18
2026-05-12T20:14:53.199Z,23.04
2026-05-12T20:19:52.968Z,22.95
2026-05-12T20:24:53.03Z,22.93
2026-05-12T20:29:53.179Z,22.95
2026-05-12T20:34:52.942Z,22.98
2026-05-12T20:39:52.96Z,22.95
2026-05-12T20:44:53.012Z,22.84
2026-05-12T20:49:53.595Z,22.67
2026-05-12T20:54:52.899Z,22.61
2026-05-12T20:59:52.931Z,22.44
2026-05-12T21:04:53.006Z,22.21
2026-05-12T21:09:53.151Z,21.95
2026-05-12T21:14:52.944Z,21.77
2026-05-12T21:19:53.016Z,21.6
2026-05-12T21:24:52.972Z,21.51
2026-05-12T21:29:53.168Z,21.4
2026-05-12T21:34:53.164Z,21.32
2026-05-12T21:39:53.039Z,21.2
2026-05-12T21:44:53.189Z,21.02
2026-05-12T21:49:52.934Z,20.86
2026-05-12T21:54:52.948Z,20.76
2026-05-12T21:59:53.262Z,20.79
2026-05-12T22:04:52.997Z,20.68
2026-05-12T22:09:53.073Z,20.45
2026-05-12T22:14:53.643Z,20.28
2026-05-12T22:19:53.52Z,20.25
2026-05-12T22:24:53.107Z,20.08
2026-05-12T22:29:53.165Z,19.96
2026-05-12T22:34:53.05Z,19.9
2026-05-12T22:39:53.054Z,19.82
2026-05-12T22:44:53.046Z,19.79
2026-05-12T22:49:52.893Z,19.73
2026-05-12T22:54:53.01Z,19.65
2026-05-12T22:59:52.99Z,19.62
2026-05-12T23:04:53.07Z,19.44
2026-05-12T23:09:53.081Z,19.33
2026-05-12T23:14:53.028Z,19.3
2026-05-12T23:19:52.98Z,19.27
2026-05-12T23:24:53.154Z,19.33
2026-05-12T23:29:54.038Z,19.21
2026-05-12T23:34:52.889Z,19.24
2026-05-12T23:39:53.517Z,19.13
2026-05-12T23:44:53.14Z,19.07
2026-05-12T23:49:53.171Z,18.95
2026-05-12T23:54:53.033Z,18.9
2026-05-12T23:59:53.094Z,18.87
2026-05-13T00:04:52.895Z,18.84
2026-05-13T00:09:52.886Z,18.72
2026-05-13T00:14:53.087Z,18.72
2026-05-13T00:19:52.965Z,18.69
2026-05-13T00:24:53.009Z,18.67
2026-05-13T00:29:52.888Z,18.81
2026-05-13T00:34:52.961Z,18.93
2026-05-13T00:39:53.054Z,18.98
2026-05-13T00:44:52.855Z,19.07
2026-05-13T00:49:53.051Z,19.24
2026-05-13T00:54:52.898Z,19.44
2026-05-13T00:59:53.019Z,19.39
2026-05-13T01:04:52.901Z,19.33
2026-05-13T01:09:53.449Z,19.3
2026-05-13T01:14:53.151Z,19.33
2026-05-13T01:19:54.166Z,19.33
2026-05-13T01:24:52.957Z,19.27
2026-05-13T01:29:53.095Z,19.18
2026-05-13T01:34:52.964Z,18.98
2026-05-13T01:39:52.887Z,18.93
2026-05-13T01:44:52.953Z,18.75
2026-05-13T01:49:53.358Z,18.52
2026-05-13T01:54:52.91Z,18.38
2026-05-13T01:59:52.901Z,18.32
2026-05-13T02:04:53.107Z,18.15
2026-05-13T02:09:52.978Z,18.21
2026-05-13T02:14:53.052Z,18.06
2026-05-13T02:19:53.09Z,17.92
2026-05-13T02:24:53.157Z,17.63
2026-05-13T02:29:53.022Z,17.4
2026-05-13T02:34:52.859Z,17.2
2026-05-13T02:39:53.574Z,16.91
2026-05-13T02:44:53.052Z,16.74
2026-05-13T02:49:53.148Z,16.71
2026-05-13T02:54:52.967Z,16.59
2026-05-13T02:59:52.876Z,16.48
2026-05-13T03:04:52.961Z,16.28
2026-05-13T03:09:53.139Z,16.07
2026-05-13T03:14:52.865Z,15.99
2026-05-13T03:19:52.977Z,15.93
2026-05-13T03:24:53.137Z,15.88
2026-05-13T03:29:53.057Z,15.88
2026-05-13T03:34:52.986Z,15.84
2026-05-13T03:39:53.072Z,15.81
2026-05-13T03:44:53.071Z,15.84
2026-05-13T03:49:53.028Z,15.84
2026-05-13T03:54:52.995Z,15.88
2026-05-13T03:59:52.867Z,15.79
2026-05-13T04:04:52.93Z,15.67
2026-05-13T04:09:52.849Z,15.58
2026-05-13T04:14:52.894Z,15.47
2026-05-13T04:19:53.035Z,15.33
2026-05-13T04:24:52.916Z,15.21
2026-05-13T04:29:52.894Z,15.19
2026-05-13T04:34:53.093Z,15.16
2026-05-13T04:39:52.934Z,15.19
2026-05-13T04:44:52.981Z,15.12
2026-05-13T04:49:53.332Z,15.07
2026-05-13T04:54:53.071Z,15.07
2026-05-13T04:59:53.075Z,15.07
2026-05-13T05:04:52.849Z,15.24
2026-05-13T05:09:52.92Z,15.35
2026-05-13T05:14:52.996Z,15.42
2026-05-13T05:19:52.979Z,15.44
2026-05-13T05:24:53.918Z,15.47
2026-05-13T05:29:52.853Z,15.61
2026-05-13T05:34:52.856Z,15.84
2026-05-13T05:39:53.294Z,15.93
2026-05-13T05:44:52.838Z,16.14
2026-05-13T05:49:53.005Z,16.28
2026-05-13T05:54:53.029Z,16.56
2026-05-13T05:59:52.875Z,16.79
2026-05-13T06:04:52.999Z,17.05
2026-05-13T06:09:52.878Z,17.14
2026-05-13T06:14:53.405Z,17.37
2026-05-13T06:19:53.033Z,17.6
2026-05-13T06:24:52.978Z,17.72
2026-05-13T06:29:53.032Z,18.0
2026-05-13T06:34:52.978Z,18.49
2026-05-13T06:39:52.97Z,19.04
2026-05-13T06:44:52.952Z,19.47
2026-05-13T06:49:53.007Z,19.7
2026-05-13T06:54:53.014Z,19.93
2026-05-13T06:59:52.856Z,20.05
2026-05-13T07:04:52.997Z,20.14
2026-05-13T07:09:52.849Z,20.39
2026-05-13T07:14:52.841Z,20.65
2026-05-13T07:19:53.599Z,20.68
2026-05-13T07:24:53.039Z,20.97
2026-05-13T07:29:52.831Z,21.25
2026-05-13T07:34:53.075Z,21.49
2026-05-13T07:39:52.858Z,21.66
2026-05-13T07:44:53.01Z,21.95
2026-05-13T07:49:53.072Z,22.12
2026-05-13T07:54:54.964Z,22.29
2026-05-13T07:59:53.076Z,22.55
2026-05-13T08:04:52.82Z,22.78
2026-05-13T08:09:53.703Z,23.04
2026-05-13T08:14:52.874Z,22.98
2026-05-13T08:19:52.842Z,23.16
2026-05-13T08:24:52.847Z,23.21
2026-05-13T08:29:52.94Z,23.44
2026-05-13T08:34:52.829Z,23.53
2026-05-13T08:39:53.006Z,23.85
2026-05-13T08:44:53.018Z,23.82
2026-05-13T08:49:53.035Z,23.79
2026-05-13T08:54:52.997Z,23.85
2026-05-13T08:59:52.958Z,24.02
2026-05-13T09:04:53.075Z,24.22
2026-05-13T09:09:52.883Z,24.19
2026-05-13T09:14:52.869Z,24.39
2026-05-13T09:19:53.916Z,24.83
2026-05-13T09:24:52.829Z,24.54
2026-05-13T09:29:52.874Z,24.6
2026-05-13T09:34:52.946Z,24.6
2026-05-13T09:39:52.822Z,24.71
2026-05-13T09:44:52.835Z,24.8
2026-05-13T09:49:52.946Z,25.2
2026-05-13T09:54:52.985Z,24.88
2026-05-13T09:59:53.027Z,24.88
2026-05-13T10:04:53.88Z,25.26
2026-05-13T10:09:52.968Z,25.43
2026-05-13T10:14:53.009Z,25.72
2026-05-13T10:19:53.038Z,25.8
2026-05-13T10:24:52.809Z,25.78
2026-05-13T10:29:52.905Z,25.63
2026-05-13T10:34:53Z,25.97
2026-05-13T10:39:55.571Z,26.01
2026-05-13T10:44:52.883Z,26.01
2026-05-13T10:49:53.058Z,25.86
2026-05-13T10:54:54.315Z,25.95
2026-05-13T10:59:52.908Z,25.97
2026-05-13T11:04:52.954Z,26.38
2026-05-13T11:09:53.637Z,26.5
2026-05-13T11:14:52.867Z,26.55
2026-05-13T11:19:52.882Z,26.61
2026-05-13T11:24:53.338Z,27.04
2026-05-13T11:29:53.121Z,26.92
2026-05-13T11:34:52.848Z,26.84
2026-05-13T11:39:52.85Z,26.73
2026-05-13T11:44:52.963Z,26.9
2026-05-13T11:49:53.075Z,27.01
2026-05-13T11:54:52.888Z,27.36
2026-05-13T11:59:53.023Z,27.18
2026-05-13T12:04:52.861Z,26.76
2026-05-13T12:09:53.015Z,26.87
2026-05-13T12:14:53.111Z,27.3
2026-05-13T12:19:52.978Z,27.59
2026-05-13T12:24:52.879Z,27.73
2026-05-13T12:29:52.964Z,27.97
2026-05-13T12:34:53.039Z,27.99
2026-05-13T12:39:52.925Z,27.41
2026-05-13T12:44:52.864Z,27.71
2026-05-13T12:49:52.939Z,27.16
2026-05-13T12:54:52.95Z,27.16
2026-05-13T12:59:53.019Z,27.33
2026-05-13T13:04:53.583Z,27.1
2026-05-13T13:09:52.926Z,27.13
2026-05-13T13:14:52.87Z,27.18
2026-05-13T13:19:52.934Z,27.41
2026-05-13T13:24:53.031Z,27.18
2026-05-13T13:29:52.801Z,27.07
2026-05-13T13:34:53.044Z,27.67
2026-05-13T13:39:54.022Z,27.97
2026-05-13T13:44:52.933Z,27.97
2026-05-13T13:49:52.801Z,27.73
2026-05-13T13:54:52.954Z,27.56
2026-05-13T13:59:52.934Z,27.82
2026-05-13T14:04:52.865Z,27.64
2026-05-13T14:09:52.987Z,27.5
2026-05-13T14:14:52.935Z,27.3
2026-05-13T14:19:52.804Z,27.24
2026-05-13T14:24:53.033Z,27.39
2026-05-13T14:29:54.403Z,27.41
2026-05-13T14:34:52.949Z,27.64
2026-05-13T14:39:53.076Z,27.82
2026-05-13T14:44:54.067Z,27.82
2026-05-13T14:49:52.932Z,27.67
2026-05-13T14:54:53.004Z,27.71
2026-05-13T14:59:53.618Z,27.82
2026-05-13T15:04:52.949Z,27.82
2026-05-13T15:09:52.819Z,28.28
2026-05-13T15:14:53.584Z,28.34
2026-05-13T15:19:53.063Z,28.22
2026-05-13T15:24:53.068Z,28.05
2026-05-13T15:29:53.026Z,27.9
2026-05-13T15:34:52.947Z,28.08
2026-05-13T15:39:52.95Z,27.93
2026-05-13T15:44:53.087Z,27.82
2026-05-13T15:49:53.978Z,27.73
2026-05-13T15:54:53.044Z,27.73
2026-05-13T15:59:53.009Z,27.67
2026-05-13T16:04:53.052Z,27.67
2026-05-13T16:09:52.855Z,27.53
2026-05-13T16:14:52.792Z,27.48
2026-05-13T16:19:52.95Z,27.5
2026-05-13T16:24:53.005Z,27.62
2026-05-13T16:29:52.869Z,27.71
2026-05-13T16:34:52.841Z,27.93
2026-05-13T16:39:52.968Z,27.97
2026-05-13T16:44:52.845Z,28.08
2026-05-13T16:49:52.814Z,28.22
2026-05-13T16:54:53.844Z,27.9
2026-05-13T16:59:52.857Z,27.5
2026-05-13T17:04:53.006Z,27.33
2026-05-13T17:09:52.979Z,26.99
2026-05-13T17:14:54.772Z,26.78
2026-05-13T17:19:53Z,26.76
2026-05-13T17:24:52.942Z,26.64
2026-05-13T17:29:52.806Z,26.35
2026-05-13T17:34:52.964Z,25.97
2026-05-13T17:39:53.068Z,25.83
2026-05-13T17:44:52.988Z,25.69
2026-05-13T17:49:53.057Z,25.57
2026-05-13T17:54:52.96Z,25.43
2026-05-13T17:59:53.024Z,25.32
2026-05-13T18:04:53.038Z,25.26
2026-05-13T18:09:52.881Z,25.14
2026-05-13T18:14:52.874Z,25.09
2026-05-13T18:19:54.427Z,25.0
2026-05-13T18:24:52.855Z,24.8
2026-05-13T18:29:53.068Z,24.68
2026-05-13T18:34:52.971Z,24.62
2026-05-13T18:39:53.157Z,24.51
2026-05-13T18:44:53.058Z,24.34
2026-05-13T18:49:52.891Z,24.31
2026-05-13T18:54:53.03Z,24.16
2026-05-13T18:59:53.078Z,24.13
2026-05-13T19:04:53.337Z,24.08
2026-05-13T19:09:53.005Z,23.99
2026-05-13T19:14:52.98Z,23.88
2026-05-13T19:19:53.097Z,23.79
2026-05-13T19:24:52.886Z,23.59
2026-05-13T19:29:52.973Z,23.56
2026-05-13T19:34:52.879Z,23.47
2026-05-13T19:39:54.24Z,23.41
2026-05-13T19:44:53.068Z,23.36
2026-05-13T19:49:52.956Z,23.27
2026-05-13T19:54:53.073Z,23.13
2026-05-13T19:59:53.074Z,23.04
2026-05-13T20:04:52.815Z,22.98
2026-05-13T20:09:52.906Z,22.84
2026-05-13T20:14:54.788Z,22.81
2026-05-13T20:19:53.03Z,22.67
2026-05-13T20:24:52.958Z,22.61
2026-05-13T20:29:52.845Z,22.69
2026-05-13T20:34:53.074Z,22.64
2026-05-13T20:39:52.995Z,22.64
2026-05-13T20:44:53.731Z,22.52
2026-05-13T20:49:52.834Z,22.29
2026-05-13T20:54:54.108Z,22.15
2026-05-13T20:59:52.952Z,21.86
2026-05-13T21:04:54.585Z,21.69
2026-05-13T21:09:52.902Z,21.55
2026-05-13T21:14:52.984Z,21.34
2026-05-13T21:19:54.152Z,21.14
2026-05-13T21:24:52.858Z,21.14
2026-05-13T21:29:52.842Z,21.2
2026-05-13T21:34:53.056Z,21.28
2026-05-13T21:39:55.231Z,21.2
2026-05-13T21:44:52.846Z,21.23
2026-05-13T21:49:53.065Z,21.28
2026-05-13T21:54:54.403Z,21.14
2026-05-13T21:59:53.066Z,21.0
2026-05-13T22:04:52.826Z,20.76
2026-05-13T22:09:52.998Z,20.57
2026-05-13T22:14:52.827Z,20.42
2026-05-13T22:19:53.004Z,20.22
2026-05-13T22:24:52.878Z,19.96
2026-05-13T22:29:52.912Z,19.93
2026-05-13T22:34:52.801Z,19.88
2026-05-13T22:39:53.252Z,19.88
2026-05-13T22:44:52.884Z,19.82
2026-05-13T22:49:53.076Z,19.76
2026-05-13T22:54:52.998Z,19.79
2026-05-13T22:59:54.086Z,20.08
2026-05-13T23:04:53.021Z,20.31
2026-05-13T23:09:52.935Z,20.53
2026-05-13T23:14:53.545Z,20.57
2026-05-13T23:19:53.353Z,20.6
2026-05-13T23:24:52.954Z,20.65
2026-05-13T23:29:52.962Z,20.53
2026-05-13T23:34:52.826Z,20.51
2026-05-13T23:39:52.938Z,20.42
2026-05-13T23:44:52.982Z,20.42
2026-05-13T23:49:54.053Z,20.45
2026-05-13T23:54:52.811Z,20.45
2026-05-13T23:59:52.952Z,20.34
2026-05-14T00:04:52.977Z,20.34
2026-05-14T00:09:54.946Z,20.19
2026-05-14T00:14:53.056Z,20.02
2026-05-14T00:19:52.862Z,19.88
2026-05-14T00:24:52.926Z,19.53
2026-05-14T00:29:52.978Z,19.21
2026-05-14T00:34:53.032Z,19.07
2026-05-14T00:39:53.89Z,19.13
2026-05-14T00:44:52.968Z,19.16
2026-05-14T00:49:52.809Z,19.1
2026-05-14T00:54:53.27Z,19.04
2026-05-14T00:59:53.281Z,18.95
2026-05-14T01:04:52.796Z,18.93
2026-05-14T01:09:53.03Z,18.69
2026-05-14T01:14:52.829Z,18.52
2026-05-14T01:19:53.019Z,18.46
2026-05-14T01:24:52.972Z,18.46
2026-05-14T01:29:52.823Z,18.49
2026-05-14T01:34:52.798Z,18.52
2026-05-14T01:39:52.841Z,18.46
2026-05-14T01:44:52.976Z,18.41
2026-05-14T01:49:53.473Z,18.29
2026-05-14T01:54:53.058Z,18.06
2026-05-14T01:59:52.993Z,18.21
2026-05-14T02:04:52.937Z,18.12
2026-05-14T02:09:52.997Z,17.97
2026-05-14T02:14:52.896Z,17.86
2026-05-14T02:19:54.465Z,17.66
2026-05-14T02:24:53.461Z,17.51
2026-05-14T02:29:52.983Z,17.43
2026-05-14T02:34:52.854Z,17.37
2026-05-14T02:39:53.064Z,17.26
2026-05-14T02:44:52.829Z,17.31
2026-05-14T02:49:53.061Z,17.11
2026-05-14T02:54:53.054Z,17.08
2026-05-14T02:59:52.9Z,16.91
2026-05-14T03:04:53.043Z,16.88
2026-05-14T03:09:52.958Z,16.88
2026-05-14T03:14:53.421Z,16.88
2026-05-14T03:19:53.036Z,16.82
2026-05-14T03:24:53.055Z,16.82
2026-05-14T03:29:52.989Z,16.79
2026-05-14T03:34:52.871Z,16.85
2026-05-14T03:39:52.851Z,16.97
2026-05-14T03:44:55.074Z,17.02
2026-05-14T03:49:52.853Z,17.0
2026-05-14T03:54:53.039Z,17.02
2026-05-14T03:59:52.872Z,16.94
2026-05-14T04:04:52.868Z,16.79
2026-05-14T04:09:52.856Z,16.68
2026-05-14T04:14:54.731Z,16.53
2026-05-14T04:19:52.864Z,16.33
2026-05-14T04:24:53.045Z,16.22
2026-05-14T04:29:52.952Z,15.96
2026-05-14T04:34:52.841Z,15.84
2026-05-14T04:39:53.081Z,15.79
2026-05-14T04:44:53.081Z,15.67
2026-05-14T04:49:54.522Z,15.58
2026-05-14T04:54:52.855Z,15.53
2026-05-14T04:59:52.938Z,15.44
2026-05-14T05:04:52.811Z,15.5
2026-05-14T05:09:52.876Z,15.47
2026-05-14T05:14:52.973Z,15.47
2026-05-14T05:19:52.839Z,15.7
2026-05-14T05:24:54.966Z,15.73
2026-05-14T05:29:52.865Z,15.88
2026-05-14T05:34:53.076Z,16.05
2026-05-14T05:39:54.354Z,16.19
2026-05-14T05:44:53.144Z,16.39
2026-05-14T05:49:53.06Z,16.71
2026-05-14T05:54:53.934Z,16.97
2026-05-14T05:59:53.701Z,17.26
2026-05-14T06:04:53.279Z,17.51
2026-05-14T06:09:52.788Z,17.74
2026-05-14T06:14:54.562Z,17.95
2026-05-14T06:19:52.805Z,18.09
2026-05-14T06:24:52.99Z,18.38
2026-05-14T06:29:52.78Z,18.61
2026-05-14T06:34:52.808Z,18.9
2026-05-14T06:39:53.019Z,19.13
2026-05-14T06:44:53.433Z,19.33
2026-05-14T06:49:53.049Z,19.67
2026-05-14T06:54:52.936Z,19.93
2026-05-14T06:59:52.935Z,20.16
2026-05-14T07:04:52.892Z,20.42
2026-05-14T07:09:52.85Z,20.88
2026-05-14T07:14:52.933Z,21.32
2026-05-14T07:19:54.08Z,21.55
2026-05-14T07:24:53.073Z,21.83
2026-05-14T07:29:52.786Z,22.09
2026-05-14T07:34:52.895Z,22.06
2026-05-14T07:39:53.208Z,22.15
2026-05-14T07:44:52.944Z,22.21
2026-05-14T07:49:52.875Z,22.18
2026-05-14T07:54:55.804Z,22.41
2026-05-14T07:59:52.857Z,22.64
2026-05-14T08:04:53.303Z,22.69
2026-05-14T08:09:52.976Z,22.58
2026-05-14T08:14:52.838Z,22.9
2026-05-14T08:19:52.85Z,23.01
2026-05-14T08:24:52.797Z,23.18
2026-05-14T08:29:52.889Z,23.13
2026-05-14T08:34:53.604Z,23.33
2026-05-14T08:39:53.324Z,23.41
2026-05-14T08:44:54.748Z,23.47
2026-05-14T08:49:52.94Z,23.5
2026-05-14T08:54:52.88Z,23.73
2026-05-14T08:59:53.182Z,23.93
2026-05-14T09:04:52.89Z,23.99
2026-05-14T09:09:52.938Z,24.28
2026-05-14T09:14:52.938Z,24.57
2026-05-14T09:19:53.042Z,24.62
2026-05-14T09:24:52.962Z,24.91
2026-05-14T09:29:53.293Z,24.94
2026-05-14T09:34:53.036Z,25.14
2026-05-14T09:39:52.882Z,25.2
2026-05-14T09:44:52.911Z,25.46
2026-05-14T09:49:52.77Z,25.52
2026-05-14T09:54:52.788Z,25.72
2026-05-14T09:59:52.848Z,25.57
2026-05-14T10:04:52.987Z,25.57
2026-05-14T10:09:52.797Z,25.83
2026-05-14T10:14:53.034Z,25.89
2026-05-14T10:19:52.775Z,26.04
2026-05-14T10:24:52.79Z,26.32
2026-05-14T10:29:52.832Z,26.29
2026-05-14T10:34:53.574Z,26.29
2026-05-14T10:39:52.95Z,26.55
2026-05-14T10:44:52.861Z,26.73
2026-05-14T10:49:52.798Z,26.69
2026-05-14T10:54:52.828Z,26.61
2026-05-14T10:59:53.651Z,26.9
2026-05-14T11:04:52.778Z,27.24
2026-05-14T11:09:54.139Z,27.36
2026-05-14T11:14:52.766Z,26.61
2026-05-14T11:19:52.968Z,26.38
2026-05-14T11:24:52.845Z,26.29
2026-05-14T11:29:52.863Z,26.24
2026-05-14T11:34:52.783Z,26.41
2026-05-14T11:39:53.032Z,27.1
2026-05-14T11:44:53.198Z,27.41
2026-05-14T11:49:52.877Z,27.62
2026-05-14T11:54:53.012Z,27.48
2026-05-14T11:59:52.91Z,27.44
2026-05-14T12:04:52.993Z,27.73
2026-05-14T12:09:53.017Z,27.64
2026-05-14T12:14:52.847Z,27.3
2026-05-14T12:19:53.202Z,27.18
2026-05-14T12:24:52.746Z,27.1
2026-05-14T12:29:52.779Z,26.99
2026-05-14T12:34:54.553Z,27.04
2026-05-14T12:39:52.871Z,26.95
2026-05-14T12:44:52.943Z,27.13
2026-05-14T12:49:52.767Z,27.18
2026-05-14T12:54:52.984Z,27.56
2026-05-14T12:59:52.877Z,27.71
2026-05-14T13:04:52.865Z,27.64
2026-05-14T13:09:54.285Z,27.24
2026-05-14T13:14:52.939Z,27.27
2026-05-14T13:19:52.947Z,27.36
2026-05-14T13:24:53.875Z,27.39
2026-05-14T13:29:52.919Z,27.62
2026-05-14T13:34:53.057Z,27.73
2026-05-14T13:39:53.122Z,27.62
2026-05-14T13:44:53.07Z,27.64
2026-05-14T13:49:52.935Z,28.11
2026-05-14T13:54:52.763Z,28.13
2026-05-14T13:59:53.033Z,28.28
2026-05-14T14:04:52.955Z,28.74
2026-05-14T14:09:53.011Z,29.2
2026-05-14T14:14:52.843Z,29.34
2026-05-14T14:19:52.831Z,29.4
2026-05-14T14:24:52.867Z,29.32
2026-05-14T14:29:52.94Z,28.77
2026-05-14T14:34:52.781Z,28.62
2026-05-14T14:39:52.874Z,28.8
2026-05-14T14:44:52.979Z,29.06
2026-05-14T14:49:54.251Z,29.17
2026-05-14T14:54:53.588Z,29.37
2026-05-14T14:59:53.062Z,29.55
2026-05-14T15:04:53.02Z,29.52
2026-05-14T15:09:52.858Z,29.49
2026-05-14T15:14:52.803Z,29.43
2026-05-14T15:19:52.767Z,29.26
2026-05-14T15:24:54.891Z,29.17
2026-05-14T15:29:52.881Z,28.97
2026-05-14T15:34:52.805Z,28.94
2026-05-14T15:39:52.841Z,28.77
2026-05-14T15:44:52.938Z,28.71
2026-05-14T15:49:53.017Z,28.65
2026-05-14T15:54:54.304Z,28.71
2026-05-14T15:59:52.773Z,28.74
2026-05-14T16:04:52.891Z,28.6
2026-05-14T16:09:53.032Z,28.68
2026-05-14T16:14:52.879Z,28.48
2026-05-14T16:19:53.006Z,28.28
2026-05-14T16:24:52.841Z,28.19
2026-05-14T16:29:55.047Z,27.99
2026-05-14T16:34:53.174Z,27.99
2026-05-14T16:39:52.825Z,27.9
2026-05-14T16:44:53.269Z,27.85
2026-05-14T16:49:52.973Z,27.85
2026-05-14T16:54:53.036Z,27.76
2026-05-14T16:59:52.994Z,27.59
2026-05-14T17:04:52.811Z,27.41
2026-05-14T17:09:53.038Z,27.3
2026-05-14T17:14:53.662Z,27.16
2026-05-14T17:19:52.835Z,27.1
2026-05-14T17:24:52.808Z,26.9
2026-05-14T17:29:52.852Z,26.73
2026-05-14T17:34:53.125Z,26.69
2026-05-14T17:39:52.964Z,26.69
2026-05-14T17:44:55.201Z,26.52
2026-05-14T17:49:54.3Z,26.38
2026-05-14T17:54:52.793Z,26.27
2026-05-14T17:59:52.861Z,26.18
2026-05-14T18:04:52.961Z,26.09
2026-05-14T18:09:52.882Z,25.83
2026-05-14T18:14:52.914Z,25.63
2026-05-14T18:19:52.892Z,25.49
2026-05-14T18:24:52.894Z,25.26
2026-05-14T18:29:53.023Z,25.06
2026-05-14T18:34:52.802Z,24.88
2026-05-14T18:39:54.334Z,24.71
2026-05-14T18:44:52.861Z,24.45
2026-05-14T18:49:52.825Z,24.31
2026-05-14T18:54:52.84Z,24.11
2026-05-14T18:59:52.777Z,23.99
2026-05-14T19:04:52.845Z,23.79
2026-05-14T19:09:52.895Z,23.73
2026-05-14T19:14:52.796Z,23.65
2026-05-14T19:19:52.81Z,23.67
2026-05-14T19:24:52.755Z,23.67
2026-05-14T19:29:52.865Z,23.56
2026-05-14T19:34:52.789Z,23.59
2026-05-14T19:39:52.769Z,23.5
2026-05-14T19:44:52.836Z,23.47
2026-05-14T19:49:53.016Z,23.59
2026-05-14T19:54:52.921Z,23.67
2026-05-14T19:59:53.165Z,23.82
2026-05-14T20:04:52.965Z,23.96
2026-05-14T20:09:52.869Z,24.08
2026-05-14T20:14:53.106Z,24.11
2026-05-14T20:19:53.012Z,23.88
2026-05-14T20:24:52.885Z,23.62
2026-05-14T20:29:53.088Z,23.59
2026-05-14T20:34:52.983Z,23.65
2026-05-14T20:39:52.78Z,23.5
2026-05-14T20:44:52.839Z,23.53
2026-05-14T20:49:53.69Z,23.39
2026-05-14T20:54:52.997Z,23.33
2026-05-14T20:59:53.078Z,23.24
2026-05-14T21:04:52.759Z,23.13
2026-05-14T21:09:52.792Z,23.01
2026-05-14T21:14:52.795Z,23.04
2026-05-14T21:19:52.785Z,22.93
2026-05-14T21:24:52.829Z,22.93
2026-05-14T21:29:52.914Z,22.81
2026-05-14T21:34:52.783Z,22.9
2026-05-14T21:39:53.72Z,22.78
2026-05-14T21:44:52.974Z,22.72
2026-05-14T21:49:52.798Z,22.67
2026-05-14T21:54:53.026Z,22.55
2026-05-14T21:59:52.841Z,22.46
2026-05-14T22:04:52.743Z,22.23
2026-05-14T22:09:52.825Z,22.21
2026-05-14T22:14:54.246Z,22.12
2026-05-14T22:19:53.026Z,22.04
2026-05-14T22:24:52.828Z,21.95
2026-05-14T22:29:52.841Z,21.81
2026-05-14T22:34:52.87Z,21.72
2026-05-14T22:39:52.777Z,21.74
2026-05-14T22:44:52.897Z,21.63
2026-05-14T22:49:52.969Z,21.55
2026-05-14T22:54:52.792Z,21.32
2026-05-14T22:59:52.835Z,21.2
2026-05-14T23:04:52.818Z,21.06
2026-05-14T23:09:52.765Z,21.0
2026-05-14T23:14:52.9Z,20.74
2026-05-14T23:19:52.75Z,20.76
2026-05-14T23:24:52.78Z,20.62
2026-05-14T23:29:53.201Z,20.57
2026-05-14T23:34:53.34Z,20.42
2026-05-14T23:39:53.008Z,20.31
2026-05-14T23:44:52.937Z,20.16
2026-05-14T23:49:53.011Z,20.05
2026-05-14T23:54:53.749Z,20.02
2026-05-14T23:59:52.736Z,19.9
2026-05-15T00:04:52.726Z,19.79
2026-05-15T00:09:52.751Z,19.73
2026-05-15T00:14:52.912Z,19.73
2026-05-15T00:19:52.733Z,19.65
2026-05-15T00:24:52.766Z,19.67
2026-05-15T00:29:52.815Z,19.76
2026-05-15T00:34:52.832Z,19.65
2026-05-15T00:39:52.982Z,19.5
2026-05-15T00:44:52.959Z,19.44
2026-05-15T00:49:52.985Z,19.53
2026-05-15T00:54:52.946Z,19.59
2026-05-15T00:59:53.537Z,19.62
2026-05-15T01:04:52.779Z,19.53
2026-05-15T01:09:52.929Z,19.47
2026-05-15T01:14:52.765Z,19.56
2026-05-15T01:19:52.772Z,19.59
2026-05-15T01:24:54.044Z,19.65
2026-05-15T01:29:53.154Z,19.47
2026-05-15T01:34:52.772Z,19.56
2026-05-15T01:39:52.792Z,19.59
2026-05-15T01:44:52.869Z,19.67
2026-05-15T01:49:52.752Z,19.67
2026-05-15T01:54:52.83Z,19.53
2026-05-15T01:59:52.952Z,19.39
2026-05-15T02:04:52.771Z,19.27
2026-05-15T02:09:54.356Z,19.18
2026-05-15T02:14:52.764Z,18.93
2026-05-15T02:19:53.008Z,18.72
2026-05-15T02:24:52.84Z,18.58
2026-05-15T02:29:52.915Z,18.72
2026-05-15T02:34:52.969Z,18.61
2026-05-15T02:39:52.81Z,18.46
2026-05-15T02:44:52.794Z,18.49
2026-05-15T02:49:52.876Z,18.32
2026-05-15T02:54:52.834Z,18.23
2026-05-15T02:59:53.028Z,18.26
2026-05-15T03:04:52.986Z,18.32
2026-05-15T03:09:52.829Z,18.44
2026-05-15T03:14:52.829Z,18.58
2026-05-15T03:19:52.815Z,18.78
2026-05-15T03:24:52.917Z,18.87
2026-05-15T03:29:54.728Z,19.13
2026-05-15T03:34:52.976Z,19.13
2026-05-15T03:39:52.785Z,19.04
2026-05-15T03:44:53.658Z,18.98
2026-05-15T03:49:52.923Z,18.78
2026-05-15T03:54:52.801Z,18.64
2026-05-15T03:59:53.2Z,18.55
2026-05-15T04:04:54.638Z,18.44
2026-05-15T04:09:52.813Z,18.38
2026-05-15T04:14:52.794Z,18.46
2026-05-15T04:19:52.802Z,18.52
2026-05-15T04:24:52.913Z,18.46
2026-05-15T04:29:52.765Z,18.55
2026-05-15T04:34:52.983Z,18.58
2026-05-15T04:39:52.742Z,18.61
2026-05-15T04:44:52.838Z,18.58
2026-05-15T04:49:53.394Z,18.61
2026-05-15T04:54:52.88Z,18.55
2026-05-15T04:59:52.727Z,18.55
2026-05-15T05:04:52.982Z,18.44
2026-05-15T05:09:52.832Z,18.46
2026-05-15T05:14:52.996Z,18.29
2026-05-15T05:19:52.967Z,18.29
2026-05-15T05:24:53.386Z,18.21
2026-05-15T05:29:52.96Z,18.23
2026-05-15T05:34:55.432Z,18.29
2026-05-15T05:39:53.882Z,18.44
2026-05-15T05:44:54.485Z,18.52
2026-05-15T05:49:52.785Z,18.58
2026-05-15T05:54:52.892Z,18.69
2026-05-15T05:59:54.464Z,18.87
2026-05-15T06:04:52.825Z,18.95
2026-05-15T06:09:52.973Z,19.1
2026-05-15T06:14:53.575Z,19.39
2026-05-15T06:19:52.727Z,19.76
2026-05-15T06:24:52.756Z,20.02
2026-05-15T06:29:52.907Z,20.34
2026-05-15T06:34:52.805Z,20.57
2026-05-15T06:39:52.875Z,20.74
2026-05-15T06:44:53.307Z,20.91
2026-05-15T06:49:54.708Z,21.06
2026-05-15T06:54:52.715Z,21.32
2026-05-15T06:59:53.208Z,21.51
2026-05-15T07:04:53.286Z,21.66
2026-05-15T07:09:52.975Z,21.66
2026-05-15T07:14:52.885Z,21.89
2026-05-15T07:19:52.859Z,21.97
2026-05-15T07:24:53.603Z,22.12
2026-05-15T07:29:52.766Z,22.26
2026-05-15T07:34:55.591Z,22.52
2026-05-15T07:39:52.769Z,22.67
2026-05-15T07:44:52.704Z,22.93
2026-05-15T07:49:53.192Z,23.04
2026-05-15T07:54:52.716Z,23.18
2026-05-15T07:59:54.265Z,23.3
2026-05-15T08:04:52.939Z,23.44
2026-05-15T08:09:52.764Z,23.5
2026-05-15T08:14:54.128Z,23.73
2026-05-15T08:19:52.817Z,23.53
2026-05-15T08:24:54.649Z,23.47
2026-05-15T08:29:54.08Z,23.5
2026-05-15T08:34:52.768Z,23.56
2026-05-15T08:39:52.969Z,23.36
2026-05-15T08:44:53.005Z,23.13
2026-05-15T08:49:52.839Z,23.01
2026-05-15T08:54:54.619Z,23.44
2026-05-15T08:59:52.956Z,23.7
2026-05-15T09:04:55.599Z,23.62
2026-05-15T09:09:54.221Z,23.39
2026-05-15T09:14:52.717Z,23.3
2026-05-15T09:19:52.864Z,23.41
2026-05-15T09:24:52.823Z,23.67
2026-05-15T09:29:52.803Z,23.67
2026-05-15T09:34:52.975Z,24.19
2026-05-15T09:39:54.046Z,24.16
2026-05-15T09:44:52.812Z,24.13
2026-05-15T09:49:52.731Z,24.13
2026-05-15T09:54:52.835Z,24.39
2026-05-15T09:59:53.243Z,24.34
2026-05-15T10:04:52.828Z,23.85
2026-05-15T10:09:52.729Z,23.82
2026-05-15T10:14:54.076Z,24.37
2026-05-15T10:19:52.859Z,24.34
2026-05-15T10:24:53.818Z,24.6
2026-05-15T10:29:52.863Z,24.6
2026-05-15T10:34:53.266Z,24.85
2026-05-15T10:39:52.957Z,25.11
2026-05-15T10:44:52.959Z,24.88
2026-05-15T10:49:52.849Z,24.19
2026-05-15T10:54:53.342Z,24.45
2026-05-15T10:59:53.524Z,24.68
2026-05-15T11:04:52.886Z,24.8
2026-05-15T11:09:53.175Z,25.03
2026-05-15T11:14:53.246Z,24.68
2026-05-15T11:19:52.833Z,25.0
2026-05-15T11:24:52.846Z,24.88
2026-05-15T11:29:54.773Z,24.6
2026-05-15T11:34:53.326Z,24.54
2026-05-15T11:39:52.878Z,24.48
2026-05-15T11:44:58.28Z,24.39
2026-05-15T11:49:52.847Z,24.68
2026-05-15T11:54:54.539Z,24.85
2026-05-15T11:59:55.552Z,25.03
2026-05-15T12:04:52.78Z,24.74
2026-05-15T12:09:52.808Z,24.74
2026-05-15T12:14:52.84Z,24.77
2026-05-15T12:19:52.761Z,24.6
2026-05-15T12:24:54.251Z,24.65
2026-05-15T12:29:52.805Z,24.68
2026-05-15T12:34:52.933Z,24.94
2026-05-15T12:39:52.857Z,24.62
2026-05-15T12:44:52.906Z,24.42
2026-05-15T12:49:52.794Z,23.93
2026-05-15T12:54:52.813Z,23.79
2026-05-15T12:59:52.954Z,23.56
2026-05-15T13:04:52.903Z,23.41
2026-05-15T13:09:52.892Z,23.3
2026-05-15T13:14:53.198Z,23.27
2026-05-15T13:19:52.773Z,23.16
2026-05-15T13:24:53.236Z,23.24
2026-05-15T13:29:52.809Z,23.07
2026-05-15T13:34:53.139Z,23.04
2026-05-15T13:39:52.929Z,23.07
2026-05-15T13:44:52.949Z,22.84
2026-05-15T13:49:52.744Z,22.69
2026-05-15T13:54:53.029Z,22.52
2026-05-15T13:59:52.871Z,22.52
2026-05-15T14:04:52.873Z,22.35
2026-05-15T14:09:52.761Z,22.21
2026-05-15T14:14:54.31Z,22.04
2026-05-15T14:19:52.872Z,21.86
2026-05-15T14:24:52.741Z,21.63
2026-05-15T14:29:52.722Z,21.43
2026-05-15T14:34:52.871Z,21.28
2026-05-15T14:39:52.771Z,21.28
2026-05-15T14:44:52.806Z,21.28
2026-05-15T14:49:53.004Z,21.17
2026-05-15T14:54:52.873Z,21.02
2026-05-15T14:59:52.87Z,20.88
2026-05-15T15:04:53.771Z,20.45
2026-05-15T15:09:52.802Z,20.39
2026-05-15T15:14:52.789Z,20.28
2026-05-15T15:19:52.921Z,20.31
2026-05-15T15:24:52.76Z,20.31
2026-05-15T15:29:53.01Z,20.05
2026-05-15T15:34:53.541Z,19.82
2026-05-15T15:39:52.723Z,19.7
2026-05-15T15:44:52.811Z,19.62
2026-05-15T15:49:52.783Z,19.47
2026-05-15T15:54:56.914Z,19.5
2026-05-15T15:59:53Z,19.47
2026-05-15T16:04:52.932Z,19.44
2026-05-15T16:09:55.535Z,19.42
2026-05-15T16:14:55.861Z,19.36
2026-05-15T16:19:52.85Z,19.3
2026-05-15T16:24:52.962Z,19.3
2026-05-15T16:29:54.577Z,19.3
2026-05-15T16:34:53.362Z,19.16
2026-05-15T16:39:52.808Z,18.84
2026-05-15T16:44:52.82Z,18.52
2026-05-15T16:49:55.308Z,18.41
2026-05-15T16:54:53.27Z,18.52
2026-05-15T16:59:52.847Z,18.41
2026-05-15T17:04:52.951Z,18.44
2026-05-15T17:09:52.985Z,18.26
2026-05-15T17:14:52.96Z,18.12
2026-05-15T17:19:53.117Z,18.26
2026-05-15T17:24:52.844Z,18.44
2026-05-15T17:29:52.786Z,18.52
2026-05-15T17:34:52.928Z,18.55
2026-05-15T17:39:52.755Z,18.67
2026-05-15T17:44:52.822Z,18.72
2026-05-15T17:49:52.71Z,19.04
2026-05-15T17:54:52.856Z,19.24
2026-05-15T17:59:54.499Z,19.39
2026-05-15T18:04:54.271Z,19.3
2026-05-15T18:09:53.286Z,19.1
2026-05-15T18:14:54.489Z,19.1
2026-05-15T18:19:52.817Z,19.01
2026-05-15T18:24:52.956Z,18.9
2026-05-15T18:29:53.992Z,18.81
2026-05-15T18:34:52.745Z,18.84
2026-05-15T18:39:52.746Z,18.75
2026-05-15T18:44:53.682Z,18.75
2026-05-15T18:49:52.823Z,18.72
2026-05-15T18:54:53.113Z,18.72
2026-05-15T18:59:52.711Z,18.67
2026-05-15T19:04:52.877Z,18.55
2026-05-15T19:09:52.809Z,18.49
2026-05-15T19:14:52.884Z,18.29
2026-05-15T19:19:54.265Z,18.03
2026-05-15T19:24:52.744Z,17.92
2026-05-15T19:29:52.721Z,17.92
2026-05-15T19:34:55.262Z,17.92
2026-05-15T19:39:54.589Z,18.03
2026-05-15T19:44:52.934Z,18.06
2026-05-15T19:49:52.834Z,18.18
2026-05-15T19:54:53.796Z,18.12
2026-05-15T19:59:52.821Z,18.06
2026-05-15T20:04:52.854Z,17.97
2026-05-15T20:09:53.114Z,17.97
2026-05-15T20:14:53.604Z,17.95
2026-05-15T20:19:52.855Z,17.66
2026-05-15T20:24:52.889Z,17.49
2026-05-15T20:29:52.797Z,17.28
2026-05-15T20:34:52.857Z,16.85
2026-05-15T20:39:52.716Z,16.65
2026-05-15T20:44:52.689Z,16.65
2026-05-15T20:49:54.678Z,16.65
2026-05-15T20:54:52.907Z,16.68
2026-05-15T20:59:52.913Z,16.62
2026-05-15T21:04:52.736Z,16.62
2026-05-15T21:09:52.922Z,16.62
2026-05-15T21:14:52.733Z,16.62
2026-05-15T21:19:52.973Z,16.68
2026-05-15T21:24:52.756Z,16.65
2026-05-15T21:29:52.919Z,16.48
2026-05-15T21:34:52.935Z,16.33
2026-05-15T21:39:54.05Z,16.14
2026-05-15T21:44:52.923Z,16.19
2026-05-15T21:49:52.92Z,16.05
2026-05-15T21:54:53.908Z,16.1
2026-05-15T21:59:53.312Z,16.05
2026-05-15T22:04:52.708Z,16.02
2026-05-15T22:09:53.054Z,16.02
2026-05-15T22:14:52.841Z,16.02
2026-05-15T22:19:52.709Z,16.02
2026-05-15T22:24:52.718Z,15.79
2026-05-15T22:29:52.734Z,15.58
2026-05-15T22:34:52.73Z,15.7
2026-05-15T22:39:52.939Z,15.61
2026-05-15T22:44:52.686Z,15.5
2026-05-15T22:49:52.691Z,15.44
2026-05-15T22:54:52.835Z,15.33
2026-05-15T22:59:52.737Z,15.09
2026-05-15T23:04:54.343Z,14.9
2026-05-15T23:09:52.912Z,14.72
2026-05-15T23:14:52.816Z,14.72
2026-05-15T23:19:52.74Z,14.84
2026-05-15T23:24:52.9Z,15.04
2026-05-15T23:29:52.724Z,15.53
2026-05-15T23:34:52.956Z,15.9
2026-05-15T23:39:52.745Z,16.14
2026-05-15T23:44:52.778Z,16.16
2026-05-15T23:49:52.713Z,16.16
2026-05-15T23:54:52.814Z,16.25
2026-05-15T23:59:52.728Z,16.16
2026-05-16T00:04:52.834Z,15.93
2026-05-16T00:09:53.876Z,15.9
2026-05-16T00:14:54.514Z,15.84
2026-05-16T00:19:52.935Z,15.76
2026-05-16T00:24:52.824Z,15.81
2026-05-16T00:29:54.801Z,15.84
2026-05-16T00:34:52.917Z,15.53
2026-05-16T00:39:52.917Z,15.35
2026-05-16T00:44:52.805Z,15.09
2026-05-16T00:49:52.711Z,14.84
2026-05-16T00:54:52.688Z,14.7
2026-05-16T00:59:52.981Z,14.55
2026-05-16T01:04:53.508Z,14.23
2026-05-16T01:09:52.799Z,13.89
2026-05-16T01:14:52.846Z,13.66
2026-05-16T01:19:52.774Z,13.74
2026-05-16T01:24:52.818Z,13.77
2026-05-16T01:29:52.73Z,13.74
2026-05-16T01:34:52.955Z,13.74
2026-05-16T01:39:52.894Z,13.57
2026-05-16T01:44:53.664Z,13.43
2026-05-16T01:49:53.534Z,13.4
2026-05-16T01:54:52.736Z,13.26
2026-05-16T01:59:52.926Z,13.11
2026-05-16T02:04:52.83Z,12.91
2026-05-16T02:09:52.723Z,12.88
2026-05-16T02:14:52.706Z,12.91
2026-05-16T02:19:52.744Z,12.91
2026-05-16T02:24:53.638Z,12.82
2026-05-16T02:29:54.647Z,12.65
2026-05-16T02:34:52.891Z,12.59
2026-05-16T02:39:52.684Z,12.54
2026-05-16T02:44:52.914Z,12.48
2026-05-16T02:49:52.739Z,12.42
2026-05-16T02:54:52.7Z,12.36
2026-05-16T02:59:52.989Z,12.33
2026-05-16T03:04:54.387Z,12.19
2026-05-16T03:09:53.286Z,12.16
2026-05-16T03:14:52.834Z,12.33
2026-05-16T03:19:52.861Z,12.39
2026-05-16T03:24:53.265Z,12.31
2026-05-16T03:29:52.776Z,12.33
2026-05-16T03:34:52.96Z,12.28
2026-05-16T03:39:52.885Z,12.25
2026-05-16T03:44:52.951Z,12.54
2026-05-16T03:49:52.823Z,12.71
2026-05-16T03:54:52.938Z,12.71
2026-05-16T03:59:52.756Z,12.59
2026-05-16T04:04:52.852Z,12.51
2026-05-16T04:09:52.942Z,12.45
2026-05-16T04:14:52.792Z,12.33
2026-05-16T04:19:52.753Z,12.39
2026-05-16T04:24:52.847Z,12.51
2026-05-16T04:29:52.998Z,12.94
2026-05-16T04:34:53.468Z,13.14
2026-05-16T04:39:53.578Z,13.14
2026-05-16T04:44:52.743Z,13.08
2026-05-16T04:49:52.83Z,13.11
2026-05-16T04:54:52.808Z,13.05
2026-05-16T04:59:52.778Z,12.91
2026-05-16T05:04:52.991Z,12.88
2026-05-16T05:09:52.992Z,12.59
2026-05-16T05:14:52.788Z,12.54
2026-05-16T05:19:53.506Z,12.71
2026-05-16T05:24:54.762Z,12.82
2026-05-16T05:29:52.759Z,12.91
2026-05-16T05:34:53.727Z,13.11
2026-05-16T05:39:54.096Z,13.34
2026-05-16T05:44:53.805Z,13.72
2026-05-16T05:49:52.812Z,13.98
2026-05-16T05:54:53.276Z,14.12
2026-05-16T05:59:52.733Z,14.15
2026-05-16T06:04:52.79Z,14.15
2026-05-16T06:09:52.689Z,14.12
2026-05-16T06:14:54.212Z,14.15
2026-05-16T06:19:52.738Z,14.21
2026-05-16T06:24:52.815Z,14.37
2026-05-16T06:29:52.813Z,14.55
2026-05-16T06:34:52.942Z,14.81
2026-05-16T06:39:52.72Z,15.07
2026-05-16T06:44:52.773Z,15.24
2026-05-16T06:49:54.423Z,15.39
2026-05-16T06:54:52.722Z,15.61
2026-05-16T06:59:52.864Z,15.81
2026-05-16T07:04:54.024Z,15.9
2026-05-16T07:09:52.935Z,16.16
2026-05-16T07:14:52.675Z,16.33
2026-05-16T07:19:53.12Z,16.71
2026-05-16T07:24:52.874Z,17.08
2026-05-16T07:29:54.384Z,17.23
2026-05-16T07:34:52.699Z,17.37
2026-05-16T07:39:52.917Z,17.51
2026-05-16T07:44:52.75Z,17.86
2026-05-16T07:49:52.676Z,18.06
2026-05-16T07:54:52.679Z,18.26
2026-05-16T07:59:53.573Z,18.61
2026-05-16T08:04:52.745Z,18.69
2026-05-16T08:09:52.815Z,18.87
2026-05-16T08:14:54.512Z,18.87
2026-05-16T08:19:52.816Z,19.01
2026-05-16T08:24:52.817Z,19.27
2026-05-16T08:29:54.944Z,19.5
2026-05-16T08:34:52.769Z,19.5
2026-05-16T08:39:52.925Z,19.65
2026-05-16T08:44:52.689Z,19.56
2026-05-16T08:49:52.672Z,19.7
2026-05-16T08:54:52.696Z,20.11
2026-05-16T08:59:52.904Z,20.14
2026-05-16T09:04:52.775Z,20.34
2026-05-16T09:09:52.832Z,20.48
2026-05-16T09:14:52.902Z,20.74
2026-05-16T09:19:53.891Z,20.94
2026-05-16T09:24:52.819Z,21.17
2026-05-16T09:29:52.873Z,21.32
2026-05-16T09:34:52.803Z,21.43
2026-05-16T09:39:54.547Z,21.69
2026-05-16T09:44:52.723Z,21.72
2026-05-16T09:49:52.724Z,21.63
2026-05-16T09:54:52.791Z,21.72
2026-05-16T09:59:52.696Z,21.97
2026-05-16T10:04:54.301Z,22.26
2026-05-16T10:09:52.807Z,22.35
2026-05-16T10:14:53.635Z,22.69
2026-05-16T10:19:52.723Z,22.29
2026-05-16T10:24:52.799Z,22.52
2026-05-16T10:29:52.829Z,22.64
2026-05-16T10:34:54.363Z,22.78
2026-05-16T10:39:52.693Z,22.95
2026-05-16T10:44:53.685Z,23.1
2026-05-16T10:49:52.673Z,23.24
2026-05-16T10:54:52.735Z,23.16
2026-05-16T10:59:52.693Z,23.21
2026-05-16T11:04:52.772Z,23.1
2026-05-16T11:09:53.278Z,23.3
2026-05-16T11:14:52.777Z,23.39
2026-05-16T11:19:53.328Z,23.41
2026-05-16T11:24:52.914Z,23.62
2026-05-16T11:29:52.869Z,23.36
2026-05-16T11:34:52.763Z,23.27
2026-05-16T11:39:52.857Z,23.41
2026-05-16T11:44:52.7Z,23.65
2026-05-16T11:49:52.731Z,23.9
2026-05-16T11:54:52.668Z,23.99
2026-05-16T11:59:52.918Z,23.93
2026-05-16T12:04:52.77Z,24.31
2026-05-16T12:09:52.8Z,24.42
2026-05-16T12:14:54.658Z,24.48
2026-05-16T12:19:53.181Z,24.45
2026-05-16T12:24:52.826Z,24.45
2026-05-16T12:29:52.903Z,24.74
2026-05-16T12:34:52.919Z,24.68
2026-05-16T12:39:53.266Z,24.54
2026-05-16T12:44:54.87Z,24.85
2026-05-16T12:49:53.155Z,25.06
2026-05-16T12:54:53.021Z,25.29
2026-05-16T12:59:52.733Z,25.34
2026-05-16T13:04:53.648Z,25.2
2026-05-16T13:09:55.073Z,25.4
2026-05-16T13:14:52.741Z,25.55
2026-05-16T13:19:52.697Z,25.29
2026-05-16T13:24:52.665Z,25.52
2026-05-16T13:29:52.802Z,25.75
2026-05-16T13:34:52.689Z,25.95
2026-05-16T13:39:52.741Z,25.63
2026-05-16T13:44:52.866Z,25.95
2026-05-16T13:49:52.863Z,26.04
2026-05-16T13:54:52.713Z,26.35
2026-05-16T13:59:52.748Z,26.58
2026-05-16T14:04:52.847Z,26.64
2026-05-16T14:09:52.9Z,26.29
2026-05-16T14:14:52.856Z,26.5
2026-05-16T14:19:52.956Z,26.84
2026-05-16T14:24:53.769Z,26.61
2026-05-16T14:29:52.742Z,26.55
2026-05-16T14:34:52.74Z,26.81
2026-05-16T14:39:52.814Z,26.73
2026-05-16T14:44:52.795Z,26.67
2026-05-16T14:49:52.676Z,26.67
2026-05-16T14:54:52.757Z,26.84
2026-05-16T14:59:52.843Z,27.18
2026-05-16T15:04:53.733Z,26.78
2026-05-16T15:09:52.77Z,26.78
2026-05-16T15:14:52.948Z,26.35
2026-05-16T15:19:52.736Z,26.55
2026-05-16T15:24:52.7Z,26.24
2026-05-16T15:29:52.662Z,25.57
2026-05-16T15:34:53.278Z,25.46
2026-05-16T15:39:53.48Z,25.52
2026-05-16T15:44:52.654Z,25.09
2026-05-16T15:49:52.64Z,25.14
2026-05-16T15:54:53.092Z,25.09
2026-05-16T15:59:52.859Z,24.68
2026-05-16T16:04:52.875Z,24.65
2026-05-16T16:09:53.4Z,24.65
2026-05-16T16:14:52.863Z,24.54
2026-05-16T16:19:52.796Z,24.31
2026-05-16T16:24:52.643Z,24.28
2026-05-16T16:29:53.139Z,24.13
2026-05-16T16:34:54.704Z,23.93
2026-05-16T16:39:52.711Z,24.02
2026-05-16T16:44:52.826Z,24.11
2026-05-16T16:49:52.956Z,23.85
2026-05-16T16:54:52.843Z,23.59
2026-05-16T16:59:52.885Z,23.59
2026-05-16T17:04:52.857Z,23.33
2026-05-16T17:09:52.763Z,23.3
2026-05-16T17:14:52.714Z,23.16
2026-05-16T17:19:52.753Z,23.07
2026-05-16T17:24:52.635Z,23.04
2026-05-16T17:29:52.649Z,22.98
2026-05-16T17:34:52.766Z,22.55
2026-05-16T17:39:52.811Z,22.41
2026-05-16T17:44:52.915Z,22.12
2026-05-16T17:49:53.168Z,21.89
2026-05-16T17:54:53.492Z,21.95
2026-05-16T17:59:54.323Z,21.95
2026-05-16T18:04:52.697Z,22.04
2026-05-16T18:09:52.796Z,21.97
2026-05-16T18:14:53.778Z,21.6
2026-05-16T18:19:52.755Z,21.46
2026-05-16T18:24:52.786Z,21.4
2026-05-16T18:29:52.654Z,21.28
2026-05-16T18:34:52.917Z,21.28
2026-05-16T18:39:52.911Z,21.09
2026-05-16T18:44:52.799Z,20.91
2026-05-16T18:49:54.3Z,20.79
2026-05-16T18:54:55.109Z,20.68
2026-05-16T18:59:52.647Z,20.53
2026-05-16T19:04:52.876Z,20.48
2026-05-16T19:09:52.818Z,20.39
2026-05-16T19:14:53.212Z,20.25
2026-05-16T19:19:52.692Z,20.11
2026-05-16T19:24:52.663Z,19.93
2026-05-16T19:29:52.667Z,19.82
2026-05-16T19:34:53.066Z,19.76
2026-05-16T19:39:53.31Z,19.7
2026-05-16T19:44:52.74Z,19.67
2026-05-16T19:49:52.663Z,19.7
2026-05-16T19:54:52.747Z,19.62
2026-05-16T19:59:52.781Z,19.47
2026-05-16T20:04:52.773Z,19.33
2026-05-16T20:09:52.767Z,19.18
2026-05-16T20:14:55.338Z,19.04
2026-05-16T20:19:52.815Z,18.9
2026-05-16T20:24:52.69Z,18.81
2026-05-16T20:29:52.698Z,18.72
2026-05-16T20:34:52.811Z,18.61
2026-05-16T20:39:53.066Z,18.58
2026-05-16T20:44:53.048Z,18.52
2026-05-16T20:49:52.64Z,18.44
2026-05-16T20:54:52.785Z,18.44
2026-05-16T20:59:52.71Z,18.55
2026-05-16T21:04:53.899Z,18.58
2026-05-16T21:09:53.842Z,18.44
2026-05-16T21:14:53.207Z,18.44
2026-05-16T21:19:52.94Z,18.23
2026-05-16T21:24:53.017Z,18.09
2026-05-16T21:29:52.744Z,18.0
2026-05-16T21:34:53.256Z,17.92
2026-05-16T21:39:52.691Z,17.77
2026-05-16T21:44:52.813Z,17.69
2026-05-16T21:49:55.914Z,17.57
2026-05-16T21:54:55.91Z,17.4
2026-05-16T21:59:52.863Z,17.37
2026-05-16T22:04:52.79Z,17.28
2026-05-16T22:09:52.705Z,17.14
2026-05-16T22:14:52.694Z,17.05
2026-05-16T22:19:52.788Z,17.08
2026-05-16T22:24:55.414Z,17.02
2026-05-16T22:29:52.866Z,16.94
2026-05-16T22:34:52.868Z,16.82
2026-05-16T22:39:52.855Z,16.79
2026-05-16T22:44:55.504Z,16.71
2026-05-16T22:49:52.684Z,16.77
2026-05-16T22:54:55.569Z,16.82
2026-05-16T22:59:53.225Z,16.79
2026-05-16T23:04:52.91Z,16.82
2026-05-16T23:09:53.111Z,16.74
2026-05-16T23:14:52.79Z,16.65
2026-05-16T23:19:52.898Z,16.53
2026-05-16T23:24:52.806Z,16.48
2026-05-16T23:29:52.739Z,16.3
2026-05-16T23:34:52.916Z,16.25
2026-05-16T23:39:52.819Z,16.14
2026-05-16T23:44:53.897Z,16.1
2026-05-16T23:49:53.007Z,16.05
2026-05-16T23:54:52.754Z,16.07
2026-05-16T23:59:52.748Z,15.99
2026-05-17T00:04:52.682Z,15.88
2026-05-17T00:09:52.919Z,15.84
2026-05-17T00:14:52.867Z,15.81
2026-05-17T00:19:52.71Z,15.81
2026-05-17T00:24:52.881Z,15.7
2026-05-17T00:29:52.828Z,15.61
2026-05-17T00:34:52.709Z,15.53
2026-05-17T00:39:52.691Z,15.44
2026-05-17T00:44:52.661Z,15.27
2026-05-17T00:49:52.672Z,15.27
2026-05-17T00:54:52.906Z,15.21
2026-05-17T00:59:52.781Z,15.09
2026-05-17T01:04:52.784Z,15.04
2026-05-17T01:09:53.726Z,15.01
2026-05-17T01:14:53.254Z,15.04
2026-05-17T01:19:52.717Z,15.07
2026-05-17T01:24:52.725Z,15.04
2026-05-17T01:29:52.812Z,14.93
2026-05-17T01:34:53.968Z,14.86
2026-05-17T01:39:52.788Z,14.78
2026-05-17T01:44:52.767Z,14.67
2026-05-17T01:49:52.671Z,14.61
2026-05-17T01:54:52.952Z,14.55
2026-05-17T01:59:53.93Z,14.44
2026-05-17T02:04:52.75Z,14.37
2026-05-17T02:09:52.781Z,14.29
2026-05-17T02:14:52.753Z,14.23
2026-05-17T02:19:52.893Z,14.21
2026-05-17T02:24:52.886Z,14.15
2026-05-17T02:29:52.902Z,14.15
2026-05-17T02:34:52.892Z,14.12
2026-05-17T02:39:53.116Z,14.03
2026-05-17T02:44:52.781Z,13.98
2026-05-17T02:49:52.67Z,13.98
2026-05-17T02:54:52.665Z,13.92
2026-05-17T02:59:53.223Z,13.92
2026-05-17T03:04:52.797Z,14.03
2026-05-17T03:09:54.533Z,14.09
2026-05-17T03:14:52.797Z,14.09
2026-05-17T03:19:52.756Z,14.03
2026-05-17T03:24:52.692Z,14.09
2026-05-17T03:29:52.943Z,14.09
2026-05-17T03:34:52.739Z,14.0
2026-05-17T03:39:52.922Z,13.89
2026-05-17T03:44:52.647Z,13.95
2026-05-17T03:49:53.656Z,13.8
2026-05-17T03:54:52.838Z,13.8
2026-05-17T03:59:52.663Z,13.72
2026-05-17T04:04:52.881Z,13.74
2026-05-17T04:09:53.905Z,13.72
2026-05-17T04:14:52.875Z,13.66
2026-05-17T04:19:52.874Z,13.57
2026-05-17T04:24:52.925Z,13.49
2026-05-17T04:29:52.692Z,13.34
2026-05-17T04:34:52.685Z,13.26
2026-05-17T04:39:52.869Z,13.34
2026-05-17T04:44:52.782Z,13.4
2026-05-17T04:49:52.893Z,13.43
2026-05-17T04:54:52.944Z,13.54
2026-05-17T04:59:52.748Z,13.6
2026-05-17T05:04:52.699Z,13.49
2026-05-17T05:09:52.912Z,13.49
2026-05-17T05:14:53.125Z,13.49
2026-05-17T05:19:54.514Z,13.49
2026-05-17T05:24:52.732Z,13.43
2026-05-17T05:29:52.86Z,13.49
2026-05-17T05:34:52.666Z,13.6
2026-05-17T05:39:52.858Z,13.72
2026-05-17T05:44:52.758Z,13.86
2026-05-17T05:49:53.414Z,13.95
2026-05-17T05:54:52.785Z,14.03
2026-05-17T05:59:52.834Z,14.12
2026-05-17T06:04:53.68Z,14.23
2026-05-17T06:09:52.911Z,14.32
2026-05-17T06:14:52.749Z,14.29
2026-05-17T06:19:52.663Z,14.29
2026-05-17T06:24:54.124Z,14.47
2026-05-17T06:29:52.708Z,14.55
2026-05-17T06:34:52.69Z,14.75
2026-05-17T06:39:52.69Z,15.27
2026-05-17T06:44:52.757Z,15.79
2026-05-17T06:49:52.728Z,16.14
2026-05-17T06:54:52.868Z,16.39
2026-05-17T06:59:52.886Z,16.62
2026-05-17T07:04:53.431Z,16.91
2026-05-17T07:09:52.843Z,17.34
2026-05-17T07:14:52.872Z,17.54
2026-05-17T07:19:52.892Z,17.77
2026-05-17T07:24:54.432Z,18.0
2026-05-17T07:29:53.506Z,17.95
2026-05-17T07:34:52.844Z,18.23
2026-05-17T07:39:55.628Z,18.35
2026-05-17T07:44:54.686Z,18.78
2026-05-17T07:49:53.187Z,19.13
2026-05-17T07:54:52.936Z,19.5
2026-05-17T07:59:53.678Z,19.67
2026-05-17T08:04:55.081Z,19.7
2026-05-17T08:09:52.706Z,20.05
2026-05-17T08:14:52.717Z,20.31
2026-05-17T08:19:53.189Z,20.42
2026-05-17T08:24:53.075Z,20.51
2026-05-17T08:29:52.857Z,20.74
2026-05-17T08:34:52.693Z,20.6
2026-05-17T08:39:54.679Z,20.65
2026-05-17T08:44:52.905Z,20.74
2026-05-17T08:49:52.789Z,21.0
2026-05-17T08:54:52.807Z,21.28
2026-05-17T08:59:52.751Z,21.4
2026-05-17T09:04:54.736Z,21.09
2026-05-17T09:09:53.708Z,21.46
2026-05-17T09:14:52.713Z,21.81
2026-05-17T09:19:54.427Z,21.89
2026-05-17T09:24:52.734Z,21.69
2026-05-17T09:29:52.89Z,21.77
2026-05-17T09:34:52.868Z,21.72
2026-05-17T09:39:54.485Z,21.92
2026-05-17T09:44:52.626Z,22.15
2026-05-17T09:49:52.669Z,22.15
2026-05-17T09:54:52.647Z,22.32
2026-05-17T09:59:52.889Z,22.69
2026-05-17T10:04:52.786Z,22.69
2026-05-17T10:09:55.223Z,22.81
2026-05-17T10:14:52.734Z,23.16
2026-05-17T10:19:52.668Z,23.27
2026-05-17T10:24:53.721Z,23.3
2026-05-17T10:29:52.812Z,23.59
2026-05-17T10:34:52.693Z,23.47
2026-05-17T10:39:52.717Z,23.5
2026-05-17T10:44:52.628Z,23.65
2026-05-17T10:49:53.238Z,23.76
2026-05-17T10:54:53.662Z,24.19
2026-05-17T10:59:53.492Z,24.16
2026-05-17T11:04:54.371Z,24.16
2026-05-17T11:09:52.815Z,24.22
2026-05-17T11:14:52.774Z,23.99
2026-05-17T11:19:53.989Z,23.99
2026-05-17T11:24:52.813Z,24.31
2026-05-17T11:29:52.686Z,24.71
2026-05-17T11:34:52.713Z,25.0
2026-05-17T11:39:52.689Z,25.06
2026-05-17T11:44:52.619Z,25.09
2026-05-17T11:49:52.835Z,25.2
2026-05-17T11:54:52.844Z,25.6
2026-05-17T11:59:52.839Z,25.69
2026-05-17T12:04:53.866Z,25.57
2026-05-17T12:09:55.117Z,25.6
2026-05-17T12:14:55.394Z,25.89
2026-05-17T12:19:52.8Z,26.15
2026-05-17T12:24:52.672Z,26.09
2026-05-17T12:29:52.633Z,25.95
2026-05-17T12:34:52.792Z,25.89
2026-05-17T12:39:53.147Z,26.01
2026-05-17T12:44:52.747Z,26.2
2026-05-17T12:49:54.494Z,25.69
2026-05-17T12:54:53.412Z,25.52
2026-05-17T12:59:52.712Z,25.34
2026-05-17T13:04:52.851Z,25.57
2026-05-17T13:09:52.828Z,25.69
2026-05-17T13:14:52.84Z,25.8
2026-05-17T13:19:52.638Z,25.83
2026-05-17T13:24:52.878Z,25.83
2026-05-17T13:29:52.662Z,26.04
2026-05-17T13:34:52.878Z,26.12
2026-05-17T13:39:52.751Z,25.92
2026-05-17T13:44:52.764Z,25.57
2026-05-17T13:49:52.774Z,25.43
2026-05-17T13:54:52.742Z,25.17
2026-05-17T13:59:54.832Z,25.2
2026-05-17T14:04:52.662Z,25.09
2026-05-17T14:09:52.712Z,24.83
2026-05-17T14:14:52.78Z,24.68
2026-05-17T14:19:53.881Z,22.84
2026-05-17T14:24:52.873Z,21.02
2026-05-17T14:29:52.783Z,20.28
2026-05-17T14:34:52.683Z,20.02
2026-05-17T14:39:52.663Z,20.19
2026-05-17T14:44:52.594Z,20.34
2026-05-17T14:49:54.259Z,20.42
2026-05-17T14:54:53.725Z,19.99
2026-05-17T14:59:53.428Z,19.82
2026-05-17T15:04:52.748Z,19.96
2026-05-17T15:09:52.593Z,20.19
2026-05-17T15:14:52.832Z,20.42
2026-05-17T15:19:52.739Z,20.57
2026-05-17T15:24:52.675Z,20.76
2026-05-17T15:29:53.321Z,20.74
2026-05-17T15:34:53.094Z,20.65
2026-05-17T15:39:52.674Z,20.68
2026-05-17T15:44:52.8Z,20.65
2026-05-17T15:49:52.881Z,20.65
2026-05-17T15:54:55.03Z,20.83
2026-05-17T15:59:52.665Z,21.02
2026-05-17T16:04:53.23Z,21.17
2026-05-17T16:09:52.695Z,21.09
2026-05-17T16:14:52.84Z,21.02
2026-05-17T16:19:52.698Z,21.09
2026-05-17T16:24:52.738Z,20.97
2026-05-17T16:29:53.345Z,20.86
2026-05-17T16:34:52.731Z,20.74
2026-05-17T16:39:52.797Z,20.74
2026-05-17T16:44:52.694Z,20.42
2026-05-17T16:49:53.745Z,20.31
2026-05-17T16:54:52.85Z,19.82
2026-05-17T16:59:52.667Z,19.62
2026-05-17T17:04:52.584Z,19.76
2026-05-17T17:09:52.604Z,19.79
2026-05-17T17:14:53.619Z,19.99
2026-05-17T17:19:52.61Z,19.9
2026-05-17T17:24:54.54Z,19.96
2026-05-17T17:29:52.64Z,19.96
2026-05-17T17:34:52.845Z,19.96
2026-05-17T17:39:52.701Z,20.02
2026-05-17T17:44:52.891Z,19.79
2026-05-17T17:49:52.843Z,19.59
2026-05-17T17:54:55.071Z,19.36
2026-05-17T17:59:52.796Z,19.21
2026-05-17T18:04:52.886Z,19.1
2026-05-17T18:09:52.852Z,19.13
2026-05-17T18:14:52.604Z,19.04
2026-05-17T18:19:52.861Z,19.13
2026-05-17T18:24:52.643Z,19.13
2026-05-17T18:29:53.649Z,19.16
2026-05-17T18:34:52.756Z,19.1
2026-05-17T18:39:52.69Z,19.13
2026-05-17T18:44:52.785Z,19.1
2026-05-17T18:49:52.711Z,19.04
2026-05-17T18:54:52.73Z,19.07
2026-05-17T18:59:53.937Z,19.01
2026-05-17T19:04:53.53Z,19.04
2026-05-17T19:09:52.862Z,19.07
2026-05-17T19:14:52.624Z,18.98
2026-05-17T19:19:52.774Z,18.93
2026-05-17T19:24:52.765Z,18.98
2026-05-17T19:29:52.747Z,18.84
2026-05-17T19:34:52.644Z,18.9
2026-05-17T19:39:52.853Z,18.9
2026-05-17T19:44:52.681Z,18.9
2026-05-17T19:49:54.007Z,18.9
2026-05-17T19:54:52.79Z,18.95
2026-05-17T19:59:54.452Z,18.9
2026-05-17T20:04:52.752Z,18.87
2026-05-17T20:09:53.538Z,18.78
2026-05-17T20:14:52.668Z,18.61
2026-05-17T20:19:53.794Z,18.41
2026-05-17T20:24:54.216Z,18.23
2026-05-17T20:29:52.828Z,18.12
2026-05-17T20:34:54.579Z,17.97
2026-05-17T20:39:52.762Z,17.92
2026-05-17T20:44:52.889Z,17.95
2026-05-17T20:49:53.652Z,17.92
2026-05-17T20:54:52.763Z,17.83
2026-05-17T20:59:52.86Z,17.74
2026-05-17T21:04:52.711Z,17.66
2026-05-17T21:09:52.764Z,17.69
2026-05-17T21:14:52.67Z,17.69
2026-05-17T21:19:53.922Z,17.72
2026-05-17T21:24:54.03Z,17.8
2026-05-17T21:29:52.612Z,17.69
2026-05-17T21:34:52.82Z,17.77
2026-05-17T21:39:52.723Z,17.74
2026-05-17T21:44:52.718Z,17.69
2026-05-17T21:49:52.685Z,17.69
2026-05-17T21:54:52.86Z,17.66
2026-05-17T21:59:52.847Z,17.63
2026-05-17T22:04:52.729Z,17.57
2026-05-17T22:09:52.76Z,17.51
2026-05-17T22:14:53.711Z,17.51
2026-05-17T22:19:52.774Z,17.46
2026-05-17T22:24:52.597Z,17.43
2026-05-17T22:29:52.735Z,17.46
2026-05-17T22:34:52.648Z,17.57
2026-05-17T22:39:52.656Z,17.63
2026-05-17T22:44:52.628Z,17.57
2026-05-17T22:49:55.023Z,17.63
2026-05-17T22:54:52.766Z,17.66
2026-05-17T22:59:52.728Z,17.6
2026-05-17T23:04:55.677Z,17.6
2026-05-17T23:09:53.638Z,17.57
2026-05-17T23:14:52.661Z,17.46
2026-05-17T23:19:52.606Z,17.49
2026-05-17T23:24:54.326Z,17.49
2026-05-17T23:29:52.737Z,17.46
2026-05-17T23:34:53.451Z,17.51
2026-05-17T23:39:52.628Z,17.57
2026-05-17T23:44:52.59Z,17.54
2026-05-17T23:49:53.23Z,17.6
2026-05-17T23:54:52.682Z,17.49
2026-05-17T23:59:52.747Z,17.51
2026-05-18T00:04:52.851Z,17.43
2026-05-18T00:09:52.769Z,17.57
2026-05-18T00:14:52.656Z,17.66
2026-05-18T00:19:52.859Z,17.6
2026-05-18T00:24:52.731Z,17.6
2026-05-18T00:29:52.723Z,17.54
2026-05-18T00:34:52.584Z,17.6
2026-05-18T00:39:52.66Z,17.57
2026-05-18T00:44:52.788Z,17.57
2026-05-18T00:49:52.903Z,17.49
2026-05-18T00:54:52.644Z,17.57
2026-05-18T00:59:54.132Z,17.46
2026-05-18T01:04:52.578Z,17.31
2026-05-18T01:09:52.83Z,17.28
2026-05-18T01:14:52.706Z,17.26
2026-05-18T01:19:52.701Z,17.23
2026-05-18T01:24:54.966Z,17.2
2026-05-18T01:29:52.83Z,17.14
2026-05-18T01:34:52.782Z,17.11
2026-05-18T01:39:52.778Z,17.05
2026-05-18T01:44:52.788Z,16.97
2026-05-18T01:49:52.813Z,16.97
2026-05-18T01:54:52.86Z,16.91
2026-05-18T01:59:52.575Z,16.94
2026-05-18T02:04:52.765Z,16.94
2026-05-18T02:09:52.832Z,16.91
2026-05-18T02:14:52.73Z,16.85
2026-05-18T02:19:52.746Z,16.88
2026-05-18T02:24:52.674Z,16.82
2026-05-18T02:29:52.612Z,16.79
2026-05-18T02:34:55.445Z,16.82
2026-05-18T02:39:52.643Z,16.91
2026-05-18T02:44:53.386Z,16.79
2026-05-18T02:49:54.059Z,16.82
2026-05-18T02:54:52.771Z,16.79
2026-05-18T02:59:52.782Z,16.74
2026-05-18T03:04:54.084Z,16.71
2026-05-18T03:09:52.649Z,16.53
2026-05-18T03:14:52.667Z,16.37
2026-05-18T03:19:52.779Z,16.3
2026-05-18T03:24:54.277Z,16.19
2026-05-18T03:29:52.674Z,16.07
2026-05-18T03:34:54.681Z,16.05
2026-05-18T03:39:52.704Z,15.99
2026-05-18T03:44:52.663Z,15.93
2026-05-18T03:49:52.679Z,15.88
2026-05-18T03:54:52.934Z,15.88
2026-05-18T03:59:54.265Z,15.84
2026-05-18T04:04:52.764Z,15.76
2026-05-18T04:09:52.576Z,15.84
2026-05-18T04:14:53.751Z,15.76
2026-05-18T04:19:52.626Z,15.73
2026-05-18T04:24:53.02Z,15.84
2026-05-18T04:29:52.693Z,15.84
2026-05-18T04:34:52.646Z,15.9
2026-05-18T04:39:52.626Z,15.9
2026-05-18T04:44:53.369Z,15.9
2026-05-18T04:49:54.035Z,15.93
2026-05-18T04:54:52.765Z,15.96
2026-05-18T04:59:52.611Z,16.02
2026-05-18T05:04:52.614Z,16.1
2026-05-18T05:09:52.857Z,16.07
2026-05-18T05:14:53.102Z,16.02
2026-05-18T05:19:52.761Z,16.07
2026-05-18T05:24:55.679Z,15.99
2026-05-18T05:29:52.815Z,15.99
2026-05-18T05:34:52.697Z,15.96
2026-05-18T05:39:52.894Z,15.96
2026-05-18T05:44:52.561Z,15.93
2026-05-18T05:49:52.562Z,15.79
2026-05-18T05:54:52.591Z,15.73
2026-05-18T05:59:52.689Z,15.76
2026-05-18T06:04:52.618Z,15.81
2026-05-18T06:09:52.73Z,15.9
2026-05-18T06:14:54.623Z,16.1
2026-05-18T06:19:52.58Z,16.3
2026-05-18T06:24:52.666Z,16.56
2026-05-18T06:29:52.64Z,16.71
2026-05-18T06:34:52.657Z,17.0
2026-05-18T06:39:52.809Z,17.4
2026-05-18T06:44:53.204Z,17.66
2026-05-18T06:49:54.689Z,17.77
2026-05-18T06:54:52.61Z,17.77
2026-05-18T06:59:52.768Z,17.83
2026-05-18T07:04:52.663Z,17.74
2026-05-18T07:09:52.809Z,17.77
2026-05-18T07:14:52.576Z,17.95
2026-05-18T07:19:53.593Z,18.21
2026-05-18T07:24:52.847Z,18.35
2026-05-18T07:29:52.575Z,18.58
2026-05-18T07:34:52.807Z,18.84
2026-05-18T07:39:54.014Z,18.98
2026-05-18T07:44:52.721Z,19.1
2026-05-18T07:49:55.152Z,19.33
2026-05-18T07:54:53.239Z,19.59
2026-05-18T07:59:52.687Z,19.99
2026-05-18T08:04:52.602Z,20.22
2026-05-18T08:09:52.804Z,20.42
2026-05-18T08:14:53.381Z,20.45
2026-05-18T08:19:53.4Z,20.53
2026-05-18T08:24:52.588Z,20.62
2026-05-18T08:29:52.567Z,21.0
2026-05-18T08:34:52.632Z,21.4
2026-05-18T08:39:52.79Z,21.66
2026-05-18T08:44:52.75Z,21.86
2026-05-18T08:49:52.725Z,22.0
2026-05-18T08:54:53.56Z,21.92
2026-05-18T08:59:52.717Z,22.21
2026-05-18T09:04:52.629Z,22.72
2026-05-18T09:09:52.72Z,23.07
2026-05-18T09:14:52.624Z,23.41
2026-05-18T09:19:53.301Z,23.62
2026-05-18T09:24:52.633Z,23.7
2026-05-18T09:29:52.646Z,23.76
2026-05-18T09:34:52.552Z,23.85
2026-05-18T09:39:52.606Z,23.59
2026-05-18T09:44:52.749Z,23.56
2026-05-18T09:49:52.679Z,23.96
2026-05-18T09:54:52.626Z,24.28
2026-05-18T09:59:52.676Z,24.34
2026-05-18T10:04:52.68Z,24.25
2026-05-18T10:09:54.228Z,24.19
2026-05-18T10:14:55.37Z,24.45
2026-05-18T10:19:52.599Z,24.6
2026-05-18T10:24:52.564Z,24.91
2026-05-18T10:29:52.746Z,24.8
2026-05-18T10:34:54.439Z,24.71
2026-05-18T10:39:52.545Z,25.0
2026-05-18T10:44:52.841Z,25.52
2026-05-18T10:49:52.733Z,25.52
2026-05-18T10:54:52.773Z,25.86
2026-05-18T10:59:52.548Z,26.01
2026-05-18T11:04:52.748Z,25.97
2026-05-18T11:09:52.572Z,26.18
2026-05-18T11:14:52.737Z,26.44
2026-05-18T11:19:52.739Z,26.38
2026-05-18T11:24:52.61Z,26.29
2026-05-18T11:29:52.649Z,26.46
2026-05-18T11:34:53.174Z,26.61
2026-05-18T11:39:52.712Z,26.64
2026-05-18T11:44:52.752Z,26.64
2026-05-18T11:49:52.852Z,26.95
2026-05-18T11:54:52.795Z,27.1
2026-05-18T11:59:52.604Z,26.95
2026-05-18T12:05:02.394Z,27.33
2026-05-18T12:09:54.675Z,27.53
2026-05-18T12:14:52.58Z,27.41
2026-05-18T12:19:53.721Z,27.64
2026-05-18T12:24:52.731Z,27.56
2026-05-18T12:29:52.775Z,27.48
2026-05-18T12:34:53.633Z,27.56
2026-05-18T12:39:53.087Z,27.62
2026-05-18T12:44:53.284Z,27.85
2026-05-18T12:49:52.582Z,27.87
2026-05-18T12:54:52.774Z,28.08
2026-05-18T12:59:53.342Z,28.22
2026-05-18T13:04:52.705Z,28.39
2026-05-18T13:09:54.928Z,28.6
2026-05-18T13:14:52.595Z,28.6
2026-05-18T13:19:52.759Z,28.57
2026-05-18T13:24:53.347Z,28.62
2026-05-18T13:29:52.697Z,28.36
2026-05-18T13:34:55.483Z,28.48
2026-05-18T13:39:52.754Z,28.65
2026-05-18T13:44:52.656Z,28.97
2026-05-18T13:49:52.697Z,29.08
2026-05-18T13:54:52.532Z,29.29
2026-05-18T13:59:55.951Z,29.29
2026-05-18T14:04:55.916Z,28.97
2026-05-18T14:09:52.575Z,28.36
2026-05-18T14:14:52.682Z,28.08
2026-05-18T14:19:52.779Z,28.11
2026-05-18T14:24:54.622Z,28.19
2026-05-18T14:29:52.77Z,28.65
2026-05-18T14:34:53.615Z,29.2
2026-05-18T14:39:52.583Z,29.29
2026-05-18T14:44:52.613Z,29.08
2026-05-18T14:49:52.597Z,29.17
2026-05-18T14:54:52.759Z,29.03
2026-05-18T14:59:54.025Z,29.06
2026-05-18T15:04:52.639Z,28.94
2026-05-18T15:09:53.157Z,29.11
2026-05-18T15:14:52.822Z,28.97
2026-05-18T15:19:52.658Z,28.57
2026-05-18T15:24:52.654Z,28.39
2026-05-18T15:29:53.416Z,28.31
2026-05-18T15:34:54.336Z,28.65
2026-05-18T15:39:53.602Z,28.8
2026-05-18T15:44:52.644Z,28.57
2026-05-18T15:49:52.675Z,28.68
2026-05-18T15:54:52.541Z,28.6
2026-05-18T15:59:52.711Z,28.51
2026-05-18T16:04:52.558Z,28.48
2026-05-18T16:09:52.551Z,28.62
2026-05-18T16:14:52.623Z,28.65
2026-05-18T16:19:53.346Z,28.57
2026-05-18T16:24:52.802Z,28.62
2026-05-18T16:29:52.618Z,28.31
2026-05-18T16:34:52.715Z,28.34
2026-05-18T16:39:52.725Z,28.36
2026-05-18T16:44:52.601Z,28.42
2026-05-18T16:49:52.761Z,28.36
2026-05-18T16:54:52.869Z,28.05
2026-05-18T16:59:54.959Z,27.99
2026-05-18T17:04:52.635Z,27.87
2026-05-18T17:09:53.625Z,27.67
2026-05-18T17:14:53.552Z,27.71
2026-05-18T17:19:52.741Z,27.48
2026-05-18T17:24:52.736Z,27.5
2026-05-18T17:29:53.824Z,27.53
2026-05-18T17:34:52.529Z,27.24
2026-05-18T17:39:52.743Z,27.07
2026-05-18T17:44:53.491Z,27.1
2026-05-18T17:49:52.676Z,27.13
2026-05-18T17:54:52.698Z,27.01
2026-05-18T17:59:52.713Z,26.78
2026-05-18T18:04:52.559Z,26.73
2026-05-18T18:09:52.662Z,26.67
2026-05-18T18:14:52.91Z,26.32
2026-05-18T18:19:52.535Z,26.2
2026-05-18T18:24:52.513Z,26.15
2026-05-18T18:29:54.054Z,26.01
2026-05-18T18:34:52.728Z,25.83
2026-05-18T18:39:53.213Z,25.69
2026-05-18T18:44:54.303Z,25.49
2026-05-18T18:49:52.718Z,25.29
2026-05-18T18:54:52.822Z,25.03
2026-05-18T18:59:52.739Z,24.88
2026-05-18T19:04:55.427Z,24.71
2026-05-18T19:09:52.566Z,24.54
2026-05-18T19:14:52.676Z,24.19
2026-05-18T19:19:52.667Z,24.11
2026-05-18T19:24:52.547Z,23.9
2026-05-18T19:29:52.74Z,23.79
2026-05-18T19:34:53.467Z,23.56
2026-05-18T19:39:52.634Z,23.33
2026-05-18T19:44:53.167Z,23.21
2026-05-18T19:49:52.701Z,23.1
2026-05-18T19:54:53.299Z,22.98
2026-05-18T19:59:52.662Z,22.95
2026-05-18T20:04:53.561Z,22.75
2026-05-18T20:09:52.69Z,22.67
2026-05-18T20:14:52.599Z,22.49
2026-05-18T20:19:52.983Z,22.32
2026-05-18T20:24:52.558Z,22.18
2026-05-18T20:29:52.61Z,22.0
2026-05-18T20:34:52.553Z,21.81
2026-05-18T20:39:52.72Z,21.72
2026-05-18T20:44:52.768Z,21.83
2026-05-18T20:49:52.636Z,21.89
2026-05-18T20:54:52.623Z,21.89
2026-05-18T20:59:53.532Z,21.97
2026-05-18T21:04:52.631Z,21.89
2026-05-18T21:09:52.639Z,21.92
2026-05-18T21:14:52.808Z,21.77
2026-05-18T21:19:52.688Z,21.77
2026-05-18T21:24:53.211Z,21.83
2026-05-18T21:29:52.539Z,21.81
2026-05-18T21:34:52.823Z,21.77
2026-05-18T21:39:52.742Z,21.72
2026-05-18T21:44:52.74Z,21.46
2026-05-18T21:49:52.603Z,21.23
2026-05-18T21:54:52.53Z,20.91
2026-05-18T21:59:53.753Z,20.74
2026-05-18T22:04:52.742Z,20.6
2026-05-18T22:09:52.7Z,20.48
2026-05-18T22:14:52.71Z,20.31
2026-05-18T22:19:54.868Z,20.19
2026-05-18T22:24:52.758Z,20.11
2026-05-18T22:29:53.16Z,20.02
2026-05-18T22:34:52.734Z,19.99
2026-05-18T22:39:52.616Z,20.05
2026-05-18T22:44:52.524Z,20.08
2026-05-18T22:49:52.85Z,20.22
2026-05-18T22:54:52.621Z,20.14
2026-05-18T22:59:52.643Z,20.11
2026-05-18T23:04:53.043Z,20.02
2026-05-18T23:09:52.728Z,19.82
2026-05-18T23:14:52.935Z,19.7
2026-05-18T23:19:52.518Z,19.56
2026-05-18T23:24:52.637Z,19.39
2026-05-18T23:29:52.675Z,19.3
2026-05-18T23:34:52.675Z,19.16
2026-05-18T23:39:52.597Z,19.01
2026-05-18T23:44:52.572Z,18.78
2026-05-18T23:49:52.717Z,18.69
2026-05-18T23:54:53.691Z,18.55
2026-05-18T23:59:52.633Z,18.41
2026-05-19T00:04:53.113Z,18.38
2026-05-19T00:09:52.691Z,18.29
2026-05-19T00:14:52.661Z,18.21
2026-05-19T00:19:52.712Z,18.09
2026-05-19T00:24:52.54Z,17.97
2026-05-19T00:29:52.66Z,17.89
2026-05-19T00:34:52.645Z,17.92
2026-05-19T00:39:52.671Z,17.8
2026-05-19T00:44:52.529Z,17.77
2026-05-19T00:49:52.666Z,17.72
2026-05-19T00:54:52.58Z,17.72
2026-05-19T00:59:52.582Z,17.69
2026-05-19T01:04:54.325Z,17.72
2026-05-19T01:09:52.538Z,17.77
2026-05-19T01:14:52.615Z,17.66
2026-05-19T01:19:52.745Z,17.6
2026-05-19T01:24:52.748Z,17.63
2026-05-19T01:29:52.586Z,17.6
2026-05-19T01:34:52.625Z,17.57
2026-05-19T01:39:52.506Z,17.54
2026-05-19T01:44:52.713Z,17.51
2026-05-19T01:49:52.678Z,17.28
2026-05-19T01:54:53.295Z,17.49
2026-05-19T01:59:52.588Z,17.37
2026-05-19T02:04:52.572Z,17.28
2026-05-19T02:09:52.54Z,17.31
2026-05-19T02:14:54.123Z,17.31
2026-05-19T02:19:52.54Z,17.4
2026-05-19T02:24:52.599Z,17.37
2026-05-19T02:29:52.834Z,17.37
2026-05-19T02:34:53.626Z,17.37
2026-05-19T02:39:52.523Z,17.37
2026-05-19T02:44:53.417Z,17.26
2026-05-19T02:49:52.936Z,17.08
2026-05-19T02:54:52.674Z,16.97
2026-05-19T02:59:53.438Z,16.88
2026-05-19T03:04:53.06Z,16.94
2026-05-19T03:09:52.709Z,16.88
2026-05-19T03:14:52.637Z,16.91
2026-05-19T03:19:52.531Z,16.91
2026-05-19T03:24:52.536Z,16.91
2026-05-19T03:29:52.731Z,17.05
2026-05-19T03:34:52.533Z,16.97
2026-05-19T03:39:52.591Z,16.88
2026-05-19T03:44:52.547Z,16.77
2026-05-19T03:49:52.574Z,16.79
2026-05-19T03:54:53.069Z,16.71
2026-05-19T03:59:52.659Z,16.59
2026-05-19T04:04:52.693Z,16.59
2026-05-19T04:09:52.545Z,16.62
2026-05-19T04:14:52.714Z,16.51
2026-05-19T04:19:52.936Z,16.42
2026-05-19T04:24:52.738Z,16.3
2026-05-19T04:29:53.225Z,16.16
2026-05-19T04:34:52.719Z,16.22
2026-05-19T04:39:52.754Z,16.1
2026-05-19T04:44:55.119Z,16.1
2026-05-19T04:49:53.248Z,16.07
2026-05-19T04:54:53.163Z,16.05
2026-05-19T04:59:52.612Z,16.07
2026-05-19T05:04:52.661Z,16.14
2026-05-19T05:09:52.615Z,16.14
2026-05-19T05:14:52.617Z,16.14
2026-05-19T05:19:52.804Z,16.1
2026-05-19T05:24:52.695Z,16.07
2026-05-19T05:29:52.719Z,16.1
2026-05-19T05:34:52.691Z,16.19
2026-05-19T05:39:52.609Z,16.39
2026-05-19T05:44:52.658Z,16.48
2026-05-19T05:49:52.606Z,16.74
2026-05-19T05:54:52.58Z,16.94
2026-05-19T05:59:52.549Z,17.08
2026-05-19T06:04:52.75Z,17.34
2026-05-19T06:09:52.511Z,17.46
2026-05-19T06:14:52.734Z,17.54
2026-05-19T06:19:52.574Z,17.63
2026-05-19T06:24:52.58Z,17.8
2026-05-19T06:29:52.711Z,18.03
2026-05-19T06:34:53.012Z,18.38
2026-05-19T06:39:52.756Z,18.67
2026-05-19T06:44:52.555Z,19.01
2026-05-19T06:49:54.266Z,19.27
2026-05-19T06:54:52.685Z,19.62
2026-05-19T06:59:53.733Z,19.96
2026-05-19T07:04:52.592Z,20.25
2026-05-19T07:09:53.284Z,20.53
2026-05-19T07:14:53.937Z,20.74
2026-05-19T07:19:52.736Z,21.2
2026-05-19T07:24:52.885Z,21.55
2026-05-19T07:29:52.518Z,21.77
2026-05-19T07:34:52.87Z,22.26
2026-05-19T07:40:00.939Z,22.49
2026-05-19T07:44:52.681Z,22.78
2026-05-19T07:49:52.518Z,23.13
2026-05-19T07:54:53.194Z,23.44
2026-05-19T07:59:54.647Z,23.7
2026-05-19T08:04:52.688Z,23.82
2026-05-19T08:09:52.859Z,23.93
2026-05-19T08:14:53.241Z,24.28
2026-05-19T08:19:52.593Z,24.45
2026-05-19T08:24:52.62Z,24.65
2026-05-19T08:29:53.031Z,24.83
2026-05-19T08:34:52.633Z,25.0
2026-05-19T08:39:52.636Z,25.09
2026-05-19T08:44:52.945Z,25.52
2026-05-19T08:49:52.55Z,25.69
2026-05-19T08:54:52.703Z,25.89
2026-05-19T08:59:53.209Z,25.97
2026-05-19T09:04:53.624Z,26.29
2026-05-19T09:09:52.678Z,26.46
2026-05-19T09:14:52.611Z,26.44
2026-05-19T09:19:52.533Z,26.73
2026-05-19T09:24:54.445Z,27.04
2026-05-19T09:29:52.733Z,27.16
2026-05-19T09:34:54.263Z,27.53
2026-05-19T09:39:53.558Z,27.64
2026-05-19T09:44:52.854Z,27.67
2026-05-19T09:49:55.596Z,27.71
2026-05-19T09:54:52.516Z,27.99
2026-05-19T09:59:52.493Z,28.22
2026-05-19T10:04:52.604Z,28.22
2026-05-19T10:09:52.536Z,28.36
2026-05-19T10:14:52.526Z,28.16
2026-05-19T10:19:53.247Z,28.36
2026-05-19T10:24:52.71Z,28.94
2026-05-19T10:29:55.197Z,29.11
2026-05-19T10:34:52.65Z,28.88
2026-05-19T10:39:52.593Z,29.34
2026-05-19T10:44:52.595Z,29.52
2026-05-19T10:49:54.318Z,29.57
2026-05-19T10:54:52.689Z,29.55
2026-05-19T10:59:52.576Z,29.6
2026-05-19T11:04:54.003Z,29.75
2026-05-19T11:09:52.978Z,29.8
2026-05-19T11:14:52.612Z,29.72
2026-05-19T11:19:52.693Z,29.63
2026-05-19T11:24:52.497Z,29.63
2026-05-19T11:29:52.715Z,29.92
2026-05-19T11:34:53.124Z,30.29
2026-05-19T11:39:53.952Z,30.15
2026-05-19T11:44:52.518Z,30.58
2026-05-19T11:49:52.743Z,30.84
2026-05-19T11:54:53.153Z,31.1
2026-05-19T11:59:52.604Z,31.1
2026-05-19T12:04:52.729Z,31.1
2026-05-19T12:09:52.734Z,31.22
2026-05-19T12:14:52.74Z,31.24
2026-05-19T12:19:52.842Z,31.42
2026-05-19T12:24:52.547Z,31.68
2026-05-19T12:29:53.75Z,31.91
2026-05-19T12:34:53.522Z,31.56
2026-05-19T12:39:52.622Z,31.33
2026-05-19T12:44:52.716Z,31.22
2026-05-19T12:49:54.931Z,31.13
2026-05-19T12:54:52.503Z,30.73
2026-05-19T12:59:53.066Z,30.38
2026-05-19T13:04:52.499Z,30.41
2026-05-19T13:09:52.623Z,30.18
2026-05-19T13:14:52.694Z,30.24
2026-05-19T13:19:52.577Z,30.24
2026-05-19T13:24:52.654Z,30.27
2026-05-19T13:29:52.63Z,30.12
2026-05-19T13:34:52.692Z,30.06
2026-05-19T13:39:52.498Z,30.81
2026-05-19T13:44:52.602Z,31.3
2026-05-19T13:49:52.524Z,31.5
2026-05-19T13:54:52.816Z,31.71
2026-05-19T13:59:52.727Z,31.59
2026-05-19T14:04:52.545Z,31.47
2026-05-19T14:09:53.697Z,31.5
2026-05-19T14:14:52.966Z,31.47
2026-05-19T14:19:52.561Z,31.59
2026-05-19T14:24:52.602Z,31.62
2026-05-19T14:29:54.817Z,31.47
2026-05-19T14:34:52.654Z,31.59
2026-05-19T14:39:52.643Z,31.5
2026-05-19T14:44:52.716Z,31.71
2026-05-19T14:49:54.121Z,31.71
2026-05-19T14:54:52.66Z,31.87
2026-05-19T14:59:52.586Z,31.79
2026-05-19T15:04:54.512Z,31.59
2026-05-19T15:09:55.555Z,31.45
2026-05-19T15:14:52.731Z,31.47
2026-05-19T15:19:52.805Z,31.53
2026-05-19T15:24:52.852Z,31.71
2026-05-19T15:29:53.791Z,31.94
2026-05-19T15:34:53.434Z,31.91
2026-05-19T15:39:52.562Z,31.85
2026-05-19T15:44:52.592Z,31.91
2026-05-19T15:49:52.716Z,31.85
2026-05-19T15:54:53.642Z,31.82
2026-05-19T15:59:52.554Z,31.87
2026-05-19T16:04:52.698Z,31.71
2026-05-19T16:09:52.718Z,31.73
2026-05-19T16:14:52.577Z,31.56
2026-05-19T16:19:52.541Z,31.62
2026-05-19T16:24:52.786Z,31.24
2026-05-19T16:29:52.612Z,31.24
2026-05-19T16:34:52.498Z,31.36
2026-05-19T16:39:52.659Z,31.27
2026-05-19T16:44:53.381Z,31.1
2026-05-19T16:49:54.414Z,31.1
2026-05-19T16:54:52.685Z,30.99
2026-05-19T16:59:52.653Z,30.9
2026-05-19T17:04:52.69Z,30.78
2026-05-19T17:09:52.797Z,30.64
2026-05-19T17:14:52.548Z,30.67
2026-05-19T17:19:52.558Z,30.7
2026-05-19T17:24:52.655Z,30.41
2026-05-19T17:29:52.637Z,30.27
2026-05-19T17:34:52.705Z,30.18
2026-05-19T17:39:53.843Z,30.09
2026-05-19T17:44:52.72Z,30.01
2026-05-19T17:49:52.695Z,30.01
2026-05-19T17:54:52.896Z,29.98
2026-05-19T17:59:52.527Z,29.89
2026-05-19T18:04:53.48Z,29.8
2026-05-19T18:09:52.616Z,29.78
2026-05-19T18:14:52.65Z,29.66
2026-05-19T18:19:52.665Z,29.32
2026-05-19T18:24:52.736Z,29.17
2026-05-19T18:29:53.52Z,28.88
2026-05-19T18:34:52.624Z,28.65
2026-05-19T18:39:52.855Z,28.42
2026-05-19T18:44:52.849Z,28.25
2026-05-19T18:49:52.529Z,27.97
2026-05-19T18:54:53.234Z,27.67
2026-05-19T18:59:53.339Z,27.39
2026-05-19T19:04:52.699Z,27.24
2026-05-19T19:09:52.818Z,27.01
2026-05-19T19:14:52.723Z,26.69
2026-05-19T19:19:53.121Z,26.46
2026-05-19T19:24:52.605Z,26.12
2026-05-19T19:29:52.914Z,25.86
2026-05-19T19:34:52.569Z,25.57
2026-05-19T19:39:53.744Z,25.43
2026-05-19T19:44:52.568Z,25.26
2026-05-19T19:49:52.76Z,25.03
2026-05-19T19:54:52.535Z,24.74
2026-05-19T19:59:52.703Z,24.51
2026-05-19T20:04:52.582Z,24.37
2026-05-19T20:09:52.889Z,24.13
2026-05-19T20:14:52.84Z,23.85
2026-05-19T20:19:52.709Z,23.65
2026-05-19T20:24:52.522Z,23.41
2026-05-19T20:29:52.606Z,23.07
2026-05-19T20:34:54.604Z,22.78
2026-05-19T20:39:52.752Z,22.67
2026-05-19T20:44:52.606Z,22.72
2026-05-19T20:49:52.527Z,22.44
2026-05-19T20:54:52.803Z,22.49
2026-05-19T20:59:52.503Z,22.81
2026-05-19T21:04:52.684Z,23.01
2026-05-19T21:09:52.671Z,23.1
2026-05-19T21:14:52.69Z,23.01
2026-05-19T21:19:52.622Z,23.01
2026-05-19T21:24:52.739Z,22.95
2026-05-19T21:29:52.712Z,22.81
2026-05-19T21:34:52.612Z,22.61
2026-05-19T21:39:52.82Z,22.44
2026-05-19T21:44:52.663Z,22.21
2026-05-19T21:49:52.618Z,22.04
2026-05-19T21:54:52.848Z,21.86
2026-05-19T21:59:52.577Z,21.72
2026-05-19T22:04:52.507Z,21.49
2026-05-19T22:09:52.545Z,21.49
2026-05-19T22:14:53.633Z,21.37
2026-05-19T22:19:52.714Z,21.28
2026-05-19T22:24:52.764Z,21.28
2026-05-19T22:29:53.04Z,21.17
2026-05-19T22:34:52.575Z,21.09
2026-05-19T22:39:52.533Z,21.02
2026-05-19T22:44:53.353Z,20.97
2026-05-19T22:49:54.193Z,20.91
2026-05-19T22:54:52.628Z,20.76
2026-05-19T22:59:52.593Z,20.68
2026-05-19T23:04:53.103Z,20.53
2026-05-19T23:09:52.74Z,20.39
2026-05-19T23:14:52.733Z,20.11
2026-05-19T23:19:52.61Z,20.05
2026-05-19T23:24:52.713Z,19.88
2026-05-19T23:29:52.565Z,19.65
2026-05-19T23:34:52.738Z,19.5
2026-05-19T23:39:52.695Z,19.39
2026-05-19T23:44:52.739Z,19.18
2026-05-19T23:49:52.704Z,19.01
2026-05-19T23:54:52.607Z,18.93
2026-05-19T23:59:52.565Z,18.84
2026-05-20T00:04:52.629Z,18.72
2026-05-20T00:09:52.512Z,18.78
2026-05-20T00:14:52.669Z,18.67
2026-05-20T00:19:52.672Z,18.69
2026-05-20T00:24:52.697Z,18.72
2026-05-20T00:29:53.1Z,18.58
2026-05-20T00:34:54.886Z,18.52
2026-05-20T00:39:53.633Z,18.49
2026-05-20T00:44:52.784Z,18.52
2026-05-20T00:49:52.739Z,18.64
2026-05-20T00:54:52.517Z,18.78
2026-05-20T00:59:52.69Z,19.01
2026-05-20T01:04:52.651Z,19.07
2026-05-20T01:09:52.509Z,19.1
2026-05-20T01:14:52.769Z,19.1
2026-05-20T01:19:53.42Z,18.9
2026-05-20T01:24:52.528Z,18.93
2026-05-20T01:29:52.532Z,18.78
2026-05-20T01:34:52.752Z,18.75
2026-05-20T01:39:53.098Z,18.81
2026-05-20T01:44:52.626Z,18.81
2026-05-20T01:49:52.607Z,18.84
2026-05-20T01:54:52.731Z,18.87
2026-05-20T01:59:54.244Z,18.72
2026-05-20T02:04:54.501Z,18.69
2026-05-20T02:09:52.622Z,18.55
2026-05-20T02:14:52.735Z,18.49
2026-05-20T02:19:52.871Z,18.41
2026-05-20T02:24:52.62Z,18.38
2026-05-20T02:29:52.683Z,18.35
2026-05-20T02:34:52.698Z,18.29
2026-05-20T02:39:52.715Z,18.21
2026-05-20T02:44:52.684Z,18.23
2026-05-20T02:49:52.546Z,18.03
2026-05-20T02:54:52.7Z,17.86
2026-05-20T02:59:52.718Z,17.69
2026-05-20T03:04:54.204Z,17.66
2026-05-20T03:09:54.169Z,17.66
2026-05-20T03:14:52.548Z,17.66
2026-05-20T03:19:52.557Z,17.69
2026-05-20T03:24:53.769Z,17.6
2026-05-20T03:29:52.546Z,17.46
2026-05-20T03:34:52.729Z,17.51
2026-05-20T03:39:53.627Z,17.46
2026-05-20T03:44:54.34Z,17.43
2026-05-20T03:49:52.634Z,17.34
2026-05-20T03:54:52.599Z,17.43
2026-05-20T03:59:52.718Z,17.4
2026-05-20T04:04:52.516Z,17.37
2026-05-20T04:09:52.836Z,17.34
2026-05-20T04:14:52.49Z,17.4
2026-05-20T04:19:52.675Z,17.34
2026-05-20T04:24:52.538Z,17.28
2026-05-20T04:29:52.609Z,17.26
2026-05-20T04:34:52.721Z,17.05
2026-05-20T04:39:52.664Z,17.02
2026-05-20T04:44:52.596Z,16.94
2026-05-20T04:49:54.415Z,16.91
2026-05-20T04:54:52.725Z,16.79
2026-05-20T04:59:52.63Z,16.68
2026-05-20T05:04:53.802Z,16.74
2026-05-20T05:09:52.6Z,16.77
2026-05-20T05:14:53.658Z,16.71
2026-05-20T05:19:52.831Z,16.77
2026-05-20T05:24:53.682Z,16.88
2026-05-20T05:29:52.631Z,16.94
2026-05-20T05:34:53.035Z,16.94
2026-05-20T05:39:54.398Z,17.05
2026-05-20T05:44:52.607Z,17.26
2026-05-20T05:49:52.607Z,17.51
2026-05-20T05:54:52.713Z,17.74
2026-05-20T05:59:52.535Z,17.8
2026-05-20T06:04:52.599Z,17.95
2026-05-20T06:09:55.504Z,18.15
2026-05-20T06:14:52.621Z,18.46
2026-05-20T06:19:54.943Z,18.75
2026-05-20T06:24:53.895Z,19.07
2026-05-20T06:29:52.827Z,19.39
2026-05-20T06:34:55.619Z,19.85
2026-05-20T06:39:54.451Z,20.22
2026-05-20T06:44:53.233Z,20.48
2026-05-20T06:49:52.496Z,20.6
2026-05-20T06:54:52.63Z,20.88
2026-05-20T06:59:52.63Z,20.91
2026-05-20T07:04:52.623Z,21.2
2026-05-20T07:09:54.648Z,21.37
2026-05-20T07:14:52.563Z,21.51
2026-05-20T07:19:52.676Z,21.89
2026-05-20T07:24:54.139Z,22.0
2026-05-20T07:29:53.97Z,22.32
2026-05-20T07:34:52.72Z,22.61
2026-05-20T07:39:52.499Z,23.04
2026-05-20T07:44:52.595Z,23.3
2026-05-20T07:49:52.727Z,23.41
2026-05-20T07:54:53.075Z,23.73
2026-05-20T07:59:53.914Z,23.96
2026-05-20T08:04:52.658Z,24.37
2026-05-20T08:09:52.734Z,24.51
2026-05-20T08:14:52.994Z,24.65
2026-05-20T08:19:52.802Z,24.91
2026-05-20T08:24:53.162Z,25.2
2026-05-20T08:29:53.192Z,25.2
2026-05-20T08:34:54.304Z,25.43
2026-05-20T08:39:52.716Z,25.57
2026-05-20T08:44:53.416Z,25.89
2026-05-20T08:49:54.669Z,26.24
2026-05-20T08:54:52.541Z,26.44
2026-05-20T08:59:52.669Z,26.92
2026-05-20T09:04:54.781Z,27.33
2026-05-20T09:09:53.354Z,27.53
2026-05-20T09:14:52.612Z,27.85
2026-05-20T09:19:53.365Z,27.99
2026-05-20T09:24:54.133Z,28.19
2026-05-20T09:29:52.608Z,28.16
2026-05-20T09:34:52.762Z,28.25
2026-05-20T09:39:53.416Z,28.57
2026-05-20T09:44:52.583Z,28.77
2026-05-20T09:49:52.498Z,28.97
2026-05-20T09:54:52.665Z,29.26
2026-05-20T09:59:55.506Z,29.14
2026-05-20T10:04:53.486Z,29.2
2026-05-20T10:09:53.857Z,29.37
2026-05-20T10:14:53.44Z,29.69
2026-05-20T10:19:53.217Z,29.78
2026-05-20T10:24:52.623Z,29.75
2026-05-20T10:29:53.358Z,29.98
2026-05-20T10:34:53.574Z,30.09
2026-05-20T10:39:52.519Z,29.83
2026-05-20T10:44:53.115Z,29.92
2026-05-20T10:49:53.943Z,30.06
2026-05-20T10:54:52.638Z,30.38
2026-05-20T10:59:52.573Z,30.52
2026-05-20T11:04:52.635Z,30.5
2026-05-20T11:09:52.535Z,30.81
2026-05-20T11:14:52.569Z,31.04
2026-05-20T11:19:53.295Z,31.1
2026-05-20T11:24:54.495Z,31.39
2026-05-20T11:29:53.209Z,31.36
2026-05-20T11:34:52.619Z,31.39
2026-05-20T11:39:52.872Z,31.3
2026-05-20T11:44:53.377Z,31.36
2026-05-20T11:49:52.601Z,31.36
2026-05-20T11:54:52.624Z,31.64
2026-05-20T11:59:52.475Z,31.68
2026-05-20T12:04:52.658Z,31.82
2026-05-20T12:09:52.684Z,31.94
2026-05-20T12:14:52.616Z,31.87
2026-05-20T12:19:52.495Z,32.08
2026-05-20T12:24:52.672Z,31.87
2026-05-20T12:29:52.584Z,32.08
2026-05-20T12:34:52.462Z,32.25
2026-05-20T12:39:52.575Z,32.17
2026-05-20T12:44:53.509Z,32.19
2026-05-20T12:49:54.498Z,32.19
2026-05-20T12:54:53.193Z,32.17
2026-05-20T12:59:52.649Z,32.17
2026-05-20T13:04:53.778Z,32.34
2026-05-20T13:09:52.783Z,32.34
2026-05-20T13:14:52.53Z,32.43
2026-05-20T13:19:53.456Z,32.51
2026-05-20T13:24:52.612Z,32.22
2026-05-20T13:29:52.566Z,32.19
2026-05-20T13:34:52.645Z,32.05
2026-05-20T13:39:53.865Z,32.05
2026-05-20T13:44:52.686Z,32.02
2026-05-20T13:49:52.606Z,32.22
2026-05-20T13:54:53.379Z,32.22
2026-05-20T13:59:52.467Z,32.13
2026-05-20T14:04:52.496Z,32.4
2026-05-20T14:09:52.601Z,32.31
2026-05-20T14:14:52.707Z,32.17
2026-05-20T14:19:52.7Z,32.22
2026-05-20T14:24:52.609Z,32.36
2026-05-20T14:29:52.683Z,32.36
2026-05-20T14:34:53.38Z,32.28
2026-05-20T14:39:52.51Z,32.13
2026-05-20T14:44:52.545Z,32.13
2026-05-20T14:49:56.466Z,31.82
2026-05-20T14:54:52.661Z,31.82
2026-05-20T14:59:52.646Z,31.82
2026-05-20T15:04:52.528Z,31.79
2026-05-20T15:09:52.454Z,32.08
2026-05-20T15:14:52.647Z,32.02
2026-05-20T15:19:53.268Z,31.94
2026-05-20T15:24:52.545Z,31.87
2026-05-20T15:29:52.547Z,31.87
2026-05-20T15:34:52.702Z,32.02
2026-05-20T15:39:52.53Z,31.85
2026-05-20T15:44:52.539Z,31.68
2026-05-20T15:49:52.569Z,31.94
2026-05-20T15:54:53.419Z,31.71
2026-05-20T15:59:52.629Z,31.59
2026-05-20T16:04:52.487Z,31.56
2026-05-20T16:09:52.56Z,31.5
2026-05-20T16:14:52.664Z,31.3
2026-05-20T16:19:52.468Z,31.24
2026-05-20T16:24:52.673Z,31.13
2026-05-20T16:29:52.658Z,31.19
2026-05-20T16:34:52.566Z,31.07
2026-05-20T16:39:52.651Z,30.96
2026-05-20T16:44:52.659Z,30.78
2026-05-20T16:49:52.607Z,30.44
2026-05-20T16:54:55.187Z,30.41
2026-05-20T16:59:52.703Z,30.32
2026-05-20T17:04:52.642Z,30.04
2026-05-20T17:09:54.031Z,29.66
2026-05-20T17:14:52.499Z,29.63
2026-05-20T17:19:52.553Z,29.4
2026-05-20T17:24:52.886Z,29.46
2026-05-20T17:29:52.674Z,29.29
2026-05-20T17:34:52.496Z,29.03
2026-05-20T17:39:54.082Z,28.83
2026-05-20T17:44:52.551Z,28.48
2026-05-20T17:49:52.639Z,28.36
2026-05-20T17:54:54.058Z,28.42
2026-05-20T17:59:52.669Z,28.25
2026-05-20T18:04:53.12Z,28.11
2026-05-20T18:09:52.606Z,27.76
2026-05-20T18:14:52.738Z,27.44
2026-05-20T18:19:54.528Z,27.24
2026-05-20T18:24:52.509Z,27.1
2026-05-20T18:29:52.57Z,26.69
2026-05-20T18:34:53.976Z,26.52
2026-05-20T18:39:52.545Z,26.44
2026-05-20T18:44:52.698Z,26.12
2026-05-20T18:49:52.539Z,25.75
2026-05-20T18:54:52.572Z,25.52
2026-05-20T18:59:52.55Z,25.43
2026-05-20T19:04:52.568Z,25.32
2026-05-20T19:09:52.444Z,25.06
2026-05-20T19:14:52.669Z,24.83
2026-05-20T19:19:57.454Z,24.68
2026-05-20T19:24:56.153Z,24.42
2026-05-20T19:29:53.151Z,24.25
2026-05-20T19:34:52.497Z,24.05
2026-05-20T19:39:52.919Z,23.88
2026-05-20T19:44:52.476Z,23.65
2026-05-20T19:49:52.687Z,23.41
2026-05-20T19:54:53.499Z,23.33
2026-05-20T19:59:52.959Z,23.33
2026-05-20T20:04:52.467Z,23.33
2026-05-20T20:09:52.482Z,23.21
2026-05-20T20:14:55.819Z,23.1
2026-05-20T20:19:52.615Z,22.93
2026-05-20T20:24:52.513Z,22.69
2026-05-20T20:29:52.527Z,22.55
2026-05-20T20:34:53.438Z,22.38
2026-05-20T20:39:52.655Z,22.21
2026-05-20T20:44:52.468Z,22.09
2026-05-20T20:49:52.584Z,21.89
2026-05-20T20:54:52.622Z,21.89
2026-05-20T20:59:52.727Z,21.69
2026-05-20T21:04:53.856Z,21.63
2026-05-20T21:09:52.546Z,21.51
2026-05-20T21:14:54.083Z,21.28
2026-05-20T21:19:52.97Z,21.11
2026-05-20T21:24:52.462Z,21.0
2026-05-20T21:29:52.443Z,20.76
2026-05-20T21:34:52.436Z,20.71
2026-05-20T21:39:52.623Z,20.6
2026-05-20T21:44:52.469Z,20.48
2026-05-20T21:49:52.443Z,20.45
2026-05-20T21:54:53.113Z,20.37
2026-05-20T21:59:52.602Z,20.31
2026-05-20T22:04:52.604Z,20.25
2026-05-20T22:09:52.581Z,20.11
2026-05-20T22:14:52.491Z,20.05
2026-05-20T22:19:52.552Z,19.9
2026-05-20T22:24:52.555Z,19.79
2026-05-20T22:29:52.91Z,19.7
2026-05-20T22:34:55.347Z,19.56
2026-05-20T22:39:52.477Z,19.44
2026-05-20T22:44:52.655Z,19.39
2026-05-20T22:49:52.49Z,19.33
2026-05-20T22:54:52.937Z,19.3
2026-05-20T22:59:52.646Z,19.24
2026-05-20T23:04:53.106Z,19.07
2026-05-20T23:09:54.324Z,19.01
2026-05-20T23:14:52.556Z,18.95
2026-05-20T23:19:53.206Z,18.98
2026-05-20T23:24:53.165Z,18.95
2026-05-20T23:29:52.473Z,18.93
2026-05-20T23:34:52.632Z,18.78
2026-05-20T23:39:52.545Z,18.55
2026-05-20T23:44:54.533Z,18.44
2026-05-20T23:49:52.665Z,18.78
2026-05-20T23:54:52.461Z,19.07
2026-05-20T23:59:53.934Z,19.16
2026-05-21T00:04:52.556Z,19.1
2026-05-21T00:09:52.568Z,19.13
2026-05-21T00:14:52.848Z,19.21
2026-05-21T00:19:52.596Z,19.18
2026-05-21T00:24:52.587Z,19.24
2026-05-21T00:29:52.503Z,19.13
2026-05-21T00:34:53.382Z,19.16
2026-05-21T00:39:52.448Z,19.07
2026-05-21T00:44:52.529Z,19.01
2026-05-21T00:49:52.675Z,18.93
2026-05-21T00:54:55.007Z,18.98
2026-05-21T00:59:52.664Z,18.81
2026-05-21T01:04:52.463Z,18.81
2026-05-21T01:09:55.297Z,18.61
2026-05-21T01:14:52.611Z,18.46
2026-05-21T01:19:52.61Z,18.32
2026-05-21T01:24:53.456Z,18.18
2026-05-21T01:29:52.462Z,18.15
2026-05-21T01:34:52.499Z,18.03
2026-05-21T01:39:53.398Z,17.95
2026-05-21T01:44:53.632Z,17.95
2026-05-21T01:49:52.466Z,17.86
2026-05-21T01:54:52.542Z,17.89
2026-05-21T01:59:52.597Z,17.89
2026-05-21T02:04:52.6Z,17.83
2026-05-21T02:09:52.66Z,17.89
2026-05-21T02:14:52.595Z,17.83
2026-05-21T02:19:52.663Z,17.66
2026-05-21T02:24:52.537Z,17.57
2026-05-21T02:29:52.545Z,17.49
2026-05-21T02:34:55.111Z,17.49
2026-05-21T02:39:52.666Z,17.46
2026-05-21T02:44:52.608Z,17.4
2026-05-21T02:49:52.501Z,17.4
2026-05-21T02:54:54.472Z,17.37
2026-05-21T02:59:52.621Z,17.28
2026-05-21T03:04:52.56Z,17.23
2026-05-21T03:09:52.491Z,17.08
2026-05-21T03:14:52.628Z,16.97
2026-05-21T03:19:52.545Z,16.91
2026-05-21T03:24:52.491Z,16.88
2026-05-21T03:29:52.468Z,16.79
2026-05-21T03:34:52.67Z,16.51
2026-05-21T03:39:53.028Z,16.33
2026-05-21T03:44:52.634Z,16.22
2026-05-21T03:49:52.565Z,16.22
2026-05-21T03:54:54.392Z,16.16
2026-05-21T03:59:52.479Z,16.1
2026-05-21T04:04:53.62Z,15.99
2026-05-21T04:09:52.619Z,16.1
2026-05-21T04:14:53.117Z,16.05
2026-05-21T04:19:52.482Z,15.9
2026-05-21T04:24:52.517Z,15.76
2026-05-21T04:29:52.654Z,15.65
2026-05-21T04:34:52.991Z,15.42
2026-05-21T04:39:54.572Z,15.21
2026-05-21T04:44:53.866Z,15.19
2026-05-21T04:49:52.596Z,15.16
2026-05-21T04:54:53.858Z,15.12
2026-05-21T04:59:52.493Z,15.24
2026-05-21T05:04:52.946Z,15.39
2026-05-21T05:09:56.072Z,15.56
2026-05-21T05:14:52.506Z,15.79
2026-05-21T05:19:52.646Z,16.02
2026-05-21T05:24:52.487Z,16.16
2026-05-21T05:29:53.873Z,16.53
2026-05-21T05:34:52.458Z,16.97
2026-05-21T05:39:52.549Z,17.31
2026-05-21T05:44:53.306Z,17.43
2026-05-21T05:49:53.843Z,17.69
2026-05-21T05:54:53.155Z,17.74
2026-05-21T05:59:52.645Z,17.89
2026-05-21T06:04:54.078Z,17.92
2026-05-21T06:09:52.462Z,18.0
2026-05-21T06:14:52.455Z,18.0
2026-05-21T06:19:52.753Z,18.03
2026-05-21T06:24:52.489Z,18.18
2026-05-21T06:29:52.634Z,18.29
2026-05-21T06:34:52.882Z,18.46
2026-05-21T06:39:52.62Z,18.69
2026-05-21T06:44:52.677Z,18.87
2026-05-21T06:49:53.908Z,19.18
2026-05-21T06:54:53.228Z,19.5
2026-05-21T06:59:53.917Z,19.82
2026-05-21T07:04:52.561Z,20.11
2026-05-21T07:09:52.678Z,20.48
2026-05-21T07:14:52.48Z,20.65
2026-05-21T07:19:54.263Z,20.79
2026-05-21T07:24:52.612Z,21.28
2026-05-21T07:29:52.574Z,21.63
2026-05-21T07:34:52.479Z,21.95
2026-05-21T07:39:52.569Z,22.09
2026-05-21T07:44:52.651Z,22.21
2026-05-21T07:49:54.17Z,22.61
2026-05-21T07:54:52.622Z,22.93
2026-05-21T07:59:52.449Z,23.07
2026-05-21T08:04:52.479Z,23.3
2026-05-21T08:09:52.674Z,23.53
2026-05-21T08:14:52.481Z,23.76
2026-05-21T08:19:52.555Z,24.02
2026-05-21T08:24:52.51Z,24.28
2026-05-21T08:29:53.638Z,24.54
2026-05-21T08:34:52.546Z,24.74
2026-05-21T08:39:52.955Z,25.06
2026-05-21T08:44:52.991Z,25.17
2026-05-21T08:49:52.497Z,25.4
2026-05-21T08:54:52.658Z,25.89
2026-05-21T08:59:52.559Z,26.06
2026-05-21T09:04:52.542Z,26.2
2026-05-21T09:09:52.475Z,26.38
2026-05-21T09:14:52.498Z,26.78
2026-05-21T09:19:53.712Z,27.22
2026-05-21T09:24:52.427Z,27.53
2026-05-21T09:29:52.978Z,27.53
2026-05-21T09:34:52.549Z,27.64
2026-05-21T09:39:52.522Z,27.73
2026-05-21T09:44:52.51Z,27.93
2026-05-21T09:49:53.575Z,28.02
2026-05-21T09:54:52.483Z,28.05
2026-05-21T09:59:52.559Z,27.97
2026-05-21T10:04:52.642Z,28.34
2026-05-21T10:09:52.707Z,28.31
2026-05-21T10:14:53.019Z,28.57
2026-05-21T10:19:52.97Z,28.62
2026-05-21T10:24:52.69Z,28.77
2026-05-21T10:29:52.457Z,28.97
2026-05-21T10:34:54.109Z,29.23
2026-05-21T10:39:53.294Z,29.4
2026-05-21T10:44:52.417Z,29.4
2026-05-21T10:49:52.466Z,29.29
2026-05-21T10:54:52.54Z,29.6
2026-05-21T10:59:52.661Z,29.89
2026-05-21T11:04:52.718Z,30.12
2026-05-21T11:09:52.622Z,30.18
2026-05-21T11:14:52.546Z,30.09
2026-05-21T11:19:52.628Z,29.83
2026-05-21T11:24:52.469Z,30.18
2026-05-21T11:29:52.653Z,30.35
2026-05-21T11:34:54.982Z,30.44
2026-05-21T11:39:52.936Z,30.35
2026-05-21T11:44:52.615Z,30.44
2026-05-21T11:49:53.909Z,30.7
2026-05-21T11:54:52.499Z,30.73
2026-05-21T11:59:52.579Z,30.81
2026-05-21T12:04:52.625Z,30.9
2026-05-21T12:09:52.457Z,31.33
2026-05-21T12:14:52.442Z,31.1
2026-05-21T12:19:52.51Z,31.36
2026-05-21T12:24:52.494Z,31.24
2026-05-21T12:29:52.644Z,31.45
2026-05-21T12:34:52.597Z,31.68
2026-05-21T12:39:53.044Z,31.68
2026-05-21T12:44:52.638Z,31.76
2026-05-21T12:49:52.493Z,31.79
2026-05-21T12:54:52.435Z,31.56
2026-05-21T12:59:53.85Z,31.64
2026-05-21T13:04:52.63Z,31.62
2026-05-21T13:09:53.671Z,31.53
2026-05-21T13:14:53.093Z,31.91
2026-05-21T13:19:55.069Z,31.62
2026-05-21T13:24:52.515Z,31.64
2026-05-21T13:29:52.746Z,31.68
2026-05-21T13:34:52.601Z,31.47
2026-05-21T13:39:53.621Z,31.33
2026-05-21T13:44:52.454Z,31.76
2026-05-21T13:49:52.468Z,31.64
2026-05-21T13:54:52.67Z,31.53
2026-05-21T13:59:52.731Z,31.39
2026-05-21T14:04:52.686Z,31.36
2026-05-21T14:09:52.692Z,31.24
2026-05-21T14:14:52.47Z,31.33
2026-05-21T14:19:52.601Z,31.39
2026-05-21T14:24:52.471Z,31.45
2026-05-21T14:29:52.637Z,31.33
2026-05-21T14:34:53.316Z,31.01
2026-05-21T14:39:52.639Z,31.22
2026-05-21T14:44:52.547Z,31.04
2026-05-21T14:49:52.655Z,30.99
2026-05-21T14:54:52.677Z,31.01
2026-05-21T14:59:52.644Z,30.9
2026-05-21T15:04:54.461Z,30.84
2026-05-21T15:09:54.996Z,31.04
2026-05-21T15:14:52.472Z,31.3
2026-05-21T15:19:52.658Z,31.24
2026-05-21T15:24:52.696Z,31.22
2026-05-21T15:29:52.443Z,31.13
2026-05-21T15:34:55.548Z,31.01
2026-05-21T15:39:52.46Z,30.99
2026-05-21T15:44:52.464Z,30.87
2026-05-21T15:49:52.533Z,30.75
2026-05-21T15:54:52.649Z,30.75
2026-05-21T15:59:52.514Z,30.93
2026-05-21T16:04:52.529Z,30.93
2026-05-21T16:09:52.478Z,30.7
2026-05-21T16:14:54.696Z,30.55
2026-05-21T16:19:52.608Z,30.61
2026-05-21T16:24:53.517Z,30.58
2026-05-21T16:29:52.76Z,30.81
2026-05-21T16:34:52.767Z,30.73
2026-05-21T16:39:52.678Z,30.67
2026-05-21T16:44:55.565Z,30.67
2026-05-21T16:49:56.336Z,30.64
2026-05-21T16:54:52.44Z,30.47
2026-05-21T16:59:52.585Z,30.5
2026-05-21T17:04:52.608Z,30.18
2026-05-21T17:09:52.613Z,29.95
2026-05-21T17:14:52.627Z,29.8
2026-05-21T17:19:52.745Z,29.55
2026-05-21T17:24:52.645Z,29.6
2026-05-21T17:29:52.515Z,29.57
2026-05-21T17:34:52.528Z,29.4
2026-05-21T17:39:52.557Z,29.17
2026-05-21T17:44:52.619Z,29.06
2026-05-21T17:49:52.605Z,28.83
2026-05-21T17:54:52.701Z,28.57
2026-05-21T17:59:52.697Z,28.45
2026-05-21T18:04:52.585Z,28.28
2026-05-21T18:09:53.511Z,28.16
2026-05-21T18:14:53.203Z,28.08
2026-05-21T18:19:52.653Z,27.9
2026-05-21T18:24:53.975Z,27.82
2026-05-21T18:29:54.14Z,27.56
2026-05-21T18:34:54.807Z,27.41
2026-05-21T18:39:53.584Z,27.13
2026-05-21T18:44:55.091Z,26.99
2026-05-21T18:49:52.671Z,26.76
2026-05-21T18:54:52.609Z,26.55
2026-05-21T18:59:52.584Z,26.44
2026-05-21T19:04:52.53Z,26.29
2026-05-21T19:09:52.452Z,26.09
2026-05-21T19:14:52.649Z,25.95
2026-05-21T19:19:52.57Z,25.8
2026-05-21T19:24:52.498Z,25.52
2026-05-21T19:29:52.622Z,25.34
2026-05-21T19:34:52.585Z,25.17
2026-05-21T19:39:52.458Z,25.06
2026-05-21T19:44:54.535Z,24.91
2026-05-21T19:49:53.441Z,24.83
2026-05-21T19:54:52.591Z,24.74
2026-05-21T19:59:52.67Z,24.51
2026-05-21T20:04:52.702Z,24.31
2026-05-21T20:09:52.635Z,24.05
2026-05-21T20:14:52.45Z,23.93
2026-05-21T20:19:52.603Z,23.88
2026-05-21T20:24:53.934Z,23.82
2026-05-21T20:29:52.591Z,23.73
2026-05-21T20:34:52.528Z,23.73
2026-05-21T20:39:52.429Z,23.56
2026-05-21T20:44:52.485Z,23.33
2026-05-21T20:49:52.659Z,23.13
2026-05-21T20:54:52.598Z,22.9
2026-05-21T20:59:52.665Z,22.61
2026-05-21T21:04:52.477Z,22.38
2026-05-21T21:09:52.843Z,22.21
2026-05-21T21:14:52.619Z,22.0
2026-05-21T21:19:52.658Z,21.81
2026-05-21T21:24:52.566Z,21.57
2026-05-21T21:29:58.774Z,21.4
2026-05-21T21:34:53.592Z,21.32
2026-05-21T21:39:52.682Z,21.28
2026-05-21T21:44:52.441Z,21.2
2026-05-21T21:49:54.634Z,21.14
2026-05-21T21:54:52.983Z,21.2
2026-05-21T21:59:52.427Z,21.2
2026-05-21T22:04:52.692Z,21.06
2026-05-21T22:09:52.671Z,20.94
2026-05-21T22:14:52.435Z,20.91
2026-05-21T22:19:52.561Z,20.94
2026-05-21T22:24:55.783Z,21.06
2026-05-21T22:29:52.455Z,20.88
2026-05-21T22:34:52.696Z,20.76
2026-05-21T22:39:54.174Z,20.62
2026-05-21T22:44:52.496Z,20.39
2026-05-21T22:49:52.589Z,20.16
2026-05-21T22:54:53.457Z,19.96
2026-05-21T22:59:52.456Z,20.02
2026-05-21T23:04:53.338Z,20.25
2026-05-21T23:09:52.5Z,20.53
2026-05-21T23:14:52.634Z,20.68
2026-05-21T23:19:52.689Z,20.68
2026-05-21T23:24:52.476Z,20.53
2026-05-21T23:29:52.62Z,20.45
2026-05-21T23:34:52.665Z,20.34
2026-05-21T23:39:52.622Z,20.25
2026-05-21T23:44:52.508Z,20.25
2026-05-21T23:49:52.617Z,20.25
2026-05-21T23:54:52.553Z,20.22
2026-05-21T23:59:52.598Z,20.19
2026-05-22T00:04:53.604Z,20.11
2026-05-22T00:09:52.535Z,19.99
2026-05-22T00:14:53.494Z,19.99
2026-05-22T00:19:52.541Z,19.9
2026-05-22T00:24:52.497Z,19.73
2026-05-22T00:29:52.423Z,19.53
2026-05-22T00:34:52.659Z,19.39
2026-05-22T00:39:52.442Z,19.1
2026-05-22T00:44:52.703Z,18.84
2026-05-22T00:49:52.639Z,18.75
2026-05-22T00:54:52.517Z,18.81
2026-05-22T00:59:52.411Z,18.95
2026-05-22T01:04:52.503Z,19.16
2026-05-22T01:09:52.933Z,19.13
2026-05-22T01:14:52.608Z,19.04
2026-05-22T01:19:52.556Z,19.07
2026-05-22T01:24:52.647Z,19.16
2026-05-22T01:29:52.494Z,19.16
2026-05-22T01:34:54.047Z,19.18
2026-05-22T01:39:52.628Z,19.16
2026-05-22T01:44:52.683Z,19.07
2026-05-22T01:49:52.749Z,18.93
2026-05-22T01:54:52.51Z,18.87
2026-05-22T01:59:52.632Z,18.9
2026-05-22T02:04:52.416Z,18.87
2026-05-22T02:09:52.442Z,18.72
2026-05-22T02:14:52.44Z,18.69
2026-05-22T02:19:52.418Z,18.52
2026-05-22T02:24:52.482Z,18.52
2026-05-22T02:29:52.59Z,18.49
2026-05-22T02:34:52.413Z,18.41
2026-05-22T02:39:52.648Z,18.38
2026-05-22T02:44:53.943Z,18.49
2026-05-22T02:49:52.417Z,18.52
2026-05-22T02:54:52.566Z,18.67
2026-05-22T02:59:52.435Z,18.78
2026-05-22T03:04:52.633Z,18.75
2026-05-22T03:09:52.73Z,18.49
2026-05-22T03:14:52.528Z,18.46
2026-05-22T03:19:55.576Z,18.32
2026-05-22T03:24:52.5Z,18.32
2026-05-22T03:29:52.622Z,18.35
2026-05-22T03:34:53.443Z,18.26
2026-05-22T03:39:52.498Z,18.03
2026-05-22T03:44:52.474Z,17.97
2026-05-22T03:49:53.024Z,18.03
2026-05-22T03:54:52.492Z,17.86
2026-05-22T03:59:52.523Z,17.72
2026-05-22T04:04:52.852Z,17.63
2026-05-22T04:09:52.468Z,17.63
2026-05-22T04:14:52.706Z,17.6
2026-05-22T04:19:52.464Z,17.63
2026-05-22T04:24:52.572Z,17.69
2026-05-22T04:29:54.356Z,17.74
2026-05-22T04:34:52.445Z,17.69
2026-05-22T04:39:52.476Z,17.6
2026-05-22T04:44:52.441Z,17.57
2026-05-22T04:49:52.603Z,17.57
2026-05-22T04:54:52.428Z,17.57
2026-05-22T04:59:52.588Z,17.43
2026-05-22T05:04:54.384Z,17.49
2026-05-22T05:09:52.469Z,17.37
2026-05-22T05:14:52.455Z,17.28
2026-05-22T05:19:53.503Z,17.31
2026-05-22T05:24:52.586Z,17.26
2026-05-22T05:29:53.758Z,17.23
2026-05-22T05:34:52.864Z,17.37
2026-05-22T05:39:52.644Z,17.54
2026-05-22T05:44:52.43Z,17.63
2026-05-22T05:49:52.458Z,17.77
2026-05-22T05:54:53.395Z,17.95
2026-05-22T05:59:52.449Z,18.06
2026-05-22T06:04:52.471Z,18.15
2026-05-22T06:09:53.261Z,18.26
2026-05-22T06:14:52.429Z,18.32
2026-05-22T06:19:52.483Z,18.49
2026-05-22T06:24:52.466Z,18.55
2026-05-22T06:29:52.458Z,18.64
2026-05-22T06:34:52.482Z,18.95
2026-05-22T06:39:52.6Z,19.24
2026-05-22T06:44:52.516Z,19.62
2026-05-22T06:49:53.385Z,19.99
2026-05-22T06:54:52.438Z,20.28
2026-05-22T06:59:52.73Z,20.6
2026-05-22T07:04:53.573Z,20.76
2026-05-22T07:09:52.443Z,20.97
2026-05-22T07:14:52.551Z,21.14
2026-05-22T07:19:55.691Z,21.37
2026-05-22T07:24:54.413Z,21.66
2026-05-22T07:29:52.619Z,22.04
2026-05-22T07:34:52.627Z,22.29
2026-05-22T07:39:52.62Z,22.64
2026-05-22T07:44:52.472Z,22.93
2026-05-22T07:49:52.453Z,23.33
2026-05-22T07:54:53.142Z,23.65
2026-05-22T07:59:52.497Z,23.96
2026-05-22T08:04:52.995Z,24.31
2026-05-22T08:09:52.505Z,24.51
2026-05-22T08:14:53.747Z,24.77
2026-05-22T08:19:52.506Z,25.11
2026-05-22T08:24:52.62Z,25.32
2026-05-22T08:29:53.142Z,25.49
2026-05-22T08:34:52.622Z,25.89
2026-05-22T08:39:52.443Z,26.18
2026-05-22T08:44:53.158Z,26.5
2026-05-22T08:49:52.706Z,26.46
2026-05-22T08:54:52.581Z,26.87
2026-05-22T08:59:52.561Z,27.44
2026-05-22T09:04:52.46Z,27.76
2026-05-22T09:09:53.545Z,27.85
2026-05-22T09:14:53.997Z,27.93
2026-05-22T09:19:52.659Z,28.05
2026-05-22T09:24:52.41Z,28.25
2026-05-22T09:29:52.977Z,27.99
2026-05-22T09:34:52.609Z,28.42
2026-05-22T09:39:52.575Z,28.68
2026-05-22T09:44:52.646Z,28.88
2026-05-22T09:49:52.578Z,29.32
2026-05-22T09:54:53.19Z,29.23
2026-05-22T09:59:52.592Z,29.46
2026-05-22T10:04:52.409Z,29.72
2026-05-22T10:09:52.768Z,29.86
2026-05-22T10:14:53.853Z,30.09
2026-05-22T10:19:52.554Z,29.95
2026-05-22T10:24:53.249Z,29.86
2026-05-22T10:29:52.412Z,30.27
2026-05-22T10:34:52.653Z,29.95
2026-05-22T10:39:52.702Z,30.18
2026-05-22T10:44:52.612Z,30.41
2026-05-22T10:49:54.108Z,30.41
2026-05-22T10:54:52.65Z,30.38
2026-05-22T10:59:52.572Z,30.5
2026-05-22T11:04:52.576Z,30.73
2026-05-22T11:09:52.628Z,30.78
2026-05-22T11:14:52.627Z,30.73
2026-05-22T11:19:52.57Z,31.07
2026-05-22T11:24:52.595Z,31.1
2026-05-22T11:29:52.615Z,31.19
2026-05-22T11:34:52.452Z,31.27
2026-05-22T11:39:52.642Z,31.42
2026-05-22T11:44:52.59Z,31.22
2026-05-22T11:49:52.623Z,31.22
2026-05-22T11:54:53.058Z,31.33
2026-05-22T11:59:54.122Z,31.53
2026-05-22T12:04:52.608Z,31.53
2026-05-22T12:09:52.539Z,31.42
2026-05-22T12:14:53.954Z,31.59
2026-05-22T12:19:52.655Z,31.56
2026-05-22T12:24:52.659Z,31.68
2026-05-22T12:29:52.614Z,31.71
2026-05-22T12:34:52.616Z,31.87
2026-05-22T12:39:52.507Z,32.11
2026-05-22T12:44:52.632Z,32.05
2026-05-22T12:49:53.422Z,32.02
2026-05-22T12:54:52.555Z,31.94
2026-05-22T12:59:52.624Z,31.99
2026-05-22T13:04:52.508Z,32.25
2026-05-22T13:09:55.389Z,31.99
2026-05-22T13:14:53.011Z,32.02
2026-05-22T13:19:52.528Z,31.96
2026-05-22T13:24:53.056Z,31.73
2026-05-22T13:29:52.637Z,31.68
2026-05-22T13:34:52.438Z,31.79
2026-05-22T13:39:52.637Z,31.96
2026-05-22T13:44:52.582Z,32.13
2026-05-22T13:49:52.57Z,32.25
2026-05-22T13:54:52.641Z,32.17
2026-05-22T13:59:52.542Z,32.22
2026-05-22T14:04:52.633Z,32.43
2026-05-22T14:09:52.484Z,32.31
2026-05-22T14:14:52.8Z,32.22
2026-05-22T14:19:52.483Z,32.28
2026-05-22T14:24:52.452Z,32.05
2026-05-22T14:29:52.476Z,32.05
2026-05-22T14:34:53.255Z,31.94
2026-05-22T14:39:53.282Z,31.68
2026-05-22T14:44:52.638Z,31.64
2026-05-22T14:49:52.483Z,31.53
2026-05-22T14:54:52.53Z,31.87
2026-05-22T14:59:52.415Z,31.71
2026-05-22T15:04:52.642Z,31.71
2026-05-22T15:09:54.099Z,31.68
2026-05-22T15:14:52.585Z,31.76
2026-05-22T15:19:52.41Z,31.71
2026-05-22T15:24:52.552Z,31.82
2026-05-22T15:29:56.183Z,31.71
2026-05-22T15:34:52.582Z,31.68
2026-05-22T15:39:52.58Z,31.53
2026-05-22T15:44:53.349Z,31.5
2026-05-22T15:49:52.585Z,31.36
2026-05-22T15:54:52.462Z,31.47
2026-05-22T15:59:52.421Z,31.45
2026-05-22T16:04:52.476Z,31.56
2026-05-22T16:09:52.488Z,31.27
2026-05-22T16:14:53.753Z,31.33
2026-05-22T16:19:56.778Z,31.42
2026-05-22T16:24:52.519Z,31.27
2026-05-22T16:29:52.584Z,31.04
2026-05-22T16:34:54.261Z,30.96
2026-05-22T16:39:52.623Z,30.81
2026-05-22T16:44:52.645Z,30.61
2026-05-22T16:49:52.419Z,30.73
2026-05-22T16:54:52.527Z,30.81
2026-05-22T16:59:52.617Z,30.75
2026-05-22T17:04:52.52Z,30.73
2026-05-22T17:09:52.519Z,30.47
2026-05-22T17:14:53.875Z,30.41
2026-05-22T17:19:52.587Z,30.44
2026-05-22T17:24:52.569Z,30.38
2026-05-22T17:29:52.39Z,30.09
2026-05-22T17:34:52.48Z,29.86
2026-05-22T17:39:52.576Z,29.8
2026-05-22T17:44:53.246Z,29.55
2026-05-22T17:49:53.345Z,29.55
2026-05-22T17:54:52.438Z,29.57
2026-05-22T17:59:52.514Z,29.37
2026-05-22T18:04:52.422Z,29.06
2026-05-22T18:09:52.471Z,28.97
2026-05-22T18:14:52.563Z,28.68
2026-05-22T18:19:52.394Z,28.34
2026-05-22T18:24:54.721Z,28.11
2026-05-22T18:29:52.441Z,27.85
2026-05-22T18:34:52.445Z,27.64
2026-05-22T18:39:52.482Z,27.41
2026-05-22T18:44:52.409Z,27.18
2026-05-22T18:49:52.419Z,27.01
2026-05-22T18:54:52.533Z,26.78
2026-05-22T18:59:54.258Z,26.64
2026-05-22T19:04:52.443Z,26.5
2026-05-22T19:09:52.625Z,26.32
2026-05-22T19:14:52.396Z,26.18
2026-05-22T19:19:53.723Z,26.12
2026-05-22T19:24:52.55Z,26.01
2026-05-22T19:29:52.657Z,25.89
2026-05-22T19:34:52.426Z,25.72
2026-05-22T19:39:52.412Z,25.52
2026-05-22T19:44:52.544Z,25.37
2026-05-22T19:49:52.472Z,25.26
2026-05-22T19:54:52.423Z,25.11
2026-05-22T19:59:52.528Z,25.0
2026-05-22T20:04:53.119Z,24.77
2026-05-22T20:09:52.526Z,24.54
2026-05-22T20:14:52.553Z,24.28
2026-05-22T20:19:52.564Z,24.11
2026-05-22T20:24:54.517Z,23.9
2026-05-22T20:29:52.783Z,23.65
2026-05-22T20:34:52.4Z,23.56
2026-05-22T20:39:54.096Z,23.33
2026-05-22T20:44:52.433Z,23.01
2026-05-22T20:49:52.439Z,22.75
2026-05-22T20:54:52.605Z,22.52
2026-05-22T20:59:52.528Z,22.32
2026-05-22T21:04:52.583Z,22.23
2026-05-22T21:09:52.733Z,22.09
2026-05-22T21:14:53.495Z,21.97
2026-05-22T21:19:52.647Z,21.74
2026-05-22T21:24:52.625Z,21.63
2026-05-22T21:29:52.401Z,21.55
2026-05-22T21:34:54.256Z,21.57
2026-05-22T21:39:52.427Z,21.51
2026-05-22T21:44:52.436Z,21.32
2026-05-22T21:49:52.605Z,21.28
2026-05-22T21:54:52.441Z,21.23
2026-05-22T21:59:52.67Z,21.2
2026-05-22T22:04:52.548Z,21.11
2026-05-22T22:09:52.565Z,21.11
2026-05-22T22:14:52.484Z,20.94
2026-05-22T22:19:54.085Z,20.79
2026-05-22T22:24:52.419Z,20.76
2026-05-22T22:29:52.423Z,20.74
2026-05-22T22:34:52.435Z,20.68
2026-05-22T22:39:52.49Z,20.62
2026-05-22T22:44:52.773Z,20.76
2026-05-22T22:49:52.419Z,21.17
2026-05-22T22:54:53.023Z,21.34
2026-05-22T22:59:54.325Z,21.32
2026-05-22T23:04:52.629Z,21.23
2026-05-22T23:09:53.147Z,21.2
2026-05-22T23:14:54.761Z,21.25
2026-05-22T23:19:52.484Z,21.14
2026-05-22T23:24:52.424Z,21.02
2026-05-22T23:29:53.393Z,20.76
2026-05-22T23:34:52.448Z,20.57
2026-05-22T23:39:52.594Z,20.48
2026-05-22T23:44:52.452Z,20.62
2026-05-22T23:49:54.318Z,20.71
2026-05-22T23:54:52.496Z,20.74
2026-05-22T23:59:53.101Z,20.68
2026-05-23T00:04:52.467Z,20.57
2026-05-23T00:09:52.558Z,20.45
2026-05-23T00:14:52.694Z,20.37
2026-05-23T00:19:52.926Z,20.34
2026-05-23T00:24:54.235Z,20.25
2026-05-23T00:29:52.395Z,19.96
2026-05-23T00:34:53.348Z,19.9
2026-05-23T00:39:53.662Z,19.82
2026-05-23T00:44:53.299Z,19.73
2026-05-23T00:49:52.552Z,19.7
2026-05-23T00:54:52.468Z,19.76
2026-05-23T00:59:52.444Z,19.59
2026-05-23T01:04:52.631Z,19.53
2026-05-23T01:09:52.568Z,19.36
2026-05-23T01:14:52.498Z,19.18
2026-05-23T01:19:52.48Z,19.13
2026-05-23T01:24:52.493Z,19.1
2026-05-23T01:29:52.61Z,19.1
2026-05-23T01:34:53.895Z,19.1
2026-05-23T01:39:53.703Z,19.04
2026-05-23T01:44:52.727Z,18.81
2026-05-23T01:49:54.14Z,18.67
2026-05-23T01:54:53.129Z,18.58
2026-05-23T01:59:52.567Z,18.44
2026-05-23T02:04:52.53Z,18.44
2026-05-23T02:09:52.57Z,18.58
2026-05-23T02:14:52.453Z,18.72
2026-05-23T02:19:52.476Z,18.69
2026-05-23T02:24:52.528Z,18.75
2026-05-23T02:29:52.547Z,18.78
2026-05-23T02:34:52.469Z,18.69
2026-05-23T02:39:53.485Z,18.58
2026-05-23T02:44:52.4Z,18.38
2026-05-23T02:49:53.42Z,18.44
2026-05-23T02:54:52.625Z,18.18
2026-05-23T02:59:53.938Z,18.06
2026-05-23T03:04:52.453Z,17.77
2026-05-23T03:09:52.388Z,17.74
2026-05-23T03:14:52.473Z,17.63
2026-05-23T03:19:52.924Z,17.63
2026-05-23T03:24:52.422Z,17.57
2026-05-23T03:29:52.402Z,17.46
2026-05-23T03:34:56.568Z,17.34
2026-05-23T03:39:52.579Z,17.34
2026-05-23T03:44:52.787Z,17.28
2026-05-23T03:49:54.08Z,17.28
2026-05-23T03:54:52.62Z,17.23
2026-05-23T03:59:52.719Z,17.11
2026-05-23T04:04:52.386Z,17.11
2026-05-23T04:09:52.481Z,16.97
2026-05-23T04:14:52.619Z,17.02
2026-05-23T04:19:52.461Z,17.08
2026-05-23T04:24:52.412Z,17.17
2026-05-23T04:29:53.412Z,17.11
2026-05-23T04:34:52.637Z,17.17
2026-05-23T04:39:52.909Z,17.17
2026-05-23T04:44:54.218Z,17.23
2026-05-23T04:49:52.415Z,17.23
2026-05-23T04:54:54.315Z,17.14
2026-05-23T04:59:52.494Z,17.11
2026-05-23T05:04:52.633Z,17.14
2026-05-23T05:09:54.741Z,17.23
2026-05-23T05:14:52.552Z,17.43
2026-05-23T05:19:53.694Z,17.63
2026-05-23T05:24:52.394Z,17.74
2026-05-23T05:29:52.423Z,17.83
2026-05-23T05:34:52.396Z,18.0
2026-05-23T05:39:52.429Z,18.18
2026-05-23T05:44:52.422Z,18.32
2026-05-23T05:49:52.537Z,18.49
2026-05-23T05:54:52.395Z,18.64
2026-05-23T05:59:52.516Z,18.75
2026-05-23T06:04:52.513Z,18.98
2026-05-23T06:09:52.417Z,19.07
2026-05-23T06:14:52.51Z,19.1
2026-05-23T06:19:53.442Z,19.18
2026-05-23T06:24:52.574Z,19.42
2026-05-23T06:29:52.511Z,19.53
2026-05-23T06:34:52.66Z,19.85
2026-05-23T06:39:53.871Z,20.16
2026-05-23T06:44:52.897Z,20.42
2026-05-23T06:49:52.46Z,20.45
2026-05-23T06:54:52.496Z,20.68
2026-05-23T06:59:52.506Z,20.88
2026-05-23T07:04:52.467Z,21.09
2026-05-23T07:09:52.683Z,21.51
2026-05-23T07:14:52.555Z,21.81
2026-05-23T07:19:53.283Z,22.18
2026-05-23T07:24:54.458Z,22.55
2026-05-23T07:29:52.999Z,22.87
2026-05-23T07:34:52.609Z,23.04
2026-05-23T07:39:52.534Z,23.3
2026-05-23T07:44:52.422Z,23.47
2026-05-23T07:49:52.609Z,23.9
2026-05-23T07:54:53.909Z,24.25
2026-05-23T07:59:53.113Z,24.68
2026-05-23T08:04:52.546Z,25.0
2026-05-23T08:09:52.618Z,25.23
2026-05-23T08:14:52.942Z,25.6
2026-05-23T08:19:52.566Z,25.86
2026-05-23T08:24:54.926Z,26.38
2026-05-23T08:29:52.737Z,26.52
2026-05-23T08:34:54.27Z,26.55
2026-05-23T08:39:54.119Z,26.58
2026-05-23T08:44:52.735Z,26.44
2026-05-23T08:49:53.668Z,27.01
2026-05-23T08:54:52.578Z,27.53
2026-05-23T08:59:52.526Z,27.67
2026-05-23T09:04:52.728Z,27.87
2026-05-23T09:09:52.358Z,27.9
2026-05-23T09:14:52.39Z,28.13
2026-05-23T09:19:52.615Z,28.11
2026-05-23T09:24:52.447Z,28.16
2026-05-23T09:29:52.424Z,28.08
2026-05-23T09:34:52.378Z,28.54
2026-05-23T09:39:52.614Z,28.85
2026-05-23T09:44:52.43Z,28.48
2026-05-23T09:49:52.4Z,28.42
2026-05-23T09:54:53.513Z,28.8
2026-05-23T09:59:54.081Z,28.97
2026-05-23T10:04:52.413Z,29.06
2026-05-23T10:09:52.575Z,28.88
2026-05-23T10:14:52.595Z,28.8
2026-05-23T10:19:54.707Z,28.88
2026-05-23T10:24:52.512Z,28.97
2026-05-23T10:29:52.504Z,29.14
2026-05-23T10:34:52.432Z,29.46
2026-05-23T10:39:52.924Z,29.57
2026-05-23T10:44:52.428Z,29.8
2026-05-23T10:49:52.665Z,30.12
2026-05-23T10:54:54.382Z,30.09
2026-05-23T10:59:52.371Z,30.15
2026-05-23T11:04:52.435Z,30.15
2026-05-23T11:09:52.582Z,30.38
2026-05-23T11:14:53.148Z,30.52
2026-05-23T11:19:52.537Z,30.32
2026-05-23T11:24:52.381Z,30.35
2026-05-23T11:29:53.043Z,30.29
2026-05-23T11:34:52.678Z,30.41
2026-05-23T11:39:52.806Z,30.47
2026-05-23T11:44:52.39Z,30.52
2026-05-23T11:49:52.545Z,30.67
2026-05-23T11:54:52.466Z,30.99
2026-05-23T11:59:52.536Z,30.9
2026-05-23T12:04:52.599Z,30.99
2026-05-23T12:09:52.469Z,30.96
2026-05-23T12:14:52.533Z,31.07
2026-05-23T12:19:53.468Z,30.99
2026-05-23T12:24:52.553Z,30.9
2026-05-23T12:29:52.411Z,31.22
2026-05-23T12:34:52.668Z,31.24
2026-05-23T12:39:54.283Z,31.36
2026-05-23T12:44:53.493Z,31.16
2026-05-23T12:49:52.505Z,31.13
2026-05-23T12:54:54.255Z,31.45
2026-05-23T12:59:52.536Z,31.27
2026-05-23T13:04:52.464Z,31.36
2026-05-23T13:09:53.038Z,31.33
2026-05-23T13:14:54.243Z,31.36
2026-05-23T13:19:52.525Z,31.53
2026-05-23T13:24:52.538Z,31.64
2026-05-23T13:29:52.493Z,31.71
2026-05-23T13:34:52.386Z,31.62
2026-05-23T13:39:52.523Z,31.45
2026-05-23T13:44:52.604Z,31.36
2026-05-23T13:49:52.437Z,31.36
2026-05-23T13:54:52.592Z,31.47
2026-05-23T13:59:52.442Z,31.71
2026-05-23T14:04:52.532Z,31.94
2026-05-23T14:09:52.517Z,31.76
2026-05-23T14:14:55.673Z,32.11
2026-05-23T14:19:52.373Z,32.08
2026-05-23T14:24:54.26Z,31.62
2026-05-23T14:29:53.88Z,31.47
2026-05-23T14:34:52.407Z,31.64
2026-05-23T14:39:52.475Z,31.45
2026-05-23T14:44:53.728Z,31.53
2026-05-23T14:49:52.603Z,31.45
2026-05-23T14:54:52.5Z,31.13
2026-05-23T14:59:52.456Z,31.24
2026-05-23T15:04:52.564Z,31.36
2026-05-23T15:09:52.549Z,31.07
2026-05-23T15:14:52.385Z,30.75
2026-05-23T15:19:52.546Z,30.78
2026-05-23T15:24:53.568Z,30.87
2026-05-23T15:29:52.486Z,30.87
2026-05-23T15:34:52.549Z,30.67
2026-05-23T15:39:52.52Z,30.47
2026-05-23T15:44:52.973Z,30.35
2026-05-23T15:49:54.111Z,30.41
2026-05-23T15:54:52.584Z,30.47
2026-05-23T15:59:52.513Z,30.47
2026-05-23T16:04:52.497Z,30.18
2026-05-23T16:09:52.366Z,30.44
2026-05-23T16:14:52.528Z,30.41
2026-05-23T16:19:53.128Z,30.29
2026-05-23T16:24:54.169Z,30.44
2026-05-23T16:29:52.353Z,30.29
2026-05-23T16:34:52.875Z,30.38
2026-05-23T16:39:52.779Z,30.21
2026-05-23T16:44:52.603Z,29.92
2026-05-23T16:49:52.764Z,29.86
2026-05-23T16:54:52.528Z,29.92
2026-05-23T16:59:54.378Z,29.63
2026-05-23T17:04:52.371Z,29.55
2026-05-23T17:09:52.574Z,29.37
2026-05-23T17:14:52.338Z,29.23
2026-05-23T17:19:52.556Z,29.08
2026-05-23T17:24:53.491Z,28.94
2026-05-23T17:29:52.565Z,28.8
2026-05-23T17:34:52.445Z,28.62
2026-05-23T17:39:52.467Z,28.54
2026-05-23T17:44:52.557Z,28.51
2026-05-23T17:49:52.406Z,28.28
2026-05-23T17:54:52.419Z,28.28
2026-05-23T17:59:54.615Z,28.11
2026-05-23T18:04:52.543Z,27.93
2026-05-23T18:09:54.414Z,27.73
2026-05-23T18:14:52.363Z,27.62
2026-05-23T18:19:52.463Z,27.62
2026-05-23T18:24:52.434Z,27.53
2026-05-23T18:29:52.458Z,27.33
2026-05-23T18:34:53.654Z,27.04
2026-05-23T18:39:52.397Z,26.81
2026-05-23T18:44:52.366Z,26.38
2026-05-23T18:49:52.578Z,26.2
2026-05-23T18:54:52.371Z,26.04
2026-05-23T18:59:52.433Z,25.83
2026-05-23T19:04:52.476Z,25.72
2026-05-23T19:09:52.556Z,25.57
2026-05-23T19:14:52.438Z,25.43
2026-05-23T19:19:54.127Z,25.2
2026-05-23T19:24:53.544Z,25.11
2026-05-23T19:29:53.188Z,24.91
2026-05-23T19:34:52.418Z,24.77
2026-05-23T19:39:52.42Z,24.74
2026-05-23T19:44:52.484Z,24.57
2026-05-23T19:49:52.616Z,24.42
2026-05-23T19:54:52.579Z,24.28
2026-05-23T19:59:52.402Z,24.13
2026-05-23T20:04:52.427Z,23.9
2026-05-23T20:09:52.38Z,23.79
2026-05-23T20:14:52.461Z,23.67
2026-05-23T20:19:52.408Z,23.5
2026-05-23T20:24:53.616Z,23.39
2026-05-23T20:29:52.589Z,23.18
2026-05-23T20:34:52.498Z,23.04
2026-05-23T20:39:52.557Z,22.95
2026-05-23T20:44:52.785Z,22.72
2026-05-23T20:49:52.426Z,22.55
2026-05-23T20:54:52.528Z,22.38
2026-05-23T20:59:52.411Z,22.32
2026-05-23T21:04:53.678Z,22.29
2026-05-23T21:09:52.379Z,22.23
2026-05-23T21:14:52.811Z,22.06
2026-05-23T21:19:54.04Z,21.92
2026-05-23T21:24:52.453Z,21.69
2026-05-23T21:29:52.438Z,21.57
2026-05-23T21:34:52.551Z,21.4
2026-05-23T21:39:52.413Z,21.2
2026-05-23T21:44:53.209Z,21.11
2026-05-23T21:49:52.54Z,20.88
2026-05-23T21:54:55.71Z,20.76
2026-05-23T21:59:52.984Z,20.53
2026-05-23T22:04:52.411Z,20.31
2026-05-23T22:09:52.443Z,20.37
2026-05-23T22:14:52.473Z,20.34
2026-05-23T22:19:52.337Z,20.25
2026-05-23T22:24:52.417Z,20.25
2026-05-23T22:29:52.508Z,20.05
2026-05-23T22:34:54.899Z,19.96
2026-05-23T22:39:53.641Z,19.79
2026-05-23T22:44:52.365Z,19.7
2026-05-23T22:49:52.325Z,19.56
2026-05-23T22:54:52.546Z,19.82
2026-05-23T22:59:52.58Z,20.14
2026-05-23T23:04:52.381Z,20.48
2026-05-23T23:09:52.45Z,20.51
2026-05-23T23:14:52.545Z,20.51
2026-05-23T23:19:52.76Z,20.45
2026-05-23T23:24:52.52Z,20.25
2026-05-23T23:29:52.396Z,20.02
2026-05-23T23:34:52.548Z,19.88
2026-05-23T23:39:53.708Z,19.9
2026-05-23T23:44:52.433Z,19.9
2026-05-23T23:49:52.357Z,20.14
2026-05-23T23:54:52.331Z,20.37
2026-05-23T23:59:52.423Z,20.31
2026-05-24T00:04:52.542Z,20.14
2026-05-24T00:09:52.369Z,20.08
2026-05-24T00:14:52.933Z,20.08
2026-05-24T00:19:52.558Z,20.08
2026-05-24T00:24:52.384Z,20.11
2026-05-24T00:29:54.192Z,20.08
2026-05-24T00:34:52.409Z,20.05
2026-05-24T00:39:52.453Z,19.99
2026-05-24T00:44:52.552Z,19.96
2026-05-24T00:49:52.414Z,19.93
2026-05-24T00:54:52.433Z,19.85
2026-05-24T00:59:52.539Z,19.65
2026-05-24T01:04:52.718Z,19.39
2026-05-24T01:09:52.364Z,19.21
2026-05-24T01:14:52.556Z,19.18
2026-05-24T01:19:53.097Z,19.13
2026-05-24T01:24:53.356Z,19.1
2026-05-24T01:29:52.521Z,19.01
2026-05-24T01:34:54.745Z,18.95
2026-05-24T01:39:52.398Z,18.95
2026-05-24T01:44:52.426Z,18.9
2026-05-24T01:49:52.531Z,18.67
2026-05-24T01:54:52.357Z,18.52
2026-05-24T01:59:52.559Z,18.49
2026-05-24T02:04:52.423Z,18.41
2026-05-24T02:09:52.495Z,18.29
2026-05-24T02:14:52.482Z,18.26
2026-05-24T02:19:52.424Z,18.06
2026-05-24T02:24:52.374Z,17.92
2026-05-24T02:29:52.512Z,17.95
2026-05-24T02:34:52.4Z,17.92
2026-05-24T02:39:52.371Z,17.97
2026-05-24T02:44:52.537Z,18.0
2026-05-24T02:49:52.515Z,18.03
2026-05-24T02:54:52.529Z,18.06
2026-05-24T02:59:52.553Z,17.89
2026-05-24T03:04:52.522Z,17.8
2026-05-24T03:09:52.533Z,17.74
2026-05-24T03:14:52.494Z,17.57
2026-05-24T03:19:52.554Z,17.46
2026-05-24T03:24:52.579Z,17.37
2026-05-24T03:29:52.464Z,17.28
2026-05-24T03:34:52.391Z,17.14
2026-05-24T03:39:53.023Z,17.02
2026-05-24T03:44:52.407Z,17.63
2026-05-24T03:49:52.391Z,18.03
2026-05-24T03:54:52.546Z,18.03
2026-05-24T03:59:53.742Z,18.0
2026-05-24T04:04:52.973Z,18.06
2026-05-24T04:09:52.509Z,18.09
2026-05-24T04:14:52.575Z,18.12
2026-05-24T04:19:52.582Z,18.15
2026-05-24T04:24:52.481Z,18.12
2026-05-24T04:29:52.435Z,17.97
2026-05-24T04:34:52.57Z,17.89
2026-05-24T04:39:52.35Z,17.69
2026-05-24T04:44:52.426Z,17.51
2026-05-24T04:49:52.346Z,17.34
2026-05-24T04:54:52.531Z,17.14
2026-05-24T04:59:52.421Z,17.0
2026-05-24T05:04:53.042Z,17.14
2026-05-24T05:09:52.639Z,17.2
2026-05-24T05:14:54.639Z,17.31
2026-05-24T05:19:53.41Z,17.34
2026-05-24T05:24:55.832Z,17.4
2026-05-24T05:29:52.462Z,17.4
2026-05-24T05:34:53.117Z,17.4
2026-05-24T05:39:52.558Z,17.43
2026-05-24T05:44:52.588Z,17.54
2026-05-24T05:49:52.616Z,17.77
2026-05-24T05:54:52.523Z,17.95
2026-05-24T05:59:54.258Z,18.0
2026-05-24T06:04:52.413Z,18.12
2026-05-24T06:09:52.564Z,18.23
2026-05-24T06:14:53.217Z,18.23
2026-05-24T06:19:52.402Z,18.35
2026-05-24T06:24:52.802Z,18.41
2026-05-24T06:29:52.531Z,18.55
2026-05-24T06:34:52.621Z,18.87
2026-05-24T06:39:52.604Z,19.16
2026-05-24T06:44:52.364Z,19.36
2026-05-24T06:49:54.901Z,19.62
2026-05-24T06:54:52.819Z,19.93
2026-05-24T06:59:52.605Z,20.08
2026-05-24T07:04:52.401Z,20.42
2026-05-24T07:09:53.346Z,20.62
2026-05-24T07:14:52.526Z,20.94
2026-05-24T07:19:52.52Z,21.14
2026-05-24T07:24:52.472Z,21.51
2026-05-24T07:29:52.419Z,21.77
2026-05-24T07:34:52.559Z,22.23
2026-05-24T07:39:53.407Z,22.49
2026-05-24T07:44:53.776Z,22.67
2026-05-24T07:49:52.515Z,22.81
2026-05-24T07:54:52.571Z,23.1
2026-05-24T07:59:52.501Z,23.18
2026-05-24T08:04:52.572Z,23.24
2026-05-24T08:09:52.375Z,23.5
2026-05-24T08:14:52.506Z,23.88
2026-05-24T08:19:52.425Z,24.22
2026-05-24T08:24:52.565Z,24.48
2026-05-24T08:29:52.955Z,24.65
2026-05-24T08:34:52.58Z,24.97
2026-05-24T08:39:52.419Z,25.49
2026-05-24T08:44:52.61Z,25.63
2026-05-24T08:49:52.4Z,26.15
2026-05-24T08:54:53.024Z,26.27
2026-05-24T08:59:52.468Z,26.46
2026-05-24T09:04:53.198Z,26.76
2026-05-24T09:09:52.434Z,26.92
2026-05-24T09:14:52.472Z,27.16
2026-05-24T09:19:52.676Z,27.41
2026-05-24T09:24:52.381Z,27.67
2026-05-24T09:29:54.061Z,27.93
2026-05-24T09:34:53.05Z,28.13
2026-05-24T09:39:52.557Z,28.02
2026-05-24T09:44:52.405Z,28.42
2026-05-24T09:49:52.943Z,28.51
2026-05-24T09:54:53.305Z,28.54
2026-05-24T09:59:52.376Z,28.68
2026-05-24T10:04:52.554Z,28.68
2026-05-24T10:09:52.594Z,28.94
2026-05-24T10:14:54.255Z,29.23
2026-05-24T10:19:52.481Z,29.4
2026-05-24T10:24:52.444Z,29.29
2026-05-24T10:29:52.674Z,29.32
2026-05-24T10:34:53.531Z,29.75
2026-05-24T10:39:52.359Z,29.86
2026-05-24T10:44:53Z,29.83
2026-05-24T10:49:52.486Z,30.04
2026-05-24T10:54:52.524Z,30.27
2026-05-24T10:59:52.613Z,30.41
2026-05-24T11:04:52.356Z,30.52
2026-05-24T11:09:52.518Z,30.55
2026-05-24T11:14:52.557Z,30.41
2026-05-24T11:19:52.633Z,30.64
2026-05-24T11:24:53.485Z,30.61
2026-05-24T11:29:52.573Z,30.96
2026-05-24T11:34:52.972Z,30.96
2026-05-24T11:39:53.36Z,31.3
2026-05-24T11:44:53.038Z,31.42
2026-05-24T11:49:52.369Z,31.5
2026-05-24T11:54:53.299Z,31.24
2026-05-24T11:59:53.603Z,31.27
2026-05-24T12:04:52.575Z,31.5
2026-05-24T12:09:52.55Z,31.42
2026-05-24T12:14:52.503Z,31.47
2026-05-24T12:19:52.526Z,31.64
2026-05-24T12:24:52.545Z,31.87
2026-05-24T12:29:52.401Z,31.76
2026-05-24T12:34:56.004Z,31.94
2026-05-24T12:39:52.589Z,31.96
2026-05-24T12:44:52.573Z,32.28
2026-05-24T12:49:52.379Z,32.36
2026-05-24T12:54:52.388Z,32.25
2026-05-24T12:59:52.472Z,32.4
2026-05-24T13:04:52.394Z,32.28
2026-05-24T13:09:53.56Z,32.34
2026-05-24T13:14:52.47Z,32.45
2026-05-24T13:19:52.595Z,32.36
2026-05-24T13:24:53.037Z,32.22
2026-05-24T13:29:52.369Z,32.48
2026-05-24T13:34:52.417Z,32.54
2026-05-24T13:39:54.222Z,32.43
2026-05-24T13:44:53.892Z,32.36
2026-05-24T13:49:52.425Z,32.22
2026-05-24T13:54:52.404Z,32.11
2026-05-24T13:59:52.563Z,31.96
2026-05-24T14:04:52.548Z,31.59
2026-05-24T14:09:52.526Z,31.56
2026-05-24T14:14:53.56Z,31.56
2026-05-24T14:19:52.697Z,31.47
2026-05-24T14:24:52.695Z,31.27
2026-05-24T14:29:52.591Z,31.27
2026-05-24T14:34:52.39Z,31.13
2026-05-24T14:39:52.503Z,31.16
2026-05-24T14:44:52.492Z,31.16
2026-05-24T14:49:52.352Z,31.56
2026-05-24T14:54:52.71Z,31.71
2026-05-24T14:59:52.553Z,31.82
2026-05-24T15:04:52.409Z,31.73
2026-05-24T15:09:52.886Z,31.45
2026-05-24T15:14:54.506Z,31.39
2026-05-24T15:19:52.485Z,31.39
2026-05-24T15:24:52.448Z,31.04
2026-05-24T15:29:52.421Z,30.87
2026-05-24T15:34:52.529Z,30.5
2026-05-24T15:39:53.299Z,30.52
2026-05-24T15:44:53.701Z,30.5
2026-05-24T15:49:52.464Z,30.73
2026-05-24T15:54:52.568Z,30.5
2026-05-24T15:59:52.471Z,30.58
2026-05-24T16:04:52.822Z,30.52
2026-05-24T16:09:52.554Z,30.41
2026-05-24T16:14:52.412Z,30.52
2026-05-24T16:19:52.82Z,30.47
2026-05-24T16:24:52.358Z,30.52
2026-05-24T16:29:52.473Z,30.55
2026-05-24T16:34:52.461Z,30.47
2026-05-24T16:39:52.498Z,30.52
2026-05-24T16:44:52.534Z,30.52
2026-05-24T16:49:52.4Z,30.44
2026-05-24T16:54:52.603Z,30.15
2026-05-24T16:59:52.544Z,29.89
2026-05-24T17:04:52.379Z,29.92
2026-05-24T17:09:52.929Z,29.55
2026-05-24T17:14:52.584Z,29.49
2026-05-24T17:19:52.585Z,29.46
2026-05-24T17:24:52.591Z,29.34
2026-05-24T17:29:52.489Z,29.2
2026-05-24T17:34:52.808Z,29.17
2026-05-24T17:39:52.445Z,29.11
2026-05-24T17:44:53.461Z,29.17
2026-05-24T17:49:52.555Z,29.08
2026-05-24T17:54:52.374Z,28.91
2026-05-24T17:59:52.454Z,29.06
2026-05-24T18:04:52.568Z,28.97
2026-05-24T18:09:52.654Z,28.94
2026-05-24T18:14:52.502Z,28.97
2026-05-24T18:19:53.2Z,28.8
2026-05-24T18:24:53.649Z,28.62
2026-05-24T18:29:52.461Z,28.28
2026-05-24T18:34:52.482Z,28.02
2026-05-24T18:39:52.39Z,27.62
2026-05-24T18:44:52.861Z,27.53
2026-05-24T18:49:52.349Z,27.27
2026-05-24T18:54:52.516Z,27.13
2026-05-24T18:59:53.874Z,26.9
2026-05-24T19:04:52.488Z,26.67
2026-05-24T19:09:52.589Z,26.52
2026-05-24T19:14:52.573Z,26.41
2026-05-24T19:19:52.569Z,26.27
2026-05-24T19:24:52.356Z,26.15
2026-05-24T19:29:52.439Z,26.06
2026-05-24T19:34:52.433Z,25.89
2026-05-24T19:39:53.198Z,25.8
2026-05-24T19:44:52.507Z,25.69
2026-05-24T19:49:52.368Z,25.55
2026-05-24T19:54:52.342Z,25.4
2026-05-24T19:59:52.458Z,25.34
2026-05-24T20:04:53.482Z,25.2
2026-05-24T20:09:52.564Z,25.06
2026-05-24T20:14:52.471Z,24.97
2026-05-24T20:19:52.382Z,24.71
2026-05-24T20:24:54.998Z,24.68
2026-05-24T20:29:52.507Z,24.48
2026-05-24T20:34:52.368Z,24.31
2026-05-24T20:39:52.754Z,24.25
2026-05-24T20:44:52.407Z,24.11
2026-05-24T20:49:52.66Z,23.93
2026-05-24T20:54:54.053Z,23.73
2026-05-24T20:59:52.406Z,23.59
2026-05-24T21:04:52.495Z,23.41
2026-05-24T21:09:52.636Z,23.18
2026-05-24T21:14:52.606Z,22.98
2026-05-24T21:19:52.387Z,22.78
2026-05-24T21:24:52.642Z,22.61
2026-05-24T21:29:54.095Z,22.44
2026-05-24T21:34:52.617Z,22.15
2026-05-24T21:39:53.386Z,22.0
2026-05-24T21:44:53.591Z,22.15
2026-05-24T21:49:53.585Z,22.15
2026-05-24T21:54:52.411Z,21.97
2026-05-24T21:59:53.672Z,21.86
2026-05-24T22:04:53.566Z,21.69
2026-05-24T22:09:52.96Z,21.51
2026-05-24T22:14:52.498Z,21.28
2026-05-24T22:19:52.509Z,21.0
2026-05-24T22:24:52.4Z,20.79
2026-05-24T22:29:52.392Z,20.57
2026-05-24T22:34:52.365Z,20.42
2026-05-24T22:39:53.984Z,20.31
2026-05-24T22:44:52.581Z,20.14
2026-05-24T22:49:52.38Z,19.99
2026-05-24T22:54:52.593Z,19.99
2026-05-24T22:59:53.169Z,19.93
2026-05-24T23:04:52.35Z,19.88
2026-05-24T23:09:52.62Z,19.85
2026-05-24T23:14:52.372Z,19.88
2026-05-24T23:19:52.52Z,19.73
2026-05-24T23:24:52.486Z,19.82
2026-05-24T23:29:53.783Z,20.25
2026-05-24T23:34:52.843Z,20.48
2026-05-24T23:39:52.584Z,20.76
2026-05-24T23:44:52.387Z,20.76
2026-05-24T23:49:52.425Z,20.83
2026-05-24T23:54:52.614Z,20.76
2026-05-24T23:59:52.403Z,20.79
2026-05-25T00:04:52.438Z,20.76
2026-05-25T00:09:52.805Z,20.65
2026-05-25T00:14:52.474Z,20.6
2026-05-25T00:19:52.46Z,20.51
2026-05-25T00:24:53.528Z,20.42
2026-05-25T00:29:52.487Z,20.42
2026-05-25T00:34:52.543Z,20.42
2026-05-25T00:39:53.961Z,20.37
2026-05-25T00:44:52.505Z,20.34
2026-05-25T00:49:52.421Z,20.25
2026-05-25T00:54:52.737Z,20.05
2026-05-25T00:59:52.4Z,19.88
2026-05-25T01:04:54.686Z,19.67
2026-05-25T01:09:52.403Z,19.44
2026-05-25T01:14:52.586Z,19.36
2026-05-25T01:19:52.388Z,19.18
2026-05-25T01:24:52.577Z,19.07
2026-05-25T01:29:53.107Z,18.78
2026-05-25T01:34:52.6Z,18.72
2026-05-25T01:39:52.395Z,18.58
2026-05-25T01:44:52.396Z,18.75
2026-05-25T01:49:53.238Z,18.98
2026-05-25T01:54:52.552Z,19.04
2026-05-25T01:59:53.565Z,19.16
2026-05-25T02:04:52.463Z,19.07
2026-05-25T02:09:53.63Z,19.01
2026-05-25T02:14:52.559Z,19.07
2026-05-25T02:19:52.364Z,19.13
2026-05-25T02:24:53.185Z,19.18
2026-05-25T02:29:52.519Z,19.13
2026-05-25T02:34:52.386Z,19.18
2026-05-25T02:39:52.421Z,19.36
2026-05-25T02:44:52.446Z,19.3
2026-05-25T02:49:52.412Z,19.21
2026-05-25T02:54:52.401Z,19.16
2026-05-25T02:59:52.465Z,19.04
2026-05-25T03:04:52.565Z,18.98
2026-05-25T03:09:52.532Z,18.78
2026-05-25T03:14:52.449Z,18.64
2026-05-25T03:19:52.517Z,18.46
2026-05-25T03:24:52.391Z,18.23
2026-05-25T03:29:52.368Z,18.18
2026-05-25T03:34:52.602Z,18.06
2026-05-25T03:39:52.582Z,17.92
2026-05-25T03:44:53.087Z,17.83
2026-05-25T03:49:53.616Z,17.86
2026-05-25T03:54:52.836Z,17.86
2026-05-25T03:59:52.331Z,17.72
2026-05-25T04:04:54.313Z,17.72
2026-05-25T04:09:52.557Z,17.54
2026-05-25T04:14:52.449Z,17.43
2026-05-25T04:19:52.753Z,17.43
2026-05-25T04:24:52.651Z,17.34
2026-05-25T04:29:52.333Z,17.49
2026-05-25T04:34:52.418Z,17.6
2026-05-25T04:39:52.798Z,17.6
2026-05-25T04:44:52.569Z,17.54
2026-05-25T04:49:52.409Z,17.63
2026-05-25T04:54:52.456Z,17.57
2026-05-25T04:59:53.642Z,17.66
2026-05-25T05:04:52.451Z,17.66
2026-05-25T05:09:52.571Z,17.66
2026-05-25T05:14:52.979Z,17.69
2026-05-25T05:19:52.414Z,17.72
2026-05-25T05:24:52.36Z,17.8
2026-05-25T05:29:52.541Z,17.92
2026-05-25T05:34:54.676Z,18.32
2026-05-25T05:39:52.331Z,18.46
2026-05-25T05:44:52.422Z,18.69
2026-05-25T05:49:52.389Z,18.9
2026-05-25T05:54:53.393Z,18.9
2026-05-25T05:59:52.655Z,18.93
2026-05-25T06:04:53.309Z,19.1
2026-05-25T06:09:53.605Z,19.27
2026-05-25T06:14:54.748Z,19.39
2026-05-25T06:19:52.511Z,19.47
2026-05-25T06:24:55.575Z,19.73
2026-05-25T06:29:53.166Z,19.82
2026-05-25T06:34:53.121Z,20.25
2026-05-25T06:39:52.545Z,20.39
2026-05-25T06:44:52.419Z,20.76
2026-05-25T06:49:52.585Z,21.09
2026-05-25T06:54:52.577Z,21.43
2026-05-25T06:59:52.383Z,21.74
2026-05-25T07:04:52.551Z,22.09
2026-05-25T07:09:52.573Z,22.38
2026-05-25T07:14:52.485Z,22.46
2026-05-25T07:19:53.516Z,22.49
2026-05-25T07:24:54.533Z,22.64
2026-05-25T07:29:52.517Z,22.72
2026-05-25T07:34:52.808Z,22.84
2026-05-25T07:39:54.426Z,22.95
2026-05-25T07:44:52.359Z,23.13
2026-05-25T07:49:52.517Z,23.47
2026-05-25T07:54:53.574Z,23.59
2026-05-25T07:59:52.366Z,24.08
2026-05-25T08:04:52.487Z,24.31
2026-05-25T08:09:52.843Z,24.51
2026-05-25T08:14:52.564Z,24.62
2026-05-25T08:19:53.521Z,25.03
2026-05-25T08:24:53.417Z,25.4
2026-05-25T08:29:54.69Z,25.6
2026-05-25T08:34:52.506Z,25.66
2026-05-25T08:39:52.46Z,25.92
2026-05-25T08:44:52.421Z,26.04
2026-05-25T08:49:52.867Z,26.27
2026-05-25T08:54:52.861Z,26.5
2026-05-25T08:59:53.506Z,26.87
2026-05-25T09:04:52.575Z,27.04
2026-05-25T09:09:52.333Z,27.41
2026-05-25T09:14:52.535Z,27.64
2026-05-25T09:19:52.554Z,27.67
2026-05-25T09:24:53.006Z,27.87
2026-05-25T09:29:52.553Z,27.82
2026-05-25T09:34:52.386Z,27.87
2026-05-25T09:39:52.35Z,27.97
2026-05-25T09:44:52.493Z,28.45
2026-05-25T09:49:52.34Z,28.74
2026-05-25T09:54:55.205Z,28.83
2026-05-25T09:59:53.499Z,29.26
2026-05-25T10:04:52.553Z,29.17
2026-05-25T10:09:52.518Z,29.55
2026-05-25T10:14:52.36Z,29.63
2026-05-25T10:19:52.353Z,29.52
2026-05-25T10:24:53.632Z,29.66
2026-05-25T10:29:52.352Z,29.69
2026-05-25T10:34:52.552Z,29.92
2026-05-25T10:39:54.803Z,29.98
2026-05-25T10:44:52.795Z,30.04
2026-05-25T10:49:52.564Z,30.06
2026-05-25T10:54:52.659Z,30.27
2026-05-25T10:59:52.441Z,30.32
2026-05-25T11:04:52.524Z,30.38
2026-05-25T11:09:52.861Z,30.61
2026-05-25T11:14:52.533Z,30.73
2026-05-25T11:19:52.352Z,30.58
2026-05-25T11:24:52.87Z,30.75
2026-05-25T11:29:52.524Z,30.84
2026-05-25T11:34:54.385Z,31.22
2026-05-25T11:39:52.401Z,31.16
2026-05-25T11:44:52.963Z,31.33
2026-05-25T11:49:52.447Z,31.56
2026-05-25T11:54:52.814Z,31.42
2026-05-25T11:59:52.46Z,31.16
2026-05-25T12:04:52.563Z,31.07
2026-05-25T12:09:52.374Z,30.78
2026-05-25T12:14:52.491Z,31.16
2026-05-25T12:19:52.484Z,31.45
2026-05-25T12:24:52.719Z,31.3
2026-05-25T12:29:53.089Z,31.39
2026-05-25T12:34:54.241Z,31.13
2026-05-25T12:39:52.552Z,31.3
2026-05-25T12:44:53.059Z,31.3
2026-05-25T12:49:52.653Z,31.27
2026-05-25T12:54:52.942Z,31.24
2026-05-25T12:59:54.576Z,31.19
2026-05-25T13:04:52.999Z,31.13
2026-05-25T13:09:52.47Z,31.13
2026-05-25T13:14:52.604Z,31.22
2026-05-25T13:19:52.363Z,31.1
2026-05-25T13:24:52.521Z,30.78
2026-05-25T13:29:52.566Z,30.75
2026-05-25T13:34:52.37Z,30.67
2026-05-25T13:39:52.676Z,30.73
2026-05-25T13:44:52.632Z,31.04
2026-05-25T13:49:52.384Z,30.78
2026-05-25T13:54:52.492Z,30.58
2026-05-25T13:59:52.676Z,30.47
2026-05-25T14:04:52.582Z,30.44
2026-05-25T14:09:52.51Z,30.58
2026-05-25T14:14:52.503Z,30.55
2026-05-25T14:19:52.749Z,30.47
2026-05-25T14:24:54.171Z,30.61
2026-05-25T14:29:53.353Z,30.5
2026-05-25T14:34:53.576Z,30.35
2026-05-25T14:39:52.625Z,30.29
2026-05-25T14:44:53.304Z,30.29
2026-05-25T14:49:52.924Z,30.32
2026-05-25T14:54:52.454Z,30.29
2026-05-25T14:59:52.771Z,30.24
2026-05-25T15:04:52.364Z,30.01
2026-05-25T15:09:52.635Z,29.95
2026-05-25T15:14:53.993Z,29.95
2026-05-25T15:19:52.642Z,29.98
2026-05-25T15:24:53.106Z,29.89
2026-05-25T15:29:52.816Z,29.83
2026-05-25T15:34:53.693Z,29.8
2026-05-25T15:39:53.169Z,29.83
2026-05-25T15:44:52.879Z,29.78
2026-05-25T15:49:52.403Z,29.98
2026-05-25T15:54:52.493Z,30.24
2026-05-25T15:59:52.51Z,29.92
2026-05-25T16:04:53.507Z,29.83
2026-05-25T16:09:52.629Z,29.57
2026-05-25T16:14:52.567Z,29.46
2026-05-25T16:19:52.625Z,29.29
2026-05-25T16:24:52.624Z,28.85
2026-05-25T16:29:54.462Z,28.45
2026-05-25T16:34:54.041Z,28.36
2026-05-25T16:39:52.618Z,28.57
2026-05-25T16:44:52.417Z,28.71
2026-05-25T16:49:52.448Z,28.57
2026-05-25T16:54:52.596Z,28.6
2026-05-25T16:59:52.623Z,28.65
2026-05-25T17:04:52.713Z,28.51
2026-05-25T17:09:52.518Z,28.19
2026-05-25T17:14:52.6Z,28.11
2026-05-25T17:19:52.499Z,28.16
2026-05-25T17:24:52.51Z,28.11
2026-05-25T17:29:53.751Z,27.99
2026-05-25T17:34:52.64Z,27.71
2026-05-25T17:39:52.573Z,27.56
2026-05-25T17:44:52.567Z,27.62
2026-05-25T17:49:54.634Z,27.33
2026-05-25T17:54:52.477Z,27.01
2026-05-25T17:59:52.79Z,26.95
2026-05-25T18:04:53.239Z,26.76
2026-05-25T18:09:52.615Z,26.67
2026-05-25T18:14:52.439Z,26.58
2026-05-25T18:19:52.602Z,26.38
2026-05-25T18:24:52.495Z,26.24
2026-05-25T18:29:52.457Z,26.15
2026-05-25T18:34:52.889Z,25.95
2026-05-25T18:39:52.553Z,25.75
2026-05-25T18:44:52.573Z,25.55
2026-05-25T18:49:52.54Z,25.46
2026-05-25T18:54:52.514Z,25.37
2026-05-25T18:59:52.562Z,25.23
2026-05-25T19:04:52.563Z,25.17
2026-05-25T19:09:52.557Z,25.03
2026-05-25T19:14:54.294Z,24.85
2026-05-25T19:19:52.428Z,24.68
2026-05-25T19:24:53.061Z,24.57
2026-05-25T19:29:54.992Z,24.48
2026-05-25T19:34:52.43Z,24.31
2026-05-25T19:39:52.376Z,24.31
2026-05-25T19:44:53.871Z,24.22
2026-05-25T19:49:52.41Z,24.22
2026-05-25T19:54:52.669Z,24.08
2026-05-25T19:59:52.607Z,23.96
2026-05-25T20:04:52.545Z,23.85
2026-05-25T20:09:53.958Z,23.82
2026-05-25T20:14:52.561Z,23.82
2026-05-25T20:19:53.383Z,23.65
2026-05-25T20:24:52.414Z,23.5
2026-05-25T20:29:52.64Z,23.41
2026-05-25T20:34:53.022Z,23.3
2026-05-25T20:39:55.872Z,23.18
2026-05-25T20:44:52.476Z,23.18
2026-05-25T20:49:52.739Z,23.01
2026-05-25T20:54:53.788Z,23.01
2026-05-25T20:59:52.427Z,22.78
2026-05-25T21:04:52.524Z,22.67
2026-05-25T21:09:53.41Z,22.49
2026-05-25T21:14:52.651Z,22.44
2026-05-25T21:19:52.616Z,22.18
2026-05-25T21:24:53.539Z,22.04
2026-05-25T21:29:52.383Z,21.92
2026-05-25T21:34:52.643Z,21.74
2026-05-25T21:39:53.302Z,21.51
2026-05-25T21:44:52.936Z,21.28
2026-05-25T21:49:52.488Z,21.14
2026-05-25T21:54:52.442Z,21.09
2026-05-25T21:59:52.735Z,20.94
2026-05-25T22:04:52.456Z,20.79
2026-05-25T22:09:53.019Z,20.76
2026-05-25T22:14:52.694Z,20.51
2026-05-25T22:19:54.365Z,20.51
2026-05-25T22:24:53.589Z,20.45
2026-05-25T22:29:52.434Z,20.37
2026-05-25T22:34:52.531Z,20.31
2026-05-25T22:39:52.486Z,20.22
2026-05-25T22:44:52.422Z,20.11
2026-05-25T22:49:52.656Z,20.02
2026-05-25T22:54:52.554Z,19.88
2026-05-25T22:59:52.671Z,19.79
2026-05-25T23:04:54.198Z,19.73
2026-05-25T23:09:52.653Z,19.76
2026-05-25T23:14:52.491Z,19.67
2026-05-25T23:19:52.623Z,19.7
2026-05-25T23:24:53.629Z,19.67
2026-05-25T23:29:52.628Z,19.93
2026-05-25T23:34:52.663Z,20.05
2026-05-25T23:39:54.088Z,20.45
2026-05-25T23:44:54.581Z,20.6
2026-05-25T23:49:52.539Z,20.6
2026-05-25T23:54:53.123Z,20.68
2026-05-25T23:59:52.556Z,20.71
2026-05-26T00:04:52.391Z,20.68
2026-05-26T00:09:52.543Z,20.65
2026-05-26T00:14:52.916Z,20.62
2026-05-26T00:19:54.83Z,20.51
2026-05-26T00:24:52.551Z,20.45
2026-05-26T00:29:52.682Z,20.37
2026-05-26T00:34:52.651Z,20.25
2026-05-26T00:39:52.403Z,20.05
2026-05-26T00:44:52.614Z,19.9
2026-05-26T00:49:53.922Z,19.88
2026-05-26T00:54:52.529Z,19.76
2026-05-26T00:59:52.437Z,19.59
2026-05-26T01:04:52.503Z,19.5
2026-05-26T01:09:52.641Z,19.5
2026-05-26T01:14:52.455Z,19.33
2026-05-26T01:19:52.684Z,19.21
2026-05-26T01:24:52.575Z,19.16
2026-05-26T01:29:52.979Z,19.1
2026-05-26T01:34:52.501Z,18.95
2026-05-26T01:39:54.088Z,18.78
2026-05-26T01:44:53.168Z,18.72
2026-05-26T01:49:52.484Z,18.69
2026-05-26T01:54:53.386Z,18.64
2026-05-26T01:59:52.541Z,18.67
2026-05-26T02:04:52.499Z,18.75
2026-05-26T02:09:52.397Z,18.75
2026-05-26T02:14:53.977Z,18.72
2026-05-26T02:19:52.534Z,18.72
2026-05-26T02:24:52.631Z,18.58
2026-05-26T02:29:52.515Z,18.58
2026-05-26T02:34:53.08Z,18.49
2026-05-26T02:39:52.606Z,18.58
2026-05-26T02:44:52.941Z,18.58
2026-05-26T02:49:54.089Z,18.46
2026-05-26T02:54:52.557Z,18.44
2026-05-26T02:59:52.595Z,18.29
2026-05-26T03:04:52.425Z,18.23
2026-05-26T03:09:52.589Z,18.09
2026-05-26T03:14:52.526Z,18.12
2026-05-26T03:19:53.509Z,17.97
2026-05-26T03:24:52.504Z,17.97
2026-05-26T03:29:53.254Z,17.83
2026-05-26T03:34:52.493Z,17.77
2026-05-26T03:39:52.572Z,17.63
2026-05-26T03:44:52.485Z,17.57
2026-05-26T03:49:52.417Z,17.43
2026-05-26T03:54:52.531Z,17.43
2026-05-26T03:59:52.792Z,17.49
2026-05-26T04:04:52.578Z,17.49
2026-05-26T04:09:52.471Z,17.4
2026-05-26T04:14:52.422Z,17.28
2026-05-26T04:19:52.501Z,17.23
2026-05-26T04:24:52.769Z,17.14
2026-05-26T04:29:52.394Z,17.11
2026-05-26T04:34:52.489Z,17.0
2026-05-26T04:39:52.525Z,16.91
2026-05-26T04:44:52.533Z,16.88
2026-05-26T04:49:52.914Z,16.82
2026-05-26T04:54:52.629Z,16.82
2026-05-26T04:59:52.524Z,16.77
2026-05-26T05:04:54.307Z,16.91
2026-05-26T05:09:52.495Z,16.88
2026-05-26T05:14:53.399Z,17.0
2026-05-26T05:19:52.598Z,17.11
2026-05-26T05:24:52.484Z,17.23
2026-05-26T05:29:52.588Z,17.6
2026-05-26T05:34:56.357Z,17.77
2026-05-26T05:39:54.436Z,17.92
2026-05-26T05:44:52.385Z,18.09
2026-05-26T05:49:54.798Z,18.23
2026-05-26T05:54:52.564Z,18.32
2026-05-26T05:59:52.457Z,18.46
2026-05-26T06:04:52.73Z,18.52
2026-05-26T06:09:52.354Z,18.72
2026-05-26T06:14:52.375Z,18.93
2026-05-26T06:19:54.134Z,19.04
2026-05-26T06:24:52.503Z,19.18
2026-05-26T06:29:54.168Z,19.39
2026-05-26T06:34:52.469Z,19.7
2026-05-26T06:39:52.346Z,19.99
2026-05-26T06:44:52.52Z,20.31
2026-05-26T06:49:52.584Z,20.39
2026-05-26T06:54:52.523Z,20.65
2026-05-26T06:59:52.611Z,20.65
2026-05-26T07:04:52.799Z,20.88
2026-05-26T07:09:52.382Z,21.11
2026-05-26T07:14:52.652Z,21.43
2026-05-26T07:19:52.867Z,21.74
2026-05-26T07:24:52.477Z,22.04
2026-05-26T07:29:52.44Z,22.38
2026-05-26T07:34:52.443Z,22.69
2026-05-26T07:39:52.388Z,23.04
2026-05-26T07:44:52.541Z,23.18
2026-05-26T07:49:52.465Z,23.27
2026-05-26T07:54:52.474Z,23.56
2026-05-26T07:59:52.386Z,23.85
2026-05-26T08:04:52.365Z,24.08
2026-05-26T08:09:52.513Z,24.19
2026-05-26T08:14:52.541Z,24.37
2026-05-26T08:19:52.496Z,24.57
2026-05-26T08:24:52.771Z,25.03
2026-05-26T08:29:52.519Z,25.29
2026-05-26T08:34:52.541Z,25.6
2026-05-26T08:39:52.742Z,25.83
2026-05-26T08:44:53.7Z,25.97
2026-05-26T08:49:52.811Z,26.44
2026-05-26T08:54:52.48Z,26.41
2026-05-26T08:59:54.375Z,26.41
2026-05-26T09:04:52.397Z,26.52
2026-05-26T09:09:52.656Z,26.87
2026-05-26T09:14:52.514Z,27.07
2026-05-26T09:19:53.691Z,27.07
2026-05-26T09:24:52.46Z,27.04
2026-05-26T09:29:52.406Z,27.64
2026-05-26T09:34:54.05Z,27.79
2026-05-26T09:39:52.424Z,27.76
2026-05-26T09:44:52.451Z,27.64
2026-05-26T09:49:52.659Z,27.97
2026-05-26T09:54:52.492Z,27.99
2026-05-26T09:59:52.514Z,28.31
2026-05-26T10:04:52.902Z,28.6
2026-05-26T10:09:53.578Z,28.83
2026-05-26T10:14:52.507Z,28.91
2026-05-26T10:19:52.593Z,28.8
2026-05-26T10:24:53.294Z,28.91
2026-05-26T10:29:52.446Z,28.97
2026-05-26T10:34:52.409Z,29.0
2026-05-26T10:39:52.492Z,29.06
2026-05-26T10:44:53.911Z,29.32
2026-05-26T10:49:52.584Z,29.52
2026-05-26T10:54:53.154Z,29.57
2026-05-26T10:59:53.229Z,29.6
2026-05-26T11:04:53.868Z,29.49
2026-05-26T11:09:52.422Z,29.6
2026-05-26T11:14:52.556Z,29.75
2026-05-26T11:19:53.317Z,29.55
2026-05-26T11:24:52.403Z,29.78
2026-05-26T11:29:52.544Z,30.15
2026-05-26T11:34:52.599Z,30.29
2026-05-26T11:39:53.89Z,30.24
2026-05-26T11:44:53.699Z,30.27
2026-05-26T11:49:53.249Z,30.27
2026-05-26T11:54:53.246Z,30.29
2026-05-26T11:59:52.586Z,30.41
2026-05-26T12:04:52.458Z,30.7
2026-05-26T12:09:52.511Z,30.61
2026-05-26T12:14:53.525Z,30.73
2026-05-26T12:19:52.475Z,30.73
2026-05-26T12:24:53.147Z,30.7
2026-05-26T12:29:52.6Z,30.75
2026-05-26T12:34:52.598Z,30.73
2026-05-26T12:39:52.457Z,30.87
2026-05-26T12:44:54.209Z,30.93
2026-05-26T12:49:52.579Z,30.81
2026-05-26T12:54:52.96Z,30.99
2026-05-26T12:59:52.566Z,31.07
2026-05-26T13:04:52.613Z,31.36
2026-05-26T13:09:52.596Z,31.13
2026-05-26T13:14:52.406Z,31.07
2026-05-26T13:19:53.677Z,31.22
2026-05-26T13:24:54.108Z,31.24
2026-05-26T13:29:52.612Z,31.01
2026-05-26T13:34:53.35Z,30.99
2026-05-26T13:39:52.415Z,30.99
2026-05-26T13:44:52.384Z,30.99
2026-05-26T13:49:52.413Z,30.87
2026-05-26T13:54:52.514Z,30.99
2026-05-26T13:59:52.378Z,31.1
2026-05-26T14:04:52.575Z,31.01
2026-05-26T14:09:52.936Z,31.01
2026-05-26T14:14:52.439Z,31.01
2026-05-26T14:19:52.492Z,31.22
2026-05-26T14:24:52.46Z,31.04
2026-05-26T14:29:56.145Z,31.16
2026-05-26T14:34:52.519Z,31.13
2026-05-26T14:39:52.503Z,31.1
2026-05-26T14:44:52.389Z,30.99
2026-05-26T14:49:52.551Z,31.16
2026-05-26T14:54:52.655Z,31.33
2026-05-26T14:59:52.797Z,31.13
2026-05-26T15:04:52.518Z,31.27
2026-05-26T15:09:53.081Z,31.27
2026-05-26T15:14:52.424Z,31.22
2026-05-26T15:19:54.093Z,31.1
2026-05-26T15:24:52.413Z,31.3
2026-05-26T15:29:52.496Z,31.16
2026-05-26T15:34:53.68Z,31.01
2026-05-26T15:39:52.468Z,31.1
2026-05-26T15:44:52.345Z,31.22
2026-05-26T15:49:52.337Z,31.19
2026-05-26T15:54:52.527Z,31.27
2026-05-26T15:59:52.517Z,31.07
2026-05-26T16:04:52.569Z,30.96
2026-05-26T16:09:54.043Z,31.01
2026-05-26T16:14:52.376Z,30.87
2026-05-26T16:19:52.382Z,30.55
2026-05-26T16:24:53.419Z,30.5
2026-05-26T16:29:52.601Z,30.38
2026-05-26T16:34:52.48Z,30.27
2026-05-26T16:39:52.394Z,30.06
2026-05-26T16:44:54.015Z,29.8
2026-05-26T16:49:53.347Z,29.69
2026-05-26T16:54:52.536Z,29.49
2026-05-26T16:59:52.487Z,29.4
2026-05-26T17:04:52.457Z,29.17
2026-05-26T17:09:52.467Z,29.23
2026-05-26T17:14:52.421Z,29.03
2026-05-26T17:19:53.938Z,28.88
2026-05-26T17:24:54.24Z,28.74
2026-05-26T17:29:52.445Z,28.51
2026-05-26T17:34:53.283Z,28.45
2026-05-26T17:39:52.406Z,28.31
2026-05-26T17:44:53.351Z,28.08
2026-05-26T17:49:52.898Z,27.97
2026-05-26T17:54:53.658Z,27.99
2026-05-26T18:00:02.458Z,27.9
2026-05-26T18:04:52.483Z,27.85
2026-05-26T18:09:52.503Z,27.71
2026-05-26T18:15:31.395Z,27.64
2026-05-26T18:19:52.351Z,27.44
2026-05-26T18:24:52.601Z,27.24
2026-05-26T18:29:52.342Z,27.1
2026-05-26T18:34:52.447Z,26.9
2026-05-26T18:39:52.431Z,26.73
2026-05-26T18:44:54.449Z,26.58
2026-05-26T18:49:52.357Z,26.35
2026-05-26T18:54:52.371Z,26.35
2026-05-26T18:59:53.291Z,26.24
2026-05-26T19:04:52.336Z,26.15
2026-05-26T19:09:52.456Z,25.97
2026-05-26T19:14:52.542Z,25.86
2026-05-26T19:19:52.371Z,25.75
2026-05-26T19:24:52.385Z,25.57
2026-05-26T19:29:52.785Z,25.49
2026-05-26T19:34:52.409Z,25.34
2026-05-26T19:39:52.376Z,25.17
2026-05-26T19:44:52.432Z,25.14
2026-05-26T19:49:53.682Z,24.94
2026-05-26T19:54:54.051Z,24.91
2026-05-26T19:59:52.386Z,24.74
2026-05-26T20:04:52.442Z,24.65
2026-05-26T20:09:52.518Z,24.48
2026-05-26T20:14:52.445Z,24.39
2026-05-26T20:19:53.039Z,24.28
2026-05-26T20:24:52.42Z,24.22
2026-05-26T20:29:52.519Z,24.02
2026-05-26T20:34:52.415Z,23.85
2026-05-26T20:39:52.498Z,23.82
2026-05-26T20:44:52.361Z,23.7
2026-05-26T20:49:53.37Z,23.5
2026-05-26T20:54:52.331Z,23.39
2026-05-26T20:59:52.478Z,23.16
2026-05-26T21:04:54.827Z,22.98
2026-05-26T21:09:52.34Z,22.84
2026-05-26T21:14:52.551Z,22.67
2026-05-26T21:19:52.398Z,22.49
2026-05-26T21:24:52.351Z,22.32
2026-05-26T21:29:52.486Z,22.21
2026-05-26T21:34:53.567Z,22.15
2026-05-26T21:39:52.52Z,21.97
2026-05-26T21:44:53.207Z,21.92
2026-05-26T21:49:52.472Z,21.81
2026-05-26T21:54:52.543Z,21.77
2026-05-26T21:59:52.46Z,21.72
2026-05-26T22:04:52.512Z,21.92
2026-05-26T22:09:53.708Z,21.97
2026-05-26T22:14:52.579Z,21.97
2026-05-26T22:19:52.966Z,21.95
2026-05-26T22:24:52.671Z,21.86
2026-05-26T22:29:52.453Z,21.74
2026-05-26T22:34:52.476Z,21.57
2026-05-26T22:39:52.492Z,21.34
2026-05-26T22:44:54.556Z,21.14
2026-05-26T22:49:52.355Z,21.02
2026-05-26T22:54:52.423Z,20.76
2026-05-26T22:59:53.282Z,20.74
2026-05-26T23:04:52.433Z,20.76
2026-05-26T23:09:52.338Z,20.83
2026-05-26T23:14:52.39Z,20.76
2026-05-26T23:19:52.447Z,21.06
2026-05-26T23:24:52.368Z,21.28
2026-05-26T23:29:52.331Z,21.34
2026-05-26T23:34:52.535Z,21.32
2026-05-26T23:39:52.672Z,21.34
2026-05-26T23:44:52.405Z,21.32
2026-05-26T23:49:52.56Z,21.28
2026-05-26T23:54:52.336Z,21.2
2026-05-26T23:59:52.536Z,21.06
2026-05-27T00:04:52.47Z,20.94
2026-05-27T00:09:52.533Z,20.74
2026-05-27T00:14:52.405Z,20.74
2026-05-27T00:19:52.377Z,20.53
2026-05-27T00:24:52.97Z,20.57
2026-05-27T00:29:52.411Z,20.51
2026-05-27T00:34:53.185Z,20.39
2026-05-27T00:39:52.743Z,20.37
2026-05-27T00:44:54.17Z,20.39
2026-05-27T00:49:52.475Z,20.37
2026-05-27T00:54:53.042Z,20.37
2026-05-27T00:59:52.91Z,20.34
2026-05-27T01:04:54.506Z,20.19
2026-05-27T01:09:53.603Z,19.9
2026-05-27T01:14:52.389Z,19.73
2026-05-27T01:19:53.494Z,19.65
2026-05-27T01:24:52.434Z,19.59
2026-05-27T01:29:52.556Z,19.47
2026-05-27T01:34:52.881Z,19.42
2026-05-27T01:39:52.396Z,19.27
2026-05-27T01:44:52.436Z,19.16
2026-05-27T01:49:52.538Z,19.1
2026-05-27T01:54:53.809Z,19.07
2026-05-27T01:59:52.343Z,19.07
2026-05-27T02:04:52.475Z,19.07
2026-05-27T02:09:52.468Z,19.01
2026-05-27T02:14:52.518Z,18.93
2026-05-27T02:19:52.346Z,18.72
2026-05-27T02:24:52.741Z,18.72
2026-05-27T02:29:52.348Z,18.75
2026-05-27T02:34:52.556Z,18.78
2026-05-27T02:39:52.322Z,18.81
2026-05-27T02:44:52.51Z,18.61
2026-05-27T02:49:52.377Z,18.58
2026-05-27T02:54:52.486Z,18.38
2026-05-27T02:59:52.514Z,18.44
2026-05-27T03:04:52.51Z,18.21
2026-05-27T03:09:52.551Z,18.09
2026-05-27T03:14:52.349Z,17.92
2026-05-27T03:19:53.776Z,17.72
2026-05-27T03:24:52.563Z,17.66
2026-05-27T03:29:52.45Z,17.54
2026-05-27T03:34:52.523Z,17.37
2026-05-27T03:39:52.503Z,17.37
2026-05-27T03:44:52.408Z,17.37
2026-05-27T03:49:52.336Z,17.46
2026-05-27T03:54:52.552Z,17.46
2026-05-27T03:59:52.419Z,17.43
2026-05-27T04:04:52.515Z,17.6
2026-05-27T04:09:52.493Z,17.66
2026-05-27T04:14:52.406Z,17.57
2026-05-27T04:19:52.604Z,17.54
2026-05-27T04:24:52.37Z,17.46
2026-05-27T04:29:54.59Z,17.34
2026-05-27T04:34:52.642Z,17.14
2026-05-27T04:39:52.525Z,17.08
2026-05-27T04:44:52.403Z,16.97
2026-05-27T04:49:52.39Z,17.0
2026-05-27T04:54:53.437Z,16.91
2026-05-27T04:59:52.654Z,16.88
2026-05-27T05:04:53.254Z,16.85
2026-05-27T05:09:53.27Z,16.97
2026-05-27T05:14:52.562Z,17.02
2026-05-27T05:19:54.1Z,17.02
2026-05-27T05:24:52.372Z,17.02
2026-05-27T05:29:52.451Z,17.02
2026-05-27T05:34:53.987Z,17.08
2026-05-27T05:39:52.407Z,17.31
2026-05-27T05:44:52.588Z,17.4
2026-05-27T05:49:52.479Z,17.6
2026-05-27T05:54:52.473Z,17.8
2026-05-27T05:59:52.463Z,18.0
2026-05-27T06:04:52.496Z,18.32
2026-05-27T06:09:53.902Z,18.49
2026-05-27T06:14:52.554Z,18.61
2026-05-27T06:19:52.375Z,18.67
2026-05-27T06:24:52.395Z,18.81
2026-05-27T06:29:52.495Z,18.95
2026-05-27T06:34:52.548Z,19.24
2026-05-27T06:39:52.539Z,19.56
2026-05-27T06:44:54.324Z,19.79
2026-05-27T06:49:52.406Z,19.93
2026-05-27T06:54:53.332Z,20.22
2026-05-27T06:59:52.304Z,20.42
2026-05-27T07:04:52.5Z,20.74
2026-05-27T07:09:52.456Z,21.11
2026-05-27T07:14:52.322Z,21.11
2026-05-27T07:19:52.477Z,21.46
2026-05-27T07:24:52.46Z,21.74
2026-05-27T07:29:52.61Z,21.95
2026-05-27T07:34:53.514Z,22.18
2026-05-27T07:39:52.405Z,22.38
2026-05-27T07:44:52.364Z,22.69
2026-05-27T07:49:52.48Z,22.93
2026-05-27T07:54:52.455Z,23.01
2026-05-27T07:59:52.424Z,23.3
2026-05-27T08:04:52.752Z,23.7
2026-05-27T08:09:52.465Z,23.88
2026-05-27T08:14:52.467Z,24.08
2026-05-27T08:19:52.39Z,24.31
2026-05-27T08:24:52.495Z,24.62
2026-05-27T08:29:52.536Z,24.91
2026-05-27T08:34:52.357Z,25.09
2026-05-27T08:39:52.545Z,25.57
2026-05-27T08:44:53.881Z,25.83
2026-05-27T08:49:52.35Z,26.01
2026-05-27T08:54:52.493Z,25.83
2026-05-27T08:59:52.492Z,26.24
2026-05-27T09:04:54.065Z,26.73
2026-05-27T09:09:52.319Z,26.9
2026-05-27T09:14:53.785Z,27.04
2026-05-27T09:19:52.438Z,26.99
2026-05-27T09:24:52.384Z,26.92
2026-05-27T09:29:52.4Z,27.16
2026-05-27T09:34:53.763Z,27.64
2026-05-27T09:39:52.378Z,28.16
2026-05-27T09:44:53.758Z,28.34
2026-05-27T09:49:52.428Z,28.34
2026-05-27T09:54:53.244Z,28.31
2026-05-27T09:59:52.416Z,28.28
2026-05-27T10:04:52.323Z,28.62
2026-05-27T10:09:53.081Z,29.03
2026-05-27T10:14:52.31Z,29.32
2026-05-27T10:19:52.689Z,29.2
2026-05-27T10:24:52.484Z,29.26
2026-05-27T10:29:52.453Z,29.17
2026-05-27T10:34:52.373Z,29.57
2026-05-27T10:39:53.857Z,29.55
2026-05-27T10:44:52.469Z,29.78
2026-05-27T10:49:53.051Z,29.69
2026-05-27T10:54:52.528Z,29.8
2026-05-27T10:59:52.408Z,29.92
2026-05-27T11:04:52.472Z,30.01
2026-05-27T11:09:54.664Z,30.27
2026-05-27T11:14:52.374Z,30.27
2026-05-27T11:19:52.489Z,30.09
2026-05-27T11:24:52.371Z,30.41
2026-05-27T11:29:53.36Z,30.64
2026-05-27T11:34:52.514Z,30.78
2026-05-27T11:39:52.418Z,30.93
2026-05-27T11:44:53.462Z,31.01
2026-05-27T11:49:53.065Z,31.1
2026-05-27T11:54:52.367Z,31.04
2026-05-27T11:59:52.318Z,31.19
2026-05-27T12:04:53.524Z,31.19
2026-05-27T12:10:02.138Z,31.24
2026-05-27T12:14:52.305Z,31.45
2026-05-27T12:19:52.424Z,31.64
2026-05-27T12:24:52.504Z,31.68
2026-05-27T12:29:52.453Z,31.82
2026-05-27T12:34:52.507Z,32.11
2026-05-27T12:39:52.485Z,31.94
2026-05-27T12:44:53.405Z,32.22
2026-05-27T12:49:52.574Z,32.25
2026-05-27T12:54:52.429Z,32.43
2026-05-27T12:59:54.154Z,32.45
2026-05-27T13:04:53.912Z,32.43
2026-05-27T13:09:54.825Z,32.4
2026-05-27T13:14:52.324Z,32.57
2026-05-27T13:19:52.464Z,32.71
2026-05-27T13:24:53.286Z,32.82
2026-05-27T13:29:52.474Z,32.91
2026-05-27T13:34:52.408Z,32.82
2026-05-27T13:39:52.636Z,32.91
2026-05-27T13:44:54.033Z,32.94
2026-05-27T13:49:52.53Z,32.94
2026-05-27T13:54:52.505Z,32.97
2026-05-27T13:59:52.324Z,33.06
2026-05-27T14:04:52.364Z,33.03
2026-05-27T14:09:52.434Z,33.23
2026-05-27T14:14:52.574Z,33.06
2026-05-27T14:19:53.46Z,32.97
2026-05-27T14:24:52.32Z,33.29
2026-05-27T14:29:52.432Z,33.31
2026-05-27T14:34:52.782Z,32.85
2026-05-27T14:39:52.573Z,32.97
2026-05-27T14:44:52.477Z,32.8
2026-05-27T14:49:52.851Z,32.71
2026-05-27T14:54:52.459Z,32.8
2026-05-27T14:59:52.473Z,32.82
2026-05-27T15:04:52.414Z,32.68
2026-05-27T15:09:52.466Z,32.57
2026-05-27T15:14:52.364Z,32.59
2026-05-27T15:19:52.93Z,32.4
2026-05-27T15:24:52.435Z,32.62
2026-05-27T15:29:52.44Z,32.8
2026-05-27T15:34:53.088Z,32.82
2026-05-27T15:39:53.921Z,32.82
2026-05-27T15:44:52.409Z,32.77
2026-05-27T15:49:52.431Z,32.59
2026-05-27T15:54:54.357Z,32.45
2026-05-27T15:59:52.357Z,32.08
2026-05-27T16:04:52.57Z,32.11
2026-05-27T16:09:52.407Z,32.22
2026-05-27T16:14:53.943Z,32.43
2026-05-27T16:19:54.087Z,32.43
2026-05-27T16:24:53.873Z,32.51
2026-05-27T16:29:53.16Z,32.4
2026-05-27T16:34:52.547Z,32.17
2026-05-27T16:39:52.341Z,32.17
2026-05-27T16:44:52.755Z,31.99
2026-05-27T16:49:52.387Z,31.79
2026-05-27T16:54:52.344Z,31.71
2026-05-27T16:59:52.958Z,31.62
2026-05-27T17:04:52.387Z,31.59
2026-05-27T17:09:52.329Z,31.42
2026-05-27T17:14:52.396Z,31.42
2026-05-27T17:19:52.385Z,31.5
2026-05-27T17:24:52.434Z,31.36
2026-05-27T17:29:52.572Z,31.19
2026-05-27T17:34:52.426Z,31.04
2026-05-27T17:39:52.373Z,31.04
2026-05-27T17:44:52.544Z,30.84
2026-05-27T17:49:52.511Z,30.81
2026-05-27T17:54:52.599Z,30.64
2026-05-27T17:59:52.403Z,30.52
2026-05-27T18:04:52.6Z,30.29
2026-05-27T18:09:53.763Z,30.12
2026-05-27T18:14:52.508Z,30.01
2026-05-27T18:19:52.496Z,29.95
2026-05-27T18:24:52.376Z,29.78
2026-05-27T18:29:52.495Z,29.57
2026-05-27T18:34:52.58Z,29.2
2026-05-27T18:39:52.553Z,29.14
2026-05-27T18:44:52.404Z,28.94
2026-05-27T18:49:52.403Z,28.65
2026-05-27T18:54:52.385Z,28.34
2026-05-27T18:59:52.507Z,28.02
2026-05-27T19:04:52.521Z,27.79
2026-05-27T19:09:53.58Z,27.53
2026-05-27T19:14:52.376Z,27.36
2026-05-27T19:19:52.479Z,27.1
2026-05-27T19:24:52.49Z,26.92
2026-05-27T19:29:52.601Z,26.81
2026-05-27T19:34:52.408Z,26.67
2026-05-27T19:39:52.496Z,26.44
2026-05-27T19:44:52.572Z,26.41
2026-05-27T19:49:53.196Z,26.24
2026-05-27T19:54:52.519Z,26.01
2026-05-27T19:59:52.48Z,25.89
2026-05-27T20:04:52.892Z,25.69
2026-05-27T20:09:54.669Z,25.52
2026-05-27T20:14:52.658Z,25.43
2026-05-27T20:19:52.532Z,25.2
2026-05-27T20:24:52.604Z,25.06
2026-05-27T20:29:52.459Z,24.85
2026-05-27T20:34:52.4Z,24.68
2026-05-27T20:39:52.507Z,24.51
2026-05-27T20:44:52.598Z,24.39
2026-05-27T20:49:52.471Z,24.37
2026-05-27T20:54:52.469Z,24.22
2026-05-27T20:59:52.508Z,24.16
2026-05-27T21:04:52.382Z,24.13
2026-05-27T21:09:52.329Z,23.99
2026-05-27T21:14:53.568Z,23.82
2026-05-27T21:19:52.478Z,23.62
2026-05-27T21:24:53.373Z,23.47
2026-05-27T21:29:52.495Z,23.18
2026-05-27T21:34:52.368Z,23.1
2026-05-27T21:39:52.95Z,22.9
2026-05-27T21:44:52.516Z,22.78
2026-05-27T21:49:52.516Z,22.69
2026-05-27T21:54:52.453Z,22.61
2026-05-27T21:59:52.396Z,22.55
2026-05-27T22:04:52.866Z,22.49
2026-05-27T22:09:54.837Z,22.41
2026-05-27T22:14:52.32Z,22.21
2026-05-27T22:19:52.473Z,22.15
2026-05-27T22:24:52.481Z,22.04
2026-05-27T22:29:52.806Z,21.89
2026-05-27T22:34:52.867Z,21.77
2026-05-27T22:39:52.37Z,21.66
2026-05-27T22:44:52.47Z,21.43
2026-05-27T22:49:52.465Z,21.34
2026-05-27T22:54:52.808Z,21.14
2026-05-27T22:59:54.806Z,21.0
2026-05-27T23:04:52.52Z,20.91
2026-05-27T23:09:52.569Z,20.91
2026-05-27T23:14:52.371Z,20.94
2026-05-27T23:19:52.516Z,20.79
2026-05-27T23:24:52.46Z,20.68
2026-05-27T23:29:52.385Z,20.57
2026-05-27T23:34:54.359Z,20.57
2026-05-27T23:39:52.706Z,20.6
2026-05-27T23:44:52.514Z,20.53
2026-05-27T23:49:52.411Z,20.51
2026-05-27T23:54:52.489Z,20.39
2026-05-27T23:59:55.885Z,20.42
2026-05-28T00:04:52.586Z,20.25
2026-05-28T00:09:52.392Z,20.08
2026-05-28T00:14:53.117Z,20.02
2026-05-28T00:19:52.352Z,19.93
2026-05-28T00:24:52.427Z,19.82
2026-05-28T00:29:52.458Z,19.62
2026-05-28T00:34:52.93Z,19.5
2026-05-28T00:39:53.388Z,19.44
2026-05-28T00:44:52.56Z,19.21
2026-05-28T00:49:52.578Z,19.16
2026-05-28T00:54:52.443Z,19.04
2026-05-28T00:59:52.592Z,18.9
2026-05-28T01:04:52.555Z,19.18
2026-05-28T01:09:52.374Z,19.65
2026-05-28T01:14:54.299Z,19.73
2026-05-28T01:19:52.522Z,19.9
2026-05-28T01:24:52.539Z,19.96
2026-05-28T01:29:52.347Z,19.9
2026-05-28T01:34:54.346Z,19.79
2026-05-28T01:39:52.358Z,19.88
2026-05-28T01:44:52.541Z,19.88
2026-05-28T01:49:52.449Z,19.88
2026-05-28T01:54:52.447Z,19.88
2026-05-28T01:59:52.578Z,19.76
2026-05-28T02:04:53.812Z,19.67
2026-05-28T02:09:53.083Z,19.53
2026-05-28T02:14:52.99Z,19.47
2026-05-28T02:19:53.955Z,19.44
2026-05-28T02:24:52.558Z,19.36
2026-05-28T02:29:52.904Z,19.33
2026-05-28T02:34:52.386Z,19.3
2026-05-28T02:39:52.351Z,19.3
2026-05-28T02:44:52.346Z,19.21
2026-05-28T02:49:52.551Z,19.13
2026-05-28T02:54:52.582Z,19.04
2026-05-28T02:59:52.466Z,18.93
2026-05-28T03:04:52.39Z,18.84
2026-05-28T03:09:53.241Z,18.72
2026-05-28T03:14:52.396Z,18.61
2026-05-28T03:19:52.47Z,18.49
2026-05-28T03:24:52.539Z,18.55
2026-05-28T03:29:53.687Z,18.55
2026-05-28T03:34:52.571Z,18.46
2026-05-28T03:39:52.619Z,18.35
2026-05-28T03:44:52.483Z,18.23
2026-05-28T03:49:52.542Z,18.18
2026-05-28T03:54:52.347Z,18.15
2026-05-28T03:59:52.511Z,18.12
2026-05-28T04:04:54.13Z,18.06
2026-05-28T04:09:52.424Z,18.12
2026-05-28T04:14:52.503Z,18.12
2026-05-28T04:19:53.724Z,18.0
2026-05-28T04:24:52.405Z,18.0
2026-05-28T04:29:52.5Z,17.89
2026-05-28T04:34:52.566Z,17.95
2026-05-28T04:39:52.995Z,17.83
2026-05-28T04:44:52.744Z,17.69
2026-05-28T04:49:52.409Z,17.72
2026-05-28T04:54:52.371Z,17.66
2026-05-28T04:59:52.361Z,17.66
2026-05-28T05:04:52.574Z,17.63
2026-05-28T05:09:52.415Z,17.57
2026-05-28T05:14:52.528Z,17.57
2026-05-28T05:19:52.398Z,17.54
2026-05-28T05:24:53.7Z,17.54
2026-05-28T05:29:53.209Z,17.6
2026-05-28T05:34:52.344Z,17.74
2026-05-28T05:39:52.372Z,17.86
2026-05-28T05:44:52.856Z,18.0
2026-05-28T05:49:53.211Z,18.21
2026-05-28T05:54:52.972Z,18.41
2026-05-28T05:59:54.041Z,18.61
2026-05-28T06:04:52.376Z,18.9
2026-05-28T06:09:52.539Z,19.3
2026-05-28T06:14:52.326Z,19.53
2026-05-28T06:19:52.39Z,19.73
2026-05-28T06:24:52.565Z,19.99
2026-05-28T06:29:52.424Z,20.28
2026-05-28T06:34:52.387Z,20.48
2026-05-28T06:39:53.859Z,20.74
2026-05-28T06:44:53.609Z,21.17
2026-05-28T06:49:52.459Z,21.43
2026-05-28T06:54:52.369Z,21.72
2026-05-28T06:59:52.348Z,21.92
2026-05-28T07:04:54.222Z,22.12
2026-05-28T07:09:52.29Z,22.41
2026-05-28T07:14:52.455Z,22.84
2026-05-28T07:19:52.454Z,23.21
2026-05-28T07:24:52.482Z,23.59
2026-05-28T07:29:52.82Z,23.85
2026-05-28T07:34:52.403Z,23.9
2026-05-28T07:39:52.291Z,23.93
2026-05-28T07:44:52.473Z,24.54
2026-05-28T07:49:52.493Z,24.77
2026-05-28T07:54:53.563Z,24.97
2026-05-28T07:59:52.383Z,25.2
2026-05-28T08:04:52.295Z,25.32
2026-05-28T08:09:52.495Z,25.78
2026-05-28T08:14:54.932Z,26.29
2026-05-28T08:19:52.734Z,26.55
2026-05-28T08:24:52.429Z,26.46
2026-05-28T08:29:53.186Z,26.58
2026-05-28T08:34:52.44Z,26.67
2026-05-28T08:39:52.49Z,26.78
2026-05-28T08:44:52.515Z,26.78
2026-05-28T08:49:54.158Z,26.87
2026-05-28T08:54:52.388Z,27.04
2026-05-28T08:59:52.316Z,27.48
2026-05-28T09:04:54.336Z,27.59
2026-05-28T09:09:52.554Z,27.73
2026-05-28T09:14:52.358Z,28.11
2026-05-28T09:19:53.611Z,28.51
2026-05-28T09:24:52.455Z,28.65
2026-05-28T09:29:52.402Z,28.85
2026-05-28T09:34:53.367Z,28.97
2026-05-28T09:39:52.493Z,29.0
2026-05-28T09:44:52.446Z,29.17
2026-05-28T09:49:52.694Z,28.91
2026-05-28T09:54:54.994Z,29.32
2026-05-28T09:59:53.278Z,29.6
2026-05-28T10:04:52.331Z,29.83
2026-05-28T10:09:53.818Z,29.83
2026-05-28T10:14:52.312Z,30.24
2026-05-28T10:19:52.433Z,30.32
2026-05-28T10:24:52.557Z,30.29
2026-05-28T10:29:52.317Z,30.61
2026-05-28T10:34:52.451Z,30.35
2026-05-28T10:39:52.376Z,30.32
2026-05-28T10:44:53.419Z,30.27
2026-05-28T10:49:52.398Z,30.18
2026-05-28T10:54:52.524Z,30.35
2026-05-28T10:59:53.805Z,30.67
2026-05-28T11:04:52.365Z,30.93
2026-05-28T11:09:52.548Z,31.19
2026-05-28T11:14:53.467Z,31.27
2026-05-28T11:19:52.527Z,31.64
2026-05-28T11:24:52.394Z,31.91
2026-05-28T11:29:52.362Z,31.85
2026-05-28T11:34:52.357Z,31.96
2026-05-28T11:39:52.511Z,32.05
2026-05-28T11:44:52.334Z,32.4
2026-05-28T11:49:52.507Z,32.34
2026-05-28T11:54:52.489Z,32.19
2026-05-28T11:59:52.522Z,32.48
2026-05-28T12:04:53.441Z,32.66
2026-05-28T12:09:52.323Z,32.85
2026-05-28T12:14:52.467Z,32.8
2026-05-28T12:19:52.385Z,33.08
2026-05-28T12:24:53.43Z,33.06
2026-05-28T12:29:52.362Z,33.26
2026-05-28T12:34:54.089Z,33.43
2026-05-28T12:39:52.526Z,33.6
2026-05-28T12:44:52.451Z,33.52
2026-05-28T12:49:52.498Z,33.63
2026-05-28T12:54:52.298Z,33.46
2026-05-28T12:59:52.644Z,33.31
2026-05-28T13:04:53.662Z,33.57
2026-05-28T13:09:52.523Z,33.75
2026-05-28T13:14:52.93Z,33.83
2026-05-28T13:19:53.567Z,33.89
2026-05-28T13:24:52.305Z,33.75
2026-05-28T13:29:52.357Z,33.75
2026-05-28T13:34:52.35Z,33.89
2026-05-28T13:39:54.696Z,34.03
2026-05-28T13:44:52.401Z,34.06
2026-05-28T13:49:52.455Z,33.89
2026-05-28T13:54:52.356Z,34.01
2026-05-28T13:59:53.295Z,34.03
2026-05-28T14:04:52.45Z,33.98
2026-05-28T14:09:52.534Z,34.09
2026-05-28T14:14:52.506Z,34.44
2026-05-28T14:19:52.355Z,34.44
2026-05-28T14:24:52.328Z,34.47
2026-05-28T14:29:52.5Z,34.38
2026-05-28T14:34:53.724Z,34.41
2026-05-28T14:39:52.857Z,34.32
2026-05-28T14:44:52.846Z,33.86
2026-05-28T14:49:52.437Z,33.98
2026-05-28T14:54:52.316Z,33.92
2026-05-28T14:59:52.439Z,33.83
2026-05-28T15:04:52.525Z,33.95
2026-05-28T15:09:52.534Z,33.92
2026-05-28T15:14:52.444Z,34.21
2026-05-28T15:19:52.391Z,34.01
2026-05-28T15:24:52.412Z,34.06
2026-05-28T15:29:52.392Z,33.98
2026-05-28T15:34:52.593Z,33.89
2026-05-28T15:39:52.319Z,33.75
2026-05-28T15:44:52.783Z,33.6
2026-05-28T15:49:53.102Z,33.86
2026-05-28T15:54:53.44Z,33.78
2026-05-28T15:59:52.717Z,33.8
2026-05-28T16:04:52.49Z,33.75
2026-05-28T16:09:52.506Z,33.66
2026-05-28T16:14:52.323Z,33.57
2026-05-28T16:19:52.398Z,33.66
2026-05-28T16:24:52.576Z,33.66
2026-05-28T16:29:52.424Z,33.57
2026-05-28T16:34:53.594Z,33.49
2026-05-28T16:39:52.542Z,33.2
2026-05-28T16:44:52.326Z,33.15
2026-05-28T16:49:54.642Z,33.15
2026-05-28T16:54:52.431Z,32.8
2026-05-28T16:59:52.503Z,32.62
2026-05-28T17:04:53.923Z,32.25
2026-05-28T17:09:52.399Z,32.05
2026-05-28T17:14:52.442Z,32.02
2026-05-28T17:19:52.321Z,31.91
2026-05-28T17:24:52.408Z,31.87
2026-05-28T17:29:53.057Z,31.87
2026-05-28T17:34:52.517Z,31.5
2026-05-28T17:39:52.284Z,31.5
2026-05-28T17:44:52.481Z,31.42
2026-05-28T17:49:53.518Z,31.13
2026-05-28T17:54:52.31Z,30.87
2026-05-28T17:59:52.508Z,30.75
2026-05-28T18:04:52.285Z,30.52
2026-05-28T18:09:53.734Z,30.44
2026-05-28T18:14:52.452Z,30.44
2026-05-28T18:19:53.85Z,30.29
2026-05-28T18:24:52.351Z,30.09
2026-05-28T18:29:53.263Z,29.83
2026-05-28T18:34:53.837Z,29.55
2026-05-28T18:39:52.461Z,29.34
2026-05-28T18:44:52.397Z,29.2
2026-05-28T18:49:52.481Z,28.91
2026-05-28T18:54:52.373Z,28.74
2026-05-28T18:59:53.139Z,28.62
2026-05-28T19:04:52.395Z,28.36
2026-05-28T19:09:52.46Z,28.19
2026-05-28T19:14:52.417Z,28.13
2026-05-28T19:19:52.313Z,27.82
2026-05-28T19:24:52.402Z,27.67
2026-05-28T19:29:52.412Z,27.48
2026-05-28T19:34:52.498Z,27.33
2026-05-28T19:39:52.397Z,27.16
2026-05-28T19:44:52.401Z,26.95
2026-05-28T19:49:52.598Z,26.84
2026-05-28T19:54:52.369Z,26.67
2026-05-28T19:59:52.38Z,26.44
2026-05-28T20:04:52.394Z,26.35
2026-05-28T20:09:52.395Z,26.18
2026-05-28T20:14:52.277Z,25.83
2026-05-28T20:19:52.483Z,25.57
2026-05-28T20:24:52.458Z,25.29
2026-05-28T20:29:52.489Z,25.11
2026-05-28T20:34:52.299Z,24.94
2026-05-28T20:39:52.319Z,24.62
2026-05-28T20:44:52.391Z,24.6
2026-05-28T20:49:52.442Z,24.37
2026-05-28T20:54:52.34Z,24.25
2026-05-28T20:59:52.292Z,24.19
2026-05-28T21:04:52.432Z,24.11
2026-05-28T21:09:52.521Z,23.88
2026-05-28T21:14:54.11Z,23.9
2026-05-28T21:19:52.329Z,23.76
2026-05-28T21:24:52.401Z,23.56
2026-05-28T21:29:52.461Z,23.5
2026-05-28T21:34:53.22Z,23.67
2026-05-28T21:39:52.289Z,23.7
2026-05-28T21:44:52.471Z,23.65
2026-05-28T21:49:52.366Z,23.7
2026-05-28T21:54:52.353Z,23.5
2026-05-28T21:59:52.33Z,23.39
2026-05-28T22:04:52.485Z,23.1
2026-05-28T22:09:52.506Z,22.87
2026-05-28T22:14:52.439Z,22.72
2026-05-28T22:19:54.901Z,22.52
2026-05-28T22:24:52.503Z,22.29
2026-05-28T22:29:52.287Z,22.15
2026-05-28T22:34:53.785Z,22.04
2026-05-28T22:39:52.377Z,21.89
2026-05-28T22:44:52.508Z,21.72
2026-05-28T22:49:54.105Z,21.69
2026-05-28T22:54:52.373Z,21.6
2026-05-28T22:59:54.254Z,21.34
2026-05-28T23:04:52.328Z,21.23
2026-05-28T23:09:52.269Z,21.06
2026-05-28T23:14:53.014Z,20.83
2026-05-28T23:19:52.596Z,20.71
2026-05-28T23:24:52.287Z,20.51
2026-05-28T23:29:52.819Z,20.45
2026-05-28T23:34:54.242Z,20.31
2026-05-28T23:39:55.239Z,20.14
2026-05-28T23:44:52.766Z,20.02
2026-05-28T23:49:56.021Z,19.93
2026-05-28T23:54:52.296Z,19.85
2026-05-28T23:59:54.366Z,19.76
2026-05-29T00:04:52.491Z,19.76
2026-05-29T00:09:53.057Z,19.67
2026-05-29T00:14:54.609Z,20.08
2026-05-29T00:19:54.524Z,20.57
2026-05-29T00:24:52.317Z,20.79
2026-05-29T00:29:52.301Z,20.86
2026-05-29T00:34:52.362Z,20.76
2026-05-29T00:39:52.282Z,20.79
2026-05-29T00:44:52.3Z,20.76
2026-05-29T00:49:52.483Z,20.68
2026-05-29T00:54:52.485Z,20.6
2026-05-29T00:59:52.29Z,20.39
2026-05-29T01:04:53.422Z,20.25
2026-05-29T01:09:52.49Z,20.08
2026-05-29T01:14:52.791Z,19.9
2026-05-29T01:19:53.566Z,19.76
2026-05-29T01:24:52.442Z,19.56
2026-05-29T01:29:53.274Z,19.33
2026-05-29T01:34:52.3Z,19.27
2026-05-29T01:39:52.425Z,19.21
2026-05-29T01:44:52.484Z,19.24
2026-05-29T01:49:52.411Z,19.33
2026-05-29T01:54:52.438Z,19.33
2026-05-29T01:59:52.654Z,19.44
2026-05-29T02:04:52.367Z,19.39
2026-05-29T02:09:52.48Z,19.42
2026-05-29T02:14:52.266Z,19.33
2026-05-29T02:19:52.321Z,19.33
2026-05-29T02:24:53.322Z,19.3
2026-05-29T02:29:52.319Z,19.33
2026-05-29T02:34:52.735Z,19.27
2026-05-29T02:39:52.375Z,19.1
2026-05-29T02:44:54.357Z,19.07
2026-05-29T02:49:52.635Z,18.9
2026-05-29T02:54:52.576Z,18.84
2026-05-29T02:59:52.488Z,18.81
2026-05-29T03:04:52.536Z,18.78
2026-05-29T03:09:52.389Z,18.61
2026-05-29T03:14:53.888Z,18.61
2026-05-29T03:19:52.39Z,18.49
2026-05-29T03:24:52.463Z,18.26
2026-05-29T03:29:53.397Z,18.21
2026-05-29T03:34:52.388Z,18.15
2026-05-29T03:39:52.294Z,18.03
2026-05-29T03:44:52.543Z,18.0
2026-05-29T03:49:52.409Z,17.92
2026-05-29T03:54:52.735Z,17.83
2026-05-29T03:59:52.396Z,17.95
2026-05-29T04:04:52.416Z,17.97
2026-05-29T04:09:52.324Z,17.86
2026-05-29T04:14:52.26Z,17.83
2026-05-29T04:19:53.179Z,17.89
2026-05-29T04:24:52.259Z,17.86
2026-05-29T04:29:52.446Z,17.83
2026-05-29T04:34:53.156Z,17.86
2026-05-29T04:39:53.052Z,17.92
2026-05-29T04:44:52.957Z,18.06
2026-05-29T04:49:53.611Z,18.12
2026-05-29T04:54:52.463Z,18.15
2026-05-29T04:59:52.388Z,18.23
2026-05-29T05:04:52.373Z,18.44
2026-05-29T05:09:53.353Z,18.52
2026-05-29T05:14:52.365Z,18.61
2026-05-29T05:19:52.529Z,18.84
2026-05-29T05:24:52.515Z,18.78
2026-05-29T05:29:52.285Z,18.81
2026-05-29T05:34:53.178Z,18.87
2026-05-29T05:39:52.544Z,18.95
2026-05-29T05:44:52.395Z,19.1
2026-05-29T05:49:53.469Z,19.3
2026-05-29T05:54:52.493Z,19.59
2026-05-29T05:59:52.457Z,19.7
2026-05-29T06:04:52.426Z,19.79
2026-05-29T06:09:54.819Z,19.99
2026-05-29T06:14:52.46Z,20.16
2026-05-29T06:19:52.3Z,20.31
2026-05-29T06:24:55.025Z,20.39
2026-05-29T06:29:52.405Z,20.53
2026-05-29T06:34:53.393Z,20.71
2026-05-29T06:39:54.771Z,21.02
2026-05-29T06:44:53.475Z,21.25
2026-05-29T06:49:52.309Z,21.74
2026-05-29T06:54:52.328Z,21.97
2026-05-29T06:59:52.35Z,22.23
2026-05-29T07:04:52.382Z,22.38
2026-05-29T07:09:52.354Z,22.67
2026-05-29T07:14:52.446Z,22.95
2026-05-29T07:19:52.791Z,23.24
2026-05-29T07:24:53.79Z,23.62
2026-05-29T07:29:52.258Z,23.76
2026-05-29T07:34:52.395Z,23.93
2026-05-29T07:39:52.897Z,24.22
2026-05-29T07:44:52.312Z,24.48
2026-05-29T07:49:52.46Z,24.8
2026-05-29T07:54:52.482Z,25.17
2026-05-29T07:59:52.344Z,25.52
2026-05-29T08:04:52.457Z,25.72
2026-05-29T08:09:52.26Z,25.86
2026-05-29T08:14:52.299Z,25.97
2026-05-29T08:19:52.334Z,26.27
2026-05-29T08:24:52.649Z,26.58
2026-05-29T08:29:52.944Z,26.95
2026-05-29T08:34:53.855Z,27.13
2026-05-29T08:39:52.448Z,27.5
2026-05-29T08:44:53.436Z,27.87
2026-05-29T08:49:52.483Z,28.39
2026-05-29T08:54:52.733Z,28.74
2026-05-29T08:59:52.301Z,29.06
2026-05-29T09:04:52.357Z,29.26
2026-05-29T09:09:52.399Z,29.49
2026-05-29T09:14:52.464Z,29.69
2026-05-29T09:19:53.638Z,29.95
2026-05-29T09:24:52.463Z,30.12
2026-05-29T09:29:52.463Z,30.5
2026-05-29T09:34:52.476Z,30.64
2026-05-29T09:39:52.435Z,30.87
2026-05-29T09:44:52.396Z,31.22
2026-05-29T09:49:52.304Z,31.64
2026-05-29T09:54:54.04Z,31.73
2026-05-29T09:59:54.335Z,31.79
2026-05-29T10:04:52.266Z,31.73
2026-05-29T10:09:52.368Z,31.99
2026-05-29T10:14:53.643Z,32.25
2026-05-29T10:19:52.477Z,32.51
2026-05-29T10:24:52.495Z,32.68
2026-05-29T10:29:53.896Z,32.91
2026-05-29T10:34:52.366Z,33.2
2026-05-29T10:39:52.26Z,33.23
2026-05-29T10:44:52.479Z,33.34
2026-05-29T10:49:52.355Z,33.46
2026-05-29T10:55:13.813Z,33.57
2026-05-29T10:59:52.439Z,33.78
2026-05-29T11:04:52.394Z,33.75
2026-05-29T11:09:52.895Z,33.86
2026-05-29T11:14:52.29Z,34.09
2026-05-29T11:19:52.937Z,34.27
2026-05-29T11:24:53.754Z,34.52
2026-05-29T11:29:52.411Z,34.87
2026-05-29T11:34:52.652Z,34.96
2026-05-29T11:39:52.78Z,35.01
2026-05-29T11:44:52.693Z,34.96
2026-05-29T11:49:52.281Z,34.93
2026-05-29T11:54:52.486Z,35.07
2026-05-29T11:59:54.68Z,35.19
2026-05-29T12:04:52.246Z,35.36
2026-05-29T12:09:52.346Z,35.36
2026-05-29T12:14:52.444Z,35.7
2026-05-29T12:19:52.341Z,36.02
2026-05-29T12:24:52.413Z,35.88
2026-05-29T12:29:52.259Z,35.91
2026-05-29T12:34:52.31Z,35.99
2026-05-29T12:39:52.419Z,35.96
2026-05-29T12:44:52.341Z,35.79
2026-05-29T12:49:52.282Z,35.94
2026-05-29T12:54:52.389Z,36.25
2026-05-29T12:59:52.403Z,36.6
2026-05-29T13:04:52.47Z,36.68
2026-05-29T13:09:54.897Z,36.83
2026-05-29T13:14:52.27Z,36.71
2026-05-29T13:19:53.23Z,36.8
2026-05-29T13:24:52.46Z,37.0
2026-05-29T13:29:52.367Z,37.17
2026-05-29T13:34:53.104Z,36.83
2026-05-29T13:39:52.396Z,36.8
2026-05-29T13:44:52.322Z,37.12
2026-05-29T13:49:52.373Z,37.2
2026-05-29T13:54:52.491Z,37.35
2026-05-29T13:59:52.254Z,37.17
2026-05-29T14:04:52.465Z,37.26
2026-05-29T14:09:54.158Z,37.15
2026-05-29T14:14:52.459Z,37.15
2026-05-29T14:19:52.352Z,37.12
2026-05-29T14:24:52.455Z,37.05
2026-05-29T14:29:52.516Z,36.94
2026-05-29T14:34:53.586Z,36.89
2026-05-29T14:39:52.43Z,37.0
2026-05-29T14:44:52.258Z,36.97
2026-05-29T14:49:52.401Z,36.89
2026-05-29T14:54:52.834Z,36.68
2026-05-29T14:59:52.391Z,36.68
2026-05-29T15:04:52.431Z,36.63
2026-05-29T15:09:52.429Z,36.42
2026-05-29T15:14:52.406Z,36.42
2026-05-29T15:19:52.457Z,36.17
2026-05-29T15:24:53.25Z,36.22
2026-05-29T15:29:52.292Z,36.34
2026-05-29T15:34:52.75Z,36.28
2026-05-29T15:39:52.354Z,36.31
2026-05-29T15:44:52.662Z,36.4
2026-05-29T15:49:52.453Z,36.25
2026-05-29T15:54:52.418Z,36.02
2026-05-29T15:59:54.951Z,35.94
2026-05-29T16:04:54.071Z,35.99
2026-05-29T16:09:52.32Z,35.82
2026-05-29T16:14:54.363Z,35.65
2026-05-29T16:19:52.351Z,35.65
2026-05-29T16:24:52.534Z,35.59
2026-05-29T16:29:52.326Z,35.5
2026-05-29T16:34:52.291Z,35.27
2026-05-29T16:39:52.25Z,35.22
2026-05-29T16:44:53.406Z,35.19
2026-05-29T16:49:52.237Z,35.1
2026-05-29T16:54:52.802Z,35.19
2026-05-29T16:59:52.436Z,34.96
2026-05-29T17:04:53.797Z,34.78
2026-05-29T17:09:52.366Z,34.81
2026-05-29T17:14:52.514Z,34.84
2026-05-29T17:19:52.449Z,34.75
2026-05-29T17:24:52.294Z,34.55
2026-05-29T17:29:52.443Z,34.52
2026-05-29T17:34:53.167Z,34.38
2026-05-29T17:39:52.646Z,34.12
2026-05-29T17:44:52.334Z,34.03
2026-05-29T17:49:52.386Z,33.98
2026-05-29T17:54:52.852Z,33.89
2026-05-29T17:59:52.384Z,33.78
2026-05-29T18:04:52.404Z,33.75
2026-05-29T18:09:52.402Z,33.72
2026-05-29T18:14:52.311Z,33.6
2026-05-29T18:19:52.225Z,33.43
2026-05-29T18:24:52.464Z,33.29
2026-05-29T18:29:52.551Z,32.89
2026-05-29T18:34:53.344Z,32.57
2026-05-29T18:39:53.668Z,32.28
2026-05-29T18:44:52.373Z,32.08
2026-05-29T18:49:54.441Z,31.87
2026-05-29T18:54:52.56Z,31.53
2026-05-29T18:59:52.31Z,31.24
2026-05-29T19:04:52.323Z,31.04
2026-05-29T19:09:52.32Z,30.75
2026-05-29T19:14:52.198Z,30.5
2026-05-29T19:19:52.436Z,30.24
2026-05-29T19:24:52.842Z,30.01
2026-05-29T19:29:52.341Z,29.69
2026-05-29T19:34:54.37Z,29.43
2026-05-29T19:39:52.399Z,29.2
2026-05-29T19:44:52.437Z,29.03
2026-05-29T19:49:52.191Z,28.77
2026-05-29T19:54:52.315Z,28.6
2026-05-29T19:59:52.495Z,28.45
2026-05-29T20:04:53.188Z,28.31
2026-05-29T20:09:52.467Z,28.11
2026-05-29T20:14:52.663Z,27.67
2026-05-29T20:19:54.711Z,27.3
2026-05-29T20:24:52.677Z,27.04
2026-05-29T20:29:52.292Z,26.87
2026-05-29T20:34:52.745Z,26.9
2026-05-29T20:39:52.326Z,26.81
2026-05-29T20:44:52.244Z,26.92
2026-05-29T20:49:52.286Z,26.9
2026-05-29T20:54:53.364Z,27.1
2026-05-29T20:59:52.283Z,27.13
2026-05-29T21:04:52.303Z,27.04
2026-05-29T21:09:52.453Z,26.9
2026-05-29T21:14:52.289Z,26.58
2026-05-29T21:19:53.174Z,26.5
2026-05-29T21:24:52.269Z,26.32
2026-05-29T21:29:52.348Z,26.06
2026-05-29T21:34:52.25Z,25.86
2026-05-29T21:39:52.206Z,25.72
2026-05-29T21:44:55.385Z,25.6
2026-05-29T21:49:52.469Z,25.49
2026-05-29T21:54:53.595Z,25.26
2026-05-29T21:59:52.409Z,25.03
2026-05-29T22:04:52.235Z,24.68
2026-05-29T22:09:52.382Z,24.48
2026-05-29T22:14:52.374Z,24.28
2026-05-29T22:19:52.381Z,24.11
2026-05-29T22:24:53.385Z,23.93
2026-05-29T22:29:52.232Z,23.79
2026-05-29T22:34:52.256Z,23.53
2026-05-29T22:39:52.342Z,23.5
2026-05-29T22:44:52.228Z,23.47
2026-05-29T22:49:52.321Z,23.36
2026-05-29T22:54:52.543Z,23.21
2026-05-29T22:59:52.413Z,23.1
2026-05-29T23:04:52.379Z,22.98
2026-05-29T23:09:52.24Z,22.9
2026-05-29T23:14:54.083Z,22.69
2026-05-29T23:19:52.412Z,22.69
2026-05-29T23:24:52.414Z,22.55
2026-05-29T23:29:54.148Z,22.49
2026-05-29T23:34:52.399Z,22.32
2026-05-29T23:39:52.909Z,22.35
2026-05-29T23:44:52.346Z,22.35
2026-05-29T23:49:53.061Z,22.35
2026-05-29T23:54:52.248Z,22.26
2026-05-29T23:59:52.429Z,22.18
2026-05-30T00:04:52.225Z,22.0
2026-05-30T00:09:52.256Z,21.89
2026-05-30T00:14:52.516Z,21.72
2026-05-30T00:19:53.468Z,21.6
2026-05-30T00:24:52.355Z,21.57
2026-05-30T00:29:52.706Z,21.46
2026-05-30T00:34:52.367Z,21.37
2026-05-30T00:39:53.053Z,21.28
2026-05-30T00:44:52.235Z,21.17
2026-05-30T00:49:53.629Z,21.09
2026-05-30T00:54:52.465Z,20.94
2026-05-30T00:59:52.38Z,20.79
2026-05-30T01:04:52.239Z,20.94
2026-05-30T01:09:52.345Z,21.02
2026-05-30T01:14:52.378Z,21.02
2026-05-30T01:19:52.327Z,21.0
2026-05-30T01:24:52.556Z,20.88
2026-05-30T01:29:52.225Z,20.86
2026-05-30T01:34:52.227Z,21.02
2026-05-30T01:39:52.413Z,21.4
2026-05-30T01:44:52.491Z,21.83
2026-05-30T01:49:53.177Z,22.06
2026-05-30T01:54:52.472Z,22.09
2026-05-30T01:59:52.412Z,22.18
2026-05-30T02:04:52.793Z,22.18
2026-05-30T02:09:52.264Z,22.12
2026-05-30T02:14:52.246Z,22.0
2026-05-30T02:19:52.403Z,21.92
2026-05-30T02:24:52.251Z,21.95
2026-05-30T02:29:55.114Z,21.89
2026-05-30T02:34:52.181Z,21.86
2026-05-30T02:39:52.4Z,21.83
2026-05-30T02:44:52.228Z,21.77
2026-05-30T02:49:52.318Z,21.69
2026-05-30T02:54:52.266Z,21.49
2026-05-30T02:59:52.325Z,21.23
2026-05-30T03:04:52.511Z,21.06
2026-05-30T03:09:53.615Z,20.79
2026-05-30T03:14:53.532Z,20.76
2026-05-30T03:19:52.251Z,20.65
2026-05-30T03:24:52.264Z,20.71
2026-05-30T03:29:52.198Z,20.71
2026-05-30T03:34:52.389Z,20.62
2026-05-30T03:39:52.362Z,20.57
2026-05-30T03:44:52.376Z,20.45
2026-05-30T03:49:52.902Z,20.45
2026-05-30T03:54:52.647Z,20.45
2026-05-30T03:59:52.887Z,20.45
2026-05-30T04:04:55.129Z,20.34
2026-05-30T04:09:52.324Z,20.39
2026-05-30T04:14:52.401Z,20.31
2026-05-30T04:19:52.93Z,20.19
2026-05-30T04:24:52.362Z,20.22
2026-05-30T04:29:52.341Z,20.14
2026-05-30T04:34:52.418Z,20.08
2026-05-30T04:39:52.345Z,20.11
2026-05-30T04:44:52.224Z,20.16
2026-05-30T04:49:52.43Z,20.37
2026-05-30T04:54:53.623Z,20.37
2026-05-30T04:59:52.416Z,20.37
2026-05-30T05:04:52.424Z,20.34
2026-05-30T05:09:54.105Z,20.14
2026-05-30T05:14:52.333Z,20.14
2026-05-30T05:19:52.259Z,20.05
2026-05-30T05:24:52.275Z,19.99
2026-05-30T05:29:52.424Z,20.02
2026-05-30T05:34:52.874Z,20.05
2026-05-30T05:39:52.291Z,20.02
2026-05-30T05:44:52.215Z,20.19
2026-05-30T05:49:52.468Z,20.28
2026-05-30T05:54:52.216Z,20.45
2026-05-30T05:59:52.196Z,20.62
2026-05-30T06:04:53.494Z,20.74
2026-05-30T06:09:54.322Z,21.11
2026-05-30T06:14:52.371Z,21.4
2026-05-30T06:19:52.172Z,21.77
2026-05-30T06:24:53.072Z,22.06
2026-05-30T06:29:52.301Z,22.26
2026-05-30T06:34:52.341Z,22.44
2026-05-30T06:39:52.254Z,22.58
2026-05-30T06:44:52.42Z,22.84
2026-05-30T06:49:52.169Z,23.16
2026-05-30T06:54:52.375Z,23.41
2026-05-30T06:59:52.344Z,23.65
2026-05-30T07:04:52.257Z,23.76
2026-05-30T07:09:52.6Z,24.05
2026-05-30T07:14:52.24Z,24.45
2026-05-30T07:19:52.485Z,24.83
2026-05-30T07:24:52.185Z,25.14
2026-05-30T07:29:52.211Z,25.37
2026-05-30T07:34:52.322Z,25.69
2026-05-30T07:39:53.138Z,25.86
2026-05-30T07:44:52.254Z,26.09
2026-05-30T07:49:52.314Z,26.38
2026-05-30T07:54:52.234Z,26.5
2026-05-30T07:59:52.386Z,26.78
2026-05-30T08:04:52.711Z,27.07
2026-05-30T08:09:52.289Z,27.41
2026-05-30T08:14:52.398Z,27.56
2026-05-30T08:19:52.427Z,27.79
2026-05-30T08:24:52.986Z,27.97
2026-05-30T08:29:52.22Z,28.31
2026-05-30T08:34:52.329Z,28.77
2026-05-30T08:39:54.684Z,29.14
2026-05-30T08:44:52.496Z,29.52
2026-05-30T08:49:52.39Z,29.63
2026-05-30T08:54:53.109Z,29.86
2026-05-30T08:59:52.366Z,30.32
2026-05-30T09:04:52.362Z,30.32
2026-05-30T09:09:52.275Z,30.75
2026-05-30T09:14:52.36Z,30.96
2026-05-30T09:19:53.315Z,31.07
2026-05-30T09:24:53.003Z,31.3
2026-05-30T09:29:52.237Z,31.56
2026-05-30T09:34:52.368Z,31.87
2026-05-30T09:39:52.221Z,32.22
2026-05-30T09:44:52.557Z,32.66
2026-05-30T09:49:52.676Z,32.85
2026-05-30T09:54:54.239Z,33.08
2026-05-30T09:59:52.28Z,33.31
2026-05-30T10:04:52.41Z,33.4
2026-05-30T10:09:52.252Z,33.57
2026-05-30T10:14:52.507Z,33.78
2026-05-30T10:19:52.44Z,33.95
2026-05-30T10:24:53.185Z,34.18
2026-05-30T10:29:52.364Z,34.32
2026-05-30T10:34:53.346Z,34.41
2026-05-30T10:39:52.2Z,34.38
2026-05-30T10:44:52.378Z,34.78
2026-05-30T10:49:52.399Z,34.73
2026-05-30T10:54:53.248Z,34.87
2026-05-30T10:59:54.317Z,35.13
2026-05-30T11:04:52.32Z,35.45
2026-05-30T11:09:52.439Z,35.7
2026-05-30T11:14:52.254Z,35.68
2026-05-30T11:19:52.213Z,35.59
2026-05-30T11:24:52.39Z,35.91
2026-05-30T11:29:52.417Z,35.79
2026-05-30T11:34:52.761Z,36.02
2026-05-30T11:39:52.397Z,36.25
2026-05-30T11:44:52.42Z,36.42
2026-05-30T11:49:53.862Z,36.68
2026-05-30T11:54:52.343Z,36.86
2026-05-30T11:59:52.777Z,36.94
2026-05-30T12:04:55.812Z,36.94
2026-05-30T12:09:52.333Z,36.74
2026-05-30T12:14:52.428Z,36.83
2026-05-30T12:19:53.799Z,36.89
2026-05-30T12:24:52.301Z,36.8
2026-05-30T12:29:52.307Z,37.0
2026-05-30T12:34:52.38Z,36.94
2026-05-30T12:39:52.294Z,37.03
2026-05-30T12:44:53.471Z,37.03
2026-05-30T12:49:52.582Z,36.91
2026-05-30T12:54:52.291Z,36.86
2026-05-30T12:59:52.407Z,37.09
2026-05-30T13:04:53.023Z,37.12
2026-05-30T13:09:52.214Z,37.23
2026-05-30T13:14:52.633Z,37.0
2026-05-30T13:19:55.141Z,37.15
2026-05-30T13:24:54.897Z,37.17
2026-05-30T13:29:52.396Z,37.15
2026-05-30T13:34:52.279Z,36.91
2026-05-30T13:39:53.5Z,37.23
2026-05-30T13:44:52.361Z,37.17
2026-05-30T13:49:52.359Z,37.23
2026-05-30T13:54:52.313Z,37.05
2026-05-30T13:59:52.324Z,37.03
2026-05-30T14:04:52.269Z,37.12
2026-05-30T14:09:52.539Z,37.4
2026-05-30T14:14:53.864Z,37.31
2026-05-30T14:19:52.253Z,37.26
2026-05-30T14:24:52.238Z,37.03
2026-05-30T14:29:52.228Z,37.12
2026-05-30T14:34:52.258Z,37.29
2026-05-30T14:39:52.424Z,37.54
2026-05-30T14:44:52.75Z,37.54
2026-05-30T14:49:52.251Z,37.52
2026-05-30T14:54:52.396Z,37.49
2026-05-30T14:59:52.324Z,37.35
2026-05-30T15:04:52.426Z,37.23
2026-05-30T15:09:52.411Z,37.4
2026-05-30T15:14:52.296Z,37.35
2026-05-30T15:19:52.389Z,37.35
2026-05-30T15:24:54.142Z,37.23
2026-05-30T15:29:52.405Z,36.97
2026-05-30T15:34:52.377Z,36.66
2026-05-30T15:39:55.312Z,36.74
2026-05-30T15:44:52.284Z,36.89
2026-05-30T15:49:52.27Z,36.74
2026-05-30T15:54:52.315Z,36.63
2026-05-30T15:59:52.231Z,36.54
2026-05-30T16:04:52.228Z,36.34
2026-05-30T16:09:52.373Z,36.22
2026-05-30T16:14:52.368Z,36.25
2026-05-30T16:19:52.384Z,36.05
2026-05-30T16:24:52.332Z,35.99
2026-05-30T16:29:52.223Z,35.79
2026-05-30T16:34:52.23Z,35.85
2026-05-30T16:39:55.411Z,35.65
2026-05-30T16:44:52.363Z,35.45
2026-05-30T16:49:52.315Z,35.36
2026-05-30T16:54:52.429Z,35.39
2026-05-30T16:59:52.623Z,35.13
2026-05-30T17:04:52.283Z,35.04
2026-05-30T17:09:52.265Z,34.93
2026-05-30T17:14:55.212Z,34.84
2026-05-30T17:19:52.497Z,34.7
2026-05-30T17:24:52.478Z,34.55
2026-05-30T17:29:52.852Z,34.52
2026-05-30T17:34:52.196Z,34.41
2026-05-30T17:39:52.282Z,34.35
2026-05-30T17:44:52.351Z,34.15
2026-05-30T17:49:54.562Z,33.98
2026-05-30T17:54:52.252Z,33.95
2026-05-30T17:59:52.374Z,33.8
2026-05-30T18:04:52.387Z,33.57
2026-05-30T18:09:52.322Z,33.23
2026-05-30T18:14:52.358Z,33.0
2026-05-30T18:19:52.313Z,32.74
2026-05-30T18:24:52.362Z,32.51
2026-05-30T18:29:53.607Z,32.34
2026-05-30T18:34:54.69Z,32.13
2026-05-30T18:39:52.29Z,31.91
2026-05-30T18:44:52.432Z,31.82
2026-05-30T18:49:52.411Z,31.79
2026-05-30T18:54:53.524Z,31.59
2026-05-30T18:59:52.426Z,31.45
2026-05-30T19:04:52.398Z,31.24
2026-05-30T19:09:52.262Z,30.99
2026-05-30T19:14:52.279Z,30.75
2026-05-30T19:19:52.227Z,30.58
2026-05-30T19:24:54.775Z,30.44
2026-05-30T19:29:52.275Z,30.27
2026-05-30T19:34:52.249Z,29.98
2026-05-30T19:39:52.217Z,29.66
2026-05-30T19:44:52.752Z,29.49
2026-05-30T19:49:53.175Z,29.2
2026-05-30T19:54:52.863Z,29.08
2026-05-30T19:59:52.178Z,28.83
2026-05-30T20:04:52.23Z,28.68
2026-05-30T20:09:52.235Z,28.65
2026-05-30T20:14:52.339Z,28.65
2026-05-30T20:19:52.342Z,28.71
2026-05-30T20:24:53.801Z,28.71
2026-05-30T20:29:52.419Z,28.91
2026-05-30T20:34:52.253Z,28.83
2026-05-30T20:39:52.421Z,28.74
2026-05-30T20:44:52.424Z,28.57
2026-05-30T20:49:52.298Z,28.39
2026-05-30T20:54:52.239Z,28.36
2026-05-30T20:59:52.175Z,28.22
2026-05-30T21:04:52.397Z,28.16
2026-05-30T21:09:52.287Z,27.99
2026-05-30T21:14:53.896Z,27.79
2026-05-30T21:19:52.26Z,27.76
2026-05-30T21:24:53.037Z,27.56
2026-05-30T21:29:52.244Z,27.41
2026-05-30T21:34:52.398Z,27.3
2026-05-30T21:39:53.141Z,27.22
2026-05-30T21:44:52.737Z,26.99
2026-05-30T21:49:52.473Z,26.69
2026-05-30T21:54:52.337Z,26.58
2026-05-30T21:59:52.408Z,26.44
2026-05-30T22:04:52.29Z,26.24
2026-05-30T22:09:52.403Z,26.15
2026-05-30T22:14:52.257Z,25.92
2026-05-30T22:19:52.376Z,25.75
2026-05-30T22:24:52.264Z,25.6
2026-05-30T22:29:52.334Z,25.49
2026-05-30T22:34:52.26Z,25.32
2026-05-30T22:39:52.403Z,25.29
2026-05-30T22:44:53.323Z,25.06
2026-05-30T22:49:52.261Z,24.94
2026-05-30T22:54:52.432Z,24.85
2026-05-30T22:59:52.428Z,24.68
2026-05-30T23:04:52.386Z,24.65
2026-05-30T23:09:52.294Z,24.71
2026-05-30T23:14:52.345Z,24.74
2026-05-30T23:19:52.875Z,24.74
2026-05-30T23:24:52.414Z,24.71
2026-05-30T23:29:52.485Z,24.74
2026-05-30T23:34:52.271Z,24.65
2026-05-30T23:39:52.252Z,24.62
2026-05-30T23:44:52.404Z,24.48
2026-05-30T23:49:52.3Z,24.37
2026-05-30T23:54:52.306Z,24.31
2026-05-30T23:59:52.325Z,24.11
2026-05-31T00:04:52.811Z,24.02
2026-05-31T00:09:53.403Z,23.99
2026-05-31T00:14:52.312Z,23.96
2026-05-31T00:19:52.162Z,23.9
2026-05-31T00:24:52.41Z,23.67
2026-05-31T00:29:52.167Z,23.59
2026-05-31T00:34:52.637Z,23.53
2026-05-31T00:39:53.163Z,23.47
2026-05-31T00:44:52.316Z,23.33
2026-05-31T00:49:52.296Z,23.18
2026-05-31T00:54:54.014Z,23.13
2026-05-31T00:59:53.813Z,23.07
2026-05-31T01:04:52.233Z,22.95
2026-05-31T01:09:52.364Z,22.9
2026-05-31T01:14:52.369Z,22.81
2026-05-31T01:19:53.007Z,22.81
2026-05-31T01:24:52.283Z,22.81
2026-05-31T01:29:52.481Z,22.9
2026-05-31T01:34:53.22Z,22.9
2026-05-31T01:39:52.372Z,22.78
2026-05-31T01:44:52.419Z,22.67
2026-05-31T01:49:52.357Z,22.61
2026-05-31T01:54:52.295Z,22.55
2026-05-31T01:59:53.266Z,22.38
2026-05-31T02:04:53.673Z,22.38
2026-05-31T02:09:52.231Z,22.21
2026-05-31T02:14:52.298Z,22.18
2026-05-31T02:19:54.181Z,22.04
2026-05-31T02:24:52.243Z,21.92
2026-05-31T02:29:52.412Z,21.81
2026-05-31T02:34:54.594Z,21.83
2026-05-31T02:39:52.366Z,22.0
2026-05-31T02:44:52.273Z,21.97
2026-05-31T02:49:52.205Z,21.97
2026-05-31T02:54:53.848Z,21.92
2026-05-31T02:59:52.373Z,21.86
2026-05-31T03:04:52.226Z,21.77
2026-05-31T03:09:54.346Z,21.83
2026-05-31T03:14:52.393Z,22.06
2026-05-31T03:19:52.391Z,22.35
2026-05-31T03:24:52.256Z,22.32
2026-05-31T03:29:52.365Z,22.38
2026-05-31T03:34:52.281Z,22.26
2026-05-31T03:39:52.303Z,22.15
2026-05-31T03:44:52.188Z,22.04
2026-05-31T03:49:52.44Z,21.92
2026-05-31T03:54:52.35Z,21.74
2026-05-31T03:59:52.255Z,21.6
2026-05-31T04:04:52.394Z,21.51
2026-05-31T04:09:52.594Z,21.57
2026-05-31T04:14:52.411Z,21.57
2026-05-31T04:19:52.172Z,21.49
2026-05-31T04:24:52.245Z,21.4
2026-05-31T04:29:52.874Z,21.34
2026-05-31T04:34:52.352Z,21.25
2026-05-31T04:39:52.196Z,21.14
2026-05-31T04:44:52.278Z,20.97
2026-05-31T04:49:52.321Z,20.88
2026-05-31T04:54:52.356Z,21.09
2026-05-31T04:59:52.363Z,21.09
2026-05-31T05:04:52.31Z,21.06
2026-05-31T05:09:52.209Z,21.11
2026-05-31T05:14:53.061Z,21.02
2026-05-31T05:19:52.388Z,21.0
2026-05-31T05:24:53.259Z,21.06
2026-05-31T05:29:52.688Z,21.06
2026-05-31T05:34:52.23Z,21.17
2026-05-31T05:39:56.23Z,21.2
2026-05-31T05:44:52.203Z,21.37
2026-05-31T05:49:52.288Z,21.72
2026-05-31T05:54:52.273Z,22.0
2026-05-31T05:59:52.23Z,22.29
2026-05-31T06:04:52.39Z,22.64
2026-05-31T06:09:52.561Z,22.95
2026-05-31T06:14:54.804Z,23.21
2026-05-31T06:19:52.333Z,23.33
2026-05-31T06:24:52.356Z,23.44
2026-05-31T06:29:54.614Z,23.53
2026-05-31T06:34:52.575Z,23.65
2026-05-31T06:39:54.804Z,23.96
2026-05-31T06:44:54.011Z,24.13
2026-05-31T06:49:52.215Z,24.48
2026-05-31T06:55:37.245Z,24.83
2026-05-31T06:59:52.212Z,24.88
2026-05-31T07:04:52.263Z,24.85
2026-05-31T07:09:52.26Z,25.23
2026-05-31T07:14:52.252Z,25.32
2026-05-31T07:19:52.28Z,25.26
2026-05-31T07:24:52.585Z,25.6
2026-05-31T07:29:52.955Z,25.83
2026-05-31T07:34:52.324Z,26.32
2026-05-31T07:39:52.311Z,26.44
2026-05-31T07:44:52.943Z,26.58
2026-05-31T07:49:52.179Z,26.67
2026-05-31T07:54:52.291Z,26.95
2026-05-31T07:59:52.239Z,26.81
2026-05-31T08:04:52.211Z,26.84
2026-05-31T08:09:52.919Z,27.01
2026-05-31T08:14:52.313Z,27.22
2026-05-31T08:19:52.224Z,27.3
2026-05-31T08:24:52.277Z,27.41
2026-05-31T08:29:53.774Z,27.67
2026-05-31T08:34:52.38Z,27.73
2026-05-31T08:39:52.345Z,28.11
2026-05-31T08:44:52.358Z,28.22
2026-05-31T08:49:52.849Z,28.42
2026-05-31T08:54:52.351Z,28.57
2026-05-31T08:59:52.247Z,28.71
2026-05-31T09:04:52.743Z,28.71
2026-05-31T09:09:52.228Z,28.97
2026-05-31T09:14:52.198Z,29.11
2026-05-31T09:19:52.354Z,29.26
2026-05-31T09:24:52.218Z,29.37
2026-05-31T09:29:52.667Z,29.46
2026-05-31T09:34:52.361Z,29.43
2026-05-31T09:39:52.347Z,29.86
2026-05-31T09:44:52.285Z,30.06
2026-05-31T09:49:52.356Z,30.44
2026-05-31T09:54:52.386Z,30.58
2026-05-31T09:59:53.199Z,30.47
2026-05-31T10:04:52.318Z,30.78
2026-05-31T10:09:54.203Z,31.19
2026-05-31T10:14:52.438Z,31.42
2026-05-31T10:19:52.234Z,31.71
2026-05-31T10:24:52.416Z,31.85
2026-05-31T10:29:52.273Z,32.22
2026-05-31T10:34:53.135Z,32.25
2026-05-31T10:39:52.229Z,32.45
2026-05-31T10:44:52.353Z,32.25
2026-05-31T10:49:52.369Z,32.43
2026-05-31T10:54:52.574Z,32.48
2026-05-31T10:59:52.289Z,32.66
2026-05-31T11:04:52.354Z,32.85
2026-05-31T11:09:52.28Z,33.15
2026-05-31T11:14:52.388Z,33.11
2026-05-31T11:19:52.22Z,33.43
2026-05-31T11:24:52.167Z,33.72
2026-05-31T11:29:52.265Z,33.69
2026-05-31T11:34:52.215Z,33.66
2026-05-31T11:39:52.378Z,33.63
2026-05-31T11:44:52.648Z,33.83
2026-05-31T11:49:52.775Z,33.89
2026-05-31T11:54:54.162Z,34.09
2026-05-31T11:59:52.997Z,34.21
2026-05-31T12:04:52.332Z,34.15
2026-05-31T12:09:52.407Z,34.5
2026-05-31T12:14:52.207Z,34.64
2026-05-31T12:19:53.929Z,34.93
2026-05-31T12:24:52.241Z,35.04
2026-05-31T12:29:52.651Z,34.96
2026-05-31T12:34:52.256Z,34.9
2026-05-31T12:39:52.907Z,35.16
2026-05-31T12:44:52.343Z,35.42
2026-05-31T12:49:52.399Z,35.39
2026-05-31T12:54:52.324Z,35.42
2026-05-31T12:59:52.163Z,35.33
2026-05-31T13:04:52.308Z,35.39
2026-05-31T13:09:54.924Z,35.73
2026-05-31T13:14:52.745Z,35.73
2026-05-31T13:19:52.39Z,35.7
2026-05-31T13:24:52.222Z,35.68
2026-05-31T13:29:52.165Z,35.82
2026-05-31T13:34:52.588Z,36.02
2026-05-31T13:39:52.593Z,36.17
2026-05-31T13:44:52.755Z,36.34
2026-05-31T13:49:56.011Z,36.28
2026-05-31T13:54:53.665Z,36.25
2026-05-31T13:59:52.362Z,36.19
2026-05-31T14:04:52.284Z,36.11
2026-05-31T14:09:52.169Z,36.19
2026-05-31T14:14:52.91Z,36.08
2026-05-31T14:19:52.311Z,36.17
2026-05-31T14:24:52.247Z,36.08
2026-05-31T14:29:54.293Z,36.31
2026-05-31T14:34:52.956Z,36.14
2026-05-31T14:39:53.07Z,36.02
2026-05-31T14:44:52.129Z,35.88
2026-05-31T14:49:52.23Z,36.22
2026-05-31T14:54:52.344Z,36.19
2026-05-31T14:59:52.203Z,35.88
2026-05-31T15:04:52.276Z,35.82
2026-05-31T15:09:53.19Z,35.39
2026-05-31T15:14:52.265Z,35.3
2026-05-31T15:19:52.185Z,35.39
2026-05-31T15:24:52.85Z,35.5
2026-05-31T15:29:52.29Z,35.56
2026-05-31T15:34:52.413Z,35.01
2026-05-31T15:39:52.445Z,34.61
2026-05-31T15:44:52.235Z,34.32
2026-05-31T15:49:53.188Z,34.15
2026-05-31T15:54:52.14Z,34.24
2026-05-31T15:59:53.731Z,34.06
2026-05-31T16:04:53.503Z,33.98
2026-05-31T16:09:53.401Z,33.98
2026-05-31T16:14:52.301Z,33.83
2026-05-31T16:19:52.879Z,33.92
2026-05-31T16:24:52.374Z,33.75
2026-05-31T16:29:52.528Z,33.31
2026-05-31T16:34:52.399Z,33.08
2026-05-31T16:39:52.262Z,32.82
2026-05-31T16:44:54.077Z,32.59
2026-05-31T16:49:52.191Z,32.51
2026-05-31T16:54:52.254Z,32.51
2026-05-31T16:59:53.77Z,32.31
2026-05-31T17:04:52.382Z,32.28
2026-05-31T17:09:52.243Z,32.11
2026-05-31T17:14:53.825Z,31.87
2026-05-31T17:19:52.404Z,31.59
2026-05-31T17:24:52.327Z,31.3
2026-05-31T17:29:52.356Z,31.13
2026-05-31T17:34:52.226Z,30.84
2026-05-31T17:39:53.102Z,30.55
2026-05-31T17:44:52.172Z,30.41
2026-05-31T17:49:52.489Z,30.09
2026-05-31T17:54:52.141Z,29.86
2026-05-31T17:59:52.27Z,29.57
2026-05-31T18:04:52.664Z,29.37
2026-05-31T18:09:52.182Z,29.26
2026-05-31T18:14:54.119Z,29.32
2026-05-31T18:19:52.916Z,29.03
2026-05-31T18:24:54.94Z,28.88
2026-05-31T18:29:52.385Z,28.68
2026-05-31T18:34:52.208Z,28.54
2026-05-31T18:39:52.354Z,28.39
2026-05-31T18:44:52.352Z,28.28
2026-05-31T18:49:52.392Z,28.13
2026-05-31T18:54:52.349Z,28.13
2026-05-31T18:59:52.346Z,27.99
2026-05-31T19:04:52.388Z,27.87
2026-05-31T19:09:52.151Z,27.71
2026-05-31T19:14:52.404Z,27.59
2026-05-31T19:19:52.217Z,27.53
2026-05-31T19:24:54.683Z,27.48
2026-05-31T19:29:53.667Z,27.36
2026-05-31T19:34:52.213Z,27.3
2026-05-31T19:39:52.183Z,27.13
2026-05-31T19:44:52.86Z,26.92
2026-05-31T19:49:52.661Z,26.81
2026-05-31T19:54:52.222Z,26.61
2026-05-31T19:59:52.157Z,26.52
2026-05-31T20:04:52.184Z,26.41
2026-05-31T20:09:52.359Z,26.32
2026-05-31T20:14:52.638Z,26.18
2026-05-31T20:19:52.192Z,26.15
2026-05-31T20:24:52.307Z,26.09
2026-05-31T20:29:52.309Z,25.97
2026-05-31T20:34:52.197Z,25.95
2026-05-31T20:39:52.165Z,25.95
2026-05-31T20:44:52.199Z,25.89
2026-05-31T20:49:52.398Z,25.89
2026-05-31T20:54:52.187Z,25.92
2026-05-31T20:59:52.311Z,25.86
2026-05-31T21:04:53.409Z,25.83
2026-05-31T21:09:53.205Z,25.78
2026-05-31T21:14:53.892Z,25.66
2026-05-31T21:19:52.236Z,25.57
2026-05-31T21:24:54.379Z,25.55
2026-05-31T21:29:52.157Z,25.49
2026-05-31T21:34:52.284Z,25.37
2026-05-31T21:39:52.239Z,25.26
2026-05-31T21:44:52.222Z,25.14
2026-05-31T21:49:52.144Z,25.0
2026-05-31T21:54:52.386Z,24.83
2026-05-31T21:59:52.234Z,24.85
2026-05-31T22:04:52.372Z,24.88
2026-05-31T22:09:53.711Z,24.91
2026-05-31T22:14:52.221Z,24.83
2026-05-31T22:19:52.191Z,24.62
2026-05-31T22:24:53.274Z,24.62
2026-05-31T22:29:52.395Z,24.62
2026-05-31T22:34:52.214Z,24.62
2026-05-31T22:39:52.36Z,24.48
2026-05-31T22:44:52.291Z,24.48
2026-05-31T22:49:52.247Z,24.31
2026-05-31T22:54:53.668Z,24.28
2026-05-31T22:59:52.251Z,24.11
2026-05-31T23:04:52.279Z,24.05
2026-05-31T23:09:52.168Z,23.9
2026-05-31T23:14:52.248Z,23.73
2026-05-31T23:19:52.286Z,23.67
2026-05-31T23:24:52.355Z,23.62
2026-05-31T23:29:52.203Z,23.59
2026-05-31T23:34:52.55Z,23.47
2026-05-31T23:39:52.637Z,23.47
2026-05-31T23:44:52.621Z,23.44
2026-05-31T23:49:52.669Z,23.44
2026-05-31T23:54:52.453Z,23.3
2026-05-31T23:59:52.262Z,23.24
2026-06-01T00:04:52.213Z,23.07
2026-06-01T00:09:52.35Z,22.98
2026-06-01T00:14:52.147Z,22.98
2026-06-01T00:19:52.826Z,22.81
2026-06-01T00:24:52.174Z,22.84
2026-06-01T00:29:53.68Z,22.78
2026-06-01T00:34:52.383Z,22.64
2026-06-01T00:39:52.208Z,22.58
2026-06-01T00:44:52.215Z,22.55
2026-06-01T00:49:52.217Z,22.46
2026-06-01T00:54:52.497Z,22.38
2026-06-01T00:59:52.637Z,22.44
2026-06-01T01:04:53.744Z,22.41
2026-06-01T01:09:52.262Z,22.52
2026-06-01T01:14:52.341Z,22.58
2026-06-01T01:19:53.14Z,22.69
2026-06-01T01:24:52.24Z,22.69
2026-06-01T01:29:52.152Z,22.61
2026-06-01T01:34:52.328Z,22.52
2026-06-01T01:39:53.779Z,22.49
2026-06-01T01:44:52.905Z,22.38
2026-06-01T01:49:52.334Z,22.32
2026-06-01T01:54:52.172Z,22.26
2026-06-01T01:59:52.378Z,22.21
2026-06-01T02:04:52.257Z,22.23
2026-06-01T02:09:52.308Z,22.15
2026-06-01T02:14:52.217Z,22.06
2026-06-01T02:19:53.876Z,21.97
2026-06-01T02:24:52.815Z,21.83
2026-06-01T02:29:52.143Z,21.72
2026-06-01T02:34:52.15Z,21.72
2026-06-01T02:39:52.271Z,21.57
2026-06-01T02:44:52.173Z,21.49
2026-06-01T02:49:52.313Z,21.37
2026-06-01T02:54:52.209Z,21.32
2026-06-01T02:59:52.365Z,21.4
2026-06-01T03:04:52.244Z,21.4
2026-06-01T03:09:52.133Z,21.49
2026-06-01T03:14:52.252Z,21.46
2026-06-01T03:19:52.258Z,21.55
2026-06-01T03:24:52.973Z,21.51
2026-06-01T03:29:52.327Z,21.49
2026-06-01T03:34:52.28Z,21.49
2026-06-01T03:39:52.241Z,21.49
2026-06-01T03:44:52.348Z,21.49
2026-06-01T03:49:52.308Z,21.34
2026-06-01T03:54:52.341Z,21.23
2026-06-01T03:59:52.292Z,21.23
2026-06-01T04:04:52.345Z,21.11
2026-06-01T04:09:53.884Z,21.0
2026-06-01T04:14:52.128Z,20.88
2026-06-01T04:19:52.129Z,20.79
2026-06-01T04:24:52.183Z,20.68
2026-06-01T04:29:52.34Z,20.51
2026-06-01T04:34:52.355Z,20.48
2026-06-01T04:39:53.395Z,20.45
2026-06-01T04:44:52.258Z,20.37
2026-06-01T04:49:52.235Z,20.45
2026-06-01T04:54:52.345Z,20.48
2026-06-01T04:59:52.513Z,20.74
2026-06-01T05:04:52.196Z,20.88
2026-06-01T05:09:52.546Z,21.06
2026-06-01T05:14:52.221Z,21.06
2026-06-01T05:19:52.339Z,21.2
2026-06-01T05:24:52.169Z,21.2
2026-06-01T05:29:52.353Z,21.25
2026-06-01T05:34:52.36Z,21.37
2026-06-01T05:39:52.38Z,21.46
2026-06-01T05:44:52.397Z,21.6
2026-06-01T05:49:52.322Z,21.77
2026-06-01T05:54:52.206Z,21.95
2026-06-01T05:59:52.833Z,22.0
2026-06-01T06:04:52.15Z,21.92
2026-06-01T06:09:52.357Z,21.95
2026-06-01T06:14:52.17Z,22.15
2026-06-01T06:19:52.253Z,22.26
2026-06-01T06:24:52.162Z,22.41
2026-06-01T06:29:53.254Z,22.41
2026-06-01T06:34:52.553Z,22.67
2026-06-01T06:39:52.35Z,22.81
2026-06-01T06:44:52.213Z,23.07
2026-06-01T06:49:52.371Z,23.33
2026-06-01T06:54:52.39Z,23.7
2026-06-01T06:59:52.475Z,24.02
2026-06-01T07:04:52.764Z,24.28
2026-06-01T07:09:54.943Z,24.51
2026-06-01T07:14:52.309Z,24.71
2026-06-01T07:19:52.383Z,24.91
2026-06-01T07:24:52.401Z,25.23
2026-06-01T07:29:52.241Z,25.63
2026-06-01T07:34:52.169Z,25.86
2026-06-01T07:39:52.251Z,25.92
2026-06-01T07:44:54.513Z,26.04
2026-06-01T07:49:53.036Z,26.18
2026-06-01T07:54:52.149Z,26.35
2026-06-01T07:59:52.234Z,26.61
2026-06-01T08:04:52.214Z,26.9
2026-06-01T08:09:52.171Z,27.16
2026-06-01T08:14:52.2Z,27.48
2026-06-01T08:19:52.276Z,27.71
2026-06-01T08:24:52.859Z,27.82
2026-06-01T08:29:53.963Z,27.97
2026-06-01T08:34:54.227Z,28.25
2026-06-01T08:39:52.291Z,28.51
2026-06-01T08:44:52.416Z,28.62
2026-06-01T08:49:52.29Z,28.85
2026-06-01T08:54:52.199Z,28.88
2026-06-01T08:59:52.404Z,29.08
2026-06-01T09:04:52.152Z,29.46
2026-06-01T09:09:52.177Z,29.8
2026-06-01T09:14:52.413Z,29.86
2026-06-01T09:19:52.286Z,30.09
2026-06-01T09:24:52.252Z,30.29
2026-06-01T09:29:52.275Z,30.5
2026-06-01T09:34:52.398Z,30.99
2026-06-01T09:39:52.382Z,31.24
2026-06-01T09:44:52.382Z,31.22
2026-06-01T09:49:52.343Z,31.45
2026-06-01T09:54:52.18Z,30.96
2026-06-01T09:59:52.24Z,31.36
2026-06-01T10:04:52.423Z,31.68
2026-06-01T10:09:52.178Z,31.82
2026-06-01T10:14:52.265Z,32.08
2026-06-01T10:19:52.303Z,32.4
2026-06-01T10:24:52.504Z,32.66
2026-06-01T10:29:52.28Z,32.74
2026-06-01T10:34:52.189Z,32.85
2026-06-01T10:39:52.684Z,33.0
2026-06-01T10:44:52.354Z,33.11
2026-06-01T10:49:52.235Z,33.52
2026-06-01T10:54:52.93Z,33.49
2026-06-01T10:59:52.298Z,33.46
2026-06-01T11:04:52.197Z,33.78
2026-06-01T11:09:52.197Z,33.83
2026-06-01T11:14:53.416Z,34.12
2026-06-01T11:19:52.259Z,34.27
2026-06-01T11:24:52.336Z,34.47
2026-06-01T11:29:52.239Z,34.5
2026-06-01T11:34:52.411Z,34.35
2026-06-01T11:39:52.356Z,34.61
2026-06-01T11:44:52.207Z,34.84
2026-06-01T11:49:52.373Z,34.87
2026-06-01T11:54:52.396Z,35.01
2026-06-01T11:59:52.646Z,35.13
2026-06-01T12:04:55.264Z,35.33
2026-06-01T12:09:52.367Z,35.42
2026-06-01T12:14:52.274Z,35.16
2026-06-01T12:19:52.422Z,35.16
2026-06-01T12:24:52.21Z,35.24
2026-06-01T12:29:52.297Z,35.27
2026-06-01T12:34:52.411Z,35.36
2026-06-01T12:39:52.186Z,35.24
2026-06-01T12:44:52.244Z,35.53
2026-06-01T12:49:52.408Z,35.73
2026-06-01T12:54:52.415Z,36.02
2026-06-01T12:59:52.369Z,36.19
2026-06-01T13:04:52.28Z,36.02
2026-06-01T13:09:52.615Z,35.96
2026-06-01T13:14:52.403Z,35.76
2026-06-01T13:19:52.379Z,35.82
2026-06-01T13:24:52.359Z,35.96
2026-06-01T13:29:52.4Z,35.88
2026-06-01T13:34:52.39Z,35.73
2026-06-01T13:39:52.35Z,35.79
2026-06-01T13:44:52.224Z,36.05
2026-06-01T13:49:52.33Z,36.11
2026-06-01T13:54:55.324Z,36.31
2026-06-01T13:59:55.306Z,36.4
2026-06-01T14:04:52.359Z,36.45
2026-06-01T14:09:52.384Z,36.28
2026-06-01T14:14:52.324Z,36.02
2026-06-01T14:19:52.147Z,36.19
2026-06-01T14:24:52.43Z,36.05
2026-06-01T14:29:53.247Z,35.94
2026-06-01T14:34:52.219Z,35.99
2026-06-01T14:39:52.57Z,36.11
2026-06-01T14:44:52.273Z,36.05
2026-06-01T14:49:52.19Z,35.88
2026-06-01T14:54:52.295Z,35.85
2026-06-01T14:59:52.336Z,35.99
2026-06-01T15:04:52.409Z,35.85
2026-06-01T15:09:52.385Z,35.94
2026-06-01T15:14:52.388Z,35.79
2026-06-01T15:19:52.161Z,35.68
2026-06-01T15:24:53.804Z,35.56
2026-06-01T15:29:52.19Z,35.5
2026-06-01T15:34:52.351Z,35.42
2026-06-01T15:39:52.155Z,35.3
2026-06-01T15:44:52.384Z,35.1
2026-06-01T15:49:52.404Z,35.24
2026-06-01T15:54:52.265Z,35.27
2026-06-01T15:59:52.367Z,35.1
2026-06-01T16:04:52.455Z,34.98
2026-06-01T16:09:52.374Z,34.81
2026-06-01T16:14:52.163Z,35.01
2026-06-01T16:19:53.007Z,34.98
2026-06-01T16:24:52.307Z,34.9
2026-06-01T16:29:52.359Z,34.7
2026-06-01T16:34:52.955Z,34.55
2026-06-01T16:39:52.308Z,34.41
2026-06-01T16:44:52.418Z,34.38
2026-06-01T16:49:53.402Z,34.12
2026-06-01T16:54:53.466Z,34.27
2026-06-02T05:45:03.604Z,22.06
2026-06-02T05:46:01.4Z,22.12
2026-06-02T06:17:22.346Z,22.23
2026-06-02T07:01:40.693Z,22.46
2026-06-02T07:02:47.479Z,22.61
2026-06-02T07:03:49.943Z,22.87
2026-06-02T07:04:48.494Z,23.07
2026-06-02T07:05:57.281Z,23.5
2026-06-02T07:07:04.191Z,23.85
2026-06-02T07:08:04.545Z,24.22
2026-06-02T07:09:06.801Z,24.45
2026-06-02T07:10:11.488Z,24.71
2026-06-02T07:11:15.089Z,24.88
2026-06-02T07:12:19.099Z,25.14
2026-06-02T07:13:17.811Z,25.32
2026-06-02T07:14:26.334Z,25.43
2026-06-02T07:15:27.51Z,25.69
2026-06-02T07:16:40.112Z,26.12
2026-06-02T07:17:38.744Z,26.61
2026-06-02T07:18:37.312Z,27.07
2026-06-02T07:21:04.391Z,27.41
2026-06-02T07:26:02.171Z,27.9
2026-06-02T07:31:03.612Z,28.11
2026-06-02T07:36:01.981Z,28.54
2026-06-02T07:41:02.453Z,28.88
2026-06-02T07:46:03.939Z,29.32
2026-06-02T07:51:02.574Z,29.52
2026-06-02T07:56:04.43Z,29.83
2026-06-02T08:01:02.219Z,30.04
2026-06-02T08:06:04.093Z,30.24
2026-06-02T08:11:04.734Z,30.52
2026-06-02T08:16:02.339Z,30.73
2026-06-02T08:21:02.937Z,30.99
2026-06-02T08:26:02.286Z,31.39
2026-06-02T08:31:02.49Z,31.71
2026-06-02T08:36:02.342Z,31.71
2026-06-02T08:41:03.348Z,32.02
2026-06-02T08:46:01.939Z,32.13
2026-06-02T08:51:02.252Z,32.4
2026-06-02T08:56:02.414Z,32.59
2026-06-02T09:01:02.653Z,32.74
2026-06-02T09:06:02.497Z,33.06
2026-06-02T09:11:02.779Z,33.23
2026-06-02T09:16:02.617Z,33.63
2026-06-02T09:21:02.91Z,33.75
2026-06-02T09:26:02.558Z,33.95
2026-06-02T09:31:02.586Z,34.27
2026-06-02T09:36:03.28Z,34.58
2026-06-02T09:41:02.515Z,34.98
2026-06-02T09:46:02.562Z,35.19
2026-06-02T09:51:02.47Z,35.59
2026-06-02T09:56:02.648Z,36.02
2026-06-02T10:01:05.953Z,36.37
2026-06-02T10:06:03.267Z,36.68
2026-06-02T10:11:03.324Z,36.97
2026-06-02T10:16:02.659Z,36.97
2026-06-02T10:21:04.523Z,37.05
2026-06-02T10:26:02.534Z,37.38
2026-06-02T10:31:02.475Z,37.52
2026-06-02T10:36:02.317Z,37.63
2026-06-02T10:41:02.738Z,37.63
2026-06-02T10:46:02.277Z,37.8
2026-06-02T10:51:03.392Z,37.95
2026-06-02T10:56:02.653Z,37.84
2026-06-02T11:01:05.707Z,38.15
2026-06-02T11:06:04.341Z,38.35
2026-06-02T11:11:03.308Z,38.33
2026-06-02T11:16:02.952Z,38.47
2026-06-02T11:21:03.214Z,38.61
2026-06-02T11:26:02.94Z,38.9
2026-06-02T11:31:02.754Z,39.07
2026-06-02T11:36:02.385Z,38.9
2026-06-02T11:41:02.707Z,38.82
2026-06-02T11:46:04.575Z,38.87
2026-06-02T11:51:02.545Z,39.16
2026-06-02T11:56:02.346Z,39.39
2026-06-02T12:01:04.781Z,39.47
2026-06-02T12:06:05.82Z,39.76
2026-06-02T12:11:03.28Z,39.73
2026-06-02T12:16:02.665Z,39.73
2026-06-02T12:21:02.288Z,39.91
2026-06-02T12:26:02.593Z,39.7
2026-06-02T12:31:02.968Z,39.85
2026-06-02T12:36:02.914Z,39.88
2026-06-02T12:41:02.513Z,40.08
2026-06-02T12:46:02.394Z,40.31
2026-06-02T12:51:04.909Z,40.34
2026-06-02T12:56:02.915Z,40.05
2026-06-02T13:01:03.957Z,39.93
2026-06-02T13:06:02.518Z,39.79
2026-06-02T13:11:07.039Z,39.82
2026-06-02T13:16:02.654Z,39.82
2026-06-02T13:21:02.481Z,40.14
2026-06-02T13:26:03.691Z,39.99
2026-06-02T13:31:02.831Z,39.59
2026-06-02T13:36:02.422Z,39.59
2026-06-02T13:41:02.643Z,39.53
2026-06-02T13:46:07.157Z,39.65
2026-06-02T13:51:02.543Z,39.88
2026-06-02T13:56:02.348Z,39.88
2026-06-02T14:01:02.918Z,39.93
2026-06-02T14:06:02.403Z,39.7
2026-06-02T14:11:02.772Z,39.93
2026-06-02T14:16:02.884Z,39.93
2026-06-02T14:21:02.667Z,39.68
2026-06-02T14:26:02.739Z,39.42
2026-06-02T14:31:06.63Z,39.36
2026-06-02T14:36:02.361Z,39.39
2026-06-02T14:41:02.513Z,39.36
2026-06-02T14:46:02.479Z,39.62
2026-06-02T14:51:03.304Z,39.36
2026-06-02T14:56:04.128Z,39.24
2026-06-02T15:01:02.703Z,39.47
2026-06-02T15:06:03.035Z,39.62
2026-06-02T15:11:02.684Z,39.73
2026-06-02T15:16:02.715Z,39.62
2026-06-02T15:21:02.788Z,39.73
2026-06-02T15:26:06.343Z,39.82
2026-06-02T15:31:02.558Z,39.68
2026-06-02T15:36:02.501Z,39.79
2026-06-02T15:41:02.825Z,39.62
2026-06-02T15:46:02.539Z,39.5
2026-06-02T15:51:02.51Z,39.53
2026-06-02T15:56:02.928Z,39.56
2026-06-02T16:01:02.758Z,39.47
2026-06-02T16:06:02.665Z,39.59
2026-06-02T16:11:02.42Z,39.47
2026-06-02T16:16:04.867Z,39.27
2026-06-02T16:21:03.062Z,39.04
2026-06-02T16:26:02.634Z,39.01
2026-06-02T16:31:02.315Z,39.01
2026-06-02T16:36:02.688Z,38.84
2026-06-02T16:41:02.48Z,39.01
2026-06-02T16:46:02.386Z,39.1
2026-06-02T16:51:05.391Z,39.04
2026-06-02T16:56:02.388Z,38.87
2026-06-02T17:01:02.776Z,38.67
2026-06-02T17:06:02.533Z,38.49
2026-06-02T17:11:02.744Z,38.47
2026-06-02T17:16:03.939Z,38.56
2026-06-02T17:21:02.761Z,38.52
2026-06-02T17:26:02.801Z,38.47
2026-06-02T17:31:02.403Z,38.61
2026-06-02T17:36:02.921Z,38.73
2026-06-02T17:41:02.655Z,38.78
2026-06-02T17:46:02.667Z,38.61
2026-06-02T17:51:02.701Z,38.49
2026-06-02T17:56:02.672Z,38.56
2026-06-02T18:01:05.007Z,38.58
2026-06-02T18:06:02.266Z,38.49
2026-06-02T18:11:04.459Z,38.56
2026-06-02T18:16:03.157Z,38.52
2026-06-02T18:21:02.841Z,38.56
2026-06-02T18:26:04.563Z,38.38
2026-06-02T18:31:02.585Z,38.29
2026-06-02T18:36:02.421Z,38.03
2026-06-02T18:41:04.494Z,37.8
2026-06-02T18:46:02.666Z,37.69
2026-06-02T18:51:02.733Z,37.52
2026-06-02T18:56:02.616Z,37.46
2026-06-02T19:01:04.54Z,37.29
2026-06-02T19:06:02.838Z,37.03
2026-06-02T19:11:02.426Z,36.74
2026-06-02T19:16:02.532Z,36.48
2026-06-02T19:21:02.807Z,36.28
2026-06-02T19:26:03.308Z,36.17
2026-06-02T19:31:02.489Z,35.82
2026-06-02T19:36:04.682Z,35.62
2026-06-02T19:41:02.33Z,35.01
2026-06-02T19:46:02.706Z,34.01
2026-06-02T19:51:04.39Z,33.29
2026-06-02T19:56:03.234Z,32.74
2026-06-02T20:01:02.482Z,32.28
2026-06-02T20:06:02.708Z,31.87
2026-06-02T20:11:02.519Z,31.62
2026-06-02T20:16:02.625Z,31.42
2026-06-02T20:21:02.428Z,31.22
2026-06-02T20:26:02.672Z,30.7
2026-06-02T20:31:02.832Z,30.47
2026-06-02T20:36:03.878Z,30.27
2026-06-02T20:41:02.577Z,30.01
2026-06-02T20:46:03.217Z,29.75
2026-06-02T20:51:02.638Z,29.66
2026-06-02T20:56:02.325Z,29.43
2026-06-02T21:01:03.38Z,29.23
2026-06-02T21:06:03.011Z,29.06
2026-06-02T21:11:02.435Z,28.8
2026-06-02T21:16:04.95Z,28.6
2026-06-02T21:21:02.453Z,28.36
2026-06-02T21:26:02.467Z,28.19
2026-06-02T21:31:02.519Z,28.08
2026-06-02T21:36:02.421Z,27.99
2026-06-02T21:41:02.626Z,27.73
2026-06-02T21:46:03.744Z,27.64
2026-06-02T21:51:02.621Z,27.48
2026-06-02T21:56:02.51Z,27.3
2026-06-02T22:01:02.759Z,27.22
2026-06-02T22:06:02.578Z,26.99
2026-06-02T22:11:03.081Z,26.87
2026-06-02T22:16:02.7Z,26.64
2026-06-02T22:21:03.731Z,26.46
2026-06-02T22:26:04.089Z,26.27
2026-06-02T22:31:02.282Z,26.12
2026-06-02T22:36:02.582Z,25.92
2026-06-02T22:41:04.528Z,25.95
2026-06-02T22:46:02.399Z,25.83
2026-06-02T22:51:02.873Z,25.86
2026-06-02T22:56:03.949Z,25.75
2026-06-02T23:01:02.39Z,25.69
2026-06-02T23:06:04.05Z,25.57
2026-06-02T23:11:03.604Z,25.57
2026-06-02T23:16:02.509Z,25.43
2026-06-02T23:21:02.685Z,25.4
2026-06-02T23:26:02.342Z,25.37
2026-06-02T23:31:04.73Z,25.34
2026-06-02T23:36:02.615Z,25.32
2026-06-02T23:41:02.655Z,25.34
2026-06-02T23:46:02.85Z,25.34
2026-06-02T23:51:02.663Z,25.29
2026-06-02T23:56:03.793Z,25.2
2026-06-03T00:01:02.695Z,25.11
2026-06-03T00:06:02.471Z,25.11
2026-06-03T00:11:02.888Z,25.09
2026-06-03T00:16:02.434Z,25.0
2026-06-03T00:21:02.565Z,24.85
2026-06-03T00:26:02.559Z,24.77
2026-06-03T00:31:02.267Z,24.83
2026-06-03T00:36:02.663Z,24.71
2026-06-03T00:41:03.05Z,24.57
2026-06-03T00:46:02.434Z,24.57
2026-06-03T00:51:03.617Z,24.42
2026-06-03T00:56:02.833Z,24.39
2026-06-03T01:01:02.45Z,24.31
2026-06-03T01:06:04.054Z,24.34
2026-06-03T01:11:04.724Z,24.34
2026-06-03T01:16:02.303Z,24.34
2026-06-03T01:21:04.59Z,24.48
2026-06-03T01:26:02.723Z,24.57
2026-06-03T01:31:02.618Z,24.62
2026-06-03T01:36:02.442Z,24.51
2026-06-03T01:41:02.908Z,24.45
2026-06-03T01:46:03.07Z,24.45
2026-06-03T01:51:02.388Z,24.37
2026-06-03T01:56:02.4Z,24.22
2026-06-03T02:01:02.617Z,24.08
2026-06-03T02:06:02.751Z,23.9
2026-06-03T02:11:02.431Z,23.93
2026-06-03T02:16:02.465Z,23.76
2026-06-03T02:21:03.253Z,23.65
2026-06-03T02:26:02.693Z,23.79
2026-06-03T02:31:03.92Z,23.85
2026-06-03T02:36:02.509Z,23.99
2026-06-03T02:41:04.667Z,24.05
2026-06-03T02:46:02.47Z,24.11
2026-06-03T02:51:02.535Z,24.05
2026-06-03T02:56:02.671Z,24.08
2026-06-03T03:01:03.086Z,24.02
2026-06-03T03:06:02.705Z,24.05
2026-06-03T03:11:04.693Z,24.05
2026-06-03T03:16:02.89Z,24.05
2026-06-03T03:21:02.702Z,24.05
2026-06-03T03:26:02.592Z,24.05
2026-06-03T03:31:02.259Z,24.05
2026-06-03T03:36:03.511Z,24.02
2026-06-03T03:41:04.171Z,23.93
2026-06-03T03:46:02.834Z,23.76
2026-06-03T03:51:02.849Z,23.67
2026-06-03T03:56:02.446Z,23.53
2026-06-03T04:01:04.854Z,23.44
2026-06-03T04:06:02.707Z,23.39
2026-06-03T04:11:02.669Z,23.36
2026-06-03T04:16:02.71Z,23.3
2026-06-03T04:21:02.366Z,23.18
2026-06-03T04:26:02.409Z,23.21
2026-06-03T04:31:02.579Z,23.1
2026-06-03T04:36:02.507Z,23.07
2026-06-03T04:41:03.239Z,23.04
2026-06-03T04:46:02.448Z,22.9
2026-06-03T04:51:02.539Z,22.81
2026-06-03T04:56:02.696Z,22.81
2026-06-03T05:01:02.519Z,22.9
2026-06-03T05:06:02.579Z,22.9
2026-06-03T05:11:02.857Z,23.07
2026-06-03T05:16:02.579Z,23.18
2026-06-03T05:21:02.412Z,23.59
2026-06-03T05:26:03.119Z,23.79
2026-06-03T05:31:02.687Z,24.05
2026-06-03T05:36:02.642Z,24.13
2026-06-03T05:41:03.517Z,24.37
2026-06-03T05:46:03.058Z,24.54
2026-06-03T05:51:02.831Z,24.8
2026-06-03T05:56:04.594Z,24.97
2026-06-03T06:01:03.341Z,25.17
2026-06-03T06:06:02.743Z,25.34
2026-06-03T06:11:02.423Z,25.49
2026-06-03T06:16:02.715Z,25.69
2026-06-03T06:21:05.337Z,25.69
2026-06-03T06:26:03.11Z,25.89
2026-06-03T06:31:02.654Z,25.89
2026-06-03T06:36:03.18Z,25.95
2026-06-03T06:41:02.784Z,26.18
2026-06-03T06:46:02.587Z,26.35
2026-06-03T06:51:02.533Z,26.15
2026-06-03T06:56:04.653Z,26.38
2026-06-03T07:01:02.957Z,26.38
2026-06-03T07:06:03.215Z,26.44
2026-06-03T07:11:04.333Z,26.69
2026-06-03T07:16:02.468Z,27.01
2026-06-03T07:21:03.506Z,27.01
2026-06-03T07:26:03.614Z,26.76
2026-06-03T07:31:02.445Z,26.9
2026-06-03T07:36:02.89Z,27.1
2026-06-03T07:41:02.833Z,27.36
2026-06-03T07:46:04.276Z,27.59
2026-06-03T07:51:02.861Z,27.59
2026-06-03T07:56:02.869Z,27.3
2026-06-03T08:01:02.922Z,26.92
2026-06-03T08:06:02.736Z,26.76
2026-06-03T08:11:03.018Z,26.73
2026-06-03T08:16:03.117Z,26.73
2026-06-03T08:21:04.74Z,26.9
2026-06-03T08:26:02.796Z,27.27
2026-06-03T08:31:02.834Z,27.48
2026-06-03T08:36:05.391Z,27.53
2026-06-03T08:41:02.63Z,27.16
2026-06-03T08:46:02.804Z,27.07
2026-06-03T08:51:02.888Z,26.99
2026-06-03T08:56:02.562Z,26.87
2026-06-03T09:01:03.285Z,26.84
2026-06-03T09:06:02.793Z,26.95
2026-06-03T09:11:02.617Z,27.16
2026-06-03T09:16:02.39Z,27.44
2026-06-03T09:21:02.823Z,27.76
2026-06-03T09:26:02.645Z,27.79
2026-06-03T09:31:05.47Z,28.02
2026-06-03T09:36:02.893Z,28.85
2026-06-03T09:41:02.734Z,28.8
2026-06-03T09:46:02.568Z,28.71
2026-06-03T09:51:02.734Z,28.6
2026-06-03T09:56:02.595Z,28.71
2026-06-03T10:01:02.704Z,28.74
2026-06-03T10:06:02.893Z,28.57
2026-06-03T10:11:02.466Z,29.03
2026-06-03T10:16:02.794Z,29.32
2026-06-03T10:21:02.923Z,29.52
2026-06-03T10:26:03.199Z,29.75
2026-06-03T10:31:02.704Z,29.72
2026-06-03T10:36:02.42Z,29.95
2026-06-03T10:41:04.169Z,30.18
2026-06-03T10:46:04.169Z,30.27
2026-06-03T10:51:02.456Z,29.98
2026-06-03T10:56:05.198Z,30.01
2026-06-03T11:01:02.595Z,30.12
2026-06-03T11:06:04.421Z,30.01
2026-06-03T11:11:02.784Z,30.18
2026-06-03T11:16:02.821Z,29.95
2026-06-03T11:21:03.387Z,29.98
2026-06-03T11:26:02.579Z,30.09
2026-06-03T11:31:03.151Z,29.95
2026-06-03T11:36:02.785Z,30.15
2026-06-03T11:41:04.434Z,30.35
2026-06-03T11:46:02.259Z,30.06
2026-06-03T11:51:02.539Z,30.15
2026-06-03T11:56:03.892Z,30.24
2026-06-03T12:01:07.297Z,30.38
2026-06-03T12:06:03.227Z,30.47
2026-06-03T12:11:05.133Z,30.38
2026-06-03T12:16:02.937Z,30.29
2026-06-03T12:21:02.487Z,30.47
2026-06-03T12:26:05.06Z,30.35
2026-06-03T12:31:03.371Z,30.41
2026-06-03T12:36:02.74Z,30.29
2026-06-03T12:41:02.71Z,30.12
2026-06-03T12:46:02.355Z,30.41
2026-06-03T12:51:02.714Z,30.55
2026-06-03T12:56:02.594Z,30.47
2026-06-03T13:01:02.852Z,30.47
2026-06-03T13:06:02.538Z,30.52
2026-06-03T13:11:02.391Z,30.52
2026-06-03T13:16:02.488Z,30.7
2026-06-03T13:21:04.71Z,30.81
2026-06-03T13:26:02.701Z,30.61
2026-06-03T13:31:05.352Z,30.81
2026-06-03T13:36:04.524Z,30.99
2026-06-03T13:41:02.614Z,30.9
2026-06-03T13:46:03.576Z,30.7
2026-06-03T13:51:02.854Z,30.67
2026-06-03T13:56:02.345Z,30.75
2026-06-03T14:01:02.55Z,30.64
2026-06-03T14:06:02.593Z,30.55
2026-06-03T14:11:03.637Z,30.7
2026-06-03T14:16:02.646Z,30.38
2026-06-03T14:21:02.879Z,30.41
2026-06-03T14:26:02.601Z,30.61
2026-06-03T14:31:02.507Z,30.73
2026-06-03T14:36:02.756Z,30.64
2026-06-03T14:41:02.883Z,30.64
2026-06-03T14:46:02.71Z,30.52
2026-06-03T14:51:02.445Z,30.55
2026-06-03T14:56:02.675Z,30.47
2026-06-03T15:01:04.337Z,30.7
2026-06-03T15:06:02.682Z,30.87
2026-06-03T15:11:02.71Z,30.61
2026-06-03T15:16:04.222Z,30.58
2026-06-03T15:21:02.972Z,30.47
2026-06-03T15:26:02.896Z,30.47
2026-06-03T15:31:03.026Z,30.18
2026-06-03T15:36:03.24Z,30.09
2026-06-03T15:41:02.659Z,30.38
2026-06-03T15:46:02.432Z,30.32
2026-06-03T15:51:02.813Z,30.15
2026-06-03T15:56:02.502Z,30.24
2026-06-03T16:01:04.84Z,30.38
2026-06-03T16:06:02.763Z,30.24
2026-06-03T16:11:02.482Z,30.06
2026-06-03T16:16:02.678Z,30.15
2026-06-03T16:21:02.77Z,30.21
2026-06-03T16:26:04.046Z,30.29
2026-06-03T16:31:02.911Z,30.27
2026-06-03T16:36:02.506Z,30.27
2026-06-03T16:41:03.205Z,30.29
2026-06-03T16:46:04.415Z,30.01
2026-06-03T16:51:02.848Z,29.83
2026-06-03T16:56:06.512Z,29.66
2026-06-03T17:01:02.468Z,29.63
2026-06-03T17:06:03.361Z,29.72
2026-06-03T17:11:02.674Z,29.75
2026-06-03T17:16:04.302Z,29.69
2026-06-03T17:21:02.866Z,29.55
2026-06-03T17:26:03.728Z,29.46
2026-06-03T17:31:02.373Z,29.52
2026-06-03T17:36:02.586Z,29.2
2026-06-03T17:41:02.51Z,29.29
2026-06-03T17:46:04.622Z,28.97
2026-06-03T17:51:02.716Z,28.91
2026-06-03T17:56:03.076Z,28.68
2026-06-03T18:01:03.379Z,28.36
2026-06-03T18:06:02.545Z,28.11
2026-06-03T18:11:02.766Z,28.08
2026-06-03T18:16:02.329Z,27.93
2026-06-03T18:21:03.335Z,28.08
2026-06-03T18:26:02.609Z,28.11
2026-06-03T18:31:02.422Z,28.11
2026-06-03T18:36:02.342Z,27.79
2026-06-03T18:41:03.467Z,27.59
2026-06-03T18:46:02.407Z,27.36
2026-06-03T18:51:02.974Z,27.27
2026-06-03T18:56:02.734Z,27.22
2026-06-03T19:01:02.651Z,27.01
2026-06-03T19:06:02.479Z,27.04
2026-06-03T19:11:04.452Z,26.81
2026-06-03T19:16:02.733Z,26.64
2026-06-03T19:21:02.602Z,26.46
2026-06-03T19:26:03.305Z,26.44
2026-06-03T19:31:02.996Z,26.27
2026-06-03T19:36:02.751Z,26.24
2026-06-03T19:41:02.619Z,26.15
2026-06-03T19:46:02.464Z,26.01
2026-06-03T19:51:02.797Z,25.86
2026-06-03T19:56:03.097Z,25.75
2026-06-03T20:01:04.394Z,25.66
2026-06-03T20:06:02.736Z,25.49
2026-06-03T20:11:03.113Z,25.55
2026-06-03T20:16:03.054Z,25.37
2026-06-03T20:21:02.836Z,25.32
2026-06-03T20:26:02.455Z,25.14
2026-06-03T20:31:02.556Z,25.09
2026-06-03T20:36:02.669Z,24.88
2026-06-03T20:41:02.461Z,24.8
2026-06-03T20:46:02.876Z,24.83
2026-06-03T20:51:03.062Z,24.71
2026-06-03T20:56:02.497Z,24.68
2026-06-03T21:01:02.345Z,24.54
2026-06-03T21:06:02.755Z,24.57
2026-06-03T21:11:03.858Z,24.54
2026-06-03T21:16:02.601Z,24.54
2026-06-03T21:21:02.516Z,24.48
2026-06-03T21:26:04.515Z,24.42
2026-06-03T21:31:02.679Z,24.39
2026-06-03T21:36:03.953Z,24.37
2026-06-03T21:41:02.665Z,24.34
2026-06-03T21:46:02.86Z,24.25
2026-06-03T21:51:06.196Z,24.25
2026-06-03T21:56:02.729Z,24.19
2026-06-03T22:01:02.854Z,24.13
2026-06-03T22:06:02.959Z,24.08
2026-06-03T22:11:02.487Z,24.08
2026-06-03T22:16:04.696Z,23.96
2026-06-03T22:21:02.405Z,23.99
2026-06-03T22:26:02.515Z,23.9
2026-06-03T22:31:02.297Z,23.88
2026-06-03T22:36:02.694Z,23.88
2026-06-03T22:41:03.225Z,23.73
2026-06-03T22:46:02.441Z,23.76
2026-06-03T22:51:02.527Z,23.7
2026-06-03T22:56:02.723Z,23.65
2026-06-03T23:01:02.504Z,23.62
2026-06-03T23:06:04.533Z,23.56
2026-06-03T23:11:04.122Z,23.56
2026-06-03T23:16:02.714Z,23.5
2026-06-03T23:21:03.498Z,23.53
2026-06-03T23:26:02.619Z,23.47
2026-06-03T23:31:02.47Z,23.44
2026-06-03T23:36:02.832Z,23.47
2026-06-03T23:41:02.695Z,23.41
2026-06-03T23:46:02.682Z,23.44
2026-06-03T23:51:02.892Z,23.41
2026-06-03T23:56:02.401Z,23.3
2026-06-04T00:01:02.422Z,23.24
2026-06-04T00:06:02.759Z,23.18
2026-06-04T00:11:02.535Z,23.13
2026-06-04T00:16:04.57Z,23.1
2026-06-04T00:21:02.371Z,23.07
2026-06-04T00:26:02.609Z,23.04
2026-06-04T00:31:02.582Z,23.04
2026-06-04T00:36:03.726Z,22.9
2026-06-04T00:41:02.487Z,22.9
2026-06-04T00:46:02.855Z,22.87
2026-06-04T00:51:03.008Z,22.84
2026-06-04T00:56:02.507Z,22.87
2026-06-04T01:01:02.76Z,22.84
2026-06-04T01:06:02.757Z,22.87
2026-06-04T01:11:05.5Z,22.87
2026-06-04T01:16:03.426Z,22.87
2026-06-04T01:21:03.827Z,22.81
2026-06-04T01:26:02.46Z,22.81
2026-06-04T01:31:02.787Z,22.84
2026-06-04T01:36:02.891Z,22.87
2026-06-04T01:41:04.137Z,22.93
2026-06-04T01:46:02.525Z,22.9
2026-06-04T01:51:02.718Z,22.87
2026-06-04T01:56:02.698Z,22.72
2026-06-04T02:01:03.996Z,22.75
2026-06-04T02:06:02.741Z,22.67
2026-06-04T02:11:02.83Z,22.69
2026-06-04T02:16:02.446Z,22.64
2026-06-04T02:21:02.532Z,22.58
2026-06-04T02:26:06.417Z,22.61
2026-06-04T02:31:02.647Z,22.61
2026-06-04T02:36:02.466Z,22.58
2026-06-04T02:41:02.558Z,22.58
2026-06-04T02:46:03.332Z,22.49
2026-06-04T02:51:02.466Z,22.52
2026-06-04T02:56:02.718Z,22.38
2026-06-04T03:01:02.538Z,22.41
2026-06-04T03:06:04.564Z,22.35
2026-06-04T03:11:02.601Z,22.35
2026-06-04T03:16:03.421Z,22.26
2026-06-04T03:21:04.597Z,22.29
2026-06-04T03:26:04.757Z,22.26
2026-06-04T03:31:02.683Z,22.26
2026-06-04T03:36:02.502Z,22.35
2026-06-04T03:41:04.175Z,22.44
2026-06-04T03:46:03.399Z,22.52
2026-06-04T03:51:03.474Z,22.64
2026-06-04T03:56:04.304Z,22.72
2026-06-04T04:01:02.886Z,22.78
2026-06-04T04:06:03.922Z,22.78
2026-06-04T04:11:02.569Z,22.98
2026-06-04T04:16:03.548Z,23.01
2026-06-04T04:21:02.646Z,23.07
2026-06-04T04:26:02.8Z,23.1
2026-06-04T04:31:02.353Z,23.1
2026-06-04T04:36:03.309Z,23.21
2026-06-04T04:41:02.734Z,23.24
2026-06-04T04:46:04.441Z,23.21
2026-06-04T04:51:02.787Z,23.24
2026-06-04T04:56:03.098Z,23.24
2026-06-04T05:01:02.873Z,23.3
2026-06-04T05:06:02.681Z,23.47
2026-06-04T05:11:02.306Z,23.44
2026-06-04T05:16:02.459Z,23.36
2026-06-04T05:21:02.759Z,23.36
2026-06-04T05:26:02.473Z,23.3
2026-06-04T05:31:03.079Z,23.41
2026-06-04T05:36:04.351Z,23.41
2026-06-04T05:41:04.138Z,23.41
2026-06-04T05:46:02.592Z,23.41
2026-06-04T05:51:02.791Z,23.5
2026-06-04T05:56:05.072Z,23.56
2026-06-04T06:01:02.547Z,23.67
2026-06-04T06:06:02.875Z,23.76
2026-06-04T06:11:02.369Z,23.88
2026-06-04T06:16:02.513Z,23.88
2026-06-04T06:21:02.829Z,23.93
2026-06-04T06:26:02.811Z,23.93
2026-06-04T06:31:04.712Z,23.93
2026-06-04T06:36:03.006Z,23.93
2026-06-04T06:41:02.929Z,24.05
2026-06-04T06:46:02.489Z,23.88
2026-06-04T06:51:02.767Z,23.99
2026-06-04T06:56:02.546Z,24.05
2026-06-04T07:01:02.784Z,24.16
2026-06-04T07:06:02.634Z,24.16
2026-06-04T07:11:02.776Z,24.34
2026-06-04T07:16:02.705Z,24.34
2026-06-04T07:21:04.409Z,24.34
2026-06-04T07:26:02.725Z,24.42
2026-06-04T07:31:02.422Z,24.45
2026-06-04T07:36:04.854Z,24.57
2026-06-04T07:41:02.709Z,24.71
2026-06-04T07:46:03.667Z,24.8
2026-06-04T07:51:02.607Z,25.0
2026-06-04T07:56:05.471Z,24.97
2026-06-04T08:01:02.758Z,25.17
2026-06-04T08:06:02.837Z,25.49
2026-06-04T08:11:03.088Z,25.46
2026-06-04T08:16:03.641Z,25.4
2026-06-04T08:21:02.466Z,25.49
2026-06-04T08:26:02.528Z,25.66
2026-06-04T08:31:06.157Z,26.24
2026-06-04T08:36:02.488Z,26.52
2026-06-04T08:41:02.891Z,26.84
2026-06-04T08:46:02.556Z,27.07
2026-06-04T08:51:02.766Z,27.1
2026-06-04T08:56:02.423Z,27.16
2026-06-04T09:01:03.245Z,27.22
2026-06-04T09:06:02.622Z,27.41
2026-06-04T09:11:02.633Z,26.95
2026-06-04T09:16:03.124Z,27.1
2026-06-04T09:21:05.633Z,27.41
2026-06-04T09:26:03.052Z,27.62
2026-06-04T09:31:02.49Z,27.9
2026-06-04T09:36:02.746Z,28.13
2026-06-04T09:41:05.69Z,28.31
2026-06-04T09:46:03.329Z,28.34
2026-06-04T09:51:02.776Z,28.25
2026-06-04T09:56:02.588Z,28.77
2026-06-04T10:01:02.819Z,28.97
2026-06-04T10:06:02.751Z,29.29
2026-06-04T10:11:02.576Z,29.4
2026-06-04T10:16:02.689Z,29.49
2026-06-04T10:21:02.792Z,29.83
2026-06-04T10:26:02.65Z,30.15
2026-06-04T10:31:03.671Z,30.61
2026-06-04T10:36:02.448Z,30.73
2026-06-04T10:41:02.665Z,30.78
2026-06-04T10:46:02.444Z,30.84
2026-06-04T10:51:04.114Z,31.07
2026-06-04T10:56:02.509Z,31.36
2026-06-04T11:01:04.755Z,31.5
2026-06-04T11:06:02.827Z,31.56
2026-06-04T11:11:02.559Z,31.94
2026-06-04T11:16:05.17Z,32.19
2026-06-04T11:21:02.903Z,32.48
2026-06-04T11:26:03.578Z,32.71
2026-06-04T11:31:02.872Z,32.94
2026-06-04T11:36:02.674Z,33.0
2026-06-04T11:41:02.495Z,33.37
2026-06-04T11:46:02.622Z,33.29
2026-06-04T11:51:07.225Z,33.17
2026-06-04T11:56:02.37Z,33.15
2026-06-04T12:01:03.921Z,33.37
2026-06-04T12:06:03.228Z,33.4
2026-06-04T12:11:02.537Z,33.72
2026-06-04T12:16:02.725Z,33.57
2026-06-04T12:21:02.923Z,33.6
2026-06-04T12:26:02.542Z,33.69
2026-06-04T12:31:02.473Z,33.49
2026-06-04T12:36:03.337Z,33.31
2026-06-04T12:41:04.297Z,33.46
2026-06-04T12:46:02.704Z,33.43
2026-06-04T12:51:02.804Z,33.52
2026-06-04T12:56:03.064Z,33.72
2026-06-04T13:01:02.522Z,33.52
2026-06-04T13:06:03.748Z,33.57
2026-06-04T13:11:02.383Z,34.06
2026-06-04T13:16:02.562Z,34.03
2026-06-04T13:21:02.433Z,34.03
2026-06-04T13:26:02.79Z,33.98
2026-06-04T13:31:02.575Z,34.29
2026-06-04T13:36:02.764Z,34.29
2026-06-04T13:41:02.72Z,33.95
2026-06-04T13:46:02.557Z,34.24
2026-06-04T13:51:02.866Z,34.44
2026-06-04T13:56:02.406Z,34.38
2026-06-04T14:01:03.953Z,34.27
2026-06-04T14:06:02.563Z,34.41
2026-06-04T14:11:02.409Z,34.21
2026-06-04T14:16:05.079Z,34.5
2026-06-04T14:21:02.562Z,34.64
2026-06-04T14:26:02.55Z,34.75
2026-06-04T14:31:02.653Z,34.64
2026-06-04T14:36:02.726Z,34.58
2026-06-04T14:41:04.786Z,34.41
2026-06-04T14:46:02.846Z,34.61
2026-06-04T14:51:02.772Z,34.47
2026-06-04T14:56:02.873Z,34.58
2026-06-04T15:01:02.842Z,34.64
2026-06-04T15:06:02.565Z,34.55
2026-06-04T15:11:03.664Z,34.67
2026-06-04T15:16:04.233Z,34.58
2026-06-04T15:21:03.9Z,34.32
2026-06-04T15:26:02.639Z,34.58
2026-06-04T15:31:02.724Z,34.75
2026-06-04T15:36:02.663Z,34.7
2026-06-04T15:41:02.456Z,34.61
2026-06-04T15:46:03.003Z,34.96
2026-06-04T15:51:02.556Z,35.13
2026-06-04T15:56:02.651Z,35.07
2026-06-04T16:01:02.879Z,35.01
2026-06-04T16:06:02.647Z,35.01
2026-06-04T16:11:05.386Z,35.01
2026-06-04T16:16:03.42Z,34.9
2026-06-04T16:21:02.665Z,35.16
2026-06-04T16:26:02.561Z,35.07
2026-06-04T16:31:03.205Z,35.1
2026-06-04T16:36:03.106Z,35.1
2026-06-04T16:41:02.441Z,35.07
2026-06-04T16:46:02.337Z,34.87
2026-06-04T16:51:03.968Z,34.84
2026-06-04T16:56:02.522Z,34.7
2026-06-04T17:01:04.861Z,34.67
2026-06-04T17:06:02.649Z,34.75
2026-06-04T17:11:04.28Z,34.75
2026-06-04T17:16:02.648Z,34.55
2026-06-04T17:21:04.474Z,34.29
2026-06-04T17:26:02.812Z,34.15
2026-06-04T17:31:02.861Z,34.12
2026-06-04T17:36:07.922Z,34.09
2026-06-04T17:41:02.397Z,33.89
2026-06-04T17:46:04.842Z,33.92
2026-06-04T17:51:02.848Z,33.75
2026-06-04T17:56:04.094Z,33.52
2026-06-04T18:01:03.522Z,33.4
2026-06-04T18:06:02.617Z,33.08
2026-06-04T18:11:04.572Z,32.82
2026-06-04T18:16:02.562Z,32.62
2026-06-04T18:21:02.749Z,32.34
2026-06-04T18:26:02.37Z,32.11
2026-06-04T18:31:02.74Z,31.68
2026-06-04T18:36:02.54Z,31.36
2026-06-04T18:41:02.766Z,30.93
2026-06-04T18:46:02.688Z,30.55
2026-06-04T18:51:02.835Z,30.24
2026-06-04T18:56:03.209Z,30.04
2026-06-04T19:01:02.699Z,29.8
2026-06-04T19:06:03.58Z,29.49
2026-06-04T19:11:02.481Z,29.29
2026-06-04T19:16:04.647Z,29.06
2026-06-04T19:21:02.594Z,28.8
2026-06-04T19:26:02.29Z,28.51
2026-06-04T19:31:02.864Z,28.19
2026-06-04T19:36:02.483Z,27.99
2026-06-04T19:41:02.983Z,27.73
2026-06-04T19:46:02.479Z,27.67
2026-06-04T19:51:02.857Z,27.48
2026-06-04T19:56:02.611Z,27.27
2026-06-04T20:01:02.883Z,27.18
2026-06-04T20:06:03.383Z,27.07
2026-06-04T20:11:03.3Z,26.78
2026-06-04T20:16:02.972Z,26.67
2026-06-04T20:21:02.76Z,26.52
2026-06-04T20:26:02.627Z,26.46
2026-06-04T20:31:02.356Z,26.24
2026-06-04T20:36:02.606Z,26.2
2026-06-04T20:41:03.079Z,26.12
2026-06-04T20:46:02.577Z,26.06
2026-06-04T20:51:04.699Z,25.97
2026-06-04T20:56:02.738Z,26.12
2026-06-04T21:01:02.477Z,26.27
2026-06-04T21:06:03.061Z,26.27
2026-06-04T21:11:02.598Z,26.24
2026-06-04T21:16:03.101Z,26.24
2026-06-04T21:21:02.832Z,26.29
2026-06-04T21:26:04.698Z,26.2
2026-06-04T21:31:02.47Z,26.2
2026-06-04T21:36:02.582Z,26.06
2026-06-04T21:41:02.762Z,26.01
2026-06-04T21:46:02.703Z,25.95
2026-06-04T21:51:02.892Z,25.86
2026-06-04T21:56:03.067Z,25.72
2026-06-04T22:01:02.669Z,25.69
2026-06-04T22:06:02.511Z,25.69
2026-06-04T22:11:02.844Z,25.55
2026-06-04T22:16:02.968Z,25.52
2026-06-04T22:21:04.6Z,25.34
2026-06-04T22:26:03.436Z,25.11
2026-06-04T22:31:02.685Z,24.94
2026-06-04T22:36:03.997Z,24.88
2026-06-04T22:41:02.66Z,24.77
2026-06-04T22:46:02.969Z,24.71
2026-06-04T22:51:02.928Z,24.74
2026-06-04T22:56:02.704Z,24.62
2026-06-04T23:01:02.473Z,24.65
2026-06-04T23:06:03.159Z,24.65
2026-06-04T23:11:02.677Z,24.62
2026-06-04T23:16:02.379Z,24.54
2026-06-04T23:21:03.692Z,24.48
2026-06-04T23:26:03.761Z,24.42
2026-06-04T23:31:02.346Z,24.6
2026-06-04T23:36:02.517Z,24.71
2026-06-04T23:41:05.777Z,24.8
2026-06-04T23:46:02.376Z,24.8
2026-06-04T23:51:02.58Z,24.74
2026-06-04T23:56:02.412Z,24.68
2026-06-05T00:01:04.552Z,24.57
2026-06-05T00:06:03.412Z,24.54
2026-06-05T00:11:02.585Z,24.45
2026-06-05T00:16:02.547Z,24.31
2026-06-05T00:21:02.711Z,24.22
2026-06-05T00:26:02.742Z,24.11
2026-06-05T00:31:02.627Z,23.93
2026-06-05T00:36:02.484Z,23.88
2026-06-05T00:41:02.752Z,23.88
2026-06-05T00:46:02.971Z,23.88
2026-06-05T00:51:03.016Z,24.02
2026-06-05T00:56:02.634Z,24.16
2026-06-05T01:01:02.57Z,24.19
2026-06-05T01:06:04.514Z,24.51
2026-06-05T01:11:04.161Z,24.88
2026-06-05T01:16:02.876Z,25.2
2026-06-05T01:21:03.039Z,25.32
2026-06-05T01:26:04.814Z,25.34
2026-06-05T01:31:02.446Z,25.34
2026-06-05T01:36:03.507Z,25.37
2026-06-05T01:41:02.807Z,25.4
2026-06-05T01:46:02.762Z,25.4
2026-06-05T01:51:02.562Z,25.52
2026-06-05T01:56:05.222Z,25.49
2026-06-05T02:01:03.065Z,25.43
2026-06-05T02:06:02.771Z,25.43
2026-06-05T02:11:02.445Z,25.32
2026-06-05T02:16:02.622Z,25.32
2026-06-05T02:21:02.538Z,25.32
2026-06-05T02:26:02.661Z,25.17
2026-06-05T02:31:03.27Z,24.74
2026-06-05T02:36:03.648Z,24.51
2026-06-05T02:41:02.759Z,24.42
2026-06-05T02:46:03.426Z,24.19
2026-06-05T02:51:02.775Z,24.02
2026-06-05T02:56:02.676Z,23.9
2026-06-05T03:01:05.025Z,23.76
2026-06-05T03:06:02.665Z,23.62
2026-06-05T03:11:05.671Z,23.44
2026-06-05T03:16:03.224Z,23.39
2026-06-05T03:21:02.523Z,23.3
2026-06-05T03:26:02.672Z,23.16
2026-06-05T03:31:02.788Z,23.07
2026-06-05T03:36:02.437Z,23.01
2026-06-05T03:41:04.975Z,22.98
2026-06-05T03:46:03.578Z,23.01
2026-06-05T03:51:05.432Z,22.95
2026-06-05T03:56:02.439Z,22.87
2026-06-05T04:01:02.412Z,22.98
2026-06-05T04:06:05.244Z,22.95
2026-06-05T04:11:04.485Z,22.9
2026-06-05T04:16:02.331Z,23.01
2026-06-05T04:21:02.53Z,22.93
2026-06-05T04:26:06.368Z,22.98
2026-06-05T04:31:02.425Z,22.95
2026-06-05T04:36:04.051Z,22.98
2026-06-05T04:41:02.426Z,23.04
2026-06-05T04:46:02.398Z,23.1
2026-06-05T04:51:02.596Z,23.13
2026-06-05T04:56:03.063Z,23.16
2026-06-05T05:01:02.502Z,23.3
2026-06-05T05:06:02.755Z,23.36
2026-06-05T05:11:02.473Z,23.44
2026-06-05T05:16:02.958Z,23.53
2026-06-05T05:21:02.52Z,23.65
2026-06-05T05:26:02.807Z,23.62
2026-06-05T05:31:03.301Z,23.76
2026-06-05T05:36:02.509Z,23.9
2026-06-05T05:41:04.173Z,24.08
2026-06-05T05:46:03.084Z,23.99
2026-06-05T05:51:02.641Z,24.11
2026-06-05T05:56:02.908Z,24.22
2026-06-05T06:01:02.839Z,24.31
2026-06-05T06:06:03.751Z,24.37
2026-06-05T06:11:02.805Z,24.39
2026-06-05T06:16:02.561Z,24.51
2026-06-05T06:21:02.712Z,24.48
2026-06-05T06:26:05.379Z,24.54
2026-06-05T06:31:03.376Z,24.57
2026-06-05T06:36:02.844Z,24.71
2026-06-05T06:41:03.433Z,24.74
2026-06-05T06:46:04.505Z,24.85
2026-06-05T06:51:03.226Z,25.0
2026-06-05T06:56:02.996Z,24.88
2026-06-05T07:01:04.681Z,24.97
2026-06-05T07:06:02.908Z,24.91
2026-06-05T07:11:02.666Z,25.03
2026-06-05T07:16:04.468Z,25.09
2026-06-05T07:21:02.586Z,25.09
2026-06-05T07:26:04.902Z,25.2
2026-06-05T07:31:04.093Z,25.29
2026-06-05T07:36:04.041Z,25.6
2026-06-05T07:41:02.747Z,25.66
2026-06-05T07:46:08.966Z,25.78
2026-06-05T07:51:02.604Z,26.15
2026-06-05T07:56:03.902Z,26.58
2026-06-05T08:01:06.412Z,27.1
2026-06-05T08:06:03.014Z,27.41
2026-06-05T08:11:03.467Z,27.33
2026-06-05T08:16:02.805Z,27.33
2026-06-05T08:21:03.238Z,27.24
2026-06-05T08:26:02.683Z,27.1
2026-06-05T08:31:05.268Z,27.04
2026-06-05T08:36:02.87Z,27.16
2026-06-05T08:41:02.64Z,27.16
2026-06-05T08:46:02.542Z,27.24
2026-06-05T08:51:03.549Z,27.39
2026-06-05T08:56:02.909Z,27.36
2026-06-05T09:01:09.815Z,27.39
2026-06-05T09:06:02.549Z,27.44
2026-06-05T09:11:02.924Z,27.79
2026-06-05T09:16:02.667Z,27.76
2026-06-05T09:21:03.702Z,28.13
2026-06-05T09:26:05.181Z,28.6
2026-06-05T09:31:02.766Z,28.94
2026-06-05T09:36:02.467Z,29.11
2026-06-05T09:41:02.764Z,29.23
2026-06-05T09:46:02.484Z,29.06
2026-06-05T09:51:04.772Z,28.85
2026-06-05T09:56:02.55Z,28.71
2026-06-05T10:01:04.169Z,29.0
2026-06-05T10:06:02.673Z,29.06
2026-06-05T10:11:02.472Z,28.83
2026-06-05T10:16:02.868Z,29.11
2026-06-05T10:21:02.622Z,29.32
2026-06-05T10:26:04.297Z,29.26
2026-06-05T10:31:02.841Z,29.49
2026-06-05T10:36:02.622Z,29.32
2026-06-05T10:41:04.303Z,29.4
2026-06-05T10:46:02.863Z,29.26
2026-06-05T10:51:02.823Z,28.94
2026-06-05T10:56:03.407Z,28.97
2026-06-05T11:01:02.68Z,29.32
2026-06-05T11:06:02.626Z,29.57
2026-06-05T11:11:04.481Z,29.34
2026-06-05T11:16:04.706Z,29.32
2026-06-05T11:21:02.504Z,29.37
2026-06-05T11:26:03.56Z,29.43
2026-06-05T11:31:02.557Z,29.06
2026-06-05T11:36:02.874Z,28.94
2026-06-05T11:41:02.629Z,28.74
2026-06-05T11:46:03.381Z,29.06
2026-06-05T11:51:02.393Z,29.37
2026-06-05T11:56:03.18Z,29.29
2026-06-05T12:01:02.546Z,29.06
2026-06-05T12:06:04.441Z,29.32
2026-06-05T12:11:02.795Z,29.63
2026-06-05T12:16:02.577Z,29.43
2026-06-05T12:21:03.302Z,29.63
2026-06-05T12:26:03.041Z,29.43
2026-06-05T12:31:02.435Z,29.46
2026-06-05T12:36:04.999Z,29.55
2026-06-05T12:41:02.644Z,29.23
2026-06-05T12:46:02.613Z,29.37
2026-06-05T12:51:02.751Z,29.4
2026-06-05T12:56:02.545Z,29.29
2026-06-05T13:01:03.716Z,29.11
2026-06-05T13:06:02.468Z,29.11
2026-06-05T13:11:02.609Z,29.32
2026-06-05T13:16:02.539Z,29.52
2026-06-05T13:21:02.923Z,29.57
2026-06-05T13:26:02.635Z,29.26
2026-06-05T13:31:02.76Z,29.06
2026-06-05T13:36:03.764Z,28.85
2026-06-05T13:41:02.52Z,28.74
2026-06-05T13:46:04.027Z,29.08
2026-06-05T13:51:09.03Z,28.97
2026-06-05T13:56:02.97Z,29.03
2026-06-05T14:01:02.527Z,29.11
2026-06-05T14:06:04.313Z,29.11
2026-06-05T14:11:02.711Z,29.23
2026-06-05T14:16:05.715Z,29.11
2026-06-05T14:21:02.632Z,28.94
2026-06-05T14:26:02.427Z,28.88
2026-06-05T14:31:02.881Z,29.0
2026-06-05T14:36:02.874Z,28.77
2026-06-05T14:41:04.563Z,28.62
2026-06-05T14:46:02.482Z,28.51
2026-06-05T14:51:02.479Z,28.6
2026-06-05T14:56:03.651Z,28.34
2026-06-05T15:01:03.359Z,28.62
2026-06-05T15:06:02.834Z,28.65
2026-06-05T15:11:02.75Z,28.83
2026-06-05T15:16:02.516Z,28.57
2026-06-05T15:21:02.435Z,28.62
2026-06-05T15:26:03.066Z,28.51
2026-06-05T15:31:02.831Z,28.25
2026-06-05T15:36:03.566Z,28.08
2026-06-05T15:41:04.35Z,27.97
2026-06-05T15:46:03.052Z,27.9
2026-06-05T15:51:02.73Z,27.97
2026-06-05T15:56:03.167Z,28.02
2026-06-05T16:01:03.814Z,28.02
2026-06-05T16:06:03.854Z,27.87
2026-06-05T16:11:04.749Z,27.82
2026-06-05T16:16:05.949Z,27.9
2026-06-05T16:21:03.542Z,27.44
2026-06-05T16:26:02.806Z,27.33
2026-06-05T16:31:02.944Z,27.27
2026-06-05T16:36:04.791Z,27.13
2026-06-05T16:41:02.457Z,26.84
2026-06-05T16:46:02.437Z,26.73
2026-06-05T16:51:04.773Z,26.81
2026-06-05T16:56:02.878Z,26.5
2026-06-05T17:01:02.623Z,26.58
2026-06-05T17:06:04.203Z,26.78
2026-06-05T17:11:03.404Z,26.64
2026-06-05T17:16:03.068Z,26.24
2026-06-05T17:21:02.668Z,26.2
2026-06-05T17:26:04.607Z,26.32
2026-06-05T17:31:02.808Z,26.18
2026-06-05T17:36:03.78Z,26.27
2026-06-05T17:41:06.731Z,26.01
2026-06-05T17:46:02.609Z,25.89
2026-06-05T17:51:04.608Z,25.63
2026-06-05T17:56:02.913Z,25.46
2026-06-05T18:01:05.033Z,25.34
2026-06-05T18:06:02.433Z,25.23
2026-06-05T18:11:02.638Z,25.06
2026-06-05T18:16:02.595Z,25.06
2026-06-05T18:21:02.738Z,24.97
2026-06-05T18:26:02.898Z,25.03
2026-06-05T18:31:04.529Z,24.91
2026-06-05T18:36:05.851Z,24.83
2026-06-05T18:41:02.406Z,24.77
2026-06-05T18:46:02.605Z,24.57
2026-06-05T18:51:03.631Z,24.6
2026-06-05T18:56:02.531Z,24.51
2026-06-05T19:01:02.769Z,24.42
2026-06-05T19:06:02.367Z,24.34
2026-06-05T19:11:02.613Z,24.39
2026-06-05T19:16:02.408Z,24.25
2026-06-05T19:21:02.543Z,24.22
2026-06-05T19:26:02.726Z,24.16
2026-06-05T19:31:02.295Z,24.11
2026-06-05T19:36:02.627Z,24.19
2026-06-05T19:41:02.755Z,24.19
2026-06-05T19:46:02.896Z,24.08
2026-06-05T19:51:02.694Z,24.11
2026-06-05T19:56:02.504Z,24.08
2026-06-05T20:01:02.718Z,24.08
2026-06-05T20:06:02.619Z,24.02
2026-06-05T20:11:02.67Z,23.93
2026-06-05T20:16:02.613Z,23.85
2026-06-05T20:21:02.615Z,23.67
2026-06-05T20:26:02.322Z,23.73
2026-06-05T20:31:04.125Z,23.7
2026-06-05T20:36:02.792Z,23.73
2026-06-05T20:41:02.585Z,23.62
2026-06-05T20:46:02.377Z,23.7
2026-06-05T20:51:04.712Z,23.59
2026-06-05T20:56:02.339Z,23.53
2026-06-05T21:01:03.159Z,23.53
2026-06-05T21:06:04.685Z,23.5
2026-06-05T21:11:02.725Z,23.5
2026-06-05T21:16:02.936Z,23.47
2026-06-05T21:21:02.463Z,23.39
2026-06-05T21:26:02.801Z,23.44
2026-06-05T21:31:02.889Z,23.3
2026-06-05T21:36:02.748Z,23.3
2026-06-05T21:41:04.22Z,23.36
2026-06-05T21:46:02.689Z,23.33
2026-06-05T21:51:02.594Z,23.36
2026-06-05T21:56:02.726Z,23.21
2026-06-05T22:01:02.696Z,23.33
2026-06-05T22:06:03.21Z,23.33
2026-06-05T22:11:02.344Z,23.33
2026-06-05T22:16:05.385Z,23.36
2026-06-05T22:21:02.863Z,23.44
2026-06-05T22:26:02.671Z,23.39
2026-06-05T22:31:03.588Z,23.33
2026-06-05T22:36:02.589Z,23.3
2026-06-05T22:41:02.901Z,23.33
2026-06-05T22:46:04.166Z,23.36
2026-06-05T22:51:04.709Z,23.3
2026-06-05T22:56:02.514Z,23.3
2026-06-05T23:01:02.87Z,23.3
2026-06-05T23:06:04.805Z,23.36
2026-06-05T23:11:02.674Z,23.36
2026-06-05T23:16:06.215Z,23.33
2026-06-05T23:21:02.694Z,23.3
2026-06-05T23:26:03.567Z,23.3
2026-06-05T23:31:02.794Z,23.36
2026-06-05T23:36:04.428Z,23.24
2026-06-05T23:41:02.61Z,23.21
2026-06-05T23:46:02.708Z,23.33
2026-06-05T23:51:02.482Z,23.36
2026-06-05T23:56:03.05Z,23.39
2026-06-06T00:01:02.72Z,23.47
2026-06-06T00:06:02.749Z,23.47
2026-06-06T00:11:02.807Z,23.47
2026-06-06T00:16:04.522Z,23.47
2026-06-06T00:21:02.592Z,23.41
2026-06-06T00:26:02.373Z,23.41
2026-06-06T00:31:05.338Z,23.39
2026-06-06T00:36:02.676Z,23.36
2026-06-06T00:41:03.045Z,23.3
2026-06-06T00:46:02.836Z,23.24
2026-06-06T00:51:02.673Z,23.33
2026-06-06T00:56:02.397Z,23.33
2026-06-06T01:01:04.873Z,23.39
2026-06-06T01:06:02.578Z,23.39
2026-06-06T01:11:02.705Z,23.44
2026-06-06T01:16:02.291Z,23.36
2026-06-06T01:21:02.513Z,23.33
2026-06-06T01:26:02.392Z,23.41
2026-06-06T01:31:02.539Z,23.33
2026-06-06T01:36:02.662Z,23.33
2026-06-06T01:41:02.484Z,23.36
2026-06-06T01:46:03.248Z,23.21
2026-06-06T01:51:03.452Z,23.21
2026-06-06T01:56:02.829Z,23.21
2026-06-06T02:01:02.386Z,23.16
2026-06-06T02:06:02.702Z,23.16
2026-06-06T02:11:02.603Z,23.18
2026-06-06T02:16:06.424Z,23.13
2026-06-06T02:21:05.194Z,23.18
2026-06-06T02:26:03.889Z,23.16
2026-06-06T02:31:04.395Z,23.07
2026-06-06T02:36:02.374Z,23.1
2026-06-06T02:41:02.597Z,23.1
2026-06-06T02:46:02.785Z,23.16
2026-06-06T02:51:02.562Z,23.1
2026-06-06T02:56:04.385Z,23.13
2026-06-06T03:01:03.194Z,23.16
2026-06-06T03:06:02.635Z,23.13
2026-06-06T03:11:02.59Z,23.16
2026-06-06T03:16:04.839Z,23.16
2026-06-06T03:21:02.755Z,23.13
2026-06-06T03:26:02.535Z,23.18
2026-06-06T03:31:02.623Z,23.24
2026-06-06T03:36:02.399Z,23.18
2026-06-06T03:41:02.658Z,23.1
2026-06-06T03:46:02.471Z,23.07
2026-06-06T03:51:02.643Z,23.18
2026-06-06T03:56:02.524Z,23.21
2026-06-06T04:01:02.727Z,23.16
2026-06-06T04:06:02.627Z,23.01
2026-06-06T04:11:03.023Z,22.98
2026-06-06T04:16:06.314Z,22.93
2026-06-06T04:21:03.169Z,22.93
2026-06-06T04:26:02.267Z,22.9
2026-06-06T04:31:03.809Z,22.84
2026-06-06T04:36:02.67Z,22.78
2026-06-06T04:41:02.454Z,22.78
2026-06-06T04:46:02.282Z,22.81
2026-06-06T04:51:02.443Z,22.9
2026-06-06T04:56:02.853Z,22.87
2026-06-06T05:01:04.38Z,23.01
2026-06-06T05:06:02.268Z,23.01
2026-06-06T05:11:02.444Z,22.98
2026-06-06T05:16:02.737Z,23.04
2026-06-06T05:21:02.543Z,23.07
2026-06-06T05:26:02.835Z,23.01
2026-06-06T05:31:02.725Z,23.01
2026-06-06T05:36:02.747Z,22.93
2026-06-06T05:41:03.42Z,23.07
2026-06-06T05:46:02.98Z,23.16
2026-06-06T05:51:04.435Z,23.39
2026-06-06T05:56:03.801Z,23.65
2026-06-06T06:01:02.628Z,23.56
2026-06-06T06:06:02.533Z,23.5
2026-06-06T06:11:02.724Z,23.53
2026-06-06T06:16:02.375Z,23.47
2026-06-06T06:21:02.794Z,23.56
2026-06-06T06:26:04.255Z,23.65
2026-06-06T06:31:04.031Z,23.62
2026-06-06T06:36:03.083Z,23.82
2026-06-06T06:41:02.737Z,23.99
2026-06-06T06:46:02.578Z,24.08
2026-06-06T06:51:02.405Z,24.19
2026-06-06T06:56:02.478Z,24.31
2026-06-06T07:01:02.727Z,24.45
2026-06-06T07:06:04.158Z,24.45
2026-06-06T07:11:04.71Z,24.54
2026-06-06T07:16:02.616Z,24.68
2026-06-06T07:21:02.573Z,24.91
2026-06-06T07:26:02.909Z,25.14
2026-06-06T07:31:02.768Z,25.23
2026-06-06T07:36:02.527Z,25.03
2026-06-06T07:41:02.731Z,25.0
2026-06-06T07:46:02.745Z,24.97
2026-06-06T07:51:02.83Z,24.85
2026-06-06T07:56:02.355Z,24.94
2026-06-06T08:01:05.657Z,25.32
2026-06-06T08:06:02.348Z,25.66
2026-06-06T08:11:02.691Z,26.12
2026-06-06T08:16:02.497Z,26.29
2026-06-06T08:21:02.741Z,26.81
2026-06-06T08:26:02.674Z,27.01
2026-06-06T08:31:02.996Z,27.22
2026-06-06T08:36:02.78Z,27.33
2026-06-06T08:41:02.85Z,27.33
2026-06-06T08:46:03.821Z,27.39
2026-06-06T08:51:02.538Z,27.3
2026-06-06T08:56:02.638Z,27.48
2026-06-06T09:01:04.097Z,27.73
2026-06-06T09:06:02.593Z,27.71
2026-06-06T09:11:02.745Z,27.85
2026-06-06T09:16:02.472Z,28.16
2026-06-06T09:21:02.71Z,28.31
2026-06-06T09:26:02.829Z,28.77
2026-06-06T09:31:02.639Z,28.77
2026-06-06T09:36:04.749Z,28.85
2026-06-06T09:41:03.207Z,28.94
2026-06-06T09:46:02.761Z,29.0
2026-06-06T09:51:02.939Z,28.8
2026-06-06T09:56:07.447Z,28.83
2026-06-06T10:01:03.18Z,28.91
2026-06-06T10:06:02.704Z,29.17
2026-06-06T10:11:02.596Z,28.97
2026-06-06T10:16:03.232Z,28.88
2026-06-06T10:21:02.486Z,28.88
2026-06-06T10:26:02.957Z,28.88
2026-06-06T10:31:02.666Z,28.83
2026-06-06T10:36:02.524Z,28.94
2026-06-06T10:41:02.633Z,29.37
2026-06-06T10:46:03.64Z,29.89
2026-06-06T10:51:02.924Z,30.24
2026-06-06T10:56:04.387Z,30.06
2026-06-06T11:01:05.445Z,30.24
2026-06-06T11:06:02.502Z,30.38
2026-06-06T11:11:03.949Z,30.64
2026-06-06T11:16:02.681Z,30.7
2026-06-06T11:21:02.585Z,30.67
2026-06-06T11:26:02.543Z,30.78
2026-06-06T11:31:04.996Z,30.9
2026-06-06T11:36:02.802Z,31.22
2026-06-06T11:41:02.564Z,31.16
2026-06-06T11:46:04.242Z,31.19
2026-06-06T11:51:05.112Z,31.36
2026-06-06T11:56:04.183Z,31.33
2026-06-06T12:01:02.71Z,31.36
2026-06-06T12:06:03.066Z,31.64
2026-06-06T12:11:04.707Z,31.99
2026-06-06T12:16:07.273Z,32.13
2026-06-06T12:21:06.144Z,32.22
2026-06-06T12:26:02.809Z,32.36
2026-06-06T12:31:02.42Z,32.22
2026-06-06T12:36:03.208Z,31.94
2026-06-06T12:41:03.787Z,31.85
2026-06-06T12:46:02.403Z,32.11
2026-06-06T12:51:03.827Z,32.13
2026-06-06T12:56:03.091Z,32.11
2026-06-06T13:01:02.769Z,31.99
2026-06-06T13:06:02.861Z,32.11
2026-06-06T13:11:02.713Z,31.91
2026-06-06T13:16:02.667Z,31.99
2026-06-06T13:21:02.755Z,31.87
2026-06-06T13:26:03.152Z,32.19
2026-06-06T13:31:02.324Z,31.96
2026-06-06T13:36:02.702Z,31.99
2026-06-06T13:41:03.366Z,31.87
2026-06-06T13:46:02.385Z,31.76
2026-06-06T13:51:02.986Z,31.47
2026-06-06T13:56:02.378Z,31.45
2026-06-06T14:01:02.629Z,31.62
2026-06-06T14:06:02.657Z,31.56
2026-06-06T14:11:02.44Z,31.45
2026-06-06T14:16:02.308Z,31.71
2026-06-06T14:21:02.316Z,31.71
2026-06-06T14:26:02.73Z,31.64
2026-06-06T14:31:02.471Z,31.71
2026-06-06T14:36:02.63Z,31.53
2026-06-06T14:41:02.922Z,31.36
2026-06-06T14:46:02.476Z,31.24
2026-06-06T14:51:02.609Z,31.24
2026-06-06T14:56:02.574Z,31.39
2026-06-06T15:01:02.399Z,31.42
2026-06-06T15:06:02.683Z,31.33
2026-06-06T15:11:05.252Z,31.36
2026-06-06T15:16:06.831Z,31.53
2026-06-06T15:21:02.732Z,31.3
2026-06-06T15:26:04.681Z,31.42
2026-06-06T15:31:02.341Z,31.42
2026-06-06T15:36:02.737Z,31.47
2026-06-06T15:41:02.587Z,31.3
2026-06-06T15:46:02.349Z,31.13
2026-06-06T15:51:02.81Z,30.96
2026-06-06T15:56:02.578Z,30.96
2026-06-06T16:01:02.787Z,30.96
2026-06-06T16:06:03.455Z,30.81
2026-06-06T16:11:02.396Z,30.7
2026-06-06T16:16:02.414Z,30.47
2026-06-06T16:21:02.362Z,30.38
2026-06-06T16:26:02.621Z,30.35
2026-06-06T16:31:02.734Z,30.38
2026-06-06T16:36:03.142Z,30.35
2026-06-06T16:41:02.425Z,30.15
2026-06-06T16:46:04.226Z,29.98
2026-06-06T16:51:02.845Z,29.69
2026-06-06T16:56:02.343Z,29.49
2026-06-06T17:01:02.711Z,29.32
2026-06-06T17:06:02.552Z,29.03
2026-06-06T17:11:04.241Z,28.62
2026-06-06T17:16:02.704Z,28.57
2026-06-06T17:21:02.92Z,28.45
2026-06-06T17:26:02.653Z,28.22
2026-06-06T17:31:02.455Z,28.25
2026-06-06T17:36:03.28Z,28.02
2026-06-06T17:41:02.499Z,27.99
2026-06-06T17:46:02.738Z,27.73
2026-06-06T17:51:02.484Z,27.62
2026-06-06T17:56:05.199Z,27.53
2026-06-06T18:01:05.07Z,27.33
2026-06-06T18:06:02.909Z,27.24
2026-06-06T18:11:02.378Z,27.16
2026-06-06T18:16:02.601Z,26.99
2026-06-06T18:21:02.32Z,26.67
2026-06-06T18:26:04.521Z,26.69
2026-06-06T18:31:02.652Z,26.61
2026-06-06T18:36:04.601Z,26.55
2026-06-06T18:41:02.358Z,26.52
2026-06-06T18:46:02.606Z,26.35
2026-06-06T18:51:07.156Z,26.18
2026-06-06T18:56:02.731Z,26.09
2026-06-06T19:01:02.537Z,26.04
2026-06-06T19:06:03.257Z,25.92
2026-06-06T19:11:02.54Z,25.92
2026-06-06T19:16:02.992Z,25.66
2026-06-06T19:21:02.486Z,25.57
2026-06-06T19:26:02.269Z,25.52
2026-06-06T19:31:02.568Z,25.46
2026-06-06T19:36:02.404Z,25.34
2026-06-06T19:41:08.166Z,25.32
2026-06-06T19:46:02.665Z,25.26
2026-06-06T19:51:02.803Z,25.11
2026-06-06T19:56:02.896Z,25.09
2026-06-06T20:01:02.53Z,24.97
2026-06-06T20:06:02.785Z,24.91
2026-06-06T20:11:02.533Z,24.77
2026-06-06T20:16:02.275Z,24.68
2026-06-06T20:21:02.493Z,24.74
2026-06-06T20:26:02.652Z,24.57
2026-06-06T20:31:04.919Z,24.65
2026-06-06T20:36:02.82Z,24.57
2026-06-06T20:41:02.654Z,24.57
2026-06-06T20:46:02.767Z,24.6
2026-06-06T20:51:02.603Z,24.54
2026-06-06T20:56:02.64Z,24.45
2026-06-06T21:01:03.38Z,24.39
2026-06-06T21:06:02.967Z,24.34
2026-06-06T21:11:03.541Z,24.34
2026-06-06T21:16:02.739Z,24.19
2026-06-06T21:21:02.462Z,24.19
2026-06-06T21:26:02.624Z,24.16
2026-06-06T21:31:02.497Z,24.13
2026-06-06T21:36:02.661Z,24.11
2026-06-06T21:41:04.191Z,24.08
2026-06-06T21:46:02.599Z,23.96
2026-06-06T21:51:02.583Z,23.96
2026-06-06T21:56:02.867Z,23.93
2026-06-06T22:01:02.414Z,23.96
2026-06-06T22:06:02.71Z,23.9
2026-06-06T22:11:02.859Z,23.73
2026-06-06T22:16:02.486Z,23.7
2026-06-06T22:21:02.728Z,23.67
2026-06-06T22:26:02.71Z,23.67
2026-06-06T22:31:03.575Z,23.67
2026-06-06T22:36:02.353Z,23.56
2026-06-06T22:41:02.919Z,23.53
2026-06-06T22:46:02.453Z,23.5
2026-06-06T22:51:02.55Z,23.53
2026-06-06T22:56:03.014Z,23.5
2026-06-06T23:01:03.158Z,23.41
2026-06-06T23:06:02.674Z,23.44
2026-06-06T23:11:02.956Z,23.36
2026-06-06T23:16:02.655Z,23.41
2026-06-06T23:21:02.395Z,23.41
2026-06-06T23:26:02.633Z,23.33
2026-06-06T23:31:02.304Z,23.27
2026-06-06T23:36:02.539Z,23.27
2026-06-06T23:41:02.624Z,23.24
2026-06-06T23:46:03.25Z,23.24
2026-06-06T23:51:02.638Z,23.18
2026-06-06T23:56:02.73Z,23.1
2026-06-07T00:01:02.277Z,23.1
2026-06-07T00:06:02.717Z,23.13
2026-06-07T00:11:02.945Z,23.07
2026-06-07T00:16:02.635Z,23.07
2026-06-07T00:21:02.723Z,23.07
2026-06-07T00:26:03.848Z,23.01
2026-06-07T00:31:02.661Z,22.95
2026-06-07T00:36:02.622Z,22.87
2026-06-07T00:41:02.607Z,22.87
2026-06-07T00:46:05.616Z,22.98
2026-06-07T00:51:02.542Z,22.98
2026-06-07T00:56:02.465Z,22.98
2026-06-07T01:01:02.686Z,23.07
2026-06-07T01:06:04.18Z,23.13
2026-06-07T01:11:02.855Z,23.16
2026-06-07T01:16:03.005Z,23.18
2026-06-07T01:21:02.765Z,23.18
2026-06-07T01:26:02.486Z,23.16
2026-06-07T01:31:02.723Z,23.13
2026-06-07T01:36:04.585Z,23.1
2026-06-07T01:41:05.541Z,23.07
2026-06-07T01:46:02.682Z,22.93
2026-06-07T01:51:03.432Z,22.87
2026-06-07T01:56:02.449Z,22.9
2026-06-07T02:01:03.18Z,22.9
2026-06-07T02:06:02.991Z,22.87
2026-06-07T02:11:04.68Z,22.75
2026-06-07T02:16:02.518Z,22.78
2026-06-07T02:21:02.696Z,22.75
2026-06-07T02:26:04.5Z,22.75
2026-06-07T02:31:02.88Z,22.81
2026-06-07T02:36:02.509Z,22.87
2026-06-07T02:41:02.817Z,22.93
2026-06-07T02:46:02.467Z,22.95
2026-06-07T02:51:02.539Z,23.01
2026-06-07T02:56:03.433Z,23.04
2026-06-07T03:01:02.462Z,22.93
2026-06-07T03:06:03.258Z,22.95
2026-06-07T03:11:02.458Z,22.95
2026-06-07T03:16:02.664Z,22.84
2026-06-07T03:21:02.751Z,22.64
2026-06-07T03:26:02.798Z,22.69
2026-06-07T03:31:04.41Z,22.61
2026-06-07T03:36:04.839Z,22.61
2026-06-07T03:41:02.864Z,22.52
2026-06-07T03:46:02.737Z,22.58
2026-06-07T03:51:04.417Z,22.52
2026-06-07T03:56:02.624Z,22.52
2026-06-07T04:01:02.975Z,22.52
2026-06-07T04:06:02.319Z,22.44
2026-06-07T04:11:03.67Z,22.38
2026-06-07T04:16:02.497Z,22.35
2026-06-07T04:21:02.629Z,22.35
2026-06-07T04:26:03.627Z,22.38
2026-06-07T04:31:02.445Z,22.38
2026-06-07T04:36:02.799Z,22.32
2026-06-07T04:41:02.485Z,22.38
2026-06-07T04:46:02.281Z,22.41
2026-06-07T04:51:02.579Z,22.41
2026-06-07T04:56:02.731Z,22.41
2026-06-07T05:01:02.51Z,22.46
2026-06-07T05:06:02.819Z,22.55
2026-06-07T05:11:02.526Z,22.64
2026-06-07T05:16:04.054Z,22.64
2026-06-07T05:21:03.85Z,22.61
2026-06-07T05:26:02.743Z,22.67
2026-06-07T05:31:02.822Z,22.75
2026-06-07T05:36:02.766Z,22.72
2026-06-07T05:41:02.429Z,22.72
2026-06-07T05:46:02.587Z,22.78
2026-06-07T05:51:02.97Z,22.72
2026-06-07T05:56:02.723Z,22.75
2026-06-07T06:01:02.932Z,22.84
2026-06-07T06:06:02.739Z,22.98
2026-06-07T06:11:02.461Z,23.24
2026-06-07T06:16:02.718Z,23.47
2026-06-07T06:21:02.211Z,23.53
2026-06-07T06:26:02.796Z,23.7
2026-06-07T06:31:03.083Z,23.79
2026-06-07T06:36:02.774Z,23.79
2026-06-07T06:41:03.175Z,23.93
2026-06-07T06:46:02.738Z,23.96
2026-06-07T06:51:02.602Z,24.22
2026-06-07T06:56:02.319Z,24.42
2026-06-07T07:01:02.605Z,24.31
2026-06-07T07:06:02.432Z,24.34
2026-06-07T07:11:02.96Z,24.42
2026-06-07T07:16:02.692Z,24.34
2026-06-07T07:21:02.401Z,24.51
2026-06-07T07:26:04.509Z,24.57
2026-06-07T07:31:02.495Z,24.51
2026-06-07T07:36:02.783Z,24.28
2026-06-07T07:41:04.077Z,24.54
2026-06-07T07:46:02.609Z,24.88
2026-06-07T07:51:03.756Z,25.17
2026-06-07T07:56:02.454Z,25.4
2026-06-07T08:01:02.887Z,25.72
2026-06-07T08:06:02.783Z,25.86
2026-06-07T08:11:02.393Z,25.86
2026-06-07T08:16:03.297Z,26.18
2026-06-07T08:21:02.572Z,25.95
2026-06-07T08:26:02.705Z,26.09
2026-06-07T08:31:03.582Z,26.52
2026-06-07T08:36:04.731Z,26.69
2026-06-07T08:41:02.926Z,26.73
2026-06-07T08:46:02.612Z,27.07
2026-06-07T08:51:03.355Z,27.16
2026-06-07T08:56:03.823Z,27.1
2026-06-07T09:01:02.65Z,27.3
2026-06-07T09:06:02.983Z,27.44
2026-06-07T09:11:02.581Z,27.41
2026-06-07T09:16:02.63Z,27.5
2026-06-07T09:21:02.767Z,27.76
2026-06-07T09:26:02.57Z,28.05
2026-06-07T09:31:02.357Z,28.16
2026-06-07T09:36:03.469Z,28.39
2026-06-07T09:41:03.331Z,28.62
2026-06-07T09:46:06.424Z,28.68
2026-06-07T09:51:02.483Z,29.03
2026-06-07T09:56:05.147Z,29.14
2026-06-07T10:01:05.048Z,29.29
2026-06-07T10:06:02.926Z,29.17
2026-06-07T10:11:02.927Z,29.08
2026-06-07T10:16:04.303Z,29.11
2026-06-07T10:21:02.329Z,28.91
2026-06-07T10:26:02.626Z,28.83
2026-06-07T10:31:02.912Z,29.17
2026-06-07T10:36:02.725Z,29.43
2026-06-07T10:41:02.945Z,29.34
2026-06-07T10:46:02.432Z,29.17
2026-06-07T10:51:02.596Z,29.2
2026-06-07T10:56:02.494Z,29.14
2026-06-07T11:01:02.534Z,29.32
2026-06-07T11:06:02.297Z,29.52
2026-06-07T11:11:02.537Z,29.63
2026-06-07T11:16:02.54Z,29.57
2026-06-07T11:21:03.492Z,29.63
2026-06-07T11:26:02.41Z,29.98
2026-06-07T11:31:02.651Z,30.04
2026-06-07T11:36:02.549Z,30.21
2026-06-07T11:41:04.191Z,30.47
2026-06-07T11:46:03.121Z,30.47
2026-06-07T11:51:02.406Z,30.44
2026-06-07T11:56:03.351Z,30.61
2026-06-07T12:01:02.374Z,30.87
2026-06-07T12:06:04.288Z,30.73
2026-06-07T12:11:03.853Z,30.64
2026-06-07T12:16:02.426Z,30.93
2026-06-07T12:21:02.798Z,30.78
2026-06-07T12:26:02.565Z,30.09
2026-06-07T12:31:03.036Z,29.95
2026-06-07T12:36:03.88Z,29.95
2026-06-07T12:41:04.06Z,30.06
2026-06-07T12:46:04.545Z,29.92
2026-06-07T12:51:02.601Z,29.92
2026-06-07T12:56:02.605Z,29.95
2026-06-07T13:01:02.326Z,29.66
2026-06-07T13:06:02.814Z,29.89
2026-06-07T13:11:02.552Z,30.01
2026-06-07T13:16:02.464Z,30.04
2026-06-07T13:21:03.484Z,30.24
2026-06-07T13:26:03.686Z,30.52
2026-06-07T13:31:03.198Z,29.95
2026-06-07T13:36:02.314Z,30.15
2026-06-07T13:41:02.965Z,29.8
2026-06-07T13:46:02.984Z,29.72
2026-06-07T13:51:03.511Z,29.72
2026-06-07T13:56:04.407Z,29.66
2026-06-07T14:01:02.685Z,29.89
2026-06-07T14:06:02.634Z,30.06
2026-06-07T14:11:02.354Z,29.89
2026-06-07T14:16:02.635Z,29.89
2026-06-07T14:21:02.844Z,30.04
2026-06-07T14:26:02.669Z,29.86
2026-06-07T14:31:02.448Z,29.83
2026-06-07T14:36:02.434Z,29.75
2026-06-07T14:41:03.324Z,29.52
2026-06-07T14:46:02.722Z,29.55
2026-06-07T14:51:02.673Z,29.78
2026-06-07T14:56:02.409Z,29.92
2026-06-07T15:01:04.46Z,30.01
2026-06-07T15:06:02.344Z,29.78
2026-06-07T15:11:03.322Z,29.69
2026-06-07T15:16:06.05Z,29.69
2026-06-07T15:21:02.512Z,29.69
2026-06-07T15:26:02.449Z,29.69
2026-06-07T15:31:02.688Z,29.72
2026-06-07T15:36:02.517Z,29.57
2026-06-07T15:41:02.356Z,29.37
2026-06-07T15:46:04.333Z,29.11
2026-06-07T15:51:02.484Z,29.03
2026-06-07T15:56:02.665Z,28.74
2026-06-07T16:01:02.82Z,28.68
2026-06-07T16:06:04.672Z,28.36
2026-06-07T16:11:02.662Z,28.51
2026-06-07T16:16:04.288Z,28.31
2026-06-07T16:21:04.895Z,28.19
2026-06-07T16:26:02.508Z,28.25
2026-06-07T16:31:02.837Z,28.16
2026-06-07T16:36:02.581Z,28.19
2026-06-07T16:41:04.062Z,28.11
2026-06-07T16:46:04.36Z,28.22
2026-06-07T16:51:05.09Z,27.99
2026-06-07T16:56:02.901Z,28.02
2026-06-07T17:01:03.526Z,27.87
2026-06-07T17:06:03.454Z,27.82
2026-06-07T17:11:06.759Z,27.97
2026-06-07T17:16:02.617Z,28.11
2026-06-07T17:21:02.471Z,28.16
2026-06-07T17:26:04.383Z,28.16
2026-06-07T17:31:02.655Z,28.16
2026-06-07T17:36:02.574Z,28.13
2026-06-07T17:41:02.503Z,28.11
2026-06-07T17:46:04.701Z,27.87
2026-06-07T17:51:06.357Z,27.59
2026-06-07T17:56:02.765Z,27.3
2026-06-07T18:01:02.813Z,27.01
2026-06-07T18:06:02.628Z,26.87
2026-06-07T18:11:02.778Z,26.81
2026-06-07T18:16:02.621Z,26.69
2026-06-07T18:21:05.93Z,26.61
2026-06-07T18:26:03.982Z,26.55
2026-06-07T18:31:02.365Z,26.73
2026-06-07T18:36:02.922Z,26.67
2026-06-07T18:41:02.693Z,26.73
2026-06-07T18:46:02.75Z,26.61
2026-06-07T18:51:02.78Z,26.46
2026-06-07T18:56:02.402Z,26.41
2026-06-07T19:01:02.748Z,26.32
2026-06-07T19:06:02.447Z,26.12
2026-06-07T19:11:02.583Z,26.01
2026-06-07T19:16:04.737Z,25.78
2026-06-07T19:21:02.783Z,25.75
2026-06-07T19:26:03.686Z,25.69
2026-06-07T19:31:04.402Z,25.57
2026-06-07T19:36:02.363Z,25.43
2026-06-07T19:41:02.716Z,25.34
2026-06-07T19:46:02.813Z,25.37
2026-06-07T19:51:02.519Z,25.29
2026-06-07T19:56:02.724Z,25.23
2026-06-07T20:01:02.535Z,25.17
2026-06-07T20:06:03.908Z,25.06
2026-06-07T20:11:02.839Z,24.91
2026-06-07T20:16:02.731Z,24.85
2026-06-07T20:21:03.338Z,24.88
2026-06-07T20:26:03.554Z,24.74
2026-06-07T20:31:03.03Z,24.83
2026-06-07T20:36:02.578Z,24.77
2026-06-07T20:41:03.179Z,24.57
2026-06-07T20:46:02.588Z,24.57
2026-06-07T20:51:03.037Z,24.45
2026-06-07T20:56:02.529Z,24.39
2026-06-07T21:01:02.739Z,24.25
2026-06-07T21:06:02.35Z,24.28
2026-06-07T21:11:02.564Z,24.16
2026-06-07T21:16:02.392Z,24.08
2026-06-07T21:21:02.654Z,23.96
2026-06-07T21:26:03.772Z,23.96
2026-06-07T21:31:02.583Z,23.93
2026-06-07T21:36:02.654Z,23.79
2026-06-07T21:41:03.399Z,23.76
2026-06-07T21:46:05.272Z,23.7
2026-06-07T21:51:02.333Z,23.65
2026-06-07T21:56:02.448Z,23.5
2026-06-07T22:01:02.893Z,23.41
2026-06-07T22:06:02.45Z,23.18
2026-06-07T22:11:02.596Z,23.13
2026-06-07T22:16:02.801Z,22.95
2026-06-07T22:21:02.396Z,22.87
2026-06-07T22:26:02.514Z,22.72
2026-06-07T22:31:02.522Z,22.69
2026-06-07T22:36:02.576Z,22.67
2026-06-07T22:41:02.737Z,22.52
2026-06-07T22:46:02.485Z,22.52
2026-06-07T22:51:04.411Z,22.64
2026-06-07T22:56:02.383Z,22.78
2026-06-07T23:01:02.417Z,22.87
2026-06-07T23:06:02.686Z,22.9
2026-06-07T23:11:02.504Z,22.98
2026-06-07T23:16:02.331Z,23.01
2026-06-07T23:21:02.556Z,22.98
2026-06-07T23:26:02.565Z,22.95
2026-06-07T23:31:06.896Z,22.93
2026-06-07T23:36:02.813Z,22.93
2026-06-07T23:41:05.446Z,22.9
2026-06-07T23:46:02.918Z,22.84
2026-06-07T23:51:02.473Z,22.78
2026-06-07T23:56:02.583Z,22.75
2026-06-08T00:01:02.399Z,22.72
2026-06-08T00:06:02.96Z,22.61
2026-06-08T00:11:02.318Z,22.67
2026-06-08T00:16:02.464Z,22.52
2026-06-08T00:21:03.088Z,22.44
2026-06-08T00:26:02.861Z,22.44
2026-06-08T00:31:02.853Z,22.29
2026-06-08T00:36:02.456Z,22.38
2026-06-08T00:41:02.659Z,22.26
2026-06-08T00:46:02.546Z,22.32
2026-06-08T00:51:02.777Z,22.32
2026-06-08T00:56:02.548Z,22.26
2026-06-08T01:01:02.614Z,22.26
2026-06-08T01:06:02.695Z,22.18
2026-06-08T01:11:02.571Z,22.18
2026-06-08T01:16:02.562Z,22.18
2026-06-08T01:21:02.625Z,22.15
2026-06-08T01:26:04.83Z,22.12
2026-06-08T01:31:02.683Z,22.12
2026-06-08T01:36:04.393Z,22.06
2026-06-08T01:41:02.695Z,22.0
2026-06-08T01:46:02.559Z,21.77
2026-06-08T01:51:04.109Z,21.74
2026-06-08T01:56:02.511Z,21.74
2026-06-08T02:01:02.602Z,21.72
2026-06-08T02:06:07.354Z,21.66
2026-06-08T02:11:02.514Z,21.55
2026-06-08T02:16:03.752Z,21.46
2026-06-08T02:21:02.501Z,21.49
2026-06-08T02:26:02.671Z,21.34
2026-06-08T02:31:04.055Z,21.25
2026-06-08T02:36:02.711Z,21.25
2026-06-08T02:41:02.539Z,21.17
2026-06-08T02:46:02.609Z,21.0
2026-06-08T02:51:02.682Z,20.97
2026-06-08T02:56:02.44Z,20.86
2026-06-08T03:01:02.791Z,20.83
2026-06-08T03:06:04.212Z,20.83
2026-06-08T03:11:02.837Z,20.62
2026-06-08T03:16:02.855Z,20.53
2026-06-08T03:21:02.603Z,20.57
2026-06-08T03:26:02.821Z,20.68
2026-06-08T03:31:02.381Z,20.6
2026-06-08T03:36:02.544Z,20.57
2026-06-08T03:41:02.47Z,20.65
2026-06-08T03:46:02.546Z,20.74
2026-06-08T03:51:03.257Z,20.79
2026-06-08T03:56:02.362Z,20.88
2026-06-08T04:01:03.163Z,20.94
2026-06-08T04:06:02.685Z,20.94
2026-06-08T04:11:02.731Z,20.94
2026-06-08T04:16:02.533Z,20.97
2026-06-08T04:21:03.124Z,20.97
2026-06-08T04:26:02.612Z,20.79
2026-06-08T04:31:04.436Z,20.79
2026-06-08T04:36:02.553Z,20.83
2026-06-08T04:41:02.731Z,20.79
2026-06-08T04:46:03.92Z,20.65
2026-06-08T04:51:03.796Z,20.68
2026-06-08T04:56:03.005Z,20.53
2026-06-08T05:01:02.537Z,20.42
2026-06-08T05:06:02.778Z,20.37
2026-06-08T05:11:02.548Z,20.34
2026-06-08T05:16:02.859Z,20.39
2026-06-08T05:21:04.976Z,20.51
2026-06-08T05:26:03.646Z,20.76
2026-06-08T05:31:02.503Z,20.91
2026-06-08T05:36:02.935Z,21.09
2026-06-08T05:41:02.723Z,21.23
2026-06-08T05:46:03.251Z,21.4
2026-06-08T05:51:02.551Z,21.6
2026-06-08T05:56:02.662Z,21.66
2026-06-08T06:01:02.745Z,21.95
2026-06-08T06:06:02.943Z,22.04
2026-06-08T06:11:04.585Z,22.23
2026-06-08T06:16:02.666Z,22.52
2026-06-08T06:21:02.423Z,22.81
2026-06-08T06:26:02.569Z,23.1
2026-06-08T06:31:02.567Z,23.24
2026-06-08T06:36:02.808Z,23.41
2026-06-08T06:41:03.263Z,23.5
2026-06-08T06:46:03.411Z,23.82
2026-06-08T06:51:02.579Z,23.96
2026-06-08T06:56:02.795Z,24.31
2026-06-08T07:01:02.377Z,24.57
2026-06-08T07:06:02.613Z,24.88
2026-06-08T07:11:03.133Z,25.09
2026-06-08T07:16:03.583Z,25.23
2026-06-08T07:21:04.284Z,25.55
2026-06-08T07:26:03.158Z,25.8
2026-06-08T07:31:02.73Z,25.97
2026-06-08T07:36:03.549Z,26.04
2026-06-08T07:41:03.912Z,26.09
2026-06-08T07:46:02.663Z,26.24
2026-06-08T07:51:02.418Z,26.12
2026-06-08T07:56:02.63Z,26.5
2026-06-08T08:01:03.339Z,26.9
2026-06-08T08:06:04.148Z,26.87
2026-06-08T08:11:02.691Z,26.73
2026-06-08T08:16:02.781Z,26.78
2026-06-08T08:21:02.56Z,27.04
2026-06-08T08:26:02.732Z,27.18
2026-06-08T08:31:02.591Z,27.41
2026-06-08T08:36:04.562Z,27.59
2026-06-08T08:41:04.056Z,27.48
2026-06-08T08:46:04.37Z,27.53
2026-06-08T08:51:03.322Z,27.59
2026-06-08T08:56:02.884Z,27.33
2026-06-08T09:01:02.788Z,27.5
2026-06-08T09:06:02.736Z,27.48
2026-06-08T09:11:02.54Z,27.93
2026-06-08T09:16:04.501Z,28.22
2026-06-08T09:21:03.786Z,28.42
2026-06-08T09:26:02.771Z,28.31
2026-06-08T09:31:02.474Z,28.28
2026-06-08T09:36:02.722Z,28.68
2026-06-08T09:41:04.06Z,28.65
2026-06-08T09:46:02.932Z,28.94
2026-06-08T09:51:02.435Z,28.91
2026-06-08T09:56:02.632Z,29.0
2026-06-08T10:01:02.683Z,28.8
2026-06-08T10:06:03.565Z,28.85
2026-06-08T10:11:02.923Z,29.29
2026-06-08T10:16:02.901Z,29.52
2026-06-08T10:21:02.445Z,29.8
2026-06-08T10:26:02.679Z,29.89
2026-06-08T10:31:03.761Z,30.27
2026-06-08T10:36:02.764Z,30.38
2026-06-08T10:41:04.59Z,30.27
2026-06-08T10:46:02.401Z,30.47
2026-06-08T10:51:02.73Z,30.64
2026-06-08T10:56:02.428Z,30.7
2026-06-08T11:01:02.58Z,30.81
2026-06-08T11:06:03.575Z,30.93
2026-06-08T11:11:02.478Z,30.87
2026-06-08T11:16:04.447Z,31.22
2026-06-08T11:21:02.663Z,30.9
2026-06-08T11:26:02.707Z,31.01
2026-06-08T11:31:02.455Z,31.45
2026-06-08T11:36:02.71Z,31.5
2026-06-08T11:41:02.935Z,31.68
2026-06-08T11:46:02.508Z,31.64
2026-06-08T11:51:02.778Z,31.87
2026-06-08T11:56:03.085Z,32.08
2026-06-08T12:01:03.308Z,32.25
2026-06-08T12:06:02.432Z,32.28
2026-06-08T12:11:02.588Z,31.76
2026-06-08T12:16:02.651Z,31.91
2026-06-08T12:21:02.529Z,32.11
2026-06-08T12:26:02.546Z,31.96
2026-06-08T12:31:02.289Z,31.82
2026-06-08T12:36:02.597Z,31.87
2026-06-08T12:41:02.697Z,31.96
2026-06-08T12:46:02.705Z,31.99
2026-06-08T12:51:02.581Z,32.13
2026-06-08T12:56:02.465Z,32.25
2026-06-08T13:01:02.667Z,32.51
2026-06-08T13:06:04.271Z,32.8
2026-06-08T13:11:02.645Z,32.66
2026-06-08T13:16:02.432Z,32.8
2026-06-08T13:21:04.682Z,33.06
2026-06-08T13:26:02.341Z,33.06
2026-06-08T13:31:03.855Z,33.06
2026-06-08T13:36:02.428Z,32.91
2026-06-08T13:41:04.75Z,33.23
2026-06-08T13:46:02.462Z,33.57
2026-06-08T13:51:02.612Z,33.78
2026-06-08T13:56:05.803Z,33.52
2026-06-08T14:01:02.469Z,33.54
2026-06-08T14:06:02.837Z,33.83
2026-06-08T14:11:02.358Z,34.01
2026-06-08T14:16:02.736Z,33.8
2026-06-08T14:21:02.525Z,34.01
2026-06-08T14:26:02.362Z,34.03
2026-06-08T14:31:05.605Z,34.12
2026-06-08T14:36:02.396Z,34.18
2026-06-08T14:41:02.834Z,34.12
2026-06-08T14:46:02.934Z,34.24
2026-06-08T14:51:02.564Z,34.21
2026-06-08T14:56:02.979Z,34.27
2026-06-08T15:01:02.731Z,34.47
2026-06-08T15:06:04.416Z,34.27
2026-06-08T15:11:06.473Z,34.18
2026-06-08T15:16:02.594Z,34.27
2026-06-08T15:21:02.686Z,34.01
2026-06-08T15:26:05.028Z,33.92
2026-06-08T15:31:02.906Z,34.06
2026-06-08T15:36:02.595Z,34.01
2026-06-08T15:41:02.872Z,33.92
2026-06-08T15:46:02.993Z,33.69
2026-06-08T15:51:04.368Z,33.66
2026-06-08T15:56:02.6Z,33.78
2026-06-08T16:01:03.929Z,33.89
2026-06-08T16:06:03.116Z,33.72
2026-06-08T16:11:02.683Z,33.69
2026-06-08T16:16:02.829Z,33.83
2026-06-08T16:21:04.62Z,33.69
2026-06-08T16:26:03.527Z,33.57
2026-06-08T16:31:03.482Z,33.43
2026-06-08T16:36:03.017Z,33.52
2026-06-08T16:41:02.619Z,33.46
2026-06-08T16:46:02.595Z,33.49
2026-06-08T16:51:02.738Z,33.49
2026-06-08T16:56:02.957Z,33.54
2026-06-08T17:01:02.294Z,33.46
2026-06-08T17:06:02.663Z,33.46
2026-06-08T17:11:04.256Z,33.46
2026-06-08T17:16:03.085Z,33.31
2026-06-08T17:21:02.7Z,33.29
2026-06-08T17:26:02.523Z,33.23
2026-06-08T17:31:02.387Z,33.0
2026-06-08T17:36:02.874Z,33.0
2026-06-08T17:41:03.459Z,32.85
2026-06-08T17:46:02.355Z,32.62
2026-06-08T17:51:02.629Z,32.59
2026-06-08T17:56:03.142Z,32.36
2026-06-08T18:01:02.778Z,32.4
2026-06-08T18:06:02.63Z,32.36
2026-06-08T18:11:02.387Z,32.31
2026-06-08T18:16:02.513Z,32.11
2026-06-08T18:21:02.778Z,31.82
2026-06-08T18:26:02.9Z,31.64
2026-06-08T18:31:02.452Z,31.22
2026-06-08T18:36:02.632Z,30.84
2026-06-08T18:41:02.74Z,30.47
2026-06-08T18:46:03.216Z,30.04
2026-06-08T18:51:04.295Z,29.78
2026-06-08T18:56:02.714Z,29.6
2026-06-08T19:01:02.617Z,29.34
2026-06-08T19:06:04.099Z,29.2
2026-06-08T19:11:02.494Z,29.08
2026-06-08T19:16:02.903Z,29.11
2026-06-08T19:21:02.549Z,29.08
2026-06-08T19:26:02.524Z,28.94
2026-06-08T19:31:02.474Z,28.62
2026-06-08T19:36:02.773Z,28.42
2026-06-08T19:41:04.188Z,28.11
2026-06-08T19:46:02.841Z,27.97
2026-06-08T19:51:03.817Z,27.73
2026-06-08T19:56:02.779Z,27.56
2026-06-08T20:01:02.544Z,27.39
2026-06-08T20:06:03.982Z,27.33
2026-06-08T20:11:02.804Z,27.22
2026-06-08T20:16:03.549Z,27.13
2026-06-08T20:21:02.404Z,27.01
2026-06-08T20:26:02.545Z,26.92
2026-06-08T20:31:02.625Z,26.81
2026-06-08T20:36:02.633Z,26.78
2026-06-08T20:41:03.074Z,26.64
2026-06-08T20:46:02.7Z,26.61
2026-06-08T20:51:02.618Z,26.58
2026-06-08T20:56:02.904Z,26.55
2026-06-08T21:01:02.659Z,26.5
2026-06-08T21:06:02.501Z,26.44
2026-06-08T21:11:02.354Z,26.46
2026-06-08T21:16:04.606Z,26.35
2026-06-08T21:21:02.599Z,26.32
2026-06-08T21:26:02.456Z,26.2
2026-06-08T21:31:02.677Z,26.24
2026-06-08T21:36:03.531Z,26.12
2026-06-08T21:41:02.956Z,26.06
2026-06-08T21:46:02.725Z,25.97
2026-06-08T21:51:02.58Z,25.95
2026-06-08T21:56:02.514Z,25.86
2026-06-08T22:01:02.89Z,25.86
2026-06-08T22:06:05.707Z,25.78
2026-06-08T22:11:02.768Z,25.66
2026-06-08T22:16:02.649Z,25.57
2026-06-08T22:21:02.703Z,25.55
2026-06-08T22:26:02.693Z,25.43
2026-06-08T22:31:02.474Z,25.4
2026-06-08T22:36:02.777Z,25.34
2026-06-08T22:41:04.139Z,25.2
2026-06-08T22:46:04.523Z,25.14
2026-06-08T22:51:04.606Z,25.03
2026-06-08T22:56:03.162Z,25.0
2026-06-08T23:01:02.697Z,24.91
2026-06-08T23:06:02.699Z,24.85
2026-06-08T23:11:02.586Z,24.71
2026-06-08T23:16:02.91Z,24.71
2026-06-08T23:21:02.65Z,24.62
2026-06-08T23:26:02.841Z,24.51
2026-06-08T23:31:02.688Z,24.54
2026-06-08T23:36:02.66Z,24.42
2026-06-08T23:41:02.723Z,24.37
2026-06-08T23:46:04.303Z,24.34
2026-06-08T23:51:02.715Z,24.25
2026-06-08T23:56:02.646Z,24.16
2026-06-09T00:01:02.356Z,24.16
2026-06-09T00:06:03.016Z,24.19
2026-06-09T00:11:02.634Z,24.08
2026-06-09T00:16:02.712Z,24.02
2026-06-09T00:21:02.394Z,23.9
2026-06-09T00:26:02.761Z,23.9
2026-06-09T00:31:02.731Z,23.82
2026-06-09T00:36:02.413Z,23.82
2026-06-09T00:41:02.488Z,23.76
2026-06-09T00:46:04.496Z,23.7
2026-06-09T00:51:02.381Z,23.67
2026-06-09T00:56:02.586Z,23.67
2026-06-09T01:01:04.236Z,23.67
2026-06-09T01:06:02.841Z,23.62
2026-06-09T01:11:02.487Z,23.5
2026-06-09T01:16:02.678Z,23.53
2026-06-09T01:21:02.31Z,23.56
2026-06-09T01:26:02.669Z,23.47
2026-06-09T01:31:03.179Z,23.47
2026-06-09T01:36:03.289Z,23.39
2026-06-09T01:41:02.48Z,23.36
2026-06-09T01:46:02.538Z,23.18
2026-06-09T01:51:02.726Z,23.18
2026-06-09T01:56:02.367Z,23.07
2026-06-09T02:01:02.632Z,23.07
2026-06-09T02:06:02.939Z,23.01
2026-06-09T02:11:02.526Z,23.01
2026-06-09T02:16:05.605Z,22.95
2026-06-09T02:21:03.336Z,23.04
2026-06-09T02:26:02.373Z,23.01
2026-06-09T02:31:02.561Z,22.98
2026-06-09T02:36:02.981Z,23.04
2026-06-09T02:41:03.136Z,22.98
2026-06-09T02:46:02.541Z,22.98
2026-06-09T02:51:02.331Z,22.98
2026-06-09T02:56:02.511Z,22.98
2026-06-09T03:01:02.496Z,22.93
2026-06-09T03:06:02.68Z,22.93
2026-06-09T03:11:04.21Z,22.9
2026-06-09T03:16:03.635Z,22.95
2026-06-09T03:21:04.013Z,22.87
2026-06-09T03:26:04.248Z,22.87
2026-06-09T03:31:02.668Z,22.81
2026-06-09T03:36:02.701Z,22.69
2026-06-09T03:41:02.809Z,22.69
2026-06-09T03:46:03.136Z,22.55
2026-06-09T03:51:02.656Z,22.55
2026-06-09T03:56:02.829Z,22.49
2026-06-09T04:01:02.66Z,22.44
2026-06-09T04:06:02.81Z,22.49
2026-06-09T04:11:02.446Z,22.52
2026-06-09T04:16:04.372Z,22.58
2026-06-09T04:21:02.397Z,22.61
2026-06-09T04:26:03.367Z,22.78
2026-06-09T04:31:02.296Z,22.87
2026-06-09T04:36:02.555Z,22.87
2026-06-09T04:41:02.805Z,23.01
2026-06-09T04:46:02.545Z,23.1
2026-06-09T04:51:02.548Z,23.04
2026-06-09T04:56:05.007Z,22.98
2026-06-09T05:01:02.982Z,22.98
2026-06-09T05:06:03.08Z,23.01
2026-06-09T05:11:02.714Z,22.98
2026-06-09T05:16:04.482Z,23.01
2026-06-09T05:21:04.608Z,23.04
2026-06-09T05:26:02.391Z,23.01
2026-06-09T05:31:04.05Z,23.04
2026-06-09T05:36:02.833Z,23.01
2026-06-09T05:41:03.836Z,23.1
2026-06-09T05:46:02.641Z,23.18
2026-06-09T05:51:02.401Z,23.3
2026-06-09T05:56:02.919Z,23.39
2026-06-09T06:01:02.546Z,23.53
2026-06-09T06:06:02.747Z,23.56
2026-06-09T06:11:04.395Z,23.82
2026-06-09T06:16:03.636Z,23.96
2026-06-09T06:21:04.741Z,24.19
2026-06-09T06:26:02.493Z,24.16
2026-06-09T06:31:02.798Z,24.19
2026-06-09T06:36:02.763Z,24.34
2026-06-09T06:41:02.723Z,24.39
2026-06-09T06:46:03.078Z,24.34
2026-06-09T06:51:02.437Z,24.42
2026-06-09T06:56:02.608Z,24.45
2026-06-09T07:01:02.539Z,24.54
2026-06-09T07:06:02.453Z,24.74
2026-06-09T07:11:03.609Z,24.74
2026-06-09T07:16:02.632Z,24.91
2026-06-09T07:21:03.286Z,24.91
2026-06-09T07:26:02.76Z,25.06
2026-06-09T07:31:02.735Z,25.03
2026-06-09T07:36:02.582Z,25.03
2026-06-09T07:41:02.732Z,25.14
2026-06-09T07:46:02.481Z,25.37
2026-06-09T07:51:02.523Z,25.52
2026-06-09T07:56:02.391Z,25.55
2026-06-09T08:01:03.045Z,25.86
2026-06-09T08:06:04.629Z,26.12
2026-06-09T08:11:02.502Z,26.27
2026-06-09T08:16:03.706Z,26.35
2026-06-09T08:21:02.542Z,26.29
2026-06-09T08:26:02.506Z,26.24
2026-06-09T08:31:04.383Z,26.18
2026-06-09T08:36:03.15Z,26.09
2026-06-09T08:41:02.617Z,25.92
2026-06-09T08:46:02.493Z,25.97
2026-06-09T08:51:02.624Z,25.97
2026-06-09T08:56:04.458Z,26.09
2026-06-09T09:01:02.981Z,26.01
2026-06-09T09:06:02.693Z,25.86
2026-06-09T09:11:02.578Z,25.72
2026-06-09T09:16:02.515Z,25.69
2026-06-09T09:21:02.786Z,25.78
2026-06-09T09:26:04.856Z,25.89
2026-06-09T09:31:02.569Z,25.86
2026-06-09T09:36:02.57Z,26.04
2026-06-09T09:41:02.381Z,26.18
2026-06-09T09:46:02.677Z,26.38
2026-06-09T09:51:03.047Z,26.5
2026-06-09T09:56:06.031Z,26.44
2026-06-09T10:01:02.568Z,26.64
2026-06-09T10:06:02.442Z,26.84
2026-06-09T10:11:03.916Z,26.92
2026-06-09T10:16:04.353Z,27.16
2026-06-09T10:21:03.07Z,27.3
2026-06-09T10:26:04.299Z,27.27
2026-06-09T10:31:02.687Z,27.33
2026-06-09T10:36:02.435Z,27.13
2026-06-09T10:41:04.508Z,27.16
2026-06-09T10:46:02.477Z,27.33
2026-06-09T10:51:02.464Z,27.73
2026-06-09T10:56:03.861Z,27.99
2026-06-09T11:01:03.235Z,28.02
2026-06-09T11:06:02.862Z,28.11
2026-06-09T11:11:02.508Z,28.22
2026-06-09T11:16:02.302Z,28.08
2026-06-09T11:21:02.87Z,27.93
2026-06-09T11:26:02.65Z,27.93
2026-06-09T11:31:02.571Z,28.31
2026-06-09T11:36:02.751Z,28.6
2026-06-09T11:41:02.487Z,28.85
2026-06-09T11:46:02.349Z,29.32
2026-06-09T11:51:02.569Z,29.43
2026-06-09T11:56:02.539Z,29.37
2026-06-09T12:01:02.425Z,29.6
2026-06-09T12:06:02.749Z,29.34
2026-06-09T12:11:02.443Z,29.14
2026-06-09T12:16:02.411Z,29.32
2026-06-09T12:21:02.599Z,29.4
2026-06-09T12:26:06.837Z,30.01
2026-06-09T12:31:03.419Z,30.21
2026-06-09T12:36:02.646Z,29.8
2026-06-09T12:41:04.232Z,29.92
2026-06-09T12:46:02.401Z,30.06
2026-06-09T12:51:03.203Z,30.38
2026-06-09T12:56:04.447Z,30.58
2026-06-09T13:01:02.687Z,30.7
2026-06-09T13:06:03.412Z,30.96
2026-06-09T13:11:03.709Z,30.93
2026-06-09T13:16:02.854Z,30.81
2026-06-09T13:21:03.213Z,30.44
2026-06-09T13:26:02.77Z,30.81
2026-06-09T13:31:02.546Z,31.13
2026-06-09T13:36:02.783Z,31.01
2026-06-09T13:41:04.675Z,31.24
2026-06-09T13:46:04.245Z,31.39
2026-06-09T13:51:02.602Z,31.19
2026-06-09T13:56:02.548Z,31.47
2026-06-09T14:01:06.956Z,31.45
2026-06-09T14:06:02.775Z,31.04
2026-06-09T14:11:02.542Z,31.07
2026-06-09T14:16:05.415Z,31.1
2026-06-09T14:21:03.56Z,31.19
2026-06-09T14:26:02.565Z,31.16
2026-06-09T14:31:02.764Z,31.33
2026-06-09T14:36:04.011Z,31.73
2026-06-09T14:41:02.805Z,31.42
2026-06-09T14:46:02.902Z,31.27
2026-06-09T14:51:04.385Z,31.13
2026-06-09T14:56:02.656Z,30.99
2026-06-09T15:01:02.634Z,30.75
2026-06-09T15:06:02.478Z,31.1
2026-06-09T15:11:02.692Z,31.07
2026-06-09T15:16:02.5Z,30.73
2026-06-09T15:21:02.472Z,30.61
2026-06-09T15:26:02.709Z,30.64
2026-06-09T15:31:02.669Z,30.64
2026-06-09T15:36:02.651Z,30.67
2026-06-09T15:41:02.686Z,30.58
2026-06-09T15:46:05.245Z,30.64
2026-06-09T15:51:02.365Z,30.52
2026-06-09T15:56:02.683Z,30.47
2026-06-09T16:01:03.759Z,30.38
2026-06-09T16:06:02.741Z,30.44
2026-06-09T16:11:03.634Z,30.32
2026-06-09T16:16:02.816Z,30.47
2026-06-09T16:21:02.59Z,30.35
2026-06-09T16:26:02.486Z,30.21
2026-06-09T16:31:05.862Z,30.12
2026-06-09T16:36:03.097Z,30.04
2026-06-09T16:41:02.755Z,29.95
2026-06-09T16:46:02.694Z,29.92
2026-06-09T16:51:02.551Z,29.72
2026-06-09T16:56:02.342Z,29.63
2026-06-09T17:01:02.976Z,29.52
2026-06-09T17:06:02.819Z,29.52
2026-06-09T17:11:02.43Z,29.52
2026-06-09T17:16:04.526Z,29.34
2026-06-09T17:21:02.64Z,29.29
2026-06-09T17:26:03.612Z,29.29
2026-06-09T17:31:02.318Z,29.26
2026-06-09T17:36:02.646Z,29.23
2026-06-09T17:41:02.429Z,29.23
2026-06-09T17:46:02.738Z,28.94
2026-06-09T17:51:04.852Z,28.68
2026-06-09T17:56:05.353Z,28.54
2026-06-09T18:01:02.633Z,28.51
2026-06-09T18:06:02.698Z,28.31
2026-06-09T18:11:03.195Z,28.13
2026-06-09T18:16:02.535Z,28.13
2026-06-09T18:21:02.626Z,27.87
2026-06-09T18:26:02.475Z,27.87
2026-06-09T18:31:02.498Z,27.76
2026-06-09T18:36:02.793Z,27.56
2026-06-09T18:41:02.371Z,27.36
2026-06-09T18:46:03.733Z,27.18
2026-06-09T18:51:04.728Z,26.92
2026-06-09T18:56:04.253Z,26.84
2026-06-09T19:01:02.409Z,26.73
2026-06-09T19:06:02.699Z,26.55
2026-06-09T19:11:02.461Z,26.52
2026-06-09T19:16:02.38Z,26.41
2026-06-09T19:21:02.602Z,26.18
2026-06-09T19:26:02.621Z,26.24
2026-06-09T19:31:02.656Z,26.2
2026-06-09T19:36:02.492Z,26.09
2026-06-09T19:41:02.982Z,26.04
2026-06-09T19:46:02.438Z,25.95
2026-06-09T19:51:02.553Z,25.86
2026-06-09T19:56:02.809Z,25.8
2026-06-09T20:01:02.752Z,25.8
2026-06-09T20:06:02.68Z,25.69
2026-06-09T20:11:02.641Z,25.63
2026-06-09T20:16:02.767Z,25.57
2026-06-09T20:21:03.802Z,25.46
2026-06-09T20:26:04.931Z,25.4
2026-06-09T20:31:02.993Z,25.29
2026-06-09T20:36:02.657Z,25.17
2026-06-09T20:41:02.822Z,25.06
2026-06-09T20:46:02.877Z,25.03
2026-06-09T20:51:02.638Z,24.94
2026-06-09T20:56:03.011Z,24.85
2026-06-09T21:01:03.885Z,24.85
2026-06-09T21:06:04.15Z,24.83
2026-06-09T21:11:02.506Z,24.77
2026-06-09T21:16:02.69Z,24.8
2026-06-09T21:21:02.297Z,24.68
2026-06-09T21:26:02.495Z,24.57
2026-06-09T21:31:03.16Z,24.57
2026-06-09T21:36:02.628Z,24.57
2026-06-09T21:41:02.882Z,24.54
2026-06-09T21:46:02.288Z,24.39
2026-06-09T21:51:02.818Z,24.39
2026-06-09T21:56:02.553Z,24.28
2026-06-09T22:01:03.553Z,24.28
2026-06-09T22:06:02.391Z,24.08
2026-06-09T22:11:02.669Z,24.08
2026-06-09T22:16:02.52Z,24.02
2026-06-09T22:21:02.519Z,23.96
2026-06-09T22:26:02.806Z,23.88
2026-06-09T22:31:02.511Z,23.93
2026-06-09T22:36:05.094Z,23.85
2026-06-09T22:41:02.347Z,23.67
2026-06-09T22:46:04.009Z,23.7
2026-06-09T22:51:03.041Z,23.59
2026-06-09T22:56:03.108Z,23.5
2026-06-09T23:01:02.39Z,23.44
2026-06-09T23:06:02.921Z,23.41
2026-06-09T23:11:04.29Z,23.33
2026-06-09T23:16:02.904Z,23.27
2026-06-09T23:21:02.703Z,23.3
2026-06-09T23:26:02.989Z,23.27
2026-06-09T23:31:02.778Z,23.18
2026-06-09T23:36:05.478Z,23.18
2026-06-09T23:41:02.424Z,23.1
2026-06-09T23:46:02.685Z,23.16
2026-06-09T23:51:02.623Z,23.04
2026-06-09T23:56:02.604Z,23.07
2026-06-10T00:01:02.635Z,22.95
2026-06-10T00:06:02.725Z,22.98
2026-06-10T00:11:02.504Z,22.9
2026-06-10T00:16:02.769Z,22.87
2026-06-10T00:21:02.81Z,22.87
2026-06-10T00:26:02.975Z,22.84
2026-06-10T00:31:04.415Z,22.78
2026-06-10T00:36:02.469Z,22.75
2026-06-10T00:41:02.506Z,22.78
2026-06-10T00:46:02.653Z,22.67
2026-06-10T00:51:02.652Z,22.69
2026-06-10T00:56:02.336Z,22.55
2026-06-10T01:01:03.176Z,22.61
2026-06-10T01:06:02.471Z,22.64
2026-06-10T01:11:02.728Z,22.61
2026-06-10T01:16:02.37Z,22.67
2026-06-10T01:21:02.427Z,22.61
2026-06-10T01:26:02.679Z,22.84
2026-06-10T01:31:03.405Z,22.87
2026-06-10T01:36:04.683Z,23.04
2026-06-10T01:41:02.963Z,23.01
2026-06-10T01:46:03.93Z,23.13
2026-06-10T01:51:04.263Z,23.18
2026-06-10T01:56:04.083Z,23.27
2026-06-10T02:01:03.468Z,23.39
2026-06-10T02:06:04.373Z,23.39
2026-06-10T02:11:02.537Z,23.53
2026-06-10T02:16:02.708Z,23.53
2026-06-10T02:21:02.284Z,23.5
2026-06-10T02:26:02.654Z,23.56
2026-06-10T02:31:02.483Z,23.41
2026-06-10T02:36:02.592Z,23.41
2026-06-10T02:41:04.598Z,23.3
2026-06-10T02:46:02.405Z,23.24
2026-06-10T02:51:03.309Z,23.24
2026-06-10T02:56:02.392Z,23.27
2026-06-10T03:01:03.393Z,23.33
2026-06-10T03:06:05.346Z,23.3
2026-06-10T03:11:04.071Z,23.33
2026-06-10T03:16:02.875Z,23.33
2026-06-10T03:21:02.946Z,23.27
2026-06-10T03:26:03.033Z,23.33
2026-06-10T03:31:02.699Z,23.3
2026-06-10T03:36:02.431Z,23.39
2026-06-10T03:41:02.784Z,23.41
2026-06-10T03:46:02.513Z,23.44
2026-06-10T03:51:02.591Z,23.41
2026-06-10T03:56:02.637Z,23.5
2026-06-10T04:01:02.596Z,23.56
2026-06-10T04:06:02.813Z,23.62
2026-06-10T04:11:02.266Z,23.67
2026-06-10T04:16:02.588Z,23.67
2026-06-10T04:21:02.839Z,23.79
2026-06-10T04:26:02.4Z,23.76
2026-06-10T04:31:07.339Z,23.85
2026-06-10T04:36:02.614Z,23.85
2026-06-10T04:41:02.787Z,23.82
2026-06-10T04:46:02.363Z,23.79
2026-06-10T04:51:02.695Z,23.76
2026-06-10T04:56:03.025Z,23.82
2026-06-10T05:01:02.625Z,23.79
2026-06-10T05:06:04.309Z,23.82
2026-06-10T05:11:02.429Z,23.99
2026-06-10T05:16:02.635Z,23.96
2026-06-10T05:21:02.395Z,23.93
2026-06-10T05:26:02.49Z,24.08
2026-06-10T05:31:02.755Z,24.08
2026-06-10T05:36:03.988Z,24.05
2026-06-10T05:41:03.129Z,24.08
2026-06-10T05:46:06.211Z,24.19
2026-06-10T05:51:02.537Z,24.19
2026-06-10T05:56:04.908Z,24.22
2026-06-10T06:01:04.351Z,24.22
2026-06-10T06:06:02.692Z,24.31
2026-06-10T06:11:02.498Z,24.39
2026-06-10T06:16:02.8Z,24.39
2026-06-10T06:21:02.646Z,24.51
2026-06-10T06:26:02.783Z,24.51
2026-06-10T06:31:02.552Z,24.62
2026-06-10T06:36:02.491Z,24.74
2026-06-10T06:41:03.133Z,24.74
2026-06-10T06:46:02.54Z,24.85
2026-06-10T06:51:04.927Z,24.91
2026-06-10T06:56:02.566Z,25.17
2026-06-10T07:01:03.403Z,25.52
2026-06-10T07:06:05.383Z,25.72
2026-06-10T07:11:02.506Z,25.66
2026-06-10T07:16:02.634Z,25.66
2026-06-10T07:21:04.268Z,25.97
2026-06-10T07:26:03.511Z,25.89
2026-06-10T07:31:02.782Z,26.06
2026-06-10T07:36:03.272Z,26.29
2026-06-10T07:41:02.612Z,26.41
2026-06-10T07:46:03.598Z,26.09
2026-06-10T07:51:02.847Z,26.27
2026-06-10T07:56:03.612Z,26.38
2026-06-10T08:01:02.505Z,27.04
2026-06-10T08:06:02.738Z,27.53
2026-06-10T08:11:03.717Z,27.79
2026-06-10T08:16:04.83Z,27.82
2026-06-10T08:21:03.469Z,27.82
2026-06-10T08:26:02.571Z,27.67
2026-06-10T08:31:03.531Z,27.62
2026-06-10T08:36:02.787Z,27.56
2026-06-10T08:41:02.655Z,27.9
2026-06-10T08:46:02.324Z,27.71
2026-06-10T08:51:02.771Z,27.97
2026-06-10T08:56:02.5Z,27.67
2026-06-10T09:01:05.917Z,27.73
2026-06-10T09:06:02.563Z,28.08
2026-06-10T09:11:02.841Z,28.57
2026-06-10T09:16:02.543Z,28.54
2026-06-10T09:21:05.545Z,28.8
2026-06-10T09:26:03.106Z,28.65
2026-06-10T09:31:02.534Z,28.83
2026-06-10T09:36:05.394Z,28.91
2026-06-10T09:41:02.926Z,29.14
2026-06-10T09:46:02.706Z,29.4
2026-06-10T09:51:02.893Z,29.06
2026-06-10T09:56:02.74Z,28.94
2026-06-10T10:01:02.847Z,28.8
2026-06-10T10:06:03.341Z,28.97
2026-06-10T10:11:03.497Z,29.11
2026-06-10T10:16:06.011Z,29.29
2026-06-10T10:21:02.66Z,29.46
2026-06-10T10:26:02.543Z,29.08
2026-06-10T10:31:03.179Z,29.37
2026-06-10T10:36:03.019Z,29.34
2026-06-10T10:41:02.858Z,29.26
2026-06-10T10:46:04.49Z,29.11
2026-06-10T10:51:03.681Z,29.03
2026-06-10T10:56:03.483Z,29.4
2026-06-10T11:01:03.414Z,29.63
2026-06-10T11:06:03.273Z,29.46
2026-06-10T11:11:02.567Z,29.26
2026-06-10T11:16:03.013Z,29.63
2026-06-10T11:21:03.074Z,29.72
2026-06-10T11:26:02.539Z,29.52
2026-06-10T11:31:02.931Z,29.46
2026-06-10T11:36:04.656Z,29.55
2026-06-10T11:41:02.91Z,29.46
2026-06-10T11:46:02.656Z,29.37
2026-06-10T11:51:02.856Z,29.49
2026-06-10T11:56:02.909Z,29.78
2026-06-10T12:01:02.951Z,30.12
2026-06-10T12:06:05.275Z,30.21
2026-06-10T12:11:02.588Z,29.95
2026-06-10T12:16:03.884Z,30.06
2026-06-10T12:21:02.524Z,30.12
2026-06-10T12:26:02.985Z,30.35
2026-06-10T12:31:02.659Z,30.04
2026-06-10T12:36:02.684Z,30.01
2026-06-10T12:41:02.399Z,30.27
2026-06-10T12:46:04.133Z,30.52
2026-06-10T12:51:02.594Z,30.38
2026-06-10T12:56:02.405Z,30.47
2026-06-10T13:01:02.819Z,30.21
2026-06-10T13:06:02.636Z,30.12
2026-06-10T13:11:02.575Z,30.41
2026-06-10T13:16:02.706Z,30.55
2026-06-10T13:21:02.537Z,30.52
2026-06-10T13:26:02.373Z,30.64
2026-06-10T13:31:02.733Z,30.35
2026-06-10T13:36:02.45Z,30.09
2026-06-10T13:41:02.94Z,29.98
2026-06-10T13:46:05.572Z,30.09
2026-06-10T13:51:02.915Z,29.98
2026-06-10T13:56:03.612Z,30.21
2026-06-10T14:01:03.271Z,29.98
2026-06-10T14:06:02.653Z,30.01
2026-06-10T14:11:02.759Z,29.69
2026-06-10T14:16:03.676Z,29.69
2026-06-10T14:21:02.739Z,29.32
2026-06-10T14:26:03.083Z,29.86
2026-06-10T14:31:02.385Z,29.66
2026-06-10T14:36:05.129Z,29.6
2026-06-10T14:41:02.709Z,29.37
2026-06-10T14:46:02.926Z,29.34
2026-06-10T14:51:02.956Z,29.32
2026-06-10T14:56:02.621Z,29.32
2026-06-10T15:01:02.501Z,29.34
2026-06-10T15:06:03.192Z,29.4
2026-06-10T15:11:02.541Z,29.17
2026-06-10T15:16:04.345Z,29.17
2026-06-10T15:21:02.921Z,29.23
2026-06-10T15:26:02.489Z,29.08
2026-06-10T15:31:04.023Z,28.88
2026-06-10T15:36:02.534Z,29.08
2026-06-10T15:41:04.386Z,28.88
2026-06-10T15:46:03.169Z,29.2
2026-06-10T15:51:02.525Z,29.34
2026-06-10T15:56:02.621Z,29.2
2026-06-10T16:01:04.623Z,28.85
2026-06-10T16:06:03.306Z,28.68
2026-06-10T16:11:03.563Z,28.48
2026-06-10T16:16:03.554Z,28.6
2026-06-10T16:21:03.1Z,28.54
2026-06-10T16:26:04.332Z,28.42
2026-06-10T16:31:02.786Z,28.36
2026-06-10T16:36:02.737Z,28.57
2026-06-10T16:41:02.511Z,28.31
2026-06-10T16:46:03.958Z,28.11
2026-06-10T16:51:03.885Z,28.13
2026-06-10T16:56:03.044Z,28.05
2026-06-10T17:01:02.81Z,27.85
2026-06-10T17:06:08.092Z,27.71
2026-06-10T17:11:02.526Z,27.62
2026-06-10T17:16:03.138Z,27.56
2026-06-10T17:21:02.436Z,27.27
2026-06-10T17:26:02.72Z,27.3
2026-06-10T17:31:07.686Z,27.5
2026-06-10T17:36:11.903Z,27.36
2026-06-10T17:41:03.162Z,27.1
2026-06-10T17:46:04.635Z,27.01
2026-06-10T17:51:02.71Z,26.95
2026-06-10T17:56:03.241Z,26.81
2026-06-10T18:01:02.744Z,26.61
2026-06-10T18:06:03.134Z,26.5
2026-06-10T18:11:03.297Z,26.5
2026-06-10T18:16:03.114Z,26.55
2026-06-10T18:21:03.728Z,26.46
2026-06-10T18:26:03.073Z,26.24
2026-06-10T18:31:05.653Z,26.09
2026-06-10T18:36:02.65Z,26.06
2026-06-10T18:41:02.512Z,25.86
2026-06-10T18:46:02.613Z,25.75
2026-06-10T18:51:02.375Z,25.86
2026-06-10T18:56:02.667Z,25.83
2026-06-10T19:01:02.462Z,25.72
2026-06-10T19:06:02.66Z,25.78
2026-06-10T19:11:02.393Z,25.6
2026-06-10T19:16:04.981Z,25.6
2026-06-10T19:21:02.445Z,25.52
2026-06-10T19:26:02.503Z,25.57
2026-06-10T19:31:03.136Z,25.46
2026-06-10T19:36:02.567Z,25.46
2026-06-10T19:41:03.026Z,25.37
2026-06-10T19:46:02.785Z,25.37
2026-06-10T19:51:02.751Z,25.34
2026-06-10T19:56:02.444Z,25.29
2026-06-10T20:01:02.679Z,25.29
2026-06-10T20:06:04.623Z,25.34
2026-06-10T20:11:02.747Z,25.2
2026-06-10T20:16:03.97Z,25.14
2026-06-10T20:21:02.389Z,25.17
2026-06-10T20:26:02.616Z,25.17
2026-06-10T20:31:03.853Z,25.17
2026-06-10T20:36:02.589Z,25.14
2026-06-10T20:41:02.929Z,25.11
2026-06-10T20:46:02.666Z,25.03
2026-06-10T20:51:02.883Z,25.0
2026-06-10T20:56:02.661Z,24.91
2026-06-10T21:01:03.004Z,24.91
2026-06-10T21:06:02.907Z,24.97
2026-06-10T21:11:03.02Z,24.94
2026-06-10T21:16:03.743Z,24.94
2026-06-10T21:21:02.417Z,25.03
2026-06-10T21:26:02.789Z,24.94
2026-06-10T21:31:03.078Z,24.97
2026-06-10T21:36:02.664Z,24.97
2026-06-10T21:41:02.704Z,25.0
2026-06-10T21:46:02.431Z,25.03
2026-06-10T21:51:02.647Z,24.97
2026-06-10T21:56:02.331Z,25.0
2026-06-10T22:01:04.793Z,24.91
2026-06-10T22:06:03.5Z,24.94
2026-06-10T22:11:02.747Z,24.88
2026-06-10T22:16:02.716Z,24.88
2026-06-10T22:21:04.753Z,24.88
2026-06-10T22:26:02.348Z,24.77
2026-06-10T22:31:02.533Z,24.8
2026-06-10T22:36:04.676Z,24.8
2026-06-10T22:41:02.625Z,24.74
2026-06-10T22:46:02.801Z,24.74
2026-06-10T22:51:04.596Z,24.74
2026-06-10T22:56:02.623Z,24.71
2026-06-10T23:01:02.74Z,24.68
2026-06-10T23:06:02.547Z,24.68
2026-06-10T23:11:02.641Z,24.74
2026-06-10T23:16:03.308Z,24.6
2026-06-10T23:21:02.396Z,24.65
2026-06-10T23:26:02.625Z,24.54
2026-06-10T23:31:02.262Z,24.6
2026-06-10T23:36:03.779Z,24.6
2026-06-10T23:41:02.778Z,24.54
2026-06-10T23:46:02.423Z,24.48
2026-06-10T23:51:02.612Z,24.39
2026-06-10T23:56:02.495Z,24.39
2026-06-11T00:01:03.739Z,24.34
2026-06-11T00:06:02.941Z,24.31
2026-06-11T00:11:03.026Z,24.34
2026-06-11T00:16:03.477Z,24.22
2026-06-11T00:21:02.55Z,24.25
2026-06-11T00:26:03.603Z,24.28
2026-06-11T00:31:02.43Z,24.22
2026-06-11T00:36:02.631Z,24.16
2026-06-11T00:41:02.37Z,24.08
2026-06-11T00:46:02.489Z,24.02
2026-06-11T00:51:04.605Z,23.96
2026-06-11T00:56:02.447Z,23.96
2026-06-11T01:01:02.614Z,23.96
2026-06-11T01:06:04.541Z,23.9
2026-06-11T01:11:02.764Z,23.93
2026-06-11T01:16:03.077Z,23.85
2026-06-11T01:21:04.265Z,23.79
2026-06-11T01:26:03.339Z,23.88
2026-06-11T01:31:03.175Z,23.82
2026-06-11T01:36:02.388Z,23.76
2026-06-11T01:41:02.664Z,23.79
2026-06-11T01:46:02.43Z,23.7
2026-06-11T01:51:02.647Z,23.65
2026-06-11T01:56:02.364Z,23.65
2026-06-11T02:01:02.448Z,23.7
2026-06-11T02:06:02.321Z,23.62
2026-06-11T02:11:02.7Z,23.67
2026-06-11T02:16:02.621Z,23.59
2026-06-11T02:21:02.551Z,23.67
2026-06-11T02:26:02.645Z,23.59
2026-06-11T02:31:02.579Z,23.59
2026-06-11T02:36:02.39Z,23.56
2026-06-11T02:41:03.119Z,23.53
2026-06-11T02:46:02.505Z,23.47
2026-06-11T02:51:02.453Z,23.53
2026-06-11T02:56:02.632Z,23.53
2026-06-11T03:01:03.341Z,23.56
2026-06-11T03:06:02.624Z,23.59
2026-06-11T03:11:02.74Z,23.5
2026-06-11T03:16:02.437Z,23.47
2026-06-11T03:21:02.829Z,23.47
2026-06-11T03:26:02.284Z,23.56
2026-06-11T03:31:02.502Z,23.59
2026-06-11T03:36:02.584Z,23.56
2026-06-11T03:41:02.373Z,23.44
2026-06-11T03:46:05.311Z,23.5
2026-06-11T03:51:03.112Z,23.44
2026-06-11T03:56:02.587Z,23.33
2026-06-11T04:01:02.794Z,23.44
2026-06-11T04:06:04.03Z,23.53
2026-06-11T04:11:02.769Z,23.44
2026-06-11T04:16:02.545Z,23.41
2026-06-11T04:21:02.74Z,23.36
2026-06-11T04:26:02.704Z,23.44
2026-06-11T04:31:04.964Z,23.47
2026-06-11T04:36:02.519Z,23.44
2026-06-11T04:41:02.707Z,23.41
2026-06-11T04:46:04.103Z,23.33
2026-06-11T04:51:04.71Z,23.44
2026-06-11T04:56:02.482Z,23.53
2026-06-11T05:01:02.669Z,23.44
2026-06-11T05:06:02.601Z,23.5
2026-06-11T05:11:02.747Z,23.44
2026-06-11T05:16:04.473Z,23.39
2026-06-11T05:21:02.639Z,23.41
2026-06-11T05:26:02.326Z,23.41
2026-06-11T05:31:02.512Z,23.56
2026-06-11T05:36:02.719Z,23.5
2026-06-11T05:41:02.683Z,23.53
2026-06-11T05:46:02.884Z,23.56
2026-06-11T05:51:02.443Z,23.65
2026-06-11T05:56:02.82Z,23.73
2026-06-11T06:01:02.611Z,23.73
2026-06-11T06:06:02.306Z,23.67
2026-06-11T06:11:02.637Z,23.76
2026-06-11T06:16:03.2Z,23.73
2026-06-11T06:21:04.06Z,23.88
2026-06-11T06:26:16.313Z,24.05
2026-06-11T06:31:04.442Z,24.16
2026-06-11T06:36:03.651Z,24.45
2026-06-11T06:41:02.819Z,24.62
2026-06-11T06:46:02.354Z,25.17
2026-06-11T06:51:04.928Z,25.34
2026-06-11T06:56:05.274Z,25.57
2026-06-11T07:01:02.483Z,25.75
2026-06-11T07:06:02.397Z,25.86
2026-06-11T07:11:02.628Z,25.83
2026-06-11T07:16:02.995Z,25.46
2026-06-11T07:21:02.76Z,25.49
2026-06-11T07:26:11.399Z,25.69
2026-06-11T07:31:02.596Z,26.01
2026-06-11T07:36:02.629Z,26.09
2026-06-11T07:41:02.523Z,25.89
2026-06-11T07:46:07.168Z,25.8
2026-06-11T07:51:02.491Z,25.69
2026-06-11T07:56:02.861Z,25.97
2026-06-11T08:01:04.877Z,25.97
2026-06-11T08:06:02.581Z,25.95
2026-06-11T08:11:02.591Z,25.97
2026-06-11T08:16:02.355Z,25.8
2026-06-11T08:21:02.756Z,25.72
2026-06-11T08:26:03.625Z,25.6
2026-06-11T08:31:03.695Z,25.4
2026-06-11T08:36:02.659Z,25.52
2026-06-11T08:41:06.663Z,25.72
2026-06-11T08:46:03.469Z,25.66
2026-06-11T08:51:03.283Z,25.66
2026-06-11T08:56:05.746Z,25.78
2026-06-11T09:01:02.623Z,25.8
2026-06-11T09:06:04.253Z,25.97
2026-06-11T09:11:02.517Z,26.04
2026-06-11T09:16:02.57Z,26.01
2026-06-11T09:21:02.391Z,26.04
2026-06-11T09:26:04.004Z,25.92
2026-06-11T09:31:04.776Z,26.09
2026-06-11T09:36:04.439Z,26.29
2026-06-11T09:41:03.393Z,26.2
2026-06-11T09:46:02.812Z,26.32
2026-06-11T09:51:02.737Z,26.38
2026-06-11T09:56:06.119Z,26.41
2026-06-11T10:01:02.805Z,26.52
2026-06-11T10:06:04.958Z,26.41
2026-06-11T10:11:03.328Z,26.41
2026-06-11T10:16:03.259Z,26.73
2026-06-11T10:21:02.515Z,26.84
2026-06-11T10:26:02.39Z,26.78
2026-06-11T10:31:02.412Z,26.58
2026-06-11T10:36:03.431Z,26.67
2026-06-11T10:41:05.024Z,26.73
2026-06-11T10:46:02.543Z,26.69
2026-06-11T10:51:02.495Z,26.52
2026-06-11T10:56:03.066Z,26.55
2026-06-11T11:01:02.628Z,26.55
2026-06-11T11:06:05.114Z,26.64
2026-06-11T11:11:05.2Z,26.76
2026-06-11T11:16:02.714Z,26.73
2026-06-11T11:21:02.689Z,26.81
2026-06-11T11:26:02.629Z,26.78
2026-06-11T11:31:04.576Z,26.9
2026-06-11T11:36:04.201Z,26.9
2026-06-11T11:41:02.5Z,26.87
2026-06-11T11:46:02.968Z,27.07
2026-06-11T11:51:02.61Z,27.18
2026-06-11T11:56:02.671Z,27.18
2026-06-11T12:01:02.428Z,27.24
2026-06-11T12:06:02.408Z,27.41
2026-06-11T12:11:02.291Z,27.3
2026-06-11T12:16:02.763Z,27.41
2026-06-11T12:21:02.902Z,27.56
2026-06-11T12:26:02.552Z,27.73
2026-06-11T12:31:02.486Z,28.11
2026-06-11T12:36:02.401Z,28.08
2026-06-11T12:41:02.726Z,28.02
2026-06-11T12:46:02.542Z,27.93
2026-06-11T12:51:03.376Z,28.28
2026-06-11T12:56:02.763Z,28.02
2026-06-11T13:01:03.206Z,28.16
2026-06-11T13:06:04.068Z,28.28
2026-06-11T13:11:03.689Z,28.19
2026-06-11T13:16:04.262Z,28.02
2026-06-11T13:21:04.097Z,28.19
2026-06-11T13:26:02.689Z,28.31
2026-06-11T13:31:02.732Z,28.34
2026-06-11T13:36:02.791Z,28.34
2026-06-11T13:41:02.701Z,28.31
2026-06-11T13:46:02.899Z,28.31
2026-06-11T13:51:02.723Z,28.22
2026-06-11T13:56:02.683Z,28.39
2026-06-11T14:01:03.581Z,28.45
2026-06-11T14:06:03.809Z,28.31
2026-06-11T14:11:02.777Z,28.28
2026-06-11T14:16:02.664Z,28.42
2026-06-11T14:21:04.42Z,28.39
2026-06-11T14:26:02.676Z,28.57
2026-06-11T14:31:02.634Z,28.65
2026-06-11T14:36:03.751Z,28.68
2026-06-11T14:41:02.458Z,29.03
2026-06-11T14:46:02.967Z,29.14
2026-06-11T14:51:03.738Z,28.83
2026-06-11T14:56:05.29Z,29.08
2026-06-11T15:01:03.057Z,28.88
2026-06-11T15:06:03.073Z,28.62
2026-06-11T15:11:02.799Z,28.48
2026-06-11T15:16:02.649Z,28.68
2026-06-11T15:21:02.447Z,28.48
2026-06-11T15:26:03.252Z,28.65
2026-06-11T15:31:03.855Z,28.74
2026-06-11T15:36:02.382Z,28.71
2026-06-11T15:41:02.344Z,28.71
2026-06-11T15:46:02.859Z,28.48
2026-06-11T15:51:02.6Z,28.39
2026-06-11T15:56:02.453Z,28.62
2026-06-11T16:01:03.036Z,28.42
2026-06-11T16:06:04.55Z,28.42
2026-06-11T16:11:02.586Z,28.25
2026-06-11T16:16:05.688Z,27.82
2026-06-11T16:21:02.565Z,27.76
2026-06-11T16:26:02.641Z,27.71
2026-06-11T16:31:02.516Z,27.76
2026-06-11T16:36:03.035Z,27.76
2026-06-11T16:41:05.083Z,27.53
2026-06-11T16:46:03.232Z,27.56
2026-06-11T16:51:03.503Z,27.33
2026-06-11T16:56:04.498Z,27.27
2026-06-11T17:01:03.78Z,27.24
2026-06-11T17:06:02.468Z,27.07
2026-06-11T17:11:02.683Z,27.01
2026-06-11T17:16:02.717Z,26.84
2026-06-11T17:21:02.4Z,26.64
2026-06-11T17:26:03.39Z,26.67
2026-06-11T17:31:02.442Z,26.69
2026-06-11T17:36:02.673Z,26.69
2026-06-11T17:41:02.531Z,26.5
2026-06-11T17:46:03.028Z,26.38
2026-06-11T17:51:02.435Z,26.32
2026-06-11T17:56:02.317Z,26.24
2026-06-11T18:01:02.681Z,26.12
2026-06-11T18:06:02.657Z,26.06
2026-06-11T18:11:02.617Z,26.06
2026-06-11T18:16:02.428Z,25.83
2026-06-11T18:21:02.855Z,25.6
2026-06-11T18:26:02.407Z,25.57
2026-06-11T18:31:02.642Z,25.49
2026-06-11T18:36:02.49Z,25.46
2026-06-11T18:41:03.149Z,25.49
2026-06-11T18:46:02.579Z,25.43
2026-06-11T18:51:02.36Z,25.26
2026-06-11T18:56:02.789Z,25.26
2026-06-11T19:01:02.423Z,25.06
2026-06-11T19:06:03.033Z,24.97
2026-06-11T19:11:03.118Z,24.91
2026-06-11T19:16:02.709Z,24.88
2026-06-11T19:21:02.502Z,24.77
2026-06-11T19:26:02.263Z,24.68
2026-06-11T19:31:02.614Z,24.48
2026-06-11T19:36:02.888Z,24.51
2026-06-11T19:41:02.597Z,24.39
2026-06-11T19:46:04.876Z,24.31
2026-06-11T19:51:02.674Z,24.16
2026-06-11T19:56:03.725Z,24.05
2026-06-11T20:01:03.636Z,24.05
2026-06-11T20:06:03.361Z,23.93
2026-06-11T20:11:07.177Z,23.85
2026-06-11T20:16:02.31Z,23.82
2026-06-11T20:21:02.709Z,23.7
2026-06-11T20:26:02.788Z,23.67
2026-06-11T20:31:04.566Z,23.62
2026-06-11T20:36:03.284Z,23.65
2026-06-11T20:41:02.702Z,23.59
2026-06-11T20:46:03.149Z,23.59
2026-06-11T20:51:03.045Z,23.39
2026-06-11T20:56:03.134Z,23.33
2026-06-11T21:01:03.499Z,23.39
2026-06-11T21:06:03.007Z,23.36
2026-06-11T21:11:02.711Z,23.27
2026-06-11T21:16:02.438Z,23.27
2026-06-11T21:21:03.673Z,23.1
2026-06-11T21:26:02.602Z,23.07
2026-06-11T21:31:02.705Z,22.98
2026-06-11T21:36:02.67Z,22.98
2026-06-11T21:41:03.171Z,22.93
2026-06-11T21:46:03.768Z,22.93
2026-06-11T21:51:07.387Z,22.95
2026-06-11T21:56:03.353Z,22.81
2026-06-11T22:01:02.456Z,22.81
2026-06-11T22:06:02.363Z,22.81
2026-06-11T22:11:03.4Z,22.75
2026-06-11T22:16:03.373Z,22.69
2026-06-11T22:21:02.817Z,22.69
2026-06-11T22:26:05.077Z,22.67
2026-06-11T22:31:03.315Z,22.69
2026-06-11T22:36:02.605Z,22.58
2026-06-11T22:41:02.726Z,22.52
2026-06-11T22:46:02.622Z,22.52
2026-06-11T22:51:02.632Z,22.49
2026-06-11T22:56:02.757Z,22.41
2026-06-11T23:01:02.876Z,22.32
2026-06-11T23:06:02.418Z,22.21
2026-06-11T23:11:02.608Z,22.15
2026-06-11T23:16:02.903Z,22.04
2026-06-11T23:21:02.742Z,21.92
2026-06-11T23:26:03.865Z,21.72
2026-06-11T23:31:04.029Z,21.66
2026-06-11T23:36:03.309Z,21.6
2026-06-11T23:41:02.385Z,21.55
2026-06-11T23:46:02.623Z,21.51
2026-06-11T23:51:02.64Z,21.55
2026-06-11T23:56:02.766Z,21.4
2026-06-12T00:01:02.509Z,21.34
2026-06-12T00:06:02.496Z,21.4
2026-06-12T00:11:02.778Z,21.2
2026-06-12T00:16:03.201Z,21.2
2026-06-12T00:21:02.529Z,21.11
2026-06-12T00:26:02.717Z,21.09
2026-06-12T00:31:03.24Z,20.91
2026-06-12T00:36:02.793Z,20.79
2026-06-12T00:41:02.648Z,20.76
2026-06-12T00:46:02.445Z,20.74
2026-06-12T00:51:02.722Z,20.86
2026-06-12T00:56:02.409Z,20.79
2026-06-12T01:01:02.622Z,20.62
2026-06-12T01:06:03.501Z,20.57
2026-06-12T01:11:02.923Z,20.51
2026-06-12T01:16:02.638Z,20.6
2026-06-12T01:21:02.365Z,20.76
2026-06-12T01:26:02.629Z,20.76
2026-06-12T01:31:02.533Z,20.94
2026-06-12T01:36:03.548Z,20.94
2026-06-12T01:41:02.714Z,20.83
2026-06-12T01:46:04.394Z,20.79
2026-06-12T01:51:02.661Z,20.65
2026-06-12T01:56:02.375Z,20.62
2026-06-12T02:01:02.657Z,20.6
2026-06-12T02:06:02.399Z,20.62
2026-06-12T02:11:03.934Z,20.6
2026-06-12T02:16:03.005Z,20.74
2026-06-12T02:21:04.69Z,20.74
2026-06-12T02:26:04.959Z,20.65
2026-06-12T02:31:02.493Z,20.51
2026-06-12T02:36:03.113Z,20.42
2026-06-12T02:41:02.529Z,20.34
2026-06-12T02:46:02.574Z,20.37
2026-06-12T02:51:02.876Z,20.34
2026-06-12T02:56:02.608Z,20.28
2026-06-12T03:01:02.717Z,20.28
2026-06-12T03:06:02.553Z,20.28
2026-06-12T03:11:02.523Z,20.19
2026-06-12T03:16:03.808Z,20.11
2026-06-12T03:21:02.609Z,20.05
2026-06-12T03:26:04.259Z,19.93
2026-06-12T03:31:02.57Z,19.9
2026-06-12T03:36:02.612Z,19.82
2026-06-12T03:41:02.782Z,19.7
2026-06-12T03:46:02.518Z,19.53
2026-06-12T03:51:02.871Z,19.44
2026-06-12T03:56:03.188Z,19.42
2026-06-12T04:01:04.046Z,19.36
2026-06-12T04:06:03.093Z,19.36
2026-06-12T04:11:02.742Z,19.36
2026-06-12T04:16:04.676Z,19.39
2026-06-12T04:21:03.745Z,19.3
2026-06-12T04:26:03.008Z,19.24
2026-06-12T04:31:02.722Z,19.18
2026-06-12T04:36:02.41Z,19.21
2026-06-12T04:41:02.781Z,19.16
2026-06-12T04:46:04.628Z,19.3
2026-06-12T04:51:02.793Z,19.18
2026-06-12T04:56:02.663Z,19.1
2026-06-12T05:01:03.932Z,19.13
2026-06-12T05:06:02.458Z,19.13
2026-06-12T05:11:02.687Z,19.16
2026-06-12T05:16:02.919Z,19.21
2026-06-12T05:21:02.778Z,19.36
2026-06-12T05:26:03.005Z,19.44
2026-06-12T05:31:02.662Z,19.53
2026-06-12T05:36:05.188Z,19.59
2026-06-12T05:41:02.532Z,19.7
2026-06-12T05:46:03.557Z,19.93
2026-06-12T05:51:05.123Z,20.08
2026-06-12T05:56:02.612Z,20.19
2026-06-12T06:01:02.922Z,20.31
2026-06-12T06:06:03.322Z,20.45
2026-06-12T06:11:05.265Z,20.6
2026-06-12T06:16:04.006Z,20.94
2026-06-12T06:21:02.738Z,21.17
2026-06-12T06:26:04.731Z,21.32
2026-06-12T06:31:02.465Z,21.51
2026-06-12T06:36:02.609Z,21.74
2026-06-12T06:41:02.594Z,21.95
2026-06-12T06:46:03.126Z,22.23
2026-06-12T06:51:02.455Z,22.55
2026-06-12T06:56:07.017Z,22.64
2026-06-12T07:01:05.813Z,22.58
2026-06-12T07:06:02.749Z,22.81
2026-06-12T07:11:02.727Z,22.98
2026-06-12T07:16:02.7Z,22.98
2026-06-12T07:21:02.737Z,23.21
2026-06-12T07:26:04.722Z,23.41
2026-06-12T07:31:04.306Z,23.62
2026-06-12T07:36:04.379Z,23.79
2026-06-12T07:41:02.676Z,23.93
2026-06-12T07:46:02.431Z,24.42
2026-06-12T07:51:02.734Z,24.94
2026-06-12T07:56:02.588Z,25.29
2026-06-12T08:01:04.634Z,25.43
2026-06-12T08:06:02.429Z,25.46
2026-06-12T08:11:04.005Z,25.6
2026-06-12T08:16:03.422Z,25.75
2026-06-12T08:21:07.508Z,25.97
2026-06-12T08:26:02.768Z,26.01
2026-06-12T08:31:04.873Z,26.12
2026-06-12T08:36:03.885Z,26.38
2026-06-12T08:41:04.05Z,26.61
2026-06-12T08:46:03.314Z,26.81
2026-06-12T08:51:02.769Z,26.69
2026-06-12T08:56:03.481Z,26.69
2026-06-12T09:01:02.723Z,26.69
2026-06-12T09:06:04.434Z,27.13
2026-06-12T09:11:02.771Z,27.24
2026-06-12T09:16:02.591Z,27.39
2026-06-12T09:21:03.582Z,27.48
2026-06-12T09:26:02.667Z,27.39
2026-06-12T09:31:02.653Z,27.59
2026-06-12T09:36:02.515Z,27.62
2026-06-12T09:41:02.605Z,27.87
2026-06-12T09:46:02.515Z,27.85
2026-06-12T09:51:02.619Z,28.08
2026-06-12T09:56:02.552Z,28.54
2026-06-12T10:01:03.789Z,28.51
2026-06-12T10:06:02.634Z,28.65
2026-06-12T10:11:02.511Z,28.62
2026-06-12T10:16:03.407Z,28.85
2026-06-12T10:21:02.639Z,28.74
2026-06-12T10:26:02.861Z,28.71
2026-06-12T10:31:04.725Z,28.62
2026-06-12T10:36:02.566Z,28.65
2026-06-12T10:41:02.877Z,29.08
2026-06-12T10:46:02.723Z,29.23
2026-06-12T10:51:02.674Z,29.08
2026-06-12T10:56:02.472Z,28.77
2026-06-12T11:01:02.641Z,28.8
2026-06-12T11:06:02.612Z,28.88
2026-06-12T11:11:02.508Z,28.85
2026-06-12T11:16:02.864Z,29.14
2026-06-12T11:21:02.346Z,28.91
2026-06-12T11:26:03.842Z,28.91
2026-06-12T11:31:02.841Z,28.88
2026-06-12T11:36:02.528Z,28.68
2026-06-12T11:41:02.349Z,28.94
2026-06-12T11:46:03.037Z,28.94
2026-06-12T11:51:02.752Z,28.77
2026-06-12T11:56:04.7Z,28.48
2026-06-12T12:01:03.069Z,28.68
2026-06-12T12:06:04.679Z,28.65
2026-06-12T12:11:02.649Z,28.74
2026-06-12T12:16:02.605Z,28.91
2026-06-12T12:21:04.55Z,29.17
2026-06-12T12:26:02.876Z,29.14
2026-06-12T12:31:02.296Z,29.17
2026-06-12T12:36:02.637Z,29.32
2026-06-12T12:41:02.587Z,29.11
2026-06-12T12:46:02.808Z,29.29
2026-06-12T12:51:03.203Z,29.11
2026-06-12T12:56:02.509Z,29.14
2026-06-12T13:01:02.497Z,29.4
2026-06-12T13:06:03.037Z,29.11
2026-06-12T13:11:04.414Z,29.46
2026-06-12T13:16:02.355Z,29.66
2026-06-12T13:21:02.912Z,29.32
2026-06-12T13:26:02.706Z,29.37
2026-06-12T13:31:02.545Z,29.26
2026-06-12T13:36:02.661Z,29.4
2026-06-12T13:41:04.412Z,29.63
2026-06-12T13:46:02.551Z,29.6
2026-06-12T13:51:04.792Z,29.72
2026-06-12T13:56:05.011Z,29.89
2026-06-12T14:01:02.669Z,29.78
2026-06-12T14:06:02.577Z,29.86
2026-06-12T14:11:02.586Z,29.83
2026-06-12T14:16:04.812Z,29.92
2026-06-12T14:21:02.546Z,30.01
2026-06-12T14:26:02.718Z,29.89
2026-06-12T14:31:02.61Z,30.04
2026-06-12T14:36:04.865Z,29.89
2026-06-12T14:41:02.664Z,30.06
2026-06-12T14:46:02.431Z,29.92
2026-06-12T14:51:03.225Z,29.72
2026-06-12T14:56:02.449Z,29.78
2026-06-12T15:01:02.281Z,29.63
2026-06-12T15:06:02.518Z,29.52
2026-06-12T15:11:02.655Z,29.66
2026-06-12T15:16:03.04Z,29.55
2026-06-12T15:21:05.101Z,29.75
2026-06-12T15:26:02.662Z,29.75
2026-06-12T15:31:02.625Z,29.72
2026-06-12T15:36:02.615Z,29.63
2026-06-12T15:41:02.37Z,29.6
2026-06-12T15:46:03.532Z,29.49
2026-06-12T15:51:03.091Z,29.34
2026-06-12T15:56:02.595Z,29.26
2026-06-12T16:01:03.064Z,29.08
2026-06-12T16:06:02.753Z,29.08
2026-06-12T16:11:02.49Z,29.11
2026-06-12T16:16:02.676Z,28.91
2026-06-12T16:21:02.465Z,28.8
2026-06-12T16:26:04.636Z,28.71
2026-06-12T16:31:02.475Z,28.57
2026-06-12T16:36:04.294Z,28.65
2026-06-12T16:41:02.708Z,28.65
2026-06-12T16:46:02.844Z,28.42
2026-06-12T16:51:02.879Z,28.62
2026-06-12T16:56:02.619Z,28.65
2026-06-12T17:01:03.017Z,28.48
2026-06-12T17:06:02.696Z,28.34
2026-06-12T17:11:03.059Z,28.34
2026-06-12T17:16:02.681Z,28.36
2026-06-12T17:21:02.487Z,28.16
2026-06-12T17:26:02.675Z,28.08
2026-06-12T17:31:04.623Z,27.99
2026-06-12T17:36:02.728Z,28.05
2026-06-12T17:41:02.42Z,27.99
2026-06-12T17:46:02.561Z,28.05
2026-06-12T17:51:02.328Z,27.76
2026-06-12T17:56:03.315Z,27.5
2026-06-12T18:01:03.054Z,27.48
2026-06-12T18:06:03.04Z,27.48
2026-06-12T18:11:02.537Z,27.56
2026-06-12T18:16:02.697Z,27.67
2026-06-12T18:21:02.608Z,27.59
2026-06-12T18:26:03.216Z,27.5
2026-06-12T18:31:03.724Z,27.36
2026-06-12T18:36:14.061Z,27.04
2026-06-12T18:41:02.521Z,26.95
2026-06-12T18:46:02.986Z,26.76
2026-06-12T18:51:02.622Z,26.44
2026-06-12T18:56:02.864Z,26.27
2026-06-12T19:01:02.619Z,26.06
2026-06-12T19:06:04.368Z,25.95
2026-06-12T19:11:02.697Z,25.83
2026-06-12T19:16:02.562Z,25.6
2026-06-12T19:21:03.879Z,25.43
2026-06-12T19:26:02.504Z,25.34
2026-06-12T19:31:02.825Z,25.26
2026-06-12T19:36:02.568Z,25.17
2026-06-12T19:41:02.389Z,25.0
2026-06-12T19:46:02.685Z,24.94
2026-06-12T19:51:02.637Z,24.91
2026-06-12T19:56:02.68Z,24.83
2026-06-12T20:01:02.926Z,24.83
2026-06-12T20:06:05.609Z,24.71
2026-06-12T20:11:02.9Z,24.68
2026-06-12T20:16:02.497Z,24.54
2026-06-12T20:21:02.617Z,24.48
2026-06-12T20:26:02.589Z,24.37
2026-06-12T20:31:02.657Z,24.25
2026-06-12T20:36:02.354Z,24.19
2026-06-12T20:41:02.727Z,24.08
2026-06-12T20:46:02.278Z,24.05
2026-06-12T20:51:02.686Z,23.96
2026-06-12T20:56:02.5Z,23.93
2026-06-12T21:01:02.371Z,23.85
2026-06-12T21:06:02.857Z,23.76
2026-06-12T21:11:04.618Z,23.65
2026-06-12T21:16:03.355Z,23.5
2026-06-12T21:21:03.036Z,23.44
2026-06-12T21:26:03.138Z,23.33
2026-06-12T21:31:02.678Z,23.13
2026-06-12T21:36:06.449Z,23.07
2026-06-12T21:41:02.644Z,22.84
2026-06-12T21:46:02.658Z,22.72
2026-06-12T21:51:02.393Z,22.52
2026-06-12T21:56:02.526Z,22.41
2026-06-12T22:01:02.803Z,22.18
2026-06-12T22:06:02.413Z,22.04
2026-06-12T22:11:03.128Z,21.83
2026-06-12T22:16:02.711Z,21.74
2026-06-12T22:21:02.951Z,21.81
2026-06-12T22:26:02.802Z,21.81
2026-06-12T22:31:02.777Z,21.89
2026-06-12T22:36:02.472Z,21.83
2026-06-12T22:41:05.259Z,21.72
2026-06-12T22:46:02.846Z,21.66
2026-06-12T22:51:02.614Z,21.6
2026-06-12T22:56:02.342Z,21.6
2026-06-12T23:01:04.797Z,21.69
2026-06-12T23:06:02.784Z,21.83
2026-06-12T23:11:02.405Z,21.83
2026-06-12T23:16:03.062Z,21.72
2026-06-12T23:21:03.304Z,21.86
2026-06-12T23:26:04.344Z,21.86
2026-06-12T23:31:02.643Z,21.92
2026-06-12T23:36:02.569Z,22.0
2026-06-12T23:41:02.651Z,22.0
2026-06-12T23:46:04.83Z,21.74
2026-06-12T23:51:02.624Z,21.63
2026-06-12T23:56:02.664Z,21.43
2026-06-13T00:01:02.803Z,21.34
2026-06-13T00:06:02.361Z,21.25
2026-06-13T00:11:05.175Z,21.17
2026-06-13T00:16:03.066Z,21.25
2026-06-13T00:21:02.954Z,21.14
2026-06-13T00:26:02.37Z,21.11
2026-06-13T00:31:02.648Z,21.02
2026-06-13T00:36:02.51Z,21.0
2026-06-13T00:41:02.493Z,20.97
2026-06-13T00:46:02.517Z,20.97
2026-06-13T00:51:02.785Z,20.97
2026-06-13T00:56:04.093Z,20.94
2026-06-13T01:01:02.634Z,20.88
2026-06-13T01:06:03.214Z,20.83
2026-06-13T01:11:02.664Z,20.74
2026-06-13T01:16:02.724Z,20.83
2026-06-13T01:21:02.801Z,20.79
2026-06-13T01:26:02.744Z,20.79
2026-06-13T01:31:03.03Z,20.76
2026-06-13T01:36:02.678Z,20.94
2026-06-13T01:41:02.831Z,21.11
2026-06-13T01:46:02.449Z,21.2
2026-06-13T01:51:02.746Z,21.25
2026-06-13T01:56:02.897Z,21.28
2026-06-13T02:01:02.445Z,21.06
2026-06-13T02:06:02.336Z,20.88
2026-06-13T02:11:02.553Z,20.86
2026-06-13T02:16:02.607Z,20.68
2026-06-13T02:21:02.592Z,20.6
2026-06-13T02:26:02.741Z,20.45
2026-06-13T02:31:02.379Z,20.22
2026-06-13T02:36:02.589Z,20.02
2026-06-13T02:41:02.649Z,19.82
2026-06-13T02:46:02.443Z,19.73
2026-06-13T02:51:04.607Z,19.7
2026-06-13T02:56:02.707Z,19.65
2026-06-13T03:01:02.657Z,19.62
2026-06-13T03:06:02.857Z,19.62
2026-06-13T03:11:02.46Z,19.59
2026-06-13T03:16:02.593Z,19.47
2026-06-13T03:21:02.342Z,19.39
2026-06-13T03:26:02.503Z,19.3
2026-06-13T03:31:03.235Z,19.24
2026-06-13T03:36:02.375Z,19.24
2026-06-13T03:41:02.517Z,19.7
2026-06-13T03:46:02.684Z,19.88
2026-06-13T03:51:02.343Z,20.11
2026-06-13T03:56:02.567Z,20.19
2026-06-13T04:01:02.359Z,20.14
2026-06-13T04:06:02.682Z,20.16
2026-06-13T04:11:02.901Z,20.05
2026-06-13T04:16:02.45Z,19.96
2026-06-13T04:21:02.641Z,19.85
2026-06-13T04:26:02.514Z,19.73
2026-06-13T04:31:03.111Z,19.59
2026-06-13T04:36:03.805Z,19.62
2026-06-13T04:41:02.582Z,19.56
2026-06-13T04:46:02.748Z,19.56
2026-06-13T04:51:02.504Z,19.39
2026-06-13T04:56:06.149Z,19.36
2026-06-13T05:01:04.362Z,19.24
2026-06-13T05:06:02.543Z,19.27
2026-06-13T05:11:02.769Z,19.33
2026-06-13T05:16:02.568Z,19.3
2026-06-13T05:21:02.685Z,19.36
2026-06-13T05:26:02.355Z,19.33
2026-06-13T05:31:02.844Z,19.44
2026-06-13T05:36:03.781Z,19.62
2026-06-13T05:41:03.312Z,19.76
2026-06-13T05:46:02.501Z,19.82
2026-06-13T05:51:02.824Z,19.96
2026-06-13T05:56:04.576Z,20.14
2026-06-13T06:01:02.354Z,20.19
2026-06-13T06:06:03.884Z,20.39
2026-06-13T06:11:07.128Z,20.6
2026-06-13T06:16:02.524Z,20.79
2026-06-13T06:21:02.511Z,20.91
2026-06-13T06:26:02.822Z,21.2
2026-06-13T06:31:02.901Z,21.55
2026-06-13T06:36:02.699Z,21.74
2026-06-13T06:41:02.534Z,21.89
2026-06-13T06:46:02.933Z,22.09
2026-06-13T06:51:02.354Z,22.32
2026-06-13T06:56:02.436Z,22.67
2026-06-13T07:01:02.5Z,22.84
2026-06-13T07:06:02.502Z,23.01
2026-06-13T07:11:02.49Z,23.18
2026-06-13T07:16:02.797Z,23.33
2026-06-13T07:21:02.436Z,23.41
2026-06-13T07:26:03.288Z,23.56
2026-06-13T07:31:03.13Z,23.7
2026-06-13T07:36:02.906Z,23.73
2026-06-13T07:41:02.496Z,23.85
2026-06-13T07:46:02.513Z,23.9
2026-06-13T07:51:02.845Z,24.08
2026-06-13T07:56:02.49Z,24.13
2026-06-13T08:01:03.162Z,24.11
2026-06-13T08:06:02.508Z,24.02
2026-06-13T08:11:02.504Z,24.16
2026-06-13T08:16:02.789Z,24.28
2026-06-13T08:21:05.257Z,24.45
2026-06-13T08:26:02.513Z,24.6
2026-06-13T08:31:04.214Z,24.71
2026-06-13T08:36:02.509Z,25.03
2026-06-13T08:41:02.674Z,25.23
2026-06-13T08:46:02.625Z,25.49
2026-06-13T08:51:03.441Z,25.83
2026-06-13T08:56:02.547Z,26.18
2026-06-13T09:01:03.813Z,26.41
2026-06-13T09:06:02.894Z,26.76
2026-06-13T09:11:02.489Z,27.16
2026-06-13T09:16:02.413Z,27.27
2026-06-13T09:21:02.946Z,27.76
2026-06-13T09:26:03.617Z,28.19
2026-06-13T09:31:02.842Z,28.34
2026-06-13T09:36:02.623Z,28.62
2026-06-13T09:41:02.827Z,28.83
2026-06-13T09:46:04.111Z,28.68
2026-06-13T09:51:02.833Z,29.11
2026-06-13T09:56:02.325Z,29.17
2026-06-13T10:01:02.657Z,29.37
2026-06-13T10:06:03.89Z,29.63
2026-06-13T10:11:02.448Z,29.72
2026-06-13T10:16:02.611Z,29.75
2026-06-13T10:21:02.652Z,29.66
2026-06-13T10:26:04.81Z,29.98
2026-06-13T10:31:03.217Z,30.21
2026-06-13T10:36:02.709Z,30.15
2026-06-13T10:41:04.664Z,30.18
2026-06-13T10:46:02.816Z,30.32
2026-06-13T10:51:04.049Z,30.47
2026-06-13T10:56:06.402Z,30.78
2026-06-13T11:01:03.06Z,30.52
2026-06-13T11:06:02.891Z,30.64
2026-06-13T11:11:02.864Z,30.81
2026-06-13T11:16:02.69Z,31.04
2026-06-13T11:21:02.732Z,31.1
2026-06-13T11:26:02.715Z,31.04
2026-06-13T11:31:04.589Z,31.42
2026-06-13T11:36:06.509Z,31.27
2026-06-13T11:41:02.883Z,31.22
2026-06-13T11:46:02.692Z,31.3
2026-06-13T11:51:02.936Z,31.42
2026-06-13T11:56:02.958Z,31.19
2026-06-13T12:01:02.923Z,30.96
2026-06-13T12:06:04.374Z,31.07
2026-06-13T12:11:02.747Z,30.84
2026-06-13T12:16:03.146Z,30.93
2026-06-13T12:21:03.355Z,31.01
2026-06-13T12:26:04.516Z,31.24
2026-06-13T12:31:02.26Z,31.04
2026-06-13T12:36:04.411Z,31.13
2026-06-13T12:41:03.596Z,31.19
2026-06-13T12:46:02.706Z,31.13
2026-06-13T12:51:03.466Z,31.04
2026-06-13T12:56:03.493Z,31.3
2026-06-13T13:01:02.59Z,31.56
2026-06-13T13:06:02.536Z,31.64
2026-06-13T13:11:02.653Z,31.53
2026-06-13T13:16:02.409Z,31.45
2026-06-13T13:21:02.75Z,31.39
2026-06-13T13:26:03.826Z,31.01
2026-06-13T13:31:02.705Z,31.1
2026-06-13T13:36:02.803Z,31.04
2026-06-13T13:41:03.05Z,31.04
2026-06-13T13:46:02.849Z,31.3
2026-06-13T13:51:02.63Z,31.1
2026-06-13T13:56:02.863Z,31.33
2026-06-13T14:01:04.448Z,31.53
2026-06-13T14:06:03.929Z,31.62
2026-06-13T14:11:02.658Z,31.59
2026-06-13T14:16:02.391Z,31.39
2026-06-13T14:21:02.675Z,31.47
2026-06-13T14:26:03.305Z,31.45
2026-06-13T14:31:02.708Z,31.56
2026-06-13T14:36:02.593Z,31.39
2026-06-13T14:41:02.73Z,31.39
2026-06-13T14:46:02.647Z,31.3
2026-06-13T14:51:02.498Z,31.47
2026-06-13T14:56:02.379Z,31.5
2026-06-13T15:01:04.421Z,31.3
2026-06-13T15:06:04.608Z,30.96
2026-06-13T15:11:02.672Z,31.13
2026-06-13T15:16:02.559Z,30.9
2026-06-13T15:21:02.633Z,31.16
2026-06-13T15:26:03.197Z,30.96
2026-06-13T15:31:02.638Z,30.93
2026-06-13T15:36:03.594Z,30.87
2026-06-13T15:41:03.882Z,30.7
2026-06-13T15:46:03.034Z,30.55
2026-06-13T15:51:02.648Z,30.73
2026-06-13T15:56:02.405Z,30.81
2026-06-13T16:01:03.824Z,30.81
2026-06-13T16:06:02.619Z,30.87
2026-06-13T16:11:04.41Z,30.84
2026-06-13T16:16:02.519Z,30.81
2026-06-13T16:21:02.849Z,30.67
2026-06-13T16:26:05.857Z,30.52
2026-06-13T16:31:02.503Z,30.78
2026-06-13T16:36:02.486Z,30.64
2026-06-13T16:41:02.695Z,30.32
2026-06-13T16:46:02.466Z,30.29
2026-06-13T16:51:02.746Z,30.27
2026-06-13T16:56:02.682Z,30.15
2026-06-13T17:01:06.791Z,30.24
2026-06-13T17:06:05.538Z,30.06
2026-06-13T17:11:04.312Z,29.92
2026-06-13T17:16:02.339Z,29.98
2026-06-13T17:21:02.665Z,29.95
2026-06-13T17:26:02.385Z,29.78
2026-06-13T17:31:02.768Z,29.83
2026-06-13T17:36:02.898Z,29.89
2026-06-13T17:41:02.766Z,29.66
2026-06-13T17:46:02.74Z,29.72
2026-06-13T17:51:02.716Z,29.69
2026-06-13T17:56:05.806Z,29.4
2026-06-13T18:01:04.763Z,29.32
2026-06-13T18:06:02.785Z,29.34
2026-06-13T18:11:02.898Z,29.26
2026-06-13T18:16:03.436Z,29.2
2026-06-13T18:21:03.167Z,29.06
2026-06-13T18:26:02.546Z,28.91
2026-06-13T18:31:02.608Z,28.8
2026-06-13T18:36:02.535Z,28.62
2026-06-13T18:41:02.653Z,28.48
2026-06-13T18:46:02.57Z,28.39
2026-06-13T18:51:03.959Z,28.31
2026-06-13T18:56:02.813Z,28.16
2026-06-13T19:01:03.485Z,27.99
2026-06-13T19:06:03.143Z,27.85
2026-06-13T19:11:02.399Z,27.71
2026-06-13T19:16:03.084Z,27.59
2026-06-13T19:21:02.466Z,27.44
2026-06-13T19:26:02.672Z,27.27
2026-06-13T19:31:04.323Z,27.18
2026-06-13T19:36:02.66Z,27.01
2026-06-13T19:41:05.325Z,26.87
2026-06-13T19:46:03.244Z,26.78
2026-06-13T19:51:02.709Z,26.58
2026-06-13T19:56:03.545Z,26.35
2026-06-13T20:01:02.488Z,26.18
2026-06-13T20:06:02.47Z,25.89
2026-06-13T20:11:04.18Z,25.66
2026-06-13T20:16:02.933Z,25.43
2026-06-13T20:21:02.468Z,25.2
2026-06-13T20:26:03.353Z,25.2
2026-06-13T20:31:02.821Z,24.88
2026-06-13T20:36:02.585Z,24.6
2026-06-13T20:41:02.822Z,24.42
2026-06-13T20:46:02.656Z,24.31
2026-06-13T20:51:03.079Z,24.13
2026-06-13T20:56:02.364Z,23.99
2026-06-13T21:01:02.695Z,23.88
2026-06-13T21:06:02.665Z,23.7
2026-06-13T21:11:02.686Z,23.56
2026-06-13T21:16:02.83Z,23.62
2026-06-13T21:21:02.608Z,23.3
2026-06-13T21:26:04.682Z,23.16
2026-06-13T21:31:02.889Z,23.16
2026-06-13T21:36:03.73Z,23.1
2026-06-13T21:41:02.609Z,23.01
2026-06-13T21:46:02.912Z,22.9
2026-06-13T21:51:02.386Z,22.78
2026-06-13T21:56:02.808Z,22.72
2026-06-13T22:01:03.139Z,22.61
2026-06-13T22:06:02.682Z,22.58
2026-06-13T22:11:02.791Z,22.55
2026-06-13T22:16:02.522Z,22.38
2026-06-13T22:21:03.947Z,22.41
2026-06-13T22:26:02.494Z,22.41
2026-06-13T22:31:02.39Z,22.49
2026-06-13T22:36:02.582Z,22.64
2026-06-13T22:41:02.879Z,22.95
2026-06-13T22:46:02.509Z,23.07
2026-06-13T22:51:02.794Z,23.13
2026-06-13T22:56:02.645Z,23.1
2026-06-13T23:01:02.706Z,23.18
2026-06-13T23:06:02.589Z,23.16
2026-06-13T23:11:02.819Z,23.13
2026-06-13T23:16:02.502Z,23.01
2026-06-13T23:21:03.986Z,22.95
2026-06-13T23:26:02.987Z,22.78
2026-06-13T23:31:02.401Z,22.75
2026-06-13T23:36:03.282Z,22.78
2026-06-13T23:41:02.476Z,22.81
2026-06-13T23:46:04.881Z,22.87
2026-06-13T23:51:02.721Z,22.87
2026-06-13T23:56:04.911Z,22.9
2026-06-14T00:01:02.628Z,22.72
2026-06-14T00:06:02.514Z,22.55
2026-06-14T00:11:02.743Z,22.46
2026-06-14T00:16:02.639Z,22.38
2026-06-14T00:21:02.668Z,22.23
2026-06-14T00:26:02.607Z,22.0
2026-06-14T00:31:04.438Z,22.09
2026-06-14T00:36:02.78Z,22.18
2026-06-14T00:41:02.965Z,22.15
2026-06-14T00:46:02.689Z,22.09
2026-06-14T00:51:05.192Z,22.0
2026-06-14T00:56:04.424Z,22.04
2026-06-14T01:01:04.359Z,22.0
2026-06-14T01:06:03.371Z,22.0
2026-06-14T01:11:02.679Z,21.95
2026-06-14T01:16:02.683Z,21.83
2026-06-14T01:21:03.146Z,21.83
2026-06-14T01:26:02.694Z,21.72
2026-06-14T01:31:02.56Z,21.74
2026-06-14T01:36:02.494Z,21.74
2026-06-14T01:41:02.819Z,21.66
2026-06-14T01:46:02.716Z,21.72
2026-06-14T01:51:02.692Z,21.66
2026-06-14T01:56:02.798Z,21.55
2026-06-14T02:01:02.913Z,21.51
2026-06-14T02:06:03.34Z,21.46
2026-06-14T02:11:03.049Z,21.25
2026-06-14T02:16:02.822Z,21.11
2026-06-14T02:21:04.517Z,21.09
2026-06-14T02:26:02.877Z,21.09
2026-06-14T02:31:02.515Z,21.0
2026-06-14T02:36:02.802Z,20.97
2026-06-14T02:41:02.402Z,20.79
2026-06-14T02:46:02.76Z,20.71
2026-06-14T02:51:02.743Z,20.68
2026-06-14T02:56:02.739Z,20.68
2026-06-14T03:01:02.365Z,20.6
2026-06-14T03:06:02.625Z,20.57
2026-06-14T03:11:02.598Z,20.51
2026-06-14T03:16:02.753Z,20.48
2026-06-14T03:21:02.885Z,20.42
2026-06-14T03:26:02.687Z,20.48
2026-06-14T03:31:02.59Z,20.39
2026-06-14T03:36:02.845Z,20.51
2026-06-14T03:41:02.487Z,20.39
2026-06-14T03:46:05.191Z,20.31
2026-06-14T03:51:04.667Z,20.34
2026-06-14T03:56:02.419Z,20.34
2026-06-14T04:01:02.884Z,20.53
2026-06-14T04:06:02.479Z,20.62
2026-06-14T04:11:02.317Z,20.57
2026-06-14T04:16:03.299Z,20.71
2026-06-14T04:21:02.575Z,20.83
2026-06-14T04:26:02.978Z,20.94
2026-06-14T04:31:03.169Z,21.02
2026-06-14T04:36:02.653Z,21.06
2026-06-14T04:41:02.409Z,21.06
2026-06-14T04:46:03.47Z,21.14
2026-06-14T04:51:02.803Z,21.06
2026-06-14T04:56:02.634Z,20.79
2026-06-14T05:01:03.335Z,20.62
2026-06-14T05:06:02.539Z,20.48
2026-06-14T05:11:02.582Z,20.45
2026-06-14T05:16:03.625Z,20.39
2026-06-14T05:21:02.628Z,20.31
2026-06-14T05:26:04.054Z,20.11
2026-06-14T05:31:02.928Z,19.96
2026-06-14T05:36:02.446Z,19.79
2026-06-14T05:41:04.17Z,19.79
2026-06-14T05:46:02.452Z,19.82
2026-06-14T05:51:02.774Z,19.99
2026-06-14T05:56:03.46Z,20.11
2026-06-14T06:01:04.556Z,20.16
2026-06-14T06:06:02.322Z,20.28
2026-06-14T06:11:03.598Z,20.45
2026-06-14T06:16:03.739Z,20.62
2026-06-14T06:21:02.583Z,20.83
2026-06-14T06:26:02.364Z,21.23
2026-06-14T06:31:02.652Z,21.43
2026-06-14T06:36:03.832Z,21.51
2026-06-14T06:41:02.361Z,21.74
2026-06-14T06:46:03.556Z,22.12
2026-06-14T06:51:02.674Z,22.32
2026-06-14T06:56:02.736Z,22.69
2026-06-14T07:01:02.755Z,22.98
2026-06-14T07:06:02.589Z,23.27
2026-06-14T07:11:02.341Z,23.56
2026-06-14T07:16:03.493Z,23.82
2026-06-14T07:21:03.351Z,23.9
2026-06-14T07:26:02.686Z,24.25
2026-06-14T07:31:03.654Z,24.71
2026-06-14T07:36:02.921Z,25.06
2026-06-14T07:41:02.656Z,25.06
2026-06-14T07:46:02.538Z,25.34
2026-06-14T07:51:02.36Z,25.6
2026-06-14T07:56:02.625Z,25.72
2026-06-14T08:01:02.651Z,25.95
2026-06-14T08:06:02.733Z,26.04
2026-06-14T08:11:02.564Z,26.35
2026-06-14T08:16:02.602Z,26.78
2026-06-14T08:21:03.025Z,27.18
2026-06-14T08:26:02.538Z,27.64
2026-06-14T08:31:02.869Z,28.08
2026-06-14T08:36:02.83Z,28.36
2026-06-14T08:41:02.647Z,28.51
2026-06-14T08:46:04.17Z,28.65
2026-06-14T08:51:02.442Z,28.74
2026-06-14T08:56:02.767Z,29.11
2026-06-14T09:01:02.72Z,29.34
2026-06-14T09:06:02.859Z,29.63
2026-06-14T09:11:02.662Z,29.63
2026-06-14T09:16:02.583Z,29.69
2026-06-14T09:21:04.536Z,29.95
2026-06-14T09:26:02.861Z,30.24
2026-06-14T09:31:02.576Z,30.29
2026-06-14T09:36:03.066Z,30.27
2026-06-14T09:41:02.834Z,30.29
2026-06-14T09:46:02.504Z,30.52
2026-06-14T09:51:02.454Z,30.5
2026-06-14T09:56:05.215Z,30.7
2026-06-14T10:01:03.622Z,30.81
2026-06-14T10:06:03.184Z,31.1
2026-06-14T10:11:02.598Z,31.39
2026-06-14T10:16:02.991Z,31.45
2026-06-14T10:21:03.079Z,31.56
2026-06-14T10:26:05.124Z,31.68
2026-06-14T10:31:04.778Z,31.82
2026-06-14T10:36:02.75Z,32.17
2026-06-14T10:41:02.816Z,32.4
2026-06-14T10:46:02.491Z,32.45
2026-06-14T10:51:02.713Z,32.43
2026-06-14T10:56:02.515Z,32.62
2026-06-14T11:01:06.847Z,32.82
2026-06-14T11:06:02.849Z,32.91
2026-06-14T11:11:03.393Z,32.82
2026-06-14T11:16:04.889Z,33.03
2026-06-14T11:21:05.486Z,33.17
2026-06-14T11:26:03.167Z,33.15
2026-06-14T11:31:02.731Z,33.34
2026-06-14T11:36:02.549Z,33.4
2026-06-14T11:41:03.266Z,33.46
2026-06-14T11:46:02.872Z,33.37
2026-06-14T11:51:02.673Z,33.6
2026-06-14T11:56:02.625Z,33.29
2026-06-14T12:01:02.493Z,32.91
2026-06-14T12:06:04.263Z,32.57
2026-06-14T12:11:02.962Z,32.57
2026-06-14T12:16:02.511Z,32.22
2026-06-14T12:21:05.35Z,31.73
2026-06-14T12:26:02.764Z,31.99
2026-06-14T12:31:02.794Z,32.17
2026-06-14T12:36:04.978Z,31.94
2026-06-14T12:41:02.803Z,31.76
2026-06-14T12:46:02.803Z,31.5
2026-06-14T12:51:02.6Z,31.22
2026-06-14T12:56:03.11Z,30.96
2026-06-14T13:01:02.684Z,30.9
2026-06-14T13:06:03.12Z,30.9
2026-06-14T13:11:02.759Z,30.73
2026-06-14T13:16:02.668Z,30.64
2026-06-14T13:21:02.771Z,30.55
2026-06-14T13:26:02.46Z,30.81
2026-06-14T13:31:02.757Z,31.24
2026-06-14T13:36:03.094Z,31.1
2026-06-14T13:41:02.802Z,31.19
2026-06-14T13:46:02.778Z,31.07
2026-06-14T13:51:03.473Z,31.13
2026-06-14T13:56:02.528Z,31.13
2026-06-14T14:01:02.972Z,31.13
2026-06-14T14:06:03.678Z,31.3
2026-06-14T14:11:04.663Z,31.36
2026-06-14T14:16:03.521Z,31.39
2026-06-14T14:21:02.749Z,31.47
2026-06-14T14:26:02.474Z,31.71
2026-06-14T14:31:02.639Z,31.64
2026-06-14T14:36:02.427Z,31.62
2026-06-14T14:41:02.66Z,31.56
2026-06-14T14:46:02.45Z,31.36
2026-06-14T14:51:02.916Z,31.13
2026-06-14T14:56:02.697Z,31.1
2026-06-14T15:01:05.473Z,30.84
2026-06-14T15:06:06.99Z,30.84
2026-06-14T15:11:03.725Z,30.87
2026-06-14T15:16:02.428Z,30.78
2026-06-14T15:21:02.843Z,30.7
2026-06-14T15:26:03.029Z,30.81
2026-06-14T15:31:02.625Z,30.9
2026-06-14T15:36:03.044Z,30.96
2026-06-14T15:41:03.868Z,30.84
2026-06-14T15:46:02.482Z,30.87
2026-06-14T15:51:03.394Z,30.55
2026-06-14T15:56:02.597Z,30.55
2026-06-14T16:01:04.819Z,30.41
2026-06-14T16:06:02.781Z,30.7
2026-06-14T16:11:02.328Z,30.99
2026-06-14T16:16:03.007Z,31.19
2026-06-14T16:21:02.784Z,31.19
2026-06-14T16:26:02.619Z,31.39
2026-06-14T16:31:02.455Z,31.47
2026-06-14T16:36:02.357Z,31.5
2026-06-14T16:41:02.67Z,31.62
2026-06-14T16:46:02.784Z,31.71
2026-06-14T16:51:03.572Z,31.82
2026-06-14T16:56:02.742Z,31.82
2026-06-14T17:01:05.787Z,31.73
2026-06-14T17:06:02.482Z,31.64
2026-06-14T17:11:02.433Z,31.5
2026-06-14T17:16:02.314Z,31.5
2026-06-14T17:21:02.623Z,31.39
2026-06-14T17:26:02.738Z,31.27
2026-06-14T17:31:02.379Z,31.22
2026-06-14T17:36:02.726Z,31.27
2026-06-14T17:41:02.528Z,31.24
2026-06-14T17:46:03.734Z,31.22
2026-06-14T17:51:04.679Z,30.96
2026-06-14T17:56:03.348Z,30.81
2026-06-14T18:01:02.659Z,30.73
2026-06-14T18:06:03.599Z,30.58
2026-06-14T18:11:02.344Z,30.52
2026-06-14T18:16:02.683Z,30.47
2026-06-14T18:21:03.944Z,30.12
2026-06-14T18:26:02.492Z,30.01
2026-06-14T18:31:02.567Z,29.83
2026-06-14T18:36:02.622Z,29.72
2026-06-14T18:41:02.417Z,29.57
2026-06-14T18:46:03.061Z,29.34
2026-06-14T18:51:02.614Z,29.29
2026-06-14T18:56:02.401Z,29.23
2026-06-14T19:01:04.799Z,29.08
2026-06-14T19:06:03.066Z,28.91
2026-06-14T19:11:02.41Z,28.71
2026-06-14T19:16:02.612Z,28.54
2026-06-14T19:21:02.628Z,28.48
2026-06-14T19:26:04.481Z,28.36
2026-06-14T19:31:02.58Z,28.11
2026-06-14T19:36:02.28Z,27.87
2026-06-14T19:41:02.864Z,27.71
2026-06-14T19:46:02.492Z,27.41
2026-06-14T19:51:03.03Z,27.24
2026-06-14T19:56:02.374Z,26.92
2026-06-14T20:01:02.512Z,26.78
2026-06-14T20:06:03.232Z,26.58
2026-06-14T20:11:02.555Z,26.44
2026-06-14T20:16:03.442Z,26.35
2026-06-14T20:21:02.714Z,26.12
2026-06-14T20:26:02.342Z,25.97
2026-06-14T20:31:02.82Z,25.89
2026-06-14T20:36:02.823Z,25.72
2026-06-14T20:41:02.444Z,25.57
2026-06-14T20:46:02.998Z,25.43
2026-06-14T20:51:02.614Z,25.2
2026-06-14T20:56:03.331Z,25.26
2026-06-14T21:01:02.847Z,25.11
2026-06-14T21:06:02.61Z,24.97
2026-06-14T21:11:02.74Z,24.88
2026-06-14T21:16:02.632Z,24.74
2026-06-14T21:21:02.754Z,24.65
2026-06-14T21:26:03.045Z,24.48
2026-06-14T21:31:02.864Z,24.48
2026-06-14T21:36:02.342Z,24.42
2026-06-14T21:41:03.439Z,24.39
2026-06-14T21:46:02.705Z,24.28
2026-06-14T21:51:02.672Z,24.31
2026-06-14T21:56:02.309Z,24.22
2026-06-14T22:01:02.615Z,24.22
2026-06-14T22:06:03.456Z,24.11
2026-06-14T22:11:02.531Z,24.11
2026-06-14T22:16:02.275Z,24.02
2026-06-14T22:21:03.016Z,23.88
2026-06-14T22:26:02.803Z,23.85
2026-06-14T22:31:02.381Z,23.73
2026-06-14T22:36:04.509Z,23.7
2026-06-14T22:41:03.595Z,23.67
2026-06-14T22:46:03.024Z,23.65
2026-06-14T22:51:03.401Z,23.56
2026-06-14T22:56:03.375Z,23.62
2026-06-14T23:01:03.446Z,23.56
2026-06-14T23:06:03.232Z,23.56
2026-06-14T23:11:04.432Z,23.41
2026-06-14T23:16:02.63Z,23.41
2026-06-14T23:21:02.664Z,23.24
2026-06-14T23:26:02.475Z,23.13
2026-06-14T23:31:02.891Z,23.1
2026-06-14T23:36:02.515Z,23.01
2026-06-14T23:41:03.075Z,23.04
2026-06-14T23:46:04.217Z,22.95
2026-06-14T23:51:02.333Z,22.84
2026-06-14T23:56:02.517Z,22.78
2026-06-15T00:01:02.659Z,22.67
2026-06-15T00:06:02.835Z,22.52
2026-06-15T00:11:03.505Z,22.55
2026-06-15T00:16:03.101Z,22.64
2026-06-15T00:21:02.426Z,22.67
2026-06-15T00:26:02.619Z,22.84
2026-06-15T00:31:02.306Z,22.87
2026-06-15T00:36:02.788Z,22.87
2026-06-15T00:41:02.802Z,22.98
2026-06-15T00:46:02.523Z,23.01
2026-06-15T00:51:05.096Z,23.01
2026-06-15T00:56:02.558Z,23.07
2026-06-15T01:01:02.614Z,23.1
2026-06-15T01:06:02.664Z,23.13
2026-06-15T01:11:02.378Z,23.1
2026-06-15T01:16:02.888Z,23.16
2026-06-15T01:21:02.743Z,23.04
2026-06-15T01:26:02.492Z,23.01
2026-06-15T01:31:03.214Z,23.01
2026-06-15T01:36:02.444Z,22.84
2026-06-15T01:41:02.828Z,22.84
2026-06-15T01:46:02.446Z,22.75
2026-06-15T01:51:02.478Z,22.75
2026-06-15T01:56:02.393Z,22.69
2026-06-15T02:01:02.563Z,22.64
2026-06-15T02:06:02.281Z,22.44
2026-06-15T02:11:03.064Z,22.23
2026-06-15T02:16:02.29Z,22.21
2026-06-15T02:21:02.389Z,22.12
2026-06-15T02:26:02.948Z,22.12
2026-06-15T02:31:02.36Z,21.95
2026-06-15T02:36:02.443Z,21.95
2026-06-15T02:41:02.663Z,21.83
2026-06-15T02:46:03.21Z,21.92
2026-06-15T02:51:03.685Z,22.0
2026-06-15T02:56:03.167Z,22.09
2026-06-15T03:01:03.906Z,22.12
2026-06-15T03:06:02.357Z,22.18
2026-06-15T03:11:02.498Z,22.32
2026-06-15T03:16:02.544Z,22.41
2026-06-15T03:21:03.11Z,22.49
2026-06-15T03:26:02.374Z,22.67
2026-06-15T03:31:02.879Z,22.72
2026-06-15T03:36:02.622Z,22.67
2026-06-15T03:41:05.648Z,22.67
2026-06-15T03:46:02.673Z,22.69
2026-06-15T03:51:03.022Z,22.72
2026-06-15T03:56:04.586Z,22.67
2026-06-15T04:01:02.47Z,22.72
2026-06-15T04:06:02.442Z,22.87
2026-06-15T04:11:02.61Z,22.87
2026-06-15T04:16:02.819Z,22.87
2026-06-15T04:21:03.082Z,22.75
2026-06-15T04:26:02.519Z,22.55
2026-06-15T04:31:04.67Z,22.46
2026-06-15T04:36:02.367Z,22.23
2026-06-15T04:41:02.64Z,22.04
2026-06-15T04:46:02.835Z,21.97
2026-06-15T04:51:02.658Z,21.86
2026-06-15T04:56:02.376Z,22.09
2026-06-15T05:01:02.715Z,22.23
2026-06-15T05:06:02.33Z,22.41
2026-06-15T05:11:04.881Z,22.38
2026-06-15T05:16:02.807Z,22.41
2026-06-15T05:21:02.927Z,22.81
2026-06-15T05:26:02.772Z,23.16
2026-06-15T05:31:03.371Z,23.36
2026-06-15T05:36:02.94Z,23.44
2026-06-15T05:41:05.476Z,23.56
2026-06-15T05:46:02.537Z,23.47
2026-06-15T05:51:02.818Z,23.47
2026-06-15T05:56:02.676Z,23.3
2026-06-15T06:01:05.371Z,23.39
2026-06-15T06:06:04.472Z,23.41
2026-06-15T06:11:02.805Z,23.62
2026-06-15T06:16:02.711Z,23.99
2026-06-15T06:21:02.451Z,24.37
2026-06-15T06:26:02.51Z,24.74
2026-06-15T06:31:02.371Z,25.11
2026-06-15T06:36:02.687Z,25.43
2026-06-15T06:41:02.63Z,25.83
2026-06-15T06:46:03.108Z,26.15
2026-06-15T06:51:02.571Z,26.46
2026-06-15T06:56:02.969Z,26.81
2026-06-15T07:01:02.675Z,27.13
2026-06-15T07:06:02.514Z,27.5
2026-06-15T07:11:02.698Z,27.64
2026-06-15T07:16:02.701Z,27.9
2026-06-15T07:21:03.13Z,28.13
2026-06-15T07:26:03.095Z,28.36
2026-06-15T07:31:02.725Z,28.45
2026-06-15T07:36:02.3Z,28.6
2026-06-15T07:41:03.176Z,28.83
2026-06-15T07:46:02.402Z,29.14
2026-06-15T07:51:02.739Z,29.29
2026-06-15T07:56:02.441Z,29.49
2026-06-15T08:01:03.255Z,29.57
2026-06-15T08:06:03.273Z,29.66
2026-06-15T08:11:02.997Z,29.57
2026-06-15T08:16:04.784Z,29.8
2026-06-15T08:21:02.58Z,30.21
2026-06-15T08:26:02.446Z,30.32
2026-06-15T08:31:05.19Z,30.61
2026-06-15T08:36:02.823Z,30.58
2026-06-15T08:41:02.495Z,30.7
2026-06-15T08:46:03.415Z,30.44
2026-06-15T08:51:02.574Z,30.35
2026-06-15T08:56:02.589Z,30.67
2026-06-15T09:01:04.23Z,30.7
2026-06-15T09:06:02.668Z,31.04
2026-06-15T09:11:02.66Z,31.13
2026-06-15T09:16:04.055Z,31.19
2026-06-15T09:21:02.845Z,31.36
2026-06-15T09:26:02.729Z,31.33
2026-06-15T09:31:02.622Z,31.59
2026-06-15T09:36:02.659Z,31.68
2026-06-15T09:41:02.449Z,31.76
2026-06-15T09:46:05.025Z,31.87
2026-06-15T09:51:02.699Z,32.28
2026-06-15T09:56:03.123Z,32.19
2026-06-15T10:01:02.921Z,32.4
2026-06-15T10:06:02.513Z,32.54
2026-06-15T10:11:02.64Z,32.59
2026-06-15T10:16:02.878Z,32.89
2026-06-15T10:21:02.685Z,33.06
2026-06-15T10:26:02.654Z,33.17
2026-06-15T10:31:02.635Z,32.97
2026-06-15T10:36:04.067Z,33.11
2026-06-15T10:41:02.558Z,33.17
2026-06-15T10:46:03.227Z,33.43
2026-06-15T10:51:02.393Z,33.95
2026-06-15T10:56:03.857Z,33.69
2026-06-15T11:01:04.051Z,33.78
2026-06-15T11:06:02.68Z,33.63
2026-06-15T11:11:03.16Z,33.86
2026-06-15T11:16:03.54Z,34.21
2026-06-15T11:21:02.611Z,34.29
2026-06-15T11:26:02.642Z,34.58
2026-06-15T11:31:02.608Z,34.55
2026-06-15T11:36:02.534Z,34.75
2026-06-15T11:41:04.453Z,34.75
2026-06-15T11:46:02.453Z,34.7
2026-06-15T11:51:02.325Z,34.7
2026-06-15T11:56:02.681Z,35.19
2026-06-15T12:01:04.664Z,35.13
2026-06-15T12:06:02.594Z,35.27
2026-06-15T12:11:02.621Z,35.27
2026-06-15T12:16:04.42Z,35.47
2026-06-15T12:21:02.736Z,35.85
2026-06-15T12:26:02.981Z,35.99
2026-06-15T12:31:02.331Z,36.08
2026-06-15T12:36:02.66Z,36.45
2026-06-15T12:41:06.887Z,36.4
2026-06-15T12:46:02.553Z,36.45
2026-06-15T12:51:03.474Z,36.51
2026-06-15T12:56:02.684Z,36.6
2026-06-15T13:01:07.445Z,36.57
2026-06-15T13:06:02.477Z,36.51
2026-06-15T13:11:02.782Z,36.74
2026-06-15T13:16:04.649Z,36.68
2026-06-15T13:21:02.776Z,36.48
2026-06-15T13:26:03.122Z,36.77
2026-06-15T13:31:02.981Z,36.89
2026-06-15T13:36:03.683Z,36.94
2026-06-15T13:41:02.87Z,36.91
2026-06-15T13:46:02.395Z,36.97
2026-06-15T13:51:03.326Z,37.15
2026-06-15T13:56:03.029Z,37.26
2026-06-15T14:01:02.819Z,37.2
2026-06-15T14:06:04.574Z,37.05
2026-06-15T14:11:02.561Z,37.09
2026-06-15T14:16:02.333Z,37.05
2026-06-15T14:21:02.348Z,37.03
2026-06-15T14:26:02.852Z,37.17
2026-06-15T14:31:02.691Z,37.52
2026-06-15T14:36:04.449Z,37.72
2026-06-15T14:41:02.36Z,37.95
2026-06-15T14:46:03.283Z,37.69
2026-06-15T14:51:04.816Z,37.52
2026-06-15T14:56:03.6Z,37.2
2026-06-15T15:01:02.608Z,37.2
2026-06-15T15:06:02.752Z,37.4
2026-06-15T15:11:02.424Z,37.23
2026-06-15T15:16:02.836Z,36.83
2026-06-15T15:21:02.744Z,36.8
2026-06-15T15:26:03.049Z,36.6
2026-06-15T15:31:02.532Z,36.66
2026-06-15T15:36:02.408Z,36.57
2026-06-15T15:41:02.581Z,36.25
2026-06-15T15:46:02.458Z,36.22
2026-06-15T15:51:02.5Z,36.14
2026-06-15T15:56:04.335Z,35.96
2026-06-15T16:01:02.67Z,36.08
2026-06-15T16:06:05.87Z,35.91
2026-06-15T16:11:02.734Z,35.96
2026-06-15T16:16:03.066Z,35.68
2026-06-15T16:21:04.863Z,35.56
2026-06-15T16:26:03.776Z,35.65
2026-06-15T16:31:02.572Z,35.7
2026-06-15T16:36:02.386Z,35.82
2026-06-15T16:41:02.702Z,35.76
2026-06-15T16:46:02.696Z,35.65
2026-06-15T16:51:02.691Z,35.5
2026-06-15T16:56:02.651Z,35.47
2026-06-15T17:01:02.542Z,35.27
2026-06-15T17:06:02.573Z,35.04
2026-06-15T17:11:02.699Z,34.96
2026-06-15T17:16:02.875Z,34.87
2026-06-15T17:21:03.379Z,34.87
2026-06-15T17:26:02.984Z,34.98
2026-06-15T17:31:02.482Z,34.98
2026-06-15T17:36:02.361Z,34.96
2026-06-15T17:41:03.631Z,34.98
2026-06-15T17:46:03.737Z,34.98
2026-06-15T17:51:06.411Z,34.78
2026-06-15T17:56:02.528Z,34.67
2026-06-15T18:01:02.387Z,34.61
2026-06-15T18:06:04.591Z,34.52
2026-06-15T18:11:02.667Z,34.21
2026-06-15T18:16:03.263Z,33.52
2026-06-15T18:21:02.584Z,32.48
2026-06-15T18:26:03.055Z,31.87
2026-06-15T18:31:02.771Z,31.45
2026-06-15T18:36:02.748Z,31.19
2026-06-15T18:41:02.883Z,30.96
2026-06-15T18:46:03.077Z,30.7
2026-06-15T18:51:02.548Z,30.47
2026-06-15T18:56:02.557Z,30.21
2026-06-15T19:01:05.676Z,30.01
2026-06-15T19:06:04.123Z,29.83
2026-06-15T19:11:03.617Z,29.66
2026-06-15T19:16:02.712Z,29.4
2026-06-15T19:21:03.968Z,29.17
2026-06-15T19:26:03.395Z,28.94
2026-06-15T19:31:02.461Z,28.65
2026-06-15T19:36:02.369Z,28.45
2026-06-15T19:41:02.644Z,28.28
2026-06-15T19:46:03.171Z,28.11
2026-06-15T19:51:02.668Z,27.93
2026-06-15T19:56:02.525Z,27.71
2026-06-15T20:01:03.076Z,27.53
2026-06-15T20:06:04.783Z,27.3
2026-06-15T20:11:02.494Z,27.16
2026-06-15T20:16:04.469Z,27.04
2026-06-15T20:21:02.691Z,26.81
2026-06-15T20:26:03.431Z,26.87
2026-06-15T20:31:02.606Z,26.73
2026-06-15T20:36:03.959Z,26.64
2026-06-15T20:41:02.688Z,26.5
2026-06-15T20:46:02.732Z,26.44
2026-06-15T20:51:05.096Z,26.41
2026-06-15T20:56:02.576Z,26.2
2026-06-15T21:01:02.464Z,26.18
2026-06-15T21:06:02.844Z,26.09
2026-06-15T21:11:02.405Z,25.97
2026-06-15T21:16:03.579Z,25.92
2026-06-15T21:21:05.512Z,25.78
2026-06-15T21:26:03.603Z,25.8
2026-06-15T21:31:02.779Z,25.75
2026-06-15T21:36:02.381Z,25.63
2026-06-15T21:41:02.585Z,25.57
2026-06-15T21:46:02.502Z,25.52
2026-06-15T21:51:02.585Z,25.55
2026-06-15T21:56:02.839Z,25.46
2026-06-15T22:01:02.516Z,25.52
2026-06-15T22:06:02.603Z,25.37
2026-06-15T22:11:02.482Z,25.32
2026-06-15T22:16:02.476Z,25.26
2026-06-15T22:21:02.555Z,25.23
2026-06-15T22:26:02.749Z,25.32
2026-06-15T22:31:03.301Z,25.23
2026-06-15T22:36:03.134Z,25.2
2026-06-15T22:41:02.759Z,25.09
2026-06-15T22:46:02.939Z,25.0
2026-06-15T22:51:04.848Z,24.97
2026-06-15T22:56:02.866Z,24.88
2026-06-15T23:01:02.725Z,24.83
2026-06-15T23:06:02.625Z,24.74
2026-06-15T23:11:02.522Z,24.74
2026-06-15T23:16:02.772Z,24.71
2026-06-15T23:21:02.521Z,24.68
2026-06-15T23:26:02.584Z,24.68
2026-06-15T23:31:02.771Z,24.62
2026-06-15T23:36:02.688Z,24.65
2026-06-15T23:41:03.829Z,24.62
2026-06-15T23:46:04.714Z,24.54
2026-06-15T23:51:02.437Z,24.51
2026-06-15T23:56:04.663Z,24.45
2026-06-16T00:01:03.019Z,24.45
2026-06-16T00:06:02.575Z,24.34
2026-06-16T00:11:02.803Z,24.25
2026-06-16T00:16:04.509Z,24.11
2026-06-16T00:21:02.618Z,24.08
2026-06-16T00:26:02.728Z,24.13
2026-06-16T00:31:02.609Z,24.02
2026-06-16T00:36:02.532Z,24.11
2026-06-16T00:41:02.845Z,24.22
2026-06-16T00:46:02.29Z,24.28
2026-06-16T00:51:02.413Z,24.28
2026-06-16T00:56:02.413Z,24.28
2026-06-16T01:01:02.67Z,24.13
2026-06-16T01:06:02.75Z,24.16
2026-06-16T01:11:02.397Z,24.19
2026-06-16T01:16:02.619Z,24.31
2026-06-16T01:21:02.766Z,24.28
2026-06-16T01:26:02.5Z,24.34
2026-06-16T01:31:04.004Z,24.25
2026-06-16T01:36:02.412Z,24.19
2026-06-16T01:41:02.618Z,24.19
2026-06-16T01:46:02.324Z,24.16
2026-06-16T01:51:02.424Z,24.05
2026-06-16T01:56:02.548Z,23.99
2026-06-16T02:01:02.648Z,23.88
2026-06-16T02:06:02.734Z,23.79
2026-06-16T02:11:02.69Z,23.67
2026-06-16T02:16:02.763Z,23.59
2026-06-16T02:21:02.486Z,23.53
2026-06-16T02:26:02.472Z,23.5
2026-06-16T02:31:02.67Z,23.44
2026-06-16T02:36:02.946Z,23.41
2026-06-16T02:41:02.552Z,23.36
2026-06-16T02:46:03.184Z,23.3
2026-06-16T02:51:02.761Z,23.33
2026-06-16T02:56:02.595Z,23.3
2026-06-16T03:01:02.615Z,23.24
2026-06-16T03:06:02.779Z,23.33
2026-06-16T03:11:06.304Z,23.24
2026-06-16T03:16:04.632Z,23.24
2026-06-16T03:21:02.855Z,23.24
2026-06-16T03:26:02.561Z,23.21
2026-06-16T03:31:02.682Z,23.21
2026-06-16T03:36:02.432Z,23.13
2026-06-16T03:41:02.458Z,23.1
2026-06-16T03:46:02.837Z,23.24
2026-06-16T03:51:02.484Z,23.36
2026-06-16T03:56:02.584Z,23.44
2026-06-16T04:01:03.504Z,23.56
2026-06-16T04:06:03.068Z,23.59
2026-06-16T04:11:02.628Z,23.53
2026-06-16T04:16:02.433Z,23.41
2026-06-16T04:21:02.542Z,23.36
2026-06-16T04:26:02.781Z,23.3
2026-06-16T04:31:02.732Z,23.3
2026-06-16T04:36:04.35Z,23.24
2026-06-16T04:41:03.32Z,23.21
2026-06-16T04:46:02.369Z,23.07
2026-06-16T04:51:03.185Z,23.04
2026-06-16T04:56:02.679Z,23.04
2026-06-16T05:01:02.418Z,23.07
2026-06-16T05:06:02.304Z,22.9
2026-06-16T05:11:02.598Z,22.67
2026-06-16T05:16:02.731Z,22.61
2026-06-16T05:21:02.434Z,22.78
2026-06-16T05:26:02.884Z,22.78
2026-06-16T05:31:02.434Z,22.87
2026-06-16T05:36:04.688Z,22.98
2026-06-16T05:41:02.956Z,23.13
2026-06-16T05:46:02.559Z,23.53
2026-06-16T05:51:04.132Z,23.76
2026-06-16T05:56:02.75Z,23.88
2026-06-16T06:01:04.335Z,23.93
2026-06-16T06:06:06.235Z,24.05
2026-06-16T06:11:02.911Z,24.16
2026-06-16T06:16:03.325Z,24.28
2026-06-16T06:21:03.887Z,24.39
2026-06-16T06:26:03.088Z,24.45
2026-06-16T06:31:02.396Z,24.48
2026-06-16T06:36:02.713Z,24.6
2026-06-16T06:41:02.786Z,24.54
2026-06-16T06:46:04.515Z,24.8
2026-06-16T06:51:03.066Z,25.09
2026-06-16T06:56:02.852Z,25.29
2026-06-16T07:01:03.911Z,25.46
2026-06-16T07:06:02.371Z,25.75
2026-06-16T07:11:02.708Z,26.01
2026-06-16T07:16:02.497Z,26.15
2026-06-16T07:21:02.805Z,26.27
2026-06-16T07:26:02.65Z,26.46
2026-06-16T07:31:05.677Z,26.55
2026-06-16T07:36:04.487Z,26.64
2026-06-16T07:41:02.399Z,26.73
2026-06-16T07:46:03.371Z,26.99
2026-06-16T07:51:02.918Z,27.22
2026-06-16T07:56:02.641Z,27.33
2026-06-16T08:01:02.528Z,27.62
2026-06-16T08:06:03.407Z,27.59
2026-06-16T08:11:03.352Z,27.79
2026-06-16T08:16:02.283Z,27.85
2026-06-16T08:21:03.983Z,27.9
2026-06-16T08:26:03.711Z,28.31
2026-06-16T08:31:03.859Z,28.31
2026-06-16T08:36:03.265Z,27.99
2026-06-16T08:41:06.748Z,28.05
2026-06-16T08:46:03.603Z,28.51
2026-06-16T08:51:02.44Z,28.83
2026-06-16T08:56:03.336Z,29.2
2026-06-16T09:01:04.526Z,29.43
2026-06-16T09:06:02.709Z,29.29
2026-06-16T09:11:04.117Z,29.17
2026-06-16T09:16:02.493Z,28.94
2026-06-16T09:21:03.393Z,29.2
2026-06-16T09:26:02.534Z,29.55
2026-06-16T09:31:05.055Z,29.89
2026-06-16T09:36:02.596Z,30.12
2026-06-16T09:41:03.427Z,30.27
2026-06-16T09:46:02.862Z,30.38
2026-06-16T09:51:02.444Z,30.47
2026-06-16T09:56:02.683Z,30.87
2026-06-16T10:01:03.549Z,31.16
2026-06-16T10:06:02.681Z,31.22
2026-06-16T10:11:02.457Z,31.59
2026-06-16T10:16:02.716Z,31.53
2026-06-16T10:21:02.657Z,31.76
2026-06-16T10:26:02.689Z,31.62
2026-06-16T10:31:03.676Z,31.71
2026-06-16T10:36:02.57Z,31.85
2026-06-16T10:41:02.263Z,31.87
2026-06-16T10:46:02.595Z,31.87
2026-06-16T10:51:05.153Z,32.17
2026-06-16T10:56:02.803Z,32.08
2026-06-16T11:01:03.238Z,32.25
2026-06-16T11:06:03.472Z,32.34
2026-06-16T11:11:03.396Z,32.31
2026-06-16T11:16:03.806Z,32.48
2026-06-16T11:21:02.781Z,32.59
2026-06-16T11:26:03.644Z,33.0
2026-06-16T11:31:02.958Z,32.89
2026-06-16T11:36:02.749Z,32.91
2026-06-16T11:41:04.407Z,33.2
2026-06-16T11:46:03.263Z,33.31
2026-06-16T11:51:02.916Z,33.29
2026-06-16T11:56:04.594Z,33.31
2026-06-16T12:01:03.02Z,33.34
2026-06-16T12:06:03.331Z,33.15
2026-06-16T12:11:02.747Z,32.89
2026-06-16T12:16:02.522Z,32.97
2026-06-16T12:21:02.646Z,32.97
2026-06-16T12:26:03.064Z,33.0
2026-06-16T12:31:02.728Z,33.2
2026-06-16T12:36:03.008Z,33.37
2026-06-16T12:41:02.7Z,33.52
2026-06-16T12:46:02.825Z,33.37
2026-06-16T12:51:07.324Z,33.49
2026-06-16T12:56:02.563Z,33.8
2026-06-16T13:01:04.321Z,33.43
2026-06-16T13:06:02.738Z,33.34
2026-06-16T13:11:02.469Z,33.2
2026-06-16T13:16:02.764Z,33.2
2026-06-16T13:21:03.052Z,33.26
2026-06-16T13:26:04.455Z,33.15
2026-06-16T13:31:03.735Z,32.94
2026-06-16T13:36:02.913Z,33.15
2026-06-16T13:41:03.313Z,33.2
2026-06-16T13:46:06.42Z,33.15
2026-06-16T13:51:02.514Z,33.37
2026-06-16T13:56:05.487Z,33.43
2026-06-16T14:01:02.582Z,33.29
2026-06-16T14:06:02.376Z,32.97
2026-06-16T14:11:02.694Z,33.0
2026-06-16T14:16:02.671Z,33.03
2026-06-16T14:21:02.487Z,33.03
2026-06-16T14:26:02.773Z,33.06
2026-06-16T14:31:02.653Z,32.82
2026-06-16T14:36:04.297Z,32.91
2026-06-16T14:41:02.683Z,32.71
2026-06-16T14:46:02.766Z,32.74
2026-06-16T14:51:02.604Z,32.54
2026-06-16T14:56:03.018Z,32.59
2026-06-16T15:01:02.535Z,32.74
2026-06-16T15:06:02.917Z,32.85
2026-06-16T15:11:02.706Z,33.11
2026-06-16T15:16:03.872Z,33.23
2026-06-16T15:21:02.868Z,33.2
2026-06-16T15:26:07.947Z,33.29
2026-06-16T15:31:02.436Z,33.23
2026-06-16T15:36:05.523Z,33.17
2026-06-16T15:41:04.38Z,33.2
2026-06-16T15:46:02.758Z,33.0
2026-06-16T15:51:03.527Z,32.62
2026-06-16T15:56:02.717Z,32.62
2026-06-16T16:01:02.915Z,32.89
2026-06-16T16:06:03.617Z,33.06
2026-06-16T16:11:02.766Z,32.68
2026-06-16T16:16:02.919Z,32.51
2026-06-16T16:21:03.643Z,32.51
2026-06-16T16:26:02.371Z,32.31
2026-06-16T16:31:02.478Z,32.45
2026-06-16T16:36:03.363Z,32.22
2026-06-16T16:41:02.699Z,32.13
2026-06-16T16:46:04.395Z,31.87
2026-06-16T16:51:02.957Z,31.91
2026-06-16T16:56:03.591Z,31.94
2026-06-16T17:01:03.94Z,31.85
2026-06-16T17:06:02.609Z,31.91
2026-06-16T17:11:02.865Z,31.79
2026-06-16T17:16:03.28Z,31.91
2026-06-16T17:21:04.341Z,31.99
2026-06-16T17:26:02.716Z,31.87
2026-06-16T17:31:02.741Z,31.59
2026-06-16T17:36:04.523Z,31.56
2026-06-16T17:41:02.509Z,31.36
2026-06-16T17:46:02.708Z,31.39
2026-06-16T17:51:02.615Z,31.19
2026-06-16T17:56:02.49Z,31.16
2026-06-16T18:01:02.331Z,31.1
2026-06-16T18:06:03.095Z,31.1
2026-06-16T18:11:02.511Z,31.01
2026-06-16T18:16:02.468Z,30.58
2026-06-16T18:21:02.715Z,30.12
2026-06-16T18:26:03.504Z,30.12
2026-06-16T18:31:02.691Z,30.06
2026-06-16T18:36:02.448Z,29.63
2026-06-16T18:41:04.383Z,29.32
2026-06-16T18:46:02.843Z,29.14
2026-06-16T18:51:02.716Z,28.94
2026-06-16T18:56:03.061Z,28.65
2026-06-16T19:01:02.687Z,28.51
2026-06-16T19:06:02.386Z,28.31
2026-06-16T19:11:02.532Z,28.19
2026-06-16T19:16:04.74Z,28.05
2026-06-16T19:21:03.358Z,27.87
2026-06-16T19:26:02.447Z,27.79
2026-06-16T19:31:02.671Z,27.71
2026-06-16T19:36:02.555Z,27.59
2026-06-16T19:41:02.596Z,27.48
2026-06-16T19:46:02.503Z,27.36
2026-06-16T19:51:03.991Z,27.22
2026-06-16T19:56:02.563Z,27.18
2026-06-16T20:01:03.035Z,27.13
2026-06-16T20:06:02.488Z,26.95
2026-06-16T20:11:02.461Z,26.87
2026-06-16T20:16:02.67Z,26.73
2026-06-16T20:21:02.459Z,26.73
2026-06-16T20:26:05.081Z,26.61
2026-06-16T20:31:02.556Z,26.46
2026-06-16T20:36:02.593Z,26.35
2026-06-16T20:41:02.639Z,26.12
2026-06-16T20:46:02.749Z,25.95
2026-06-16T20:51:04.358Z,25.83
2026-06-16T20:56:02.547Z,25.72
2026-06-16T21:01:02.664Z,25.75
2026-06-16T21:06:02.68Z,25.63
2026-06-16T21:11:02.46Z,25.63
2026-06-16T21:16:02.749Z,25.6
2026-06-16T21:21:02.536Z,25.63
2026-06-16T21:26:06.169Z,25.57
2026-06-16T21:31:02.752Z,25.52
2026-06-16T21:36:02.578Z,25.37
2026-06-16T21:41:05.032Z,25.32
2026-06-16T21:46:02.602Z,25.2
2026-06-16T21:51:03.325Z,25.14
2026-06-16T21:56:02.671Z,25.14
2026-06-16T22:01:02.427Z,25.11
2026-06-16T22:06:05.295Z,25.03
2026-06-16T22:11:02.362Z,25.09
2026-06-16T22:16:02.792Z,24.97
2026-06-16T22:21:02.738Z,24.88
2026-06-16T22:26:02.524Z,24.8
2026-06-16T22:31:03.282Z,24.8
2026-06-16T22:36:02.484Z,24.68
2026-06-16T22:41:03.143Z,24.54
2026-06-16T22:46:02.886Z,24.45
2026-06-16T22:51:02.679Z,24.39
2026-06-16T22:56:02.471Z,24.22
2026-06-16T23:01:03.395Z,24.19
2026-06-16T23:06:02.366Z,24.25
2026-06-16T23:11:02.566Z,24.22
2026-06-16T23:16:04.41Z,24.11
2026-06-16T23:21:02.36Z,24.08
2026-06-16T23:26:03.967Z,23.99
2026-06-16T23:31:04.895Z,23.82
2026-06-16T23:36:02.548Z,23.79
2026-06-16T23:41:02.653Z,23.73
2026-06-16T23:46:02.388Z,23.76
2026-06-16T23:51:02.631Z,23.56
2026-06-16T23:56:02.719Z,23.59
2026-06-17T00:01:02.457Z,23.56
2026-06-17T00:06:02.906Z,23.56
2026-06-17T00:11:04.983Z,23.59
2026-06-17T00:16:02.703Z,23.56
2026-06-17T00:21:04.512Z,23.53
2026-06-17T00:26:02.734Z,23.33
2026-06-17T00:31:02.695Z,23.16
2026-06-17T00:36:02.385Z,23.01
2026-06-17T00:41:02.878Z,22.95
2026-06-17T00:46:03.511Z,23.01
2026-06-17T00:51:02.79Z,22.95
2026-06-17T00:56:02.952Z,22.84
2026-06-17T01:01:03.317Z,22.84
2026-06-17T01:06:02.632Z,22.9
2026-06-17T01:11:02.485Z,22.9
2026-06-17T01:16:03.302Z,22.93
2026-06-17T01:21:02.567Z,22.93
2026-06-17T01:26:02.566Z,22.84
2026-06-17T01:31:02.821Z,22.93
2026-06-17T01:36:02.488Z,22.98
2026-06-17T01:41:02.53Z,22.84
2026-06-17T01:46:02.29Z,22.69
2026-06-17T01:51:02.547Z,22.58
2026-06-17T01:56:02.63Z,22.49
2026-06-17T02:01:02.443Z,22.35
2026-06-17T02:06:02.692Z,22.41
2026-06-17T02:11:02.53Z,22.41
2026-06-17T02:16:04.507Z,22.21
2026-06-17T02:21:03.101Z,22.09
2026-06-17T02:26:02.646Z,21.97
2026-06-17T02:31:05.488Z,21.95
2026-06-17T02:36:02.644Z,22.0
2026-06-17T02:41:02.348Z,21.97
2026-06-17T02:46:02.672Z,21.97
2026-06-17T02:51:04.097Z,22.0
2026-06-17T02:56:02.586Z,21.97
2026-06-17T03:01:02.668Z,21.95
2026-06-17T03:06:03.55Z,21.83
2026-06-17T03:11:03.429Z,21.63
2026-06-17T03:16:03.261Z,21.51
2026-06-17T03:21:05.13Z,21.43
2026-06-17T03:26:02.686Z,21.32
2026-06-17T03:31:03.566Z,21.17
2026-06-17T03:36:02.408Z,21.02
2026-06-17T03:41:02.472Z,20.91
2026-06-17T03:46:02.703Z,21.02
2026-06-17T03:51:04.829Z,21.02
2026-06-17T03:56:03.129Z,21.2
2026-06-17T04:01:10.353Z,21.23
2026-06-17T04:06:02.696Z,21.49
2026-06-17T04:11:04.312Z,21.57
2026-06-17T04:16:02.976Z,21.63
2026-06-17T04:21:03.826Z,21.49
2026-06-17T04:26:02.443Z,21.43
2026-06-17T04:31:02.748Z,21.32
2026-06-17T04:36:17.068Z,21.23
2026-06-17T04:41:04.612Z,21.23
2026-06-17T04:46:03.947Z,21.66
2026-06-17T04:51:02.549Z,22.21
2026-06-17T04:56:02.704Z,22.49
2026-06-17T05:01:02.681Z,22.46
2026-06-17T05:06:02.568Z,22.55
2026-06-17T05:11:02.468Z,22.58
2026-06-17T05:16:02.612Z,22.61
2026-06-17T05:21:04.308Z,22.55
2026-06-17T05:26:03.302Z,22.69
2026-06-17T05:31:04.826Z,22.64
2026-06-17T05:36:02.422Z,22.61
2026-06-17T05:41:03.807Z,22.55
2026-06-17T05:46:03.137Z,22.52
2026-06-17T05:51:03.424Z,22.52
2026-06-17T05:56:02.371Z,22.52
2026-06-17T06:01:03.681Z,22.41
2026-06-17T06:06:02.897Z,22.26
2026-06-17T06:11:02.496Z,22.29
2026-06-17T06:16:02.727Z,22.52
2026-06-17T06:21:04.951Z,22.64
2026-06-17T06:26:02.947Z,22.69
2026-06-17T06:31:03.265Z,23.01
2026-06-17T06:36:03.022Z,23.24
2026-06-17T06:41:02.73Z,23.36
2026-06-17T06:46:02.566Z,23.62
2026-06-17T06:51:02.638Z,24.08
2026-06-17T06:56:02.5Z,24.28
2026-06-17T07:01:02.554Z,24.45
2026-06-17T07:06:02.811Z,24.74
2026-06-17T07:11:02.628Z,25.03
2026-06-17T07:16:02.629Z,25.46
2026-06-17T07:21:02.342Z,25.83
2026-06-17T07:26:02.768Z,26.24
2026-06-17T07:31:03.015Z,26.58
2026-06-17T07:36:02.625Z,26.76
2026-06-17T07:41:02.841Z,26.84
2026-06-17T07:46:02.845Z,27.01
2026-06-17T07:51:03.64Z,27.3
2026-06-17T07:56:02.44Z,27.39
2026-06-17T08:01:02.577Z,27.5
2026-06-17T08:06:02.758Z,27.76
2026-06-17T08:11:02.564Z,28.08
2026-06-17T08:16:02.889Z,28.16
2026-06-17T08:21:02.348Z,28.42
2026-06-17T08:26:02.709Z,28.65
2026-06-17T08:31:02.817Z,29.06
2026-06-17T08:36:02.682Z,29.69
2026-06-17T08:41:02.655Z,30.18
2026-06-17T08:46:02.87Z,30.73
2026-06-17T08:51:02.529Z,31.13
2026-06-17T08:56:02.773Z,31.53
2026-06-17T09:01:02.642Z,31.62
2026-06-17T09:06:02.758Z,31.76
2026-06-17T09:11:03.303Z,31.59
2026-06-17T09:16:02.736Z,31.39
2026-06-17T09:21:06.177Z,31.33
2026-06-17T09:26:02.575Z,31.42
2026-06-17T09:31:02.669Z,31.68
2026-06-17T09:36:03.161Z,31.64
2026-06-17T09:41:02.594Z,32.02
2026-06-17T09:46:02.69Z,32.28
2026-06-17T09:51:02.428Z,32.31
2026-06-17T09:56:03.082Z,32.51
2026-06-17T10:01:02.687Z,32.82
2026-06-17T10:06:03.045Z,32.94
2026-06-17T10:11:02.603Z,33.0
2026-06-17T10:16:02.539Z,33.17
2026-06-17T10:21:03.133Z,33.0
2026-06-17T10:26:02.628Z,33.29
2026-06-17T10:31:03.413Z,33.43
2026-06-17T10:36:02.77Z,33.69
2026-06-17T10:41:02.5Z,33.86
2026-06-17T10:46:02.554Z,34.18
2026-06-17T10:51:03.58Z,34.27
2026-06-17T10:56:02.805Z,33.95
2026-06-17T11:01:02.784Z,34.27
2026-06-17T11:06:02.446Z,34.7
2026-06-17T11:11:05.167Z,34.47
2026-06-17T11:16:04.101Z,34.61
2026-06-17T11:21:04.492Z,34.38
2026-06-17T11:26:04.775Z,34.18
2026-06-17T11:31:02.645Z,34.44
2026-06-17T11:36:02.629Z,34.29
2026-06-17T11:41:02.588Z,34.55
2026-06-17T11:46:02.665Z,34.47
2026-06-17T11:51:02.543Z,34.81
2026-06-17T11:56:03.211Z,34.9
2026-06-17T12:01:02.691Z,35.01
2026-06-17T12:06:02.71Z,34.98
2026-06-17T12:11:02.77Z,34.78
2026-06-17T12:16:02.457Z,34.61
2026-06-17T12:21:02.434Z,34.73
2026-06-17T12:26:02.546Z,34.78
2026-06-17T12:31:06.37Z,35.04
2026-06-17T12:36:02.569Z,34.87
2026-06-17T12:41:02.316Z,34.93
2026-06-17T12:46:02.668Z,35.27
2026-06-17T12:51:02.587Z,35.19
2026-06-17T12:56:02.837Z,35.24
2026-06-17T13:01:03.205Z,35.07
2026-06-17T13:06:02.655Z,35.07
2026-06-17T13:11:02.729Z,35.16
2026-06-17T13:16:04.175Z,34.98
2026-06-17T13:21:02.854Z,34.98
2026-06-17T13:26:02.535Z,34.84
2026-06-17T13:31:03.059Z,34.98
2026-06-17T13:36:02.911Z,35.19
2026-06-17T13:41:02.49Z,35.45
2026-06-17T13:46:02.986Z,35.68
2026-06-17T13:51:04.836Z,35.3
2026-06-17T13:56:03.13Z,34.73
2026-06-17T14:01:03.176Z,34.67
2026-06-17T14:06:03.309Z,34.84
2026-06-17T14:11:02.603Z,35.04
2026-06-17T14:16:03.173Z,34.87
2026-06-17T14:21:02.925Z,35.01
2026-06-17T14:26:02.764Z,35.3
2026-06-17T14:31:02.738Z,35.24
2026-06-17T14:36:03.311Z,35.01
2026-06-17T14:41:03.626Z,35.01
2026-06-17T14:46:02.792Z,34.93
2026-06-17T14:51:03.794Z,34.98
2026-06-17T14:56:02.503Z,35.39
2026-06-17T15:01:03.222Z,35.73
2026-06-17T15:06:03.407Z,35.62
2026-06-17T15:11:02.424Z,35.5
2026-06-17T15:16:02.398Z,35.16
2026-06-17T15:21:03.08Z,35.04
2026-06-17T15:26:03.561Z,34.9
2026-06-17T15:31:03.055Z,34.52
2026-06-17T15:36:02.739Z,34.35
2026-06-17T15:41:06.348Z,34.21
2026-06-17T15:46:02.778Z,34.01
2026-06-17T15:51:02.752Z,33.8
2026-06-17T15:56:02.87Z,34.03
2026-06-17T16:01:04.116Z,34.21
2026-06-17T16:06:02.509Z,34.24
2026-06-17T16:11:03.033Z,34.21
2026-06-17T16:16:04.565Z,34.06
2026-06-17T16:21:02.761Z,33.98
2026-06-17T16:26:05.751Z,33.98
2026-06-17T16:31:02.692Z,33.75
2026-06-17T16:36:03.927Z,33.6
2026-06-17T16:41:02.665Z,33.43
2026-06-17T16:46:02.52Z,33.49
2026-06-17T16:51:03.232Z,33.69
2026-06-17T16:56:03.767Z,33.63
2026-06-17T17:01:02.516Z,33.49
2026-06-17T17:06:02.351Z,33.49
2026-06-17T17:11:02.981Z,33.43
2026-06-17T17:16:04.441Z,33.57
2026-06-17T17:21:03.036Z,33.52
2026-06-17T17:26:02.721Z,33.37
2026-06-17T17:31:02.853Z,33.06
2026-06-17T17:36:02.747Z,32.91
2026-06-17T17:41:02.615Z,32.89
2026-06-17T17:46:02.829Z,32.71
2026-06-17T17:51:02.667Z,32.59
2026-06-17T17:56:02.662Z,32.62
2026-06-17T18:01:03.109Z,32.54
2026-06-17T18:06:02.981Z,32.43
2026-06-17T18:11:02.825Z,32.28
2026-06-17T18:16:02.611Z,32.17
2026-06-17T18:21:03.304Z,32.22
2026-06-17T18:26:02.513Z,32.02
2026-06-17T18:31:02.693Z,31.96
2026-06-17T18:36:02.39Z,31.87
2026-06-17T18:41:02.589Z,31.76
2026-06-17T18:46:02.849Z,31.53
2026-06-17T18:51:02.946Z,31.42
2026-06-17T18:56:02.438Z,31.19
2026-06-17T19:01:02.774Z,31.04
2026-06-17T19:06:02.625Z,30.81
2026-06-17T19:11:02.382Z,30.75
2026-06-17T19:16:02.448Z,30.47
2026-06-17T19:21:03.691Z,30.27
2026-06-17T19:26:02.459Z,29.95
2026-06-17T19:31:02.633Z,29.83
2026-06-17T19:36:02.696Z,29.72
2026-06-17T19:41:02.457Z,29.57
2026-06-17T19:46:02.626Z,29.37
2026-06-17T19:51:02.708Z,29.26
2026-06-17T19:56:05.637Z,29.14
2026-06-17T20:01:04.291Z,28.94
2026-06-17T20:06:02.874Z,28.68
2026-06-17T20:11:02.678Z,28.62
2026-06-17T20:16:02.877Z,28.42
2026-06-17T20:21:02.67Z,28.28
2026-06-17T20:26:02.882Z,28.13
2026-06-17T20:31:04.245Z,27.82
2026-06-17T20:36:02.52Z,27.67
2026-06-17T20:41:02.776Z,27.48
2026-06-17T20:46:02.494Z,27.5
2026-06-17T20:51:02.835Z,27.33
2026-06-17T20:56:02.752Z,27.36
2026-06-17T21:01:02.456Z,27.48
2026-06-17T21:06:04.767Z,27.53
2026-06-17T21:11:04.889Z,27.5
2026-06-17T21:16:02.832Z,27.48
2026-06-17T21:21:02.628Z,27.3
2026-06-17T21:26:04.608Z,27.16
2026-06-17T21:31:02.651Z,27.07
2026-06-17T21:36:02.772Z,26.92
2026-06-17T21:41:02.535Z,26.76
2026-06-17T21:46:02.685Z,26.52
2026-06-17T21:51:03.253Z,26.46
2026-06-17T21:56:02.791Z,26.32
2026-06-17T22:01:02.543Z,26.29
2026-06-17T22:06:02.784Z,26.32
2026-06-17T22:11:02.834Z,26.12
2026-06-17T22:16:02.657Z,26.12
2026-06-17T22:21:02.792Z,25.89
2026-06-17T22:26:02.488Z,25.83
2026-06-17T22:31:04.672Z,25.92
2026-06-17T22:36:02.611Z,25.92
2026-06-17T22:41:02.771Z,25.97
2026-06-17T22:46:02.538Z,25.89
2026-06-17T22:51:02.834Z,25.92
2026-06-17T22:56:02.592Z,25.8
2026-06-17T23:01:02.634Z,25.78
2026-06-17T23:06:02.482Z,25.66
2026-06-17T23:11:02.396Z,25.63
2026-06-17T23:16:03.138Z,25.66
2026-06-17T23:21:05.881Z,25.57
2026-06-17T23:26:02.483Z,25.49
2026-06-17T23:31:02.631Z,25.29
2026-06-17T23:36:02.449Z,25.06
2026-06-17T23:41:02.621Z,24.94
2026-06-17T23:46:04.65Z,24.71
2026-06-17T23:51:04.673Z,24.39
2026-06-17T23:56:02.787Z,24.22
2026-06-18T00:01:04.833Z,24.13
2026-06-18T00:06:02.642Z,24.05
2026-06-18T00:11:02.492Z,23.93
2026-06-18T00:16:03.527Z,23.9
2026-06-18T00:21:03.456Z,24.02
2026-06-18T00:26:02.676Z,23.85
2026-06-18T00:31:05.155Z,23.76
2026-06-18T00:36:02.426Z,23.79
2026-06-18T00:41:04.648Z,24.02
2026-06-18T00:46:02.771Z,23.96
2026-06-18T00:51:02.386Z,23.99
2026-06-18T00:56:03.502Z,23.96
2026-06-18T01:01:03.719Z,23.96
2026-06-18T01:06:02.484Z,24.11
2026-06-18T01:11:02.513Z,24.08
2026-06-18T01:16:02.879Z,24.11
2026-06-18T01:21:02.512Z,23.96
2026-06-18T01:26:02.756Z,23.9
2026-06-18T01:31:02.55Z,23.7
2026-06-18T01:36:02.639Z,23.62
2026-06-18T01:41:02.837Z,23.67
2026-06-18T01:46:02.517Z,23.62
2026-06-18T01:51:02.406Z,23.85
2026-06-18T01:56:05.031Z,24.11
2026-06-18T02:01:03.023Z,24.31
2026-06-18T02:06:02.678Z,24.45
2026-06-18T02:11:02.816Z,24.42
2026-06-18T02:16:02.675Z,24.48
2026-06-18T02:21:04.185Z,24.48
2026-06-18T02:26:02.639Z,24.57
2026-06-18T02:31:04.482Z,24.39
2026-06-18T02:36:03.766Z,24.31
2026-06-18T02:41:02.9Z,24.19
2026-06-18T02:46:02.462Z,23.99
2026-06-18T02:51:03.312Z,23.85
2026-06-18T02:56:02.549Z,23.7
2026-06-18T03:01:03.103Z,23.65
2026-06-18T03:06:02.635Z,23.59
2026-06-18T03:11:07.341Z,23.5
2026-06-18T03:16:02.572Z,23.3
2026-06-18T03:21:02.651Z,23.1
2026-06-18T03:26:03.325Z,23.04
2026-06-18T03:31:02.547Z,23.01
2026-06-18T03:36:02.55Z,23.1
2026-06-18T03:41:02.694Z,23.01
2026-06-18T03:46:02.695Z,22.9
2026-06-18T03:51:02.806Z,22.81
2026-06-18T03:56:02.474Z,22.69
2026-06-18T04:01:03.264Z,22.64
2026-06-18T04:06:02.501Z,22.58
2026-06-18T04:11:02.673Z,22.44
2026-06-18T04:16:02.525Z,22.75
2026-06-18T04:21:02.674Z,22.9
2026-06-18T04:26:02.607Z,22.93
2026-06-18T04:31:02.627Z,22.95
2026-06-18T04:36:02.505Z,22.78
2026-06-18T04:41:02.754Z,22.67
2026-06-18T04:46:02.61Z,22.64
2026-06-18T04:51:02.886Z,22.61
2026-06-18T04:56:02.438Z,22.49
2026-06-18T05:01:02.908Z,22.46
2026-06-18T05:06:02.689Z,22.58
2026-06-18T05:11:05.862Z,22.55
2026-06-18T05:16:05.2Z,22.98
2026-06-18T05:21:03.694Z,23.21
2026-06-18T05:26:02.441Z,23.33
2026-06-18T05:31:02.734Z,23.5
2026-06-18T05:36:03.489Z,23.67
2026-06-18T05:41:03.407Z,23.96
2026-06-18T05:46:03.135Z,24.16
2026-06-18T05:51:02.517Z,24.34
2026-06-18T05:56:02.459Z,24.48
2026-06-18T06:01:02.726Z,24.37
2026-06-18T06:06:02.717Z,24.31
2026-06-18T06:11:03.946Z,24.39
2026-06-18T06:16:02.661Z,24.31
2026-06-18T06:21:02.757Z,24.28
2026-06-18T06:26:02.666Z,24.34
2026-06-18T06:31:05.292Z,24.39
2026-06-18T06:36:02.563Z,24.57
2026-06-18T06:41:02.703Z,24.6
2026-06-18T06:46:02.565Z,24.71
2026-06-18T06:51:02.511Z,24.71
2026-06-18T06:56:02.643Z,24.88
2026-06-18T07:01:03.361Z,25.06
2026-06-18T07:06:03.416Z,25.2
2026-06-18T07:11:02.837Z,25.34
2026-06-18T07:16:02.869Z,25.49
2026-06-18T07:21:02.678Z,25.75
2026-06-18T07:26:03.761Z,25.95
2026-06-18T07:31:04.924Z,26.41
2026-06-18T07:36:02.481Z,26.92
2026-06-18T07:41:02.796Z,27.39
2026-06-18T07:46:03.07Z,27.67
2026-06-18T07:51:04.977Z,27.97
2026-06-18T07:56:03.039Z,28.22
2026-06-18T08:01:02.507Z,28.31
2026-06-18T08:06:03.832Z,28.54
2026-06-18T08:11:02.987Z,29.0
2026-06-18T08:16:03.167Z,29.49
2026-06-18T08:21:03.154Z,29.8
2026-06-18T08:26:04.251Z,29.86
2026-06-18T08:31:02.922Z,29.98
2026-06-18T08:36:03.221Z,29.8
2026-06-18T08:41:04.946Z,29.89
2026-06-18T08:46:02.687Z,30.01
2026-06-18T08:51:02.441Z,30.15
2026-06-18T08:56:02.729Z,30.5
2026-06-18T09:01:03.736Z,30.27
2026-06-18T09:06:03.565Z,30.55
2026-06-18T09:11:03.837Z,30.44
2026-06-18T09:16:02.659Z,30.58
2026-06-18T09:21:02.557Z,30.81
2026-06-18T09:26:02.467Z,30.93
2026-06-18T09:31:03.271Z,31.27
2026-06-18T09:36:02.837Z,31.22
2026-06-18T09:41:02.693Z,31.39
2026-06-18T09:46:02.543Z,31.42
2026-06-18T09:51:02.591Z,31.3
2026-06-18T09:56:02.591Z,31.47
2026-06-18T10:01:05.551Z,31.73
2026-06-18T10:06:02.962Z,31.96
2026-06-18T10:11:02.708Z,31.85
2026-06-18T10:16:04.079Z,32.05
2026-06-18T10:21:03.882Z,32.36
2026-06-18T10:26:05.969Z,32.36
2026-06-18T10:31:02.697Z,32.62
2026-06-18T10:36:02.687Z,32.66
2026-06-18T10:41:02.698Z,32.66
2026-06-18T10:46:04.667Z,32.71
2026-06-18T10:51:03.104Z,32.74
2026-06-18T10:56:02.452Z,32.89
2026-06-18T11:01:04.991Z,32.89
2026-06-18T11:06:02.553Z,33.03
2026-06-18T11:11:02.521Z,32.82
2026-06-18T11:16:03.092Z,32.77
2026-06-18T11:21:02.474Z,32.94
2026-06-18T11:26:02.711Z,32.89
2026-06-18T11:31:04.425Z,33.2
2026-06-18T11:36:04.055Z,33.2
2026-06-18T11:41:02.583Z,33.46
2026-06-18T11:46:02.384Z,33.69
2026-06-18T11:51:02.344Z,33.86
2026-06-18T11:56:02.721Z,33.78
2026-06-18T12:01:04.229Z,33.8
2026-06-18T12:06:02.681Z,33.89
2026-06-18T12:11:02.723Z,33.89
2026-06-18T12:16:03.443Z,34.03
2026-06-18T12:21:02.711Z,34.18
2026-06-18T12:26:04.05Z,34.12
2026-06-18T12:31:03.018Z,33.98
2026-06-18T12:36:02.767Z,34.21
2026-06-18T12:41:02.675Z,34.27
2026-06-18T12:46:02.767Z,34.47
2026-06-18T12:51:03.593Z,34.03
2026-06-18T12:56:02.376Z,34.09
2026-06-18T13:01:02.762Z,33.69
2026-06-18T13:06:03.414Z,33.72
2026-06-18T13:11:02.706Z,33.34
2026-06-18T13:16:03.047Z,33.52
2026-06-18T13:21:02.515Z,33.49
2026-06-18T13:26:02.661Z,33.52
2026-06-18T13:31:02.586Z,33.29
2026-06-18T13:36:02.936Z,33.37
2026-06-18T13:41:05.573Z,33.37
2026-06-18T13:46:03.555Z,33.23
2026-06-18T13:51:03.62Z,33.23
2026-06-18T13:56:02.471Z,33.2
2026-06-18T14:01:02.361Z,33.17
2026-06-18T14:06:02.609Z,33.2
2026-06-18T14:11:02.491Z,33.17
2026-06-18T14:16:02.693Z,33.03
2026-06-18T14:21:03.723Z,32.85
2026-06-18T14:26:04.008Z,32.71
2026-06-18T14:31:04.156Z,32.77
2026-06-18T14:36:02.894Z,32.68
2026-06-18T14:41:02.457Z,32.48
2026-06-18T14:46:02.787Z,32.51
2026-06-18T14:51:02.551Z,32.36
2026-06-18T14:56:02.574Z,32.45
2026-06-18T15:01:02.495Z,32.36
2026-06-18T15:06:02.395Z,32.54
2026-06-18T15:11:02.812Z,32.48
2026-06-18T15:16:02.6Z,32.31
2026-06-18T15:21:03.761Z,32.13
2026-06-18T15:26:05.412Z,32.31
2026-06-18T15:31:02.552Z,32.34
2026-06-18T15:36:02.916Z,32.45
2026-06-18T15:41:03.286Z,32.19
2026-06-18T15:46:02.606Z,32.11
2026-06-18T15:51:02.617Z,31.96
2026-06-18T15:56:02.839Z,31.87
2026-06-18T16:01:03.747Z,31.79
2026-06-18T16:06:02.985Z,31.91
2026-06-18T16:11:04.586Z,32.19
2026-06-18T16:16:03.995Z,32.28
2026-06-18T16:21:02.62Z,32.31
2026-06-18T16:26:02.706Z,31.87
2026-06-18T16:31:02.583Z,31.79
2026-06-18T16:36:02.547Z,31.73
2026-06-18T16:41:02.728Z,31.59
2026-06-18T16:46:03.32Z,31.68
2026-06-18T16:51:02.583Z,31.91
2026-06-18T16:56:02.536Z,31.76
2026-06-18T17:01:03.315Z,31.85
2026-06-18T17:06:02.651Z,31.73
2026-06-18T17:11:02.872Z,31.87
2026-06-18T17:16:02.703Z,31.71
2026-06-18T17:21:04.228Z,31.79
2026-06-18T17:26:02.563Z,31.56
2026-06-18T17:31:03.964Z,31.39
2026-06-18T17:36:02.497Z,31.36
2026-06-18T17:41:02.5Z,31.19
2026-06-18T17:46:03.597Z,31.27
2026-06-18T17:51:03.54Z,30.93
2026-06-18T17:56:02.669Z,30.93
2026-06-18T18:01:02.621Z,30.96
2026-06-18T18:06:02.508Z,31.13
2026-06-18T18:11:02.743Z,31.07
2026-06-18T18:16:02.798Z,30.9
2026-06-18T18:21:02.571Z,30.73
2026-06-18T18:26:02.771Z,30.55
2026-06-18T18:31:02.89Z,30.38
2026-06-18T18:36:02.648Z,30.38
2026-06-18T18:41:03.726Z,30.18
2026-06-18T18:46:02.511Z,30.06
2026-06-18T18:51:04.641Z,29.89
2026-06-18T18:56:02.589Z,29.75
2026-06-18T19:01:02.723Z,29.72
2026-06-18T19:06:02.911Z,29.57
2026-06-18T19:11:03.679Z,29.46
2026-06-18T19:16:02.362Z,29.37
2026-06-18T19:21:02.739Z,29.29
2026-06-18T19:26:03.4Z,29.26
2026-06-18T19:31:03.094Z,29.17
2026-06-18T19:36:02.484Z,28.97
2026-06-18T19:41:03.31Z,28.85
2026-06-18T19:46:02.714Z,28.74
2026-06-18T19:51:02.535Z,28.65
2026-06-18T19:56:02.356Z,28.54
2026-06-18T20:01:03.394Z,28.31
2026-06-18T20:06:02.641Z,28.19
2026-06-18T20:11:03.044Z,28.05
2026-06-18T20:16:02.659Z,27.9
2026-06-18T20:21:02.415Z,27.87
2026-06-18T20:26:02.632Z,27.82
2026-06-18T20:31:02.402Z,27.71
2026-06-18T20:36:02.402Z,27.53
2026-06-18T20:41:02.669Z,27.44
2026-06-18T20:46:05.284Z,27.44
2026-06-18T20:51:02.831Z,27.41
2026-06-18T20:56:02.488Z,27.44
2026-06-18T21:01:04.797Z,27.39
2026-06-18T21:06:02.548Z,27.33
2026-06-18T21:11:02.771Z,27.22
2026-06-18T21:16:04.07Z,27.13
2026-06-18T21:21:02.364Z,27.07
2026-06-18T21:26:02.713Z,27.04
2026-06-18T21:31:02.481Z,26.92
2026-06-18T21:36:02.418Z,26.81
2026-06-18T21:41:02.744Z,26.81
2026-06-18T21:46:04.752Z,26.67
2026-06-18T21:51:02.528Z,26.64
2026-06-18T21:56:02.547Z,26.61
2026-06-18T22:01:05.025Z,26.46
2026-06-18T22:06:02.676Z,26.35
2026-06-18T22:11:03.495Z,26.24
2026-06-18T22:16:03.08Z,26.06
2026-06-18T22:21:02.339Z,25.89
2026-06-18T22:26:02.628Z,25.78
2026-06-18T22:31:02.758Z,25.63
2026-06-18T22:36:02.608Z,25.52
2026-06-18T22:41:03.422Z,25.43
2026-06-18T22:46:02.583Z,25.34
2026-06-18T22:51:03.159Z,25.23
2026-06-18T22:56:05.685Z,25.2
2026-06-18T23:01:02.612Z,25.2
2026-06-18T23:06:04.844Z,25.26
2026-06-18T23:11:02.81Z,25.14
2026-06-18T23:16:03.07Z,25.09
2026-06-18T23:21:02.507Z,25.0
2026-06-18T23:26:02.625Z,24.94
2026-06-18T23:31:02.413Z,24.88
2026-06-18T23:36:02.652Z,24.77
2026-06-18T23:41:02.616Z,24.71
2026-06-18T23:46:02.698Z,24.71
2026-06-18T23:51:02.421Z,24.6
2026-06-18T23:56:02.669Z,24.65
2026-06-19T00:01:02.338Z,24.65
2026-06-19T00:06:03.21Z,24.65
2026-06-19T00:11:02.517Z,24.65
2026-06-19T00:16:03.388Z,24.54
2026-06-19T00:21:02.607Z,24.48
2026-06-19T00:26:02.507Z,24.37
2026-06-19T00:31:02.697Z,24.45
2026-06-19T00:36:02.567Z,24.39
2026-06-19T00:41:03.436Z,24.31
2026-06-19T00:46:02.444Z,24.39
2026-06-19T00:51:02.984Z,24.31
2026-06-19T00:56:03.036Z,24.28
2026-06-19T01:01:02.686Z,24.31
2026-06-19T01:06:03.938Z,24.13
2026-06-19T01:11:02.41Z,24.11
2026-06-19T01:16:02.868Z,24.13
2026-06-19T01:21:03.207Z,24.08
2026-06-19T01:26:02.712Z,23.9
2026-06-19T01:31:04.028Z,23.88
2026-06-19T01:36:02.802Z,23.76
2026-06-19T01:41:04.276Z,23.73
2026-06-19T01:46:02.702Z,23.65
2026-06-19T01:51:02.726Z,23.62
2026-06-19T01:56:02.838Z,23.56
2026-06-19T02:01:03.254Z,23.65
2026-06-19T02:06:02.961Z,23.7
2026-06-19T02:11:02.733Z,23.7
2026-06-19T02:16:02.533Z,23.7
2026-06-19T02:21:02.41Z,23.53
2026-06-19T02:26:04.786Z,23.44
2026-06-19T02:31:05.137Z,23.3
2026-06-19T02:36:02.352Z,23.16
2026-06-19T02:41:02.618Z,23.13
2026-06-19T02:46:02.798Z,23.1
2026-06-19T02:51:02.893Z,23.07
2026-06-19T02:56:02.509Z,22.95
2026-06-19T03:01:02.666Z,22.95
2026-06-19T03:06:32.85Z,22.95
2026-06-19T03:11:21.609Z,22.9
2026-06-19T03:16:21.653Z,22.93
2026-06-19T03:21:06.261Z,22.98
2026-06-19T03:26:02.658Z,22.98
2026-06-19T03:31:02.532Z,23.01
2026-06-19T03:36:02.336Z,22.93
2026-06-19T03:41:02.829Z,22.9
2026-06-19T03:46:27.027Z,22.9
2026-06-19T03:51:02.684Z,22.84
2026-06-19T03:56:02.469Z,22.69
2026-06-19T04:01:02.711Z,22.75
2026-06-19T04:06:04.888Z,22.69
2026-06-19T04:11:02.599Z,22.58
2026-06-19T04:16:02.629Z,22.52
2026-06-19T04:21:02.434Z,22.49
2026-06-19T04:26:02.824Z,22.46
2026-06-19T04:31:02.625Z,22.41
2026-06-19T04:36:03.506Z,22.38
2026-06-19T04:41:02.52Z,22.44
2026-06-19T04:46:02.306Z,22.35
2026-06-19T04:51:02.554Z,22.52
2026-06-19T04:56:02.448Z,22.61
2026-06-19T05:01:02.859Z,22.69
2026-06-19T05:06:06.414Z,22.78
2026-06-19T05:11:04.051Z,22.72
2026-06-19T05:16:02.68Z,22.75
2026-06-19T05:21:09.433Z,22.84
2026-06-19T05:26:02.415Z,22.93
2026-06-19T05:31:03.521Z,22.93
2026-06-19T05:36:02.543Z,23.01
2026-06-19T05:41:02.668Z,23.13
2026-06-19T05:46:02.751Z,23.24
2026-06-19T05:51:05.407Z,23.39
2026-06-19T05:56:03.508Z,23.5
2026-06-19T06:01:02.586Z,23.7
2026-06-19T06:06:02.746Z,24.08
2026-06-19T06:11:02.975Z,24.31
2026-06-19T06:16:02.64Z,24.57
2026-06-19T06:21:02.651Z,24.8
2026-06-19T06:26:02.505Z,24.85
2026-06-19T06:31:02.926Z,25.0
2026-06-19T06:36:03.139Z,25.14
2026-06-19T06:41:02.661Z,25.32
2026-06-19T06:46:02.641Z,25.52
2026-06-19T06:51:02.89Z,25.63
2026-06-19T06:56:03.923Z,25.75
2026-06-19T07:01:02.703Z,25.92
2026-06-19T07:06:04.658Z,26.04
2026-06-19T07:11:02.892Z,26.18
2026-06-19T07:16:02.783Z,26.46
2026-06-19T07:21:02.698Z,26.76
2026-06-19T07:26:02.591Z,26.87
2026-06-19T07:31:02.51Z,27.27
2026-06-19T07:36:02.841Z,27.5
2026-06-19T07:41:02.535Z,27.64
2026-06-19T07:46:02.718Z,27.99
2026-06-19T07:51:02.594Z,28.25
2026-06-19T07:56:02.44Z,28.48
2026-06-19T08:01:02.586Z,28.62
2026-06-19T08:06:02.689Z,28.62
2026-06-19T08:11:02.574Z,28.88
2026-06-19T08:16:02.508Z,29.23
2026-06-19T08:21:02.829Z,29.11
2026-06-19T08:26:02.65Z,29.29
2026-06-19T08:31:02.663Z,29.66
2026-06-19T08:36:02.467Z,29.75
2026-06-19T08:41:02.951Z,30.09
2026-06-19T08:46:02.5Z,30.44
2026-06-19T08:51:02.824Z,30.64
2026-06-19T08:56:02.696Z,30.81
2026-06-19T09:01:02.605Z,30.99
2026-06-19T09:06:02.41Z,31.19
2026-06-19T09:11:02.717Z,31.45
2026-06-19T09:16:02.688Z,31.68
2026-06-19T09:21:02.724Z,31.76
2026-06-19T09:26:04.479Z,31.68
2026-06-19T09:31:02.679Z,31.73
2026-06-19T09:36:03.116Z,31.59
2026-06-19T09:41:02.598Z,31.59
2026-06-19T09:46:02.625Z,31.45
2026-06-19T09:51:03.279Z,31.79
2026-06-19T09:56:02.915Z,32.31
2026-06-19T10:01:03.468Z,32.25
2026-06-19T10:06:04.725Z,32.34
2026-06-19T10:11:02.695Z,32.05
2026-06-19T10:16:02.467Z,31.71
2026-06-19T10:21:02.45Z,31.64
2026-06-19T10:26:02.57Z,31.82
2026-06-19T10:31:02.737Z,32.17
2026-06-19T10:36:04.986Z,32.11
2026-06-19T10:41:02.995Z,31.62
2026-06-19T10:46:03.404Z,31.39
2026-06-19T10:51:04.907Z,31.36
2026-06-19T10:56:02.982Z,31.22
2026-06-19T11:01:02.548Z,31.16
2026-06-19T11:06:02.632Z,30.99
2026-06-19T11:11:05.418Z,31.24
2026-06-19T11:16:05.084Z,31.33
2026-06-19T11:21:05.697Z,31.59
2026-06-19T11:26:03.183Z,32.05
2026-06-19T11:31:02.687Z,31.87
2026-06-19T11:36:02.803Z,31.73
2026-06-19T11:41:02.472Z,31.56
2026-06-19T11:46:03.46Z,31.76
2026-06-19T11:51:02.532Z,32.05
2026-06-19T11:56:02.83Z,32.43
2026-06-19T12:01:02.686Z,32.71
2026-06-19T12:06:02.559Z,32.89
2026-06-19T12:11:02.651Z,33.23
2026-06-19T12:16:02.741Z,33.46
2026-06-19T12:21:05.144Z,33.6
2026-06-19T12:26:02.569Z,33.49
2026-06-19T12:31:02.431Z,33.46
2026-06-19T12:36:02.967Z,33.31
2026-06-19T12:41:06.747Z,32.66
2026-06-19T12:46:02.634Z,32.94
2026-06-19T12:51:06.526Z,33.46
2026-06-19T12:56:02.702Z,33.37
2026-06-19T13:01:05.957Z,33.43
2026-06-19T13:06:02.755Z,33.63
2026-06-19T13:11:02.724Z,33.86
2026-06-19T13:16:02.682Z,33.83
2026-06-19T13:21:02.996Z,33.83
2026-06-19T13:26:06.278Z,33.95
2026-06-19T13:31:03.914Z,34.09
2026-06-19T13:36:02.581Z,33.89
2026-06-19T13:41:04.256Z,34.01
2026-06-19T13:46:03.366Z,33.98
2026-06-19T13:51:02.588Z,34.03
2026-06-19T13:56:02.421Z,34.24
2026-06-19T14:01:02.459Z,34.24
2026-06-19T14:06:02.547Z,34.47
2026-06-19T14:11:02.682Z,34.32
2026-06-19T14:16:05.34Z,34.47
2026-06-19T14:21:02.606Z,34.64
2026-06-19T14:26:04.715Z,34.32
2026-06-19T14:31:02.853Z,34.21
2026-06-19T14:36:02.717Z,34.12
2026-06-19T14:41:05.056Z,34.03
2026-06-19T14:46:03.71Z,34.12
2026-06-19T14:51:02.738Z,34.21
2026-06-19T14:56:03.743Z,34.21
2026-06-19T15:01:02.733Z,34.03
2026-06-19T15:06:03.558Z,34.12
2026-06-19T15:11:02.619Z,34.21
2026-06-19T15:16:02.551Z,34.47
2026-06-19T15:21:03.814Z,34.52
2026-06-19T15:26:03.266Z,34.5
2026-06-19T15:31:03.283Z,34.41
2026-06-19T15:36:02.447Z,34.09
2026-06-19T15:41:02.616Z,34.29
2026-06-19T15:46:02.774Z,34.21
2026-06-19T15:51:02.88Z,34.06
2026-06-19T15:56:02.61Z,34.29
2026-06-19T16:01:04.699Z,34.44
2026-06-19T16:06:03.149Z,34.75
2026-06-19T16:11:03.136Z,34.84
2026-06-19T16:16:06.786Z,34.87
2026-06-19T16:21:03.014Z,34.73
2026-06-19T16:26:03.327Z,34.47
2026-06-19T16:31:04.085Z,34.27
2026-06-19T16:36:02.702Z,34.24
2026-06-19T16:41:02.751Z,34.32
2026-06-19T16:46:02.282Z,34.41
2026-06-19T16:51:03.978Z,34.38
2026-06-19T16:56:04.998Z,34.35
2026-06-19T17:01:04.93Z,34.09
2026-06-19T17:06:02.725Z,33.95
2026-06-19T17:11:03.628Z,33.95
2026-06-19T17:16:03.869Z,33.66
2026-06-19T17:21:02.761Z,33.4
2026-06-19T17:26:02.512Z,33.26
2026-06-19T17:31:02.516Z,33.0
2026-06-19T17:36:05.958Z,32.91
2026-06-19T17:41:02.989Z,32.8
2026-06-19T17:46:02.561Z,32.82
2026-06-19T17:51:02.788Z,32.51
2026-06-19T17:56:02.654Z,32.28
2026-06-19T18:01:02.597Z,32.08
2026-06-19T18:06:02.403Z,32.02
2026-06-19T18:11:02.722Z,31.91
2026-06-19T18:16:02.531Z,31.91
2026-06-19T18:21:02.495Z,31.82
2026-06-19T18:26:02.816Z,31.76
2026-06-19T18:31:05.897Z,31.62
2026-06-19T18:36:04.796Z,31.71
2026-06-19T18:41:02.5Z,31.59
2026-06-19T18:46:06.05Z,31.53
2026-06-19T18:51:02.597Z,31.45
2026-06-19T18:56:02.38Z,31.24
2026-06-19T19:01:10.095Z,30.99
2026-06-19T19:06:11.87Z,30.9
2026-06-19T19:11:02.992Z,30.75
2026-06-19T19:16:02.572Z,30.55
2026-06-19T19:21:04.333Z,30.32
2026-06-19T19:26:02.654Z,30.18
2026-06-19T19:31:02.537Z,29.98
2026-06-19T19:36:02.496Z,29.89
2026-06-19T19:41:02.589Z,29.75
2026-06-19T19:46:04.144Z,29.57
2026-06-19T19:51:02.944Z,29.49
2026-06-19T19:56:04.956Z,29.29
2026-06-19T20:01:02.674Z,29.26
2026-06-19T20:06:03.143Z,29.2
2026-06-19T20:11:04.215Z,29.11
2026-06-19T20:16:02.701Z,29.03
2026-06-19T20:21:02.375Z,28.91
2026-06-19T20:26:02.688Z,28.77
2026-06-19T20:31:03.628Z,28.77
2026-06-19T20:36:02.725Z,28.74
2026-06-19T20:41:02.475Z,28.68
2026-06-19T20:46:02.812Z,28.6
2026-06-19T20:51:02.511Z,28.42
2026-06-19T20:56:04.221Z,28.42
2026-06-19T21:01:02.743Z,28.28
2026-06-19T21:06:05.575Z,28.19
2026-06-19T21:11:02.439Z,28.08
2026-06-19T21:16:02.351Z,27.93
2026-06-19T21:21:02.661Z,27.85
2026-06-19T21:26:02.831Z,27.76
2026-06-19T21:31:03.788Z,27.62
2026-06-19T21:36:02.523Z,27.53
2026-06-19T21:41:03.034Z,27.41
2026-06-19T21:46:02.69Z,27.33
2026-06-19T21:51:02.387Z,27.22
2026-06-19T21:56:02.673Z,27.1
2026-06-19T22:01:05.313Z,26.99
2026-06-19T22:06:02.582Z,26.84
2026-06-19T22:11:02.634Z,26.76
2026-06-19T22:16:02.707Z,26.55
2026-06-19T22:21:02.505Z,26.61
2026-06-19T22:26:02.599Z,26.5
2026-06-19T22:31:02.378Z,26.44
2026-06-19T22:36:02.639Z,26.35
2026-06-19T22:41:02.585Z,26.2
2026-06-19T22:46:02.695Z,26.04
2026-06-19T22:51:02.512Z,25.95
2026-06-19T22:56:02.647Z,25.75
2026-06-19T23:01:03.602Z,25.69
2026-06-19T23:06:02.722Z,25.6
2026-06-19T23:11:02.471Z,25.63
2026-06-19T23:16:05.451Z,25.63
2026-06-19T23:21:03.602Z,25.75
2026-06-19T23:26:02.725Z,25.89
2026-06-19T23:31:02.604Z,25.89
2026-06-19T23:36:02.529Z,25.95
2026-06-19T23:41:02.642Z,25.97
2026-06-19T23:46:02.704Z,26.12
2026-06-19T23:51:03.103Z,26.2
2026-06-19T23:56:02.504Z,26.15
2026-06-20T00:01:02.824Z,26.27
2026-06-20T00:06:05.03Z,26.2
2026-06-20T00:11:02.516Z,26.29
2026-06-20T00:16:02.696Z,26.38
2026-06-20T00:21:02.633Z,26.29
2026-06-20T00:26:03.159Z,26.29
2026-06-20T00:31:05.372Z,26.27
2026-06-20T00:36:02.793Z,26.2
2026-06-20T00:41:02.614Z,26.2
2026-06-20T00:46:02.275Z,26.2
2026-06-20T00:51:02.689Z,26.29
2026-06-20T00:56:02.454Z,26.2
2026-06-20T01:01:02.707Z,26.27
2026-06-20T01:06:04.527Z,26.2
2026-06-20T01:11:02.772Z,26.27
2026-06-20T01:16:02.532Z,26.27
2026-06-20T01:21:03.601Z,26.27
2026-06-20T01:26:02.545Z,26.15
2026-06-20T01:31:02.807Z,26.12
2026-06-20T01:36:02.582Z,26.01
2026-06-20T01:41:02.676Z,25.92
2026-06-20T01:46:02.574Z,25.89
2026-06-20T01:51:02.745Z,25.75
2026-06-20T01:56:02.47Z,25.75
2026-06-20T02:01:03.087Z,25.63
2026-06-20T02:06:02.712Z,25.66
2026-06-20T02:11:02.352Z,25.52
2026-06-20T02:16:02.527Z,25.37
2026-06-20T02:21:02.497Z,25.43
2026-06-20T02:26:02.671Z,25.4
2026-06-20T02:31:02.862Z,25.4
2026-06-20T02:36:02.991Z,25.46
2026-06-20T02:41:02.529Z,25.43
2026-06-20T02:46:02.659Z,25.37
2026-06-20T02:51:02.492Z,25.43
2026-06-20T02:56:02.566Z,25.52
2026-06-20T03:01:02.813Z,25.6
2026-06-20T03:06:02.471Z,25.69
2026-06-20T03:11:03.155Z,25.6
2026-06-20T03:16:02.439Z,25.6
2026-06-20T03:21:02.725Z,25.55
2026-06-20T03:26:02.633Z,25.49
2026-06-20T03:31:02.728Z,25.37
2026-06-20T03:36:02.581Z,25.11
2026-06-20T03:41:02.741Z,24.94
2026-06-20T03:46:02.654Z,24.97
2026-06-20T03:51:03.31Z,24.83
2026-06-20T03:56:03.072Z,24.8
2026-06-20T04:01:02.783Z,24.8
2026-06-20T04:06:02.85Z,24.71
2026-06-20T04:11:02.653Z,24.54
2026-06-20T04:16:02.745Z,24.51
2026-06-20T04:21:05.551Z,24.39
2026-06-20T04:26:02.393Z,24.45
2026-06-20T04:31:04.671Z,24.37
2026-06-20T04:36:02.674Z,24.37
2026-06-20T04:41:02.543Z,24.39
2026-06-20T04:46:02.89Z,24.45
2026-06-20T04:51:02.539Z,24.85
2026-06-20T04:56:02.931Z,25.11
2026-06-20T05:01:02.912Z,25.2
2026-06-20T05:06:02.504Z,25.2
2026-06-20T05:11:03.372Z,25.2
2026-06-20T05:16:03.555Z,25.09
2026-06-20T05:21:03.468Z,25.11
2026-06-20T05:26:02.825Z,25.23
2026-06-20T05:31:03.202Z,25.32
2026-06-20T05:36:05.586Z,25.37
2026-06-20T05:41:04.614Z,25.52
2026-06-20T05:46:02.642Z,25.52
2026-06-20T05:51:04.736Z,25.69
2026-06-20T05:56:03.767Z,25.66
2026-06-20T06:01:02.683Z,25.78
2026-06-20T06:06:02.763Z,25.8
2026-06-20T06:11:02.82Z,25.78
2026-06-20T06:16:02.887Z,25.83
2026-06-20T06:21:04.183Z,25.89
2026-06-20T06:26:02.894Z,25.97
2026-06-20T06:31:02.585Z,26.09
2026-06-20T06:36:03.567Z,26.24
2026-06-20T06:41:02.717Z,26.18
2026-06-20T06:46:02.722Z,26.32
2026-06-20T06:51:03.313Z,26.38
2026-06-20T06:56:03.041Z,26.5
2026-06-20T07:01:03.642Z,26.55
2026-06-20T07:06:04.613Z,26.64
2026-06-20T07:11:02.778Z,26.78
2026-06-20T07:16:04.077Z,26.92
2026-06-20T07:21:03.3Z,27.22
2026-06-20T07:26:02.574Z,27.48
2026-06-20T07:31:02.411Z,27.79
2026-06-20T07:36:02.948Z,28.13
2026-06-20T07:41:02.336Z,28.34
2026-06-20T07:46:02.902Z,28.51
2026-06-20T07:51:02.677Z,28.77
2026-06-20T07:56:02.567Z,28.83
2026-06-20T08:01:02.773Z,28.74
2026-06-20T08:06:02.803Z,28.77
2026-06-20T08:11:02.605Z,29.0
2026-06-20T08:16:04.238Z,29.23
2026-06-20T08:21:02.742Z,29.57
2026-06-20T08:26:02.668Z,29.89
2026-06-20T08:31:04.284Z,30.35
2026-06-20T08:36:02.441Z,30.47
2026-06-20T08:41:02.543Z,30.61
2026-06-20T08:46:02.657Z,31.07
2026-06-20T08:51:03.025Z,31.24
2026-06-20T08:56:02.758Z,31.36
2026-06-20T09:01:04.777Z,31.5
2026-06-20T09:06:03.437Z,31.82
2026-06-20T09:11:03.154Z,31.71
2026-06-20T09:16:02.514Z,31.96
2026-06-20T09:21:02.609Z,32.36
2026-06-20T09:26:02.788Z,32.68
2026-06-20T09:31:02.564Z,32.94
2026-06-20T09:36:02.83Z,32.85
2026-06-20T09:41:02.615Z,32.91
2026-06-20T09:46:02.695Z,33.11
2026-06-20T09:51:02.74Z,33.17
2026-06-20T09:56:03.046Z,33.52
2026-06-20T10:01:02.443Z,33.8
2026-06-20T10:06:02.445Z,33.66
2026-06-20T10:11:02.842Z,33.6
2026-06-20T10:16:03.573Z,33.66
2026-06-20T10:21:02.779Z,33.72
2026-06-20T10:26:03.075Z,33.83
2026-06-20T10:31:02.698Z,33.98
2026-06-20T10:36:03.335Z,33.8
2026-06-20T10:41:02.639Z,33.98
2026-06-20T10:46:02.89Z,34.12
2026-06-20T10:51:06.909Z,34.06
2026-06-20T10:56:02.647Z,34.03
2026-06-20T11:01:02.622Z,34.12
2026-06-20T11:06:04.992Z,34.15
2026-06-20T11:11:02.809Z,34.12
2026-06-20T11:16:02.405Z,34.12
2026-06-20T11:21:03.343Z,34.35
2026-06-20T11:26:03.341Z,34.38
2026-06-20T11:31:02.81Z,34.24
2026-06-20T11:36:04.366Z,34.32
2026-06-20T11:41:02.879Z,34.32
2026-06-20T11:46:02.958Z,34.52
2026-06-20T11:51:04.43Z,34.52
2026-06-20T11:56:02.48Z,34.52
2026-06-20T12:01:03.24Z,34.7
2026-06-20T12:06:03.516Z,34.75
2026-06-20T12:11:03.985Z,34.64
2026-06-20T12:16:04.465Z,34.96
2026-06-20T12:21:02.614Z,34.78
2026-06-20T12:26:02.502Z,35.01
2026-06-20T12:31:02.627Z,35.01
2026-06-20T12:36:02.945Z,35.04
2026-06-20T12:41:02.817Z,34.78
2026-06-20T12:46:02.986Z,34.78
2026-06-20T12:51:02.438Z,34.73
2026-06-20T12:56:03.417Z,34.81
2026-06-20T13:01:02.732Z,34.84
2026-06-20T13:06:02.673Z,34.75
2026-06-20T13:11:02.708Z,34.67
2026-06-20T13:16:02.343Z,34.96
2026-06-20T13:21:02.353Z,34.81
2026-06-20T13:26:02.843Z,34.29
2026-06-20T13:31:03.488Z,34.09
2026-06-20T13:36:02.872Z,34.21
2026-06-20T13:41:02.452Z,34.41
2026-06-20T13:46:02.59Z,34.18
2026-06-20T13:51:04.15Z,34.55
2026-06-20T13:56:02.785Z,34.5
2026-06-20T14:01:02.963Z,34.52
2026-06-20T14:06:07.671Z,34.78
2026-06-20T14:11:02.704Z,34.64
2026-06-20T14:16:03.29Z,34.64
2026-06-20T14:21:02.661Z,34.5
2026-06-20T14:26:02.859Z,34.58
2026-06-20T14:31:04.272Z,34.29
2026-06-20T14:36:02.776Z,34.75
2026-06-20T14:41:05.071Z,34.61
2026-06-20T14:46:03.17Z,34.52
2026-06-20T14:51:03.022Z,34.61
2026-06-20T14:56:02.637Z,34.47
2026-06-20T15:01:02.511Z,34.44
2026-06-20T15:06:02.731Z,34.55
2026-06-20T15:11:02.854Z,34.55
2026-06-20T15:16:03.169Z,34.41
2026-06-20T15:21:03.678Z,34.41
2026-06-20T15:26:04.611Z,34.5
2026-06-20T15:31:04.992Z,34.44
2026-06-20T15:36:02.643Z,34.18
2026-06-20T15:41:04.183Z,33.95
2026-06-20T15:46:02.729Z,33.83
2026-06-20T15:51:02.588Z,33.72
2026-06-20T15:56:02.725Z,33.46
2026-06-20T16:01:04.446Z,33.43
2026-06-20T16:06:02.547Z,33.37
2026-06-20T16:11:02.414Z,33.49
2026-06-20T16:16:02.95Z,33.46
2026-06-20T16:21:02.673Z,33.43
2026-06-20T16:26:04.265Z,33.4
2026-06-20T16:31:02.604Z,33.26
2026-06-20T16:36:02.582Z,33.31
2026-06-20T16:41:03.862Z,33.37
2026-06-20T16:46:04.919Z,33.37
2026-06-20T16:51:02.651Z,33.29
2026-06-20T16:56:02.691Z,33.26
2026-06-20T17:01:07.557Z,33.29
2026-06-20T17:06:02.582Z,33.0
2026-06-20T17:11:02.539Z,33.08
2026-06-20T17:16:02.963Z,33.11
2026-06-20T17:21:02.742Z,32.82
2026-06-20T17:26:02.461Z,32.62
2026-06-20T17:31:02.441Z,32.4
2026-06-20T17:36:02.746Z,32.19
2026-06-20T17:41:02.334Z,32.02
2026-06-20T17:46:02.841Z,31.85
2026-06-20T17:51:03.607Z,31.85
2026-06-20T17:56:05.858Z,31.68
2026-06-20T18:01:04.925Z,31.56
2026-06-20T18:06:02.494Z,31.5
2026-06-20T18:11:02.35Z,31.42
2026-06-20T18:16:02.597Z,31.19
2026-06-20T18:21:02.723Z,31.01
2026-06-20T18:26:02.38Z,30.84
2026-06-20T18:31:02.559Z,30.67
2026-06-20T18:36:02.688Z,30.47
2026-06-20T18:41:02.685Z,30.27
2026-06-20T18:46:02.415Z,30.32
2026-06-20T18:51:02.626Z,30.12
2026-06-20T18:56:02.656Z,29.89
2026-06-20T19:01:02.817Z,29.8
2026-06-20T19:06:02.49Z,29.55
2026-06-20T19:11:02.39Z,29.46
2026-06-20T19:16:02.743Z,29.34
2026-06-20T19:21:02.622Z,29.29
2026-06-20T19:26:03.232Z,29.32
2026-06-20T19:31:02.65Z,29.23
2026-06-20T19:36:02.945Z,29.17
2026-06-20T19:41:02.829Z,29.06
2026-06-20T19:46:02.751Z,29.0
2026-06-20T19:51:02.501Z,28.88
2026-06-20T19:56:03.734Z,28.91
2026-06-20T20:01:02.506Z,28.8
2026-06-20T20:06:02.932Z,28.83
2026-06-20T20:11:02.514Z,28.71
2026-06-20T20:16:03.307Z,28.71
2026-06-20T20:21:02.514Z,28.65
2026-06-20T20:26:04.734Z,28.68
2026-06-20T20:31:02.588Z,28.68
2026-06-20T20:36:02.496Z,28.57
2026-06-20T20:41:04.046Z,28.48
2026-06-20T20:46:02.398Z,28.48
2026-06-20T20:51:03.445Z,28.36
2026-06-20T20:56:02.911Z,28.34
2026-06-20T21:01:02.454Z,28.34
2026-06-20T21:06:04.259Z,28.25
2026-06-20T21:11:03.137Z,28.25
2026-06-20T21:16:02.421Z,28.16
2026-06-20T21:21:03.843Z,28.13
2026-06-20T21:26:02.647Z,28.13
2026-06-20T21:31:02.687Z,28.05
2026-06-20T21:36:02.587Z,27.97
2026-06-20T21:41:02.477Z,27.99
2026-06-20T21:46:02.683Z,27.9
2026-06-20T21:51:02.397Z,27.87
2026-06-20T21:56:02.587Z,27.79
2026-06-20T22:01:02.421Z,27.79
2026-06-20T22:06:02.694Z,27.79
2026-06-20T22:11:02.637Z,27.73
2026-06-20T22:16:03.439Z,27.71
2026-06-20T22:21:02.575Z,27.62
2026-06-20T22:26:04.642Z,27.53
2026-06-20T22:31:02.55Z,27.39
2026-06-20T22:36:02.675Z,27.27
2026-06-20T22:41:04.802Z,27.36
2026-06-20T22:46:02.973Z,27.53
2026-06-20T22:51:03.22Z,27.5
2026-06-20T22:56:04.158Z,27.53
2026-06-20T23:01:02.698Z,27.5
2026-06-20T23:06:03.179Z,27.44
2026-06-20T23:11:02.657Z,27.41
2026-06-20T23:16:02.438Z,27.48
2026-06-20T23:21:03.34Z,27.39
2026-06-20T23:26:02.905Z,27.33
2026-06-20T23:31:02.624Z,27.3
2026-06-20T23:36:02.338Z,27.3
2026-06-20T23:41:02.715Z,27.22
2026-06-20T23:46:02.384Z,27.16
2026-06-20T23:51:02.727Z,27.07
2026-06-20T23:56:02.865Z,27.01
2026-06-21T00:01:04.353Z,27.04
2026-06-21T00:06:02.363Z,26.99
2026-06-21T00:11:02.614Z,26.9
2026-06-21T00:16:02.508Z,26.9
2026-06-21T00:21:03.821Z,26.9
2026-06-21T00:26:02.532Z,26.9
2026-06-21T00:31:02.753Z,26.81
2026-06-21T00:36:02.43Z,26.78
2026-06-21T00:41:04.169Z,26.76
2026-06-21T00:46:03.123Z,26.73
2026-06-21T00:51:02.45Z,26.64
2026-06-21T00:56:03.417Z,26.52
2026-06-21T01:01:02.735Z,26.44
2026-06-21T01:06:02.561Z,26.32
2026-06-21T01:11:02.878Z,26.38
2026-06-21T01:16:02.556Z,26.52
2026-06-21T01:21:03.481Z,26.5
2026-06-21T01:26:02.742Z,26.44
2026-06-21T01:31:03.587Z,26.32
2026-06-21T01:36:02.7Z,26.35
2026-06-21T01:41:02.546Z,26.46
2026-06-21T01:46:02.677Z,26.5
2026-06-21T01:51:04.566Z,26.58
2026-06-21T01:56:04.254Z,26.69
2026-06-21T02:01:02.538Z,26.81
2026-06-21T02:06:05.232Z,26.92
2026-06-21T02:11:03.048Z,26.9
2026-06-21T02:16:02.806Z,26.9
2026-06-21T02:21:06.613Z,26.76
2026-06-21T02:26:02.415Z,26.73
2026-06-21T02:31:02.716Z,26.64
2026-06-21T02:36:04.388Z,26.69
2026-06-21T02:41:02.769Z,26.64
2026-06-21T02:46:02.642Z,26.67
2026-06-21T02:51:02.78Z,26.69
2026-06-21T02:56:03.28Z,26.69
2026-06-21T03:01:02.979Z,26.78
2026-06-21T03:06:03.233Z,26.84
2026-06-21T03:11:02.6Z,26.81
2026-06-21T03:16:05.315Z,26.69
2026-06-21T03:21:04.98Z,26.61
2026-06-21T03:26:02.506Z,26.61
2026-06-21T03:31:03.767Z,26.44
2026-06-21T03:36:02.694Z,26.46
2026-06-21T03:41:02.468Z,26.46
2026-06-21T03:46:02.612Z,26.35
2026-06-21T03:51:03.139Z,26.29
2026-06-21T03:56:02.6Z,26.2
2026-06-21T04:01:02.644Z,26.24
2026-06-21T04:06:02.723Z,26.18
2026-06-21T04:11:04.346Z,26.18
2026-06-21T04:16:02.752Z,26.15
2026-06-21T04:21:02.907Z,25.95
2026-06-21T04:26:04.323Z,25.75
2026-06-21T04:31:03.207Z,25.55
2026-06-21T04:36:02.902Z,25.49
2026-06-21T04:41:02.95Z,25.37
2026-06-21T04:46:02.638Z,25.29
2026-06-21T04:51:04.396Z,25.32
2026-06-21T04:56:02.987Z,25.34
2026-06-21T05:01:02.713Z,25.52
2026-06-21T05:06:02.482Z,25.63
2026-06-21T05:11:02.705Z,25.69
2026-06-21T05:16:02.678Z,25.8
2026-06-21T05:21:02.506Z,25.8
2026-06-21T05:26:02.872Z,25.89
2026-06-21T05:31:02.471Z,25.86
2026-06-21T05:36:05.059Z,25.89
2026-06-21T05:41:02.836Z,25.89
2026-06-21T05:46:02.802Z,26.01
2026-06-21T05:51:03.117Z,26.01
2026-06-21T05:56:03.084Z,26.18
2026-06-21T06:01:42.44Z,26.29
2026-06-21T06:06:03.259Z,26.41
2026-06-21T06:11:02.838Z,26.52
2026-06-21T06:16:04.866Z,26.58
2026-06-21T06:21:02.618Z,26.69
2026-06-21T06:26:02.482Z,26.73
2026-06-21T06:31:02.485Z,26.78
2026-06-21T06:36:02.382Z,26.92
2026-06-21T06:41:02.88Z,26.95
2026-06-21T06:46:03.02Z,27.13
2026-06-21T06:51:02.662Z,27.22
2026-06-21T06:56:02.643Z,27.41
2026-06-21T07:01:02.481Z,27.67
2026-06-21T07:06:03.186Z,27.76
2026-06-21T07:11:02.853Z,28.05
2026-06-21T07:16:04.095Z,28.02
2026-06-21T07:21:02.499Z,28.16
2026-06-21T07:26:02.777Z,28.19
2026-06-21T07:31:03.155Z,28.39
2026-06-21T07:36:03.128Z,28.48
2026-06-21T07:41:07.685Z,28.74
2026-06-21T07:46:02.355Z,29.08
2026-06-21T07:51:02.341Z,29.23
2026-06-21T07:56:02.932Z,29.4
2026-06-21T08:01:02.618Z,29.69
2026-06-21T08:06:03.422Z,29.8
2026-06-21T08:11:02.269Z,30.09
2026-06-21T08:16:02.517Z,30.35
2026-06-21T08:21:02.592Z,30.64
2026-06-21T08:26:03.683Z,31.01
2026-06-21T08:31:04.528Z,31.07
2026-06-21T08:36:07.851Z,31.39
2026-06-21T08:41:04.971Z,31.59
2026-06-21T08:46:02.667Z,31.53
2026-06-21T08:51:03.779Z,32.11
2026-06-21T08:56:04.019Z,32.31
2026-06-21T09:01:03.725Z,32.48
2026-06-21T09:06:03.119Z,33.0
2026-06-21T09:11:02.497Z,33.31
2026-06-21T09:16:03.839Z,33.69
2026-06-21T09:21:03.696Z,33.75
2026-06-21T09:26:02.419Z,33.86
2026-06-21T09:31:02.78Z,33.83
2026-06-21T09:36:03.868Z,33.92
2026-06-21T09:41:03.927Z,34.03
2026-06-21T09:46:02.415Z,33.98
2026-06-21T09:51:02.647Z,34.06
2026-06-21T09:56:03.303Z,34.24
2026-06-21T10:01:05.775Z,34.67
2026-06-21T10:06:10.583Z,34.75
2026-06-21T10:11:10.726Z,34.87
2026-06-21T10:16:12.741Z,35.07
2026-06-21T10:21:13.883Z,35.27
2026-06-21T10:26:15.398Z,35.22
2026-06-21T10:31:14.871Z,35.19
2026-06-21T10:36:15.831Z,35.13
2026-06-21T10:41:16.869Z,34.9
2026-06-21T10:46:14.4Z,35.13
2026-06-21T10:51:02.87Z,34.98
2026-06-21T10:56:02.802Z,34.98
2026-06-21T11:01:03.555Z,35.04
2026-06-21T11:06:03.299Z,34.93
2026-06-21T11:11:03.325Z,34.93
2026-06-21T11:16:02.727Z,34.96
2026-06-21T11:21:06.819Z,35.24
2026-06-21T11:26:03.003Z,35.19
2026-06-21T11:31:03.029Z,35.01
2026-06-21T11:36:02.674Z,35.04
2026-06-21T11:41:02.493Z,34.9
2026-06-21T11:46:02.454Z,34.93
2026-06-21T11:51:02.666Z,34.93
2026-06-21T11:56:02.902Z,34.98
2026-06-21T12:01:02.773Z,34.75
2026-06-21T12:06:02.508Z,34.93
2026-06-21T12:11:03.317Z,35.01
2026-06-21T12:16:03.065Z,35.1
2026-06-21T12:21:02.391Z,35.01
2026-06-21T12:26:02.753Z,35.16
2026-06-21T12:31:03.036Z,35.3
2026-06-21T12:36:02.776Z,35.45
2026-06-21T12:41:03.305Z,35.36
2026-06-21T12:46:02.935Z,35.24
2026-06-21T12:51:02.61Z,35.3
2026-06-21T12:56:03.623Z,35.47
2026-06-21T13:01:02.518Z,35.82
2026-06-21T13:06:02.704Z,35.85
2026-06-21T13:11:02.732Z,35.59
2026-06-21T13:16:03.411Z,35.36
2026-06-21T13:21:03.022Z,34.98
2026-06-21T13:26:02.688Z,34.98
2026-06-21T13:31:04.454Z,35.04
2026-06-21T13:36:03.227Z,35.27
2026-06-21T13:41:03.895Z,35.59
2026-06-21T13:46:02.703Z,35.5
2026-06-21T13:51:03.503Z,35.56
2026-06-21T13:56:02.572Z,35.59
2026-06-21T14:01:03.399Z,35.42
2026-06-21T14:06:02.642Z,35.24
2026-06-21T14:11:03.154Z,35.22
2026-06-21T14:16:02.725Z,35.07
2026-06-21T14:21:02.698Z,35.16
2026-06-21T14:26:02.568Z,35.22
2026-06-21T14:31:02.647Z,35.39
2026-06-21T14:36:02.991Z,35.39
2026-06-21T14:41:02.604Z,35.65
2026-06-21T14:46:02.671Z,35.62
2026-06-21T14:51:02.397Z,35.7
2026-06-21T14:56:02.797Z,35.59
2026-06-21T15:01:02.716Z,35.59
2026-06-21T15:06:02.683Z,35.27
2026-06-21T15:11:02.344Z,35.33
2026-06-21T15:16:02.707Z,35.13
2026-06-21T15:21:02.823Z,34.93
2026-06-21T15:26:04.416Z,35.01
2026-06-21T15:31:02.538Z,35.07
2026-06-21T15:36:05.723Z,35.07
2026-06-21T15:41:03.784Z,35.22
2026-06-21T15:46:04.503Z,35.3
2026-06-21T15:51:02.526Z,35.42
2026-06-21T15:56:02.843Z,35.16
2026-06-21T16:01:03.523Z,35.04
2026-06-21T16:06:03.766Z,35.04
2026-06-21T16:11:03.177Z,35.04
2026-06-21T16:16:02.825Z,35.19
2026-06-21T16:21:03.488Z,35.24
2026-06-21T16:26:04.553Z,35.36
2026-06-21T16:31:02.611Z,35.04
2026-06-21T16:36:02.358Z,34.96
2026-06-21T16:41:02.444Z,34.9
2026-06-21T16:46:02.963Z,34.75
2026-06-21T16:51:02.742Z,34.84
2026-06-21T16:56:02.387Z,34.73
2026-06-21T17:01:02.448Z,34.81
2026-06-21T17:06:02.835Z,34.47
2026-06-21T17:11:02.64Z,34.5
2026-06-21T17:16:02.571Z,34.47
2026-06-21T17:21:02.618Z,34.24
2026-06-21T17:26:02.764Z,34.32
2026-06-21T17:31:05.199Z,34.21
2026-06-21T17:36:03.647Z,33.95
2026-06-21T17:41:03.71Z,33.86
2026-06-21T17:46:05.09Z,33.69
2026-06-21T17:51:02.425Z,33.78
2026-06-21T17:56:03.193Z,33.72
2026-06-21T18:01:02.496Z,33.54
2026-06-21T18:06:02.473Z,33.46
2026-06-21T18:11:02.682Z,33.43
2026-06-21T18:16:04.854Z,33.23
2026-06-21T18:21:02.662Z,33.08
2026-06-21T18:26:02.817Z,32.77
2026-06-21T18:31:02.584Z,32.77
2026-06-21T18:36:02.765Z,32.62
2026-06-21T18:41:02.73Z,32.45
2026-06-21T18:46:04.522Z,32.34
2026-06-21T18:51:02.794Z,32.19
2026-06-21T18:56:02.991Z,32.13
2026-06-21T19:01:02.653Z,31.94
2026-06-21T19:06:03.984Z,31.85
2026-06-21T19:11:03.164Z,31.71
2026-06-21T19:16:06.102Z,31.62
2026-06-21T19:21:02.862Z,31.45
2026-06-21T19:26:02.389Z,31.3
2026-06-21T19:31:03.676Z,31.27
2026-06-21T19:36:03.483Z,31.13
2026-06-21T19:41:02.533Z,30.96
2026-06-21T19:46:02.478Z,30.9
2026-06-21T19:51:02.855Z,30.75
2026-06-21T19:56:02.631Z,30.67
2026-06-21T20:01:03.109Z,30.55
2026-06-21T20:06:02.582Z,30.38
2026-06-21T20:11:02.304Z,30.32
2026-06-21T20:16:02.728Z,30.21
2026-06-21T20:21:04.691Z,30.12
2026-06-21T20:26:02.525Z,30.04
2026-06-21T20:31:02.706Z,29.89
2026-06-21T20:36:02.648Z,29.8
2026-06-21T20:41:03.143Z,29.66
2026-06-21T20:46:02.349Z,29.46
2026-06-21T20:51:03.975Z,29.26
2026-06-21T20:56:02.455Z,28.91
2026-06-21T21:01:03.085Z,28.74
2026-06-21T21:06:05.12Z,28.6
2026-06-21T21:11:02.398Z,28.39
2026-06-21T21:16:02.61Z,28.31
2026-06-21T21:21:02.829Z,28.36
2026-06-21T21:26:04.062Z,28.25
2026-06-21T21:31:02.563Z,28.19
2026-06-21T21:36:02.662Z,27.93
2026-06-21T21:41:02.467Z,27.87
2026-06-21T21:46:02.661Z,27.85
2026-06-21T21:51:02.447Z,27.64
2026-06-21T21:56:02.717Z,27.5
2026-06-21T22:01:02.659Z,27.33
2026-06-21T22:06:02.454Z,27.22
2026-06-21T22:11:03.238Z,27.1
2026-06-21T22:16:02.751Z,26.9
2026-06-21T22:21:02.912Z,26.76
2026-06-21T22:26:02.632Z,26.64
2026-06-21T22:31:02.536Z,26.46
2026-06-21T22:36:03.026Z,26.41
2026-06-21T22:41:03.219Z,26.35
2026-06-21T22:46:02.716Z,26.24
2026-06-21T22:51:05.244Z,26.18
2026-06-21T22:56:02.398Z,26.15
2026-06-21T23:01:03.57Z,26.06
2026-06-21T23:06:02.474Z,26.2
2026-06-21T23:11:02.693Z,26.27
2026-06-21T23:16:02.584Z,26.32
2026-06-21T23:21:02.595Z,26.44
2026-06-21T23:26:02.676Z,26.46
2026-06-21T23:31:02.929Z,26.64
2026-06-21T23:36:02.659Z,26.61
2026-06-21T23:41:02.732Z,26.76
2026-06-21T23:46:02.511Z,26.67
2026-06-21T23:51:02.861Z,26.64
2026-06-21T23:56:02.663Z,26.5
2026-06-22T00:01:02.577Z,26.64
2026-06-22T00:06:02.784Z,26.9
2026-06-22T00:11:02.569Z,27.13
2026-06-22T00:16:04.51Z,27.22
2026-06-22T00:21:02.389Z,27.33
2026-06-22T00:26:02.669Z,27.22
2026-06-22T00:31:06.144Z,27.16
2026-06-22T00:36:02.634Z,26.84
2026-06-22T00:41:05.011Z,26.87
2026-06-22T00:46:02.887Z,26.9
2026-06-22T00:51:04.194Z,26.84
2026-06-22T00:56:02.597Z,26.87
2026-06-22T01:01:02.613Z,26.81
2026-06-22T01:06:02.393Z,26.78
2026-06-22T01:11:02.543Z,26.78
2026-06-22T01:16:02.501Z,26.78
2026-06-22T01:21:04.539Z,26.64
2026-06-22T01:26:02.475Z,26.61
2026-06-22T01:31:02.697Z,26.46
2026-06-22T01:36:02.69Z,26.27
2026-06-22T01:41:02.784Z,26.12
2026-06-22T01:46:02.661Z,25.97
2026-06-22T01:51:02.283Z,25.83
2026-06-22T01:56:02.563Z,25.72
2026-06-22T02:01:03.434Z,25.6
2026-06-22T02:06:02.744Z,25.57
2026-06-22T02:11:03Z,25.46
2026-06-22T02:16:02.544Z,25.34
2026-06-22T02:21:02.787Z,25.37
2026-06-22T02:26:03.08Z,25.23
2026-06-22T02:31:02.738Z,25.2
2026-06-22T02:36:02.425Z,25.17
2026-06-22T02:41:02.668Z,25.14
2026-06-22T02:46:03.48Z,25.09
2026-06-22T02:51:04.344Z,24.94
2026-06-22T02:56:02.691Z,24.85
2026-06-22T03:01:02.357Z,24.85
2026-06-22T03:06:02.719Z,24.88
2026-06-22T03:11:02.797Z,24.77
2026-06-22T03:16:02.624Z,24.8
2026-06-22T03:21:04.601Z,24.77
2026-06-22T03:26:02.761Z,24.57
2026-06-22T03:31:02.6Z,24.51
2026-06-22T03:36:02.645Z,24.39
2026-06-22T03:41:02.512Z,24.39
2026-06-22T03:46:02.61Z,24.45
2026-06-22T03:51:02.403Z,24.68
2026-06-22T03:56:02.42Z,24.54
2026-06-22T04:01:02.534Z,24.39
2026-06-22T04:06:03.054Z,24.22
2026-06-22T04:11:02.518Z,24.13
2026-06-22T04:16:02.687Z,23.96
2026-06-22T04:21:02.402Z,24.08
2026-06-22T04:26:02.69Z,24.31
2026-06-22T04:31:02.513Z,24.45
2026-06-22T04:36:03.956Z,24.48
2026-06-22T04:41:02.729Z,24.51
2026-06-22T04:46:04.396Z,24.68
2026-06-22T04:51:02.9Z,24.91
2026-06-22T04:56:02.682Z,25.0
2026-06-22T05:01:02.621Z,25.0
2026-06-22T05:06:02.551Z,24.85
2026-06-22T05:11:02.842Z,24.8
2026-06-22T05:16:05.131Z,24.8
2026-06-22T05:21:02.53Z,24.71
2026-06-22T05:26:02.504Z,24.39
2026-06-22T05:31:02.669Z,24.57
2026-06-22T05:36:05.571Z,25.06
2026-06-22T05:41:02.751Z,25.46
2026-06-22T05:46:05.132Z,25.66
2026-06-22T05:51:03.833Z,25.63
2026-06-22T05:56:02.547Z,25.66
2026-06-22T06:01:02.815Z,25.83
2026-06-22T06:06:03.046Z,25.89
2026-06-22T06:11:02.866Z,26.04
2026-06-22T06:16:02.747Z,26.15
2026-06-22T06:21:02.85Z,26.41
2026-06-22T06:26:02.965Z,26.55
2026-06-22T06:31:02.628Z,26.81
2026-06-22T06:36:02.448Z,27.04
2026-06-22T06:41:02.74Z,27.27
2026-06-22T06:46:06.631Z,27.44
2026-06-22T06:51:02.404Z,27.64
2026-06-22T06:56:03.817Z,27.85
2026-06-22T07:01:04.46Z,28.05
2026-06-22T07:06:02.688Z,28.31
2026-06-22T07:11:05.596Z,28.45
2026-06-22T07:16:02.625Z,28.51
2026-06-22T07:21:02.359Z,28.77
2026-06-22T07:26:02.616Z,29.03
2026-06-22T07:31:02.59Z,29.29
2026-06-22T07:36:04.38Z,29.57
2026-06-22T07:41:02.725Z,29.63
2026-06-22T07:46:02.424Z,29.83
2026-06-22T07:51:02.834Z,30.06
2026-06-22T07:56:02.674Z,30.27
2026-06-22T08:01:03.813Z,30.55
2026-06-22T08:06:02.642Z,30.9
2026-06-22T08:11:04.637Z,31.1
2026-06-22T08:16:02.809Z,31.3
2026-06-22T08:21:03.233Z,31.71
2026-06-22T08:26:02.725Z,31.85
2026-06-22T08:31:03.006Z,32.17
2026-06-22T08:36:02.375Z,32.51
2026-06-22T08:41:02.889Z,32.62
2026-06-22T08:46:03.35Z,32.89
2026-06-22T08:51:03.018Z,33.52
2026-06-22T08:56:02.86Z,33.89
2026-06-22T09:01:02.736Z,34.01
2026-06-22T09:06:02.825Z,34.35
2026-06-22T09:11:02.821Z,34.61
2026-06-22T09:16:02.606Z,34.64
2026-06-22T09:21:04.36Z,34.7
2026-06-22T09:26:02.702Z,35.01
2026-06-22T09:31:03.666Z,34.96
2026-06-22T09:36:03.057Z,35.04
2026-06-22T09:41:02.785Z,35.13
2026-06-22T09:46:02.473Z,35.42
2026-06-22T09:51:02.747Z,35.5
2026-06-22T09:56:03.031Z,35.59
2026-06-22T10:01:03.87Z,35.88
2026-06-22T10:06:02.501Z,36.17
2026-06-22T10:11:02.389Z,35.82
2026-06-22T10:16:02.522Z,35.91
2026-06-22T10:21:02.877Z,36.28
2026-06-22T10:26:02.839Z,36.48
2026-06-22T10:31:02.735Z,36.54
2026-06-22T10:36:04.303Z,36.74
2026-06-22T10:41:02.526Z,36.89
2026-06-22T10:46:02.655Z,36.77
2026-06-22T10:51:02.68Z,36.8
2026-06-22T10:56:02.715Z,37.12
2026-06-22T11:01:02.727Z,36.83
2026-06-22T11:06:02.741Z,36.97
2026-06-22T11:11:02.863Z,36.8
2026-06-22T11:16:05.377Z,36.83
2026-06-22T11:21:02.924Z,36.74
2026-06-22T11:26:02.568Z,37.0
2026-06-22T11:31:02.628Z,37.38
2026-06-22T11:36:04.356Z,37.63
2026-06-22T11:41:02.598Z,37.58
2026-06-22T11:46:02.571Z,37.58
2026-06-22T11:51:02.595Z,37.4
2026-06-22T11:56:02.788Z,37.43
2026-06-22T12:01:03.448Z,37.46
2026-06-22T12:06:02.559Z,37.46
2026-06-22T12:11:03.04Z,37.29
2026-06-22T12:16:03.628Z,37.4
2026-06-22T12:21:03.381Z,37.66
2026-06-22T12:26:02.853Z,37.58
2026-06-22T12:31:04.297Z,37.66
2026-06-22T12:36:03.366Z,37.46
2026-06-22T12:41:04.801Z,37.4
2026-06-22T12:46:02.887Z,37.15
2026-06-22T12:51:05.12Z,37.46
2026-06-22T12:56:02.899Z,37.63
2026-06-22T13:01:02.771Z,37.46
2026-06-22T13:06:05.827Z,37.4
2026-06-22T13:11:04.406Z,37.86
2026-06-22T13:16:02.722Z,37.98
2026-06-22T13:21:05.345Z,38.01
2026-06-22T13:26:02.742Z,37.98
2026-06-22T13:31:04.782Z,37.92
2026-06-22T13:36:03.21Z,37.95
2026-06-22T13:41:02.714Z,37.84
2026-06-22T13:46:02.874Z,37.66
2026-06-22T13:51:04.958Z,37.86
2026-06-22T13:56:02.569Z,37.8
2026-06-22T14:01:02.691Z,37.69
2026-06-22T14:06:02.649Z,37.89
2026-06-22T14:11:02.769Z,37.66
2026-06-22T14:16:04.45Z,37.75
2026-06-22T14:21:02.726Z,37.69
2026-06-22T14:26:02.701Z,37.8
2026-06-22T14:31:02.732Z,37.63
2026-06-22T14:36:03.334Z,37.77
2026-06-22T14:41:02.565Z,37.92
2026-06-22T14:46:02.879Z,38.1
2026-06-22T14:51:02.788Z,38.03
2026-06-22T14:56:03.261Z,37.95
2026-06-22T15:01:03.267Z,37.86
2026-06-22T15:06:02.581Z,37.49
2026-06-22T15:11:06.123Z,37.4
2026-06-22T15:16:02.507Z,37.38
2026-06-22T15:21:02.832Z,37.4
2026-06-22T15:26:04.209Z,37.77
2026-06-22T15:31:02.981Z,37.49
2026-06-22T15:36:02.573Z,37.46
2026-06-22T15:41:02.702Z,37.58
2026-06-22T15:46:02.746Z,37.29
2026-06-22T15:51:02.906Z,37.2
2026-06-22T15:56:04.721Z,36.97
2026-06-22T16:01:04.607Z,37.17
2026-06-22T16:06:05.333Z,37.26
2026-06-22T16:11:09.246Z,37.26
2026-06-22T16:16:09.411Z,37.09
2026-06-22T16:21:08.533Z,36.89
2026-06-22T16:26:10.225Z,36.74
2026-06-22T16:31:09.158Z,36.97
2026-06-22T16:36:11.035Z,36.89
2026-06-22T16:41:12.467Z,37.05
2026-06-22T16:46:15.695Z,37.0
2026-06-22T16:51:16.073Z,36.91
2026-06-22T16:56:18.087Z,36.97
2026-06-22T17:01:23.36Z,36.77
2026-06-22T17:06:20.261Z,36.63
2026-06-22T17:11:20.169Z,36.54
2026-06-22T17:16:20.653Z,36.28
2026-06-22T17:21:21.962Z,36.05
2026-06-22T17:26:02.614Z,35.73
2026-06-22T17:31:02.858Z,35.53
2026-06-22T17:36:02.615Z,35.24
2026-06-22T17:41:02.519Z,34.81
2026-06-22T17:46:05.294Z,34.44
2026-06-22T17:51:02.81Z,34.21
2026-06-22T17:56:04.64Z,33.98
2026-06-22T18:01:04.085Z,33.86
2026-06-22T18:06:05.658Z,33.69
2026-06-22T18:11:03.194Z,33.63
2026-06-22T18:16:02.751Z,33.43
2026-06-22T18:21:02.677Z,33.4
2026-06-22T18:26:02.382Z,33.31
2026-06-22T18:31:02.653Z,33.26
2026-06-22T18:36:05.823Z,33.17
2026-06-22T18:41:02.852Z,33.08
2026-06-22T18:46:03.469Z,33.03
2026-06-22T18:51:02.844Z,32.85
2026-06-22T18:56:02.55Z,32.74
2026-06-22T19:01:02.692Z,32.54
2026-06-22T19:06:02.373Z,32.43
2026-06-22T19:11:02.678Z,32.28
2026-06-22T19:16:02.385Z,32.11
2026-06-22T19:21:03.326Z,31.99
2026-06-22T19:26:06.865Z,31.79
2026-06-22T19:31:02.663Z,31.64
2026-06-22T19:36:02.427Z,31.45
2026-06-22T19:41:02.827Z,31.3
2026-06-22T19:46:03.536Z,31.07
2026-06-22T19:51:02.822Z,31.01
2026-06-22T19:56:02.699Z,30.84
2026-06-22T20:01:02.453Z,30.61
2026-06-22T20:06:02.674Z,30.29
2026-06-22T20:11:02.495Z,30.18
2026-06-22T20:16:02.746Z,30.06
2026-06-22T20:21:02.879Z,29.95
2026-06-22T20:26:02.441Z,29.86
2026-06-22T20:31:02.725Z,29.72
2026-06-22T20:36:02.555Z,29.52
2026-06-22T20:41:04.429Z,29.4
2026-06-22T20:46:03.314Z,29.17
2026-06-22T20:51:03.285Z,29.0
2026-06-22T20:56:02.96Z,28.83
2026-06-22T21:01:02.72Z,28.77
2026-06-22T21:06:03.855Z,28.54
2026-06-22T21:11:02.534Z,28.42
2026-06-22T21:16:02.771Z,28.28
2026-06-22T21:21:02.503Z,28.13
2026-06-22T21:26:02.828Z,28.08
2026-06-22T21:31:03.14Z,27.97
2026-06-22T21:36:02.936Z,27.93
2026-06-22T21:41:02.539Z,27.82
2026-06-22T21:46:02.724Z,27.76
2026-06-22T21:51:03.983Z,27.73
2026-06-22T21:56:06.426Z,27.62
2026-06-22T22:01:02.656Z,27.44
2026-06-22T22:06:02.357Z,27.33
2026-06-22T22:11:02.574Z,27.16
2026-06-22T22:16:02.665Z,27.04
2026-06-22T22:21:02.556Z,26.92
2026-06-22T22:26:02.568Z,26.78
2026-06-22T22:31:05.883Z,26.64
2026-06-22T22:36:02.622Z,26.5
2026-06-22T22:41:02.987Z,26.24
2026-06-22T22:46:02.645Z,26.06
2026-06-22T22:51:02.385Z,25.95
2026-06-22T22:56:02.572Z,25.86
2026-06-22T23:01:02.443Z,25.83
2026-06-22T23:06:03.55Z,25.66
2026-06-22T23:11:04.302Z,25.69
2026-06-22T23:16:02.886Z,25.69
2026-06-22T23:21:02.584Z,25.55
2026-06-22T23:26:02.811Z,25.6
2026-06-22T23:31:04.375Z,25.8
2026-06-22T23:36:03.689Z,26.18
2026-06-22T23:41:02.659Z,26.41
2026-06-22T23:46:02.73Z,26.58
2026-06-22T23:51:02.51Z,26.69
2026-06-22T23:56:02.73Z,26.76
2026-06-23T00:01:02.357Z,26.64
2026-06-23T00:06:02.686Z,26.61
2026-06-23T00:11:02.757Z,26.52
2026-06-23T00:16:02.619Z,26.46
2026-06-23T00:21:02.738Z,26.41
2026-06-23T00:26:02.612Z,26.29
2026-06-23T00:31:02.77Z,26.24
2026-06-23T00:36:02.602Z,26.18
2026-06-23T00:41:02.694Z,26.2
2026-06-23T00:46:02.391Z,26.24
2026-06-23T00:51:04.537Z,26.32
2026-06-23T00:56:02.456Z,26.29
2026-06-23T01:01:04.635Z,26.24
2026-06-23T01:06:02.693Z,26.29
2026-06-23T01:11:04.423Z,26.12
2026-06-23T01:16:03.015Z,25.97
2026-06-23T01:21:02.686Z,25.72
2026-06-23T01:26:02.557Z,25.6
2026-06-23T01:31:02.729Z,25.55
2026-06-23T01:36:03.752Z,25.52
2026-06-23T01:41:02.608Z,25.55
2026-06-23T01:46:03.587Z,25.55
2026-06-23T01:51:03.087Z,25.4
2026-06-23T01:56:02.671Z,25.43
2026-06-23T02:01:02.676Z,25.37
2026-06-23T02:06:02.377Z,25.34
2026-06-23T02:11:02.803Z,25.23
2026-06-23T02:16:03.496Z,25.26
2026-06-23T02:21:02.617Z,25.09
2026-06-23T02:26:02.686Z,25.09
2026-06-23T02:31:03.309Z,25.11
2026-06-23T02:36:02.36Z,25.17
2026-06-23T02:41:02.741Z,25.23
2026-06-23T02:46:02.701Z,25.29
2026-06-23T02:51:02.845Z,25.49
2026-06-23T02:56:02.394Z,25.52
2026-06-23T03:01:02.672Z,25.49
2026-06-23T03:06:02.328Z,25.6
2026-06-23T03:11:03.334Z,25.49
2026-06-23T03:16:03.399Z,25.46
2026-06-23T03:21:02.645Z,25.55
2026-06-23T03:26:02.415Z,25.43
2026-06-23T03:31:02.71Z,25.17
2026-06-23T03:36:06.023Z,25.09
2026-06-23T03:41:04.501Z,24.97
2026-06-23T03:46:02.812Z,25.0
2026-06-23T03:51:03.113Z,24.97
2026-06-23T03:56:03.258Z,24.97
2026-06-23T04:01:02.68Z,24.91
2026-06-23T04:06:02.372Z,24.8
2026-06-23T04:11:02.937Z,24.77
2026-06-23T04:16:02.359Z,24.51
2026-06-23T04:21:02.611Z,24.48
2026-06-23T04:26:02.543Z,24.48
2026-06-23T04:31:03.13Z,24.54
2026-06-23T04:36:02.545Z,24.45
2026-06-23T04:41:02.758Z,24.42
2026-06-23T04:46:02.557Z,24.42
2026-06-23T04:51:02.868Z,24.54
2026-06-23T04:56:02.505Z,24.62
2026-06-23T05:01:02.863Z,24.57
2026-06-23T05:06:04.41Z,24.54
2026-06-23T05:11:04.534Z,24.42
2026-06-23T05:16:02.557Z,24.19
2026-06-23T05:21:02.324Z,24.11
2026-06-23T05:26:02.741Z,24.11
2026-06-23T05:31:03.527Z,24.08
2026-06-23T05:36:02.58Z,24.08
2026-06-23T05:41:02.733Z,24.19
2026-06-23T05:46:02.567Z,24.37
2026-06-23T05:51:02.538Z,24.57
2026-06-23T05:56:02.661Z,24.83
2026-06-23T06:01:05.982Z,25.09
2026-06-23T06:06:02.63Z,25.4
2026-06-23T06:11:03.304Z,25.66
2026-06-23T06:16:02.616Z,25.86
2026-06-23T06:21:02.791Z,25.92
2026-06-23T06:26:02.616Z,26.06
2026-06-23T06:31:02.415Z,26.15
2026-06-23T06:36:02.897Z,26.32
2026-06-23T06:41:02.679Z,26.55
2026-06-23T06:46:02.315Z,26.69
2026-06-23T06:51:02.606Z,26.95
2026-06-23T06:56:05.045Z,27.24
2026-06-23T07:01:06.738Z,27.56
2026-06-23T07:06:02.747Z,27.82
2026-06-23T07:11:10.58Z,28.13
2026-06-23T07:16:02.543Z,28.39
2026-06-23T07:21:02.494Z,28.68
2026-06-23T07:26:02.698Z,28.91
2026-06-23T07:31:02.646Z,29.26
2026-06-23T07:36:03.15Z,29.55
2026-06-23T07:41:02.585Z,29.92
2026-06-23T07:46:02.839Z,30.41
2026-06-23T07:51:02.703Z,30.64
2026-06-23T07:56:03.852Z,30.93
2026-06-23T08:01:03.811Z,31.13
2026-06-23T08:06:04.306Z,31.24
2026-06-23T08:11:02.582Z,31.45
2026-06-23T08:16:02.618Z,31.68
2026-06-23T08:21:02.552Z,31.82
2026-06-23T08:26:03.567Z,32.17
2026-06-23T08:31:03.255Z,32.51
2026-06-23T08:36:02.765Z,32.77
2026-06-23T08:41:03.598Z,33.11
2026-06-23T08:46:02.642Z,33.29
2026-06-23T08:51:02.437Z,33.49
2026-06-23T08:56:02.841Z,33.57
2026-06-23T09:01:02.64Z,33.83
2026-06-23T09:06:02.993Z,34.06
2026-06-23T09:11:02.539Z,34.32
2026-06-23T09:16:02.916Z,34.61
2026-06-23T09:21:02.633Z,34.73
2026-06-23T09:26:04.4Z,35.01
2026-06-23T09:31:02.751Z,34.93
2026-06-23T09:36:02.414Z,34.96
2026-06-23T09:41:02.449Z,35.19
2026-06-23T09:46:04.284Z,35.19
2026-06-23T09:51:04.339Z,35.3
2026-06-23T09:56:02.823Z,35.53
2026-06-23T10:01:02.825Z,35.68
2026-06-23T10:06:04.223Z,35.76
2026-06-23T10:11:02.89Z,35.56
2026-06-23T10:16:02.426Z,35.79
2026-06-23T10:21:03.283Z,36.11
2026-06-23T10:26:02.728Z,36.05
2026-06-23T10:31:02.578Z,36.11
2026-06-23T10:36:03.832Z,36.31
2026-06-23T10:41:02.795Z,36.22
2026-06-23T10:46:02.54Z,36.37
2026-06-23T10:51:02.73Z,36.42
2026-06-23T10:56:02.632Z,36.57
2026-06-23T11:01:02.51Z,36.8
2026-06-23T11:06:03.834Z,36.97
2026-06-23T11:11:02.713Z,37.29
2026-06-23T11:16:02.383Z,37.49
2026-06-23T11:21:02.691Z,37.63
2026-06-23T11:26:05.269Z,37.54
2026-06-23T11:31:03.191Z,37.58
2026-06-23T11:36:02.392Z,37.72
2026-06-23T11:41:02.815Z,37.95
2026-06-23T11:46:02.57Z,38.29
2026-06-23T11:51:02.597Z,38.38
2026-06-23T11:56:03.266Z,38.52
2026-06-23T12:01:03.236Z,38.67
2026-06-23T12:06:03.092Z,38.56
2026-06-23T12:11:02.799Z,38.38
2026-06-23T12:16:02.849Z,38.56
2026-06-23T12:21:02.605Z,38.49
2026-06-23T12:26:03.209Z,38.41
2026-06-23T12:31:02.436Z,38.21
2026-06-23T12:36:02.667Z,38.33
2026-06-23T12:41:02.612Z,38.35
2026-06-23T12:46:02.631Z,38.24
2026-06-23T12:51:05.521Z,38.29
2026-06-23T12:56:03.306Z,38.38
2026-06-23T13:01:02.784Z,38.47
2026-06-23T13:06:04.852Z,38.33
2026-06-23T13:11:02.465Z,38.15
2026-06-23T13:16:02.71Z,38.1
2026-06-23T13:21:03.004Z,38.24
2026-06-23T13:26:02.807Z,38.47
2026-06-23T13:31:02.559Z,38.21
2026-06-23T13:36:02.661Z,38.26
2026-06-23T13:41:02.556Z,38.07
2026-06-23T13:46:02.976Z,37.95
2026-06-23T13:51:04.204Z,38.03
2026-06-23T13:56:03.124Z,37.98
2026-06-23T14:01:03.928Z,37.95
2026-06-23T14:06:02.988Z,38.12
2026-06-23T14:11:02.982Z,37.95
2026-06-23T14:16:02.673Z,37.77
2026-06-23T14:21:02.346Z,37.72
2026-06-23T14:26:05.349Z,37.84
2026-06-23T14:31:02.796Z,37.77
2026-06-23T14:36:03.788Z,37.89
2026-06-23T14:41:02.538Z,37.8
2026-06-23T14:46:03.897Z,37.75
2026-06-23T14:51:02.777Z,37.92
2026-06-23T14:56:02.708Z,37.98
2026-06-23T15:01:02.575Z,38.12
2026-06-23T15:06:02.706Z,38.21
2026-06-23T15:11:02.549Z,37.8
2026-06-23T15:16:03.235Z,37.31
2026-06-23T15:21:02.8Z,37.05
2026-06-23T15:26:02.48Z,37.03
2026-06-23T15:31:02.719Z,37.12
2026-06-23T15:36:02.656Z,37.35
2026-06-23T15:41:03.062Z,37.12
2026-06-23T15:46:02.831Z,36.97
2026-06-23T15:51:04.786Z,36.6
2026-06-23T15:56:02.572Z,36.45
2026-06-23T16:01:03.467Z,36.31
2026-06-23T16:06:03.719Z,36.28
2026-06-23T16:11:02.612Z,36.31
2026-06-23T16:16:02.417Z,36.22
2026-06-23T16:21:02.904Z,36.17
2026-06-23T16:26:02.793Z,35.96
2026-06-23T16:31:03.147Z,36.05
2026-06-23T16:36:02.75Z,35.96
2026-06-23T16:41:02.429Z,35.91
2026-06-23T16:46:02.702Z,36.02
2026-06-23T16:51:02.636Z,36.08
2026-06-23T16:56:02.696Z,35.85
2026-06-23T17:01:02.616Z,35.73
2026-06-23T17:06:02.513Z,35.59
2026-06-23T17:11:02.333Z,35.53
2026-06-23T17:16:02.724Z,35.39
2026-06-23T17:21:04.177Z,35.3
2026-06-23T17:26:02.645Z,35.22
2026-06-23T17:31:02.605Z,35.39
2026-06-23T17:36:03.224Z,35.39
2026-06-23T17:41:02.937Z,35.22
2026-06-23T17:46:02.296Z,34.96
2026-06-23T17:51:03.795Z,34.84
2026-06-23T17:56:02.834Z,34.84
2026-06-23T18:01:04.236Z,34.61
2026-06-23T18:06:02.725Z,34.41
2026-06-23T18:11:04.27Z,34.12
2026-06-23T18:16:02.599Z,33.95
2026-06-23T18:21:02.47Z,33.69
2026-06-23T18:26:02.848Z,33.57
2026-06-23T18:31:02.689Z,33.37
2026-06-23T18:36:02.518Z,33.31
2026-06-23T18:41:02.966Z,33.29
2026-06-23T18:46:02.98Z,33.2
2026-06-23T18:51:02.487Z,33.08
2026-06-23T18:56:03.767Z,32.82
2026-06-23T19:01:02.88Z,32.71
2026-06-23T19:06:02.877Z,32.51
2026-06-23T19:11:04.133Z,32.4
2026-06-23T19:16:02.431Z,32.17
2026-06-23T19:21:02.549Z,31.96
2026-06-23T19:26:02.422Z,31.82
2026-06-23T19:31:02.692Z,31.68
2026-06-23T19:36:04.195Z,31.5
2026-06-23T19:41:02.414Z,31.42
2026-06-23T19:46:04.193Z,31.33
2026-06-23T19:51:03.773Z,31.13
2026-06-23T19:56:04.479Z,30.93
2026-06-23T20:01:02.767Z,30.81
2026-06-23T20:06:02.869Z,30.64
2026-06-23T20:11:03.015Z,30.52
2026-06-23T20:16:02.666Z,30.5
2026-06-23T20:21:04.807Z,30.35
2026-06-23T20:26:02.794Z,30.15
2026-06-23T20:31:02.61Z,30.06
2026-06-23T20:36:03.807Z,29.86
2026-06-23T20:41:02.637Z,29.66
2026-06-23T20:46:02.572Z,29.6
2026-06-23T20:51:02.737Z,29.32
2026-06-23T20:56:02.717Z,29.23
2026-06-23T21:01:02.414Z,29.11
2026-06-23T21:06:03.403Z,29.0
2026-06-23T21:11:02.386Z,28.8
2026-06-23T21:16:02.951Z,28.62
2026-06-23T21:21:02.704Z,28.54
2026-06-23T21:26:02.799Z,28.54
2026-06-23T21:31:03.057Z,28.48
2026-06-23T21:36:02.744Z,28.36
2026-06-23T21:41:02.546Z,28.16
2026-06-23T21:46:02.816Z,28.02
2026-06-23T21:51:03.133Z,27.79
2026-06-23T21:56:04.097Z,27.62
2026-06-23T22:01:02.88Z,27.44
2026-06-23T22:06:02.908Z,27.22
2026-06-23T22:11:02.566Z,26.9
2026-06-23T22:16:02.553Z,26.69
2026-06-23T22:21:05.37Z,26.52
2026-06-23T22:26:02.559Z,26.44
2026-06-23T22:31:02.773Z,26.5
2026-06-23T22:36:02.456Z,26.5
2026-06-23T22:41:02.703Z,26.44
2026-06-23T22:46:02.617Z,26.5
2026-06-23T22:51:03.206Z,26.32
2026-06-23T22:56:02.594Z,26.38
2026-06-23T23:01:02.374Z,26.29
2026-06-23T23:06:02.788Z,26.27
2026-06-23T23:11:03.473Z,26.38
2026-06-23T23:16:03.103Z,26.67
2026-06-23T23:21:02.504Z,26.67
2026-06-23T23:26:02.723Z,26.84
2026-06-23T23:31:02.824Z,26.87
2026-06-23T23:36:03.531Z,26.76
2026-06-23T23:41:03.636Z,26.67
2026-06-23T23:46:02.543Z,26.41
2026-06-23T23:51:02.474Z,26.41
2026-06-23T23:56:02.497Z,26.2
2026-06-24T00:01:05.727Z,26.15
2026-06-24T00:06:02.504Z,26.01
2026-06-24T00:11:03.872Z,25.86
2026-06-24T00:16:04.651Z,25.63
2026-06-24T00:21:02.74Z,25.46
2026-06-24T00:26:02.993Z,25.32
2026-06-24T00:31:02.439Z,25.17
2026-06-24T00:36:02.747Z,25.09
2026-06-24T00:41:02.325Z,24.91
2026-06-24T00:46:02.629Z,24.8
2026-06-24T00:51:02.415Z,24.74
2026-06-24T00:56:03.656Z,24.71
2026-06-24T01:01:02.333Z,24.62
2026-06-24T01:06:02.634Z,24.74
2026-06-24T01:11:02.304Z,24.71
2026-06-24T01:16:03.601Z,25.2
2026-06-24T01:21:02.589Z,25.52
2026-06-24T01:26:02.776Z,25.63
2026-06-24T01:31:02.301Z,25.4
2026-06-24T01:36:02.55Z,25.2
2026-06-24T01:41:02.972Z,25.06
2026-06-24T01:46:03.313Z,25.09
2026-06-24T01:51:02.872Z,25.2
2026-06-24T01:56:02.608Z,25.34
2026-06-24T02:01:02.411Z,25.26
2026-06-24T02:06:02.795Z,25.23
2026-06-24T02:11:02.478Z,25.14
2026-06-24T02:16:02.811Z,25.14
2026-06-24T02:21:04.358Z,25.17
2026-06-24T02:26:02.704Z,25.2
2026-06-24T02:31:02.558Z,25.2
2026-06-24T02:36:03.82Z,25.11
2026-06-24T02:41:04.965Z,25.03
2026-06-24T02:46:02.442Z,24.91
2026-06-24T02:51:03.092Z,24.85
2026-06-24T02:56:04.119Z,24.74
2026-06-24T03:01:02.64Z,24.62
2026-06-24T03:06:02.578Z,24.48
2026-06-24T03:11:02.755Z,24.28
2026-06-24T03:16:02.492Z,24.25
2026-06-24T03:21:03.414Z,24.11
2026-06-24T03:26:04.118Z,23.85
2026-06-24T03:31:02.405Z,23.62
2026-06-24T03:36:02.893Z,23.65
2026-06-24T03:41:03.134Z,23.7
2026-06-24T03:46:03.626Z,23.7
2026-06-24T03:51:03.417Z,23.53
2026-06-24T03:56:04.016Z,23.39
2026-06-24T04:01:04.507Z,23.24
2026-06-24T04:06:03.876Z,23.24
2026-06-24T04:11:02.354Z,23.21
2026-06-24T04:16:04.636Z,23.24
2026-06-24T04:21:03.012Z,23.33
2026-06-24T04:26:02.774Z,23.33
2026-06-24T04:31:02.511Z,23.36
2026-06-24T04:36:02.629Z,23.24
2026-06-24T04:41:02.529Z,23.18
2026-06-24T04:46:02.636Z,23.18
2026-06-24T04:51:04.521Z,23.3
2026-06-24T04:56:02.636Z,23.3
2026-06-24T05:01:02.531Z,23.36
2026-06-24T05:06:02.415Z,23.3
2026-06-24T05:11:02.71Z,23.21
2026-06-24T05:16:03.624Z,23.24
2026-06-24T05:21:02.347Z,23.3
2026-06-24T05:26:02.776Z,23.33
2026-06-24T05:31:02.966Z,23.27
2026-06-24T05:36:02.904Z,23.21
2026-06-24T05:41:02.821Z,23.27
2026-06-24T05:46:03.212Z,23.33
2026-06-24T05:51:02.662Z,23.53
2026-06-24T05:56:02.793Z,23.7
2026-06-24T06:01:02.788Z,23.85
2026-06-24T06:06:02.685Z,23.96
2026-06-24T06:11:02.598Z,24.25
2026-06-24T06:16:02.704Z,24.37
2026-06-24T06:21:03.531Z,24.48
2026-06-24T06:26:04.975Z,24.8
2026-06-24T06:31:03.006Z,25.11
2026-06-24T06:36:02.943Z,25.49
2026-06-24T06:41:02.75Z,25.75
2026-06-24T06:46:02.869Z,26.06
2026-06-24T06:51:02.493Z,26.46
2026-06-24T06:56:02.906Z,26.69
2026-06-24T07:01:03.009Z,26.87
2026-06-24T07:06:02.566Z,27.04
2026-06-24T07:11:02.631Z,27.27
2026-06-24T07:16:02.608Z,27.39
2026-06-24T07:21:02.842Z,27.62
2026-06-24T07:26:02.672Z,27.87
2026-06-24T07:31:02.413Z,28.13
2026-06-24T07:36:02.771Z,28.45
2026-06-24T07:41:02.892Z,28.65
2026-06-24T07:46:02.655Z,29.03
2026-06-24T07:51:03.081Z,29.37
2026-06-24T07:56:02.799Z,29.6
2026-06-24T08:01:02.717Z,29.95
2026-06-24T08:06:04.705Z,30.09
2026-06-24T08:11:05.134Z,30.35
2026-06-24T08:16:04.323Z,30.44
2026-06-24T08:21:02.417Z,30.7
2026-06-24T08:26:02.778Z,31.01
2026-06-24T08:31:03.708Z,31.42
2026-06-24T08:36:02.894Z,31.64
2026-06-24T08:41:05.138Z,31.85
2026-06-24T08:46:03.418Z,32.13
2026-06-24T08:51:04.066Z,32.36
2026-06-24T08:56:05.253Z,32.8
2026-06-24T09:01:02.369Z,33.03
2026-06-24T09:06:03.467Z,33.46
2026-06-24T09:11:02.599Z,33.66
2026-06-24T09:16:03.542Z,33.86
2026-06-24T09:21:02.407Z,33.98
2026-06-24T09:26:04.829Z,34.35
2026-06-24T09:31:03.24Z,34.75
2026-06-24T09:36:02.585Z,35.01
2026-06-24T09:41:02.544Z,35.1
2026-06-24T09:46:05.598Z,34.98
2026-06-24T09:51:02.539Z,35.16
2026-06-24T09:56:02.766Z,35.33
2026-06-24T10:01:04.459Z,35.3
2026-06-24T10:06:02.595Z,35.33
2026-06-24T10:11:03.602Z,35.42
2026-06-24T10:16:06.027Z,35.47
2026-06-24T10:21:02.364Z,35.59
2026-06-24T10:26:02.844Z,35.01
2026-06-24T10:31:03.627Z,35.33
2026-06-24T10:36:03.369Z,35.73
2026-06-24T10:41:05.372Z,35.85
2026-06-24T10:46:02.852Z,35.96
2026-06-24T10:51:05.23Z,35.94
2026-06-24T10:56:02.554Z,35.91
2026-06-24T11:01:03.295Z,36.11
2026-06-24T11:06:02.996Z,36.17
2026-06-24T11:11:02.695Z,36.54
2026-06-24T11:16:02.526Z,36.91
2026-06-24T11:21:03.975Z,37.17
2026-06-24T11:26:03.482Z,37.2
2026-06-24T11:31:02.348Z,37.23
2026-06-24T11:36:02.733Z,37.38
2026-06-24T11:41:02.689Z,37.26
2026-06-24T11:46:04.811Z,37.05
2026-06-24T11:51:03.665Z,36.97
2026-06-24T11:56:03.16Z,36.71
2026-06-24T12:01:02.693Z,36.45
2026-06-24T12:06:02.682Z,36.48
2026-06-24T12:11:02.373Z,36.51
2026-06-24T12:16:02.585Z,36.6
2026-06-24T12:21:02.708Z,36.68
2026-06-24T12:26:03.133Z,36.57
2026-06-24T12:31:02.341Z,36.4
2026-06-24T12:36:02.545Z,36.54
2026-06-24T12:41:02.622Z,36.74
2026-06-24T12:46:02.498Z,36.91
2026-06-24T12:51:02.708Z,37.09
2026-06-24T12:56:02.727Z,36.94
2026-06-24T13:01:05.018Z,36.6
2026-06-24T13:06:03.175Z,36.31
2026-06-24T13:11:02.388Z,36.45
2026-06-24T13:16:02.814Z,36.42
2026-06-24T13:21:02.708Z,36.42
2026-06-24T13:26:02.55Z,36.45
2026-06-24T13:31:02.917Z,36.28
2026-06-24T13:36:02.921Z,36.42
2026-06-24T13:41:02.671Z,36.4
2026-06-24T13:46:02.927Z,36.57
2026-06-24T13:51:03.697Z,36.37
2026-06-24T13:56:02.561Z,36.25
2026-06-24T14:01:02.769Z,36.31
2026-06-24T14:06:02.524Z,36.25
2026-06-24T14:11:02.863Z,36.57
2026-06-24T14:16:03.905Z,36.54
2026-06-24T14:21:02.593Z,36.34
2026-06-24T14:26:03.282Z,36.42
2026-06-24T14:31:03.127Z,36.34
2026-06-24T14:36:02.842Z,36.34
2026-06-24T14:41:02.488Z,36.57
2026-06-24T14:46:02.701Z,36.25
2026-06-24T14:51:02.886Z,36.51
2026-06-24T14:56:02.408Z,36.31
2026-06-24T15:01:02.649Z,35.76
2026-06-24T15:06:04.714Z,35.76
2026-06-24T15:11:09.959Z,36.02
2026-06-24T15:16:02.829Z,36.22
2026-06-24T15:21:04.46Z,36.08
2026-06-24T15:26:02.953Z,36.08
2026-06-24T15:31:02.705Z,35.91
2026-06-24T15:36:03.551Z,35.88
2026-06-24T15:41:02.817Z,35.91
2026-06-24T15:46:05.177Z,35.82
2026-06-24T15:51:06.613Z,35.94
2026-06-24T15:56:02.744Z,35.94
2026-06-24T16:01:03.198Z,35.85
2026-06-24T16:06:02.431Z,35.79
2026-06-24T16:11:02.393Z,35.56
2026-06-24T16:16:02.643Z,35.5
2026-06-24T16:21:04.327Z,35.7
2026-06-24T16:26:02.656Z,35.85
2026-06-24T16:31:03.072Z,35.56
2026-06-24T16:36:03.03Z,35.45
2026-06-24T16:41:02.419Z,35.42
2026-06-24T16:46:02.736Z,35.24
2026-06-24T16:51:02.625Z,35.36
2026-06-24T16:56:04.651Z,35.22
2026-06-24T17:01:02.467Z,35.16
2026-06-24T17:06:03.331Z,35.07
2026-06-24T17:11:02.313Z,34.58
2026-06-24T17:16:02.457Z,34.5
2026-06-24T17:21:02.77Z,34.38
2026-06-24T17:26:02.563Z,34.18
2026-06-24T17:31:02.829Z,33.95
2026-06-24T17:36:02.53Z,33.63
2026-06-24T17:41:02.525Z,33.37
2026-06-24T17:46:04.248Z,33.29
2026-06-24T17:51:02.686Z,33.17
2026-06-24T17:56:03.158Z,33.11
2026-06-24T18:01:02.771Z,32.94
2026-06-24T18:06:02.654Z,32.85
2026-06-24T18:11:02.509Z,32.77
2026-06-24T18:16:02.334Z,32.8
2026-06-24T18:21:02.642Z,32.59
2026-06-24T18:26:02.618Z,32.36
2026-06-24T18:31:02.621Z,32.36
2026-06-24T18:36:02.983Z,32.25
2026-06-24T18:41:03.671Z,32.11
2026-06-24T18:46:04.689Z,31.96
2026-06-24T18:51:02.61Z,31.87
2026-06-24T18:56:06.226Z,31.73
2026-06-24T19:01:02.736Z,31.53
2026-06-24T19:06:02.601Z,31.27
2026-06-24T19:11:02.503Z,31.01
2026-06-24T19:16:02.834Z,30.9
2026-06-24T19:21:03.148Z,30.75
2026-06-24T19:26:03.523Z,30.61
2026-06-24T19:31:02.612Z,30.47
2026-06-24T19:36:03.988Z,30.35
2026-06-24T19:41:02.66Z,30.27
2026-06-24T19:46:02.703Z,30.24
2026-06-24T19:51:02.4Z,30.24
2026-06-24T19:56:02.822Z,30.06
2026-06-24T20:01:02.501Z,29.86
2026-06-24T20:06:02.513Z,29.75
2026-06-24T20:11:02.801Z,29.66
2026-06-24T20:16:02.726Z,29.63
2026-06-24T20:21:02.514Z,29.46
2026-06-24T20:26:02.61Z,29.43
2026-06-24T20:31:02.7Z,29.37
2026-06-24T20:36:02.786Z,29.32
2026-06-24T20:41:03.241Z,29.29
2026-06-24T20:46:02.604Z,29.17
2026-06-24T20:51:06.35Z,29.08
2026-06-24T20:56:02.845Z,28.91
2026-06-24T21:01:02.703Z,28.74
2026-06-24T21:06:04.895Z,28.6
2026-06-24T21:11:04.789Z,28.31
2026-06-24T21:16:02.958Z,28.02
2026-06-24T21:21:03.277Z,27.9
2026-06-24T21:26:02.645Z,27.67
2026-06-24T21:31:02.428Z,27.56
2026-06-24T21:36:02.791Z,27.44
2026-06-24T21:41:02.604Z,27.27
2026-06-24T21:46:02.358Z,27.16
2026-06-24T21:51:02.783Z,27.07
2026-06-24T21:56:02.452Z,26.99
2026-06-24T22:01:03.738Z,26.84
2026-06-24T22:06:02.638Z,26.69
2026-06-24T22:11:04.009Z,26.69
2026-06-24T22:16:02.579Z,26.52
2026-06-24T22:21:02.298Z,26.5
2026-06-24T22:26:03.006Z,26.32
2026-06-24T22:31:03.224Z,26.2
2026-06-24T22:36:02.659Z,26.2
2026-06-24T22:41:02.605Z,26.09
2026-06-24T22:46:04.732Z,25.97
2026-06-24T22:51:02.733Z,25.89
2026-06-24T22:56:02.448Z,25.8
2026-06-24T23:01:02.752Z,25.86
2026-06-24T23:06:02.372Z,25.69
2026-06-24T23:11:02.772Z,25.66
2026-06-24T23:16:03.073Z,25.6
2026-06-24T23:21:02.727Z,25.49
2026-06-24T23:26:02.567Z,25.37
2026-06-24T23:31:04.292Z,25.23
2026-06-24T23:36:02.724Z,25.09
2026-06-24T23:41:02.543Z,25.17
2026-06-24T23:46:02.676Z,25.17
2026-06-24T23:51:02.485Z,25.06
2026-06-24T23:56:04.097Z,25.29
2026-06-25T00:01:02.34Z,25.6
2026-06-25T00:06:02.938Z,25.8
2026-06-25T00:11:04.523Z,25.92
2026-06-25T00:16:03.709Z,25.89
2026-06-25T00:21:02.65Z,25.78
2026-06-25T00:26:02.364Z,25.86
2026-06-25T00:31:03.163Z,25.86
2026-06-25T00:36:03.577Z,25.86
2026-06-25T00:41:02.648Z,25.89
2026-06-25T00:46:02.59Z,25.92
2026-06-25T00:51:03.174Z,25.97
2026-06-25T00:56:02.499Z,25.92
2026-06-25T01:01:02.698Z,25.92
2026-06-25T01:06:02.549Z,25.89
2026-06-25T01:11:02.378Z,25.75
2026-06-25T01:16:02.512Z,25.63
2026-06-25T01:21:02.921Z,25.6
2026-06-25T01:26:03.129Z,25.49
2026-06-25T01:31:02.968Z,25.43
2026-06-25T01:36:02.609Z,25.29
2026-06-25T01:41:02.719Z,25.06
2026-06-25T01:46:02.661Z,24.85
2026-06-25T01:51:03.153Z,24.57
2026-06-25T01:56:02.446Z,24.28
2026-06-25T02:01:02.777Z,24.02
2026-06-25T02:06:02.914Z,23.88
2026-06-25T02:11:02.644Z,23.65
2026-06-25T02:16:02.529Z,23.53
2026-06-25T02:21:02.679Z,23.44
2026-06-25T02:26:03.17Z,23.33
2026-06-25T02:31:04.411Z,23.21
2026-06-25T02:36:04.553Z,23.1
2026-06-25T02:41:02.592Z,23.13
2026-06-25T02:46:02.719Z,23.01
2026-06-25T02:51:02.38Z,23.21
2026-06-25T02:56:03.615Z,23.24
2026-06-25T03:01:02.897Z,23.33
2026-06-25T03:06:02.782Z,23.33
2026-06-25T03:11:03.861Z,23.39
2026-06-25T03:16:02.802Z,23.3
2026-06-25T03:21:02.507Z,23.18
2026-06-25T03:26:02.713Z,23.1
2026-06-25T03:31:02.481Z,23.1
2026-06-25T03:36:02.758Z,23.04
2026-06-25T03:41:04.486Z,22.93
2026-06-25T03:46:03.351Z,22.87
2026-06-25T03:51:02.663Z,22.93
2026-06-25T03:56:02.522Z,22.93
2026-06-25T04:01:02.823Z,23.04
2026-06-25T04:06:02.561Z,23.1
2026-06-25T04:11:02.653Z,23.18
2026-06-25T04:16:02.908Z,23.13
2026-06-25T04:21:02.477Z,23.16
2026-06-25T04:26:03.651Z,23.07
2026-06-25T04:31:02.624Z,23.1
2026-06-25T04:36:02.503Z,23.01
2026-06-25T04:41:02.633Z,22.95
2026-06-25T04:46:02.773Z,22.95
2026-06-25T04:51:02.677Z,22.87
2026-06-25T04:56:02.409Z,22.87
2026-06-25T05:01:03.162Z,22.81
2026-06-25T05:06:04.594Z,22.81
2026-06-25T05:11:02.673Z,22.84
2026-06-25T05:16:02.545Z,22.64
2026-06-25T05:21:04.662Z,22.55
2026-06-25T05:26:03.468Z,22.61
2026-06-25T05:31:02.892Z,22.75
2026-06-25T05:36:03.033Z,22.84
2026-06-25T05:41:02.704Z,23.04
2026-06-25T05:46:04.011Z,23.07
2026-06-25T05:51:02.823Z,23.21
2026-06-25T05:56:02.469Z,23.41
2026-06-25T06:01:02.642Z,23.56
2026-06-25T06:06:02.511Z,23.79
2026-06-25T06:11:02.374Z,24.02
2026-06-25T06:16:02.627Z,24.28
2026-06-25T06:21:05.527Z,24.48
2026-06-25T06:26:04.697Z,24.83
2026-06-25T06:31:02.716Z,25.03
2026-06-25T06:36:03.39Z,25.23
2026-06-25T06:41:02.592Z,25.4
2026-06-25T06:46:02.41Z,25.57
2026-06-25T06:51:02.719Z,25.78
2026-06-25T06:56:02.744Z,26.09
2026-06-25T07:01:02.821Z,26.38
2026-06-25T07:06:04.851Z,26.81
2026-06-25T07:11:03.129Z,27.13
2026-06-25T07:16:02.767Z,27.36
2026-06-25T07:21:02.662Z,27.53
2026-06-25T07:26:02.656Z,27.76
2026-06-25T07:31:02.58Z,28.11
2026-06-25T07:36:02.705Z,28.25
2026-06-25T07:41:02.685Z,28.25
2026-06-25T07:46:04.191Z,28.45
2026-06-25T07:51:02.765Z,28.65
2026-06-25T07:56:02.525Z,28.91
2026-06-25T08:01:02.705Z,29.2
2026-06-25T08:06:03.008Z,29.46
2026-06-25T08:11:02.624Z,29.78
2026-06-25T08:16:02.58Z,30.04
2026-06-25T08:21:02.599Z,29.98
2026-06-25T08:26:02.756Z,30.15
2026-06-25T08:31:03.035Z,30.55
2026-06-25T08:36:02.74Z,30.99
2026-06-25T08:41:03.296Z,31.42
2026-06-25T08:46:02.754Z,31.56
2026-06-25T08:51:03.208Z,31.85
2026-06-25T08:56:02.658Z,31.82
2026-06-25T09:01:03.067Z,31.96
2026-06-25T09:06:04.781Z,32.28
2026-06-25T09:11:05.058Z,32.66
2026-06-25T09:16:02.477Z,32.85
2026-06-25T09:21:02.838Z,33.06
2026-06-25T09:26:03.878Z,33.23
2026-06-25T09:31:02.593Z,33.4
2026-06-25T09:36:03.017Z,33.4
2026-06-25T09:41:02.858Z,33.49
2026-06-25T09:46:02.685Z,33.78
2026-06-25T09:51:02.696Z,33.89
2026-06-25T09:56:02.993Z,33.86
2026-06-25T10:01:02.678Z,33.89
2026-06-25T10:06:02.64Z,33.89
2026-06-25T10:11:02.463Z,33.95
2026-06-25T10:16:02.495Z,34.06
2026-06-25T10:21:02.509Z,34.15
2026-06-25T10:26:02.766Z,34.24
2026-06-25T10:31:02.663Z,34.35
2026-06-25T10:36:03.171Z,34.67
2026-06-25T10:41:02.551Z,34.61
2026-06-25T10:46:03.405Z,34.67
2026-06-25T10:51:02.762Z,34.96
2026-06-25T10:56:05.148Z,35.04
2026-06-25T11:01:08.127Z,34.96
2026-06-25T11:06:02.767Z,34.84
2026-06-25T11:11:03.422Z,34.78
2026-06-25T11:16:02.523Z,35.07
2026-06-25T11:21:03.787Z,35.22
2026-06-25T11:26:02.534Z,35.04
2026-06-25T11:31:02.724Z,34.81
2026-06-25T11:36:02.725Z,34.73
2026-06-25T11:41:03.329Z,34.7
2026-06-25T11:46:03.282Z,34.78
2026-06-25T11:51:02.601Z,34.78
2026-06-25T11:56:02.561Z,34.93
2026-06-25T12:01:02.793Z,35.16
2026-06-25T12:06:02.689Z,35.04
2026-06-25T12:11:02.337Z,35.1
2026-06-25T12:16:02.782Z,35.19
2026-06-25T12:21:02.665Z,35.16
2026-06-25T12:26:02.921Z,35.24
2026-06-25T12:31:03.297Z,35.16
2026-06-25T12:36:02.676Z,35.07
2026-06-25T12:41:02.667Z,35.45
2026-06-25T12:46:02.421Z,35.47
2026-06-25T12:51:03.558Z,35.22
2026-06-25T12:56:04.792Z,35.19
2026-06-25T13:01:02.623Z,35.27
2026-06-25T13:06:02.908Z,35.33
2026-06-25T13:11:02.698Z,35.5
2026-06-25T13:16:02.563Z,35.53
2026-06-25T13:21:02.488Z,35.59
2026-06-25T13:26:02.409Z,35.45
2026-06-25T13:31:02.487Z,35.56
2026-06-25T13:36:02.857Z,35.39
2026-06-25T13:41:05.358Z,35.53
2026-06-25T13:46:02.821Z,35.73
2026-06-25T13:51:06.291Z,35.82
2026-06-25T13:56:02.964Z,35.94
2026-06-25T14:01:05.747Z,36.19
2026-06-25T14:06:02.665Z,35.96
2026-06-25T14:11:02.443Z,35.91
2026-06-25T14:16:02.746Z,35.76
2026-06-25T14:21:04.433Z,35.56
2026-06-25T14:26:02.864Z,35.76
2026-06-25T14:31:02.392Z,35.96
2026-06-25T14:36:02.561Z,35.94
2026-06-25T14:41:02.805Z,36.05
2026-06-25T14:46:02.39Z,36.17
2026-06-25T14:51:02.482Z,36.08
2026-06-25T14:56:02.684Z,35.85
2026-06-25T15:01:02.774Z,35.79
2026-06-25T15:06:03.105Z,35.47
2026-06-25T15:11:03.839Z,35.45
2026-06-25T15:16:06.051Z,35.5
2026-06-25T15:21:02.688Z,35.73
2026-06-25T15:26:02.333Z,35.53
2026-06-25T15:31:04.876Z,35.36
2026-06-25T15:36:02.74Z,35.45
2026-06-25T15:41:03.345Z,35.1
2026-06-25T15:46:02.503Z,35.19
2026-06-25T15:51:02.672Z,35.19
2026-06-25T15:56:04.367Z,35.27
2026-06-25T16:01:02.933Z,34.98
2026-06-25T16:06:02.507Z,34.7
2026-06-25T16:11:05.336Z,34.78
2026-06-25T16:16:02.677Z,34.78
2026-06-25T16:21:02.508Z,34.73
2026-06-25T16:26:02.757Z,34.75
2026-06-25T16:31:02.73Z,34.73
2026-06-25T16:36:02.73Z,34.55
2026-06-25T16:41:02.397Z,34.21
2026-06-25T16:46:02.825Z,34.09
2026-06-25T16:51:03.054Z,33.66
2026-06-25T16:56:02.645Z,33.29
2026-06-25T17:01:02.806Z,33.2
2026-06-25T17:06:02.523Z,33.34
2026-06-25T17:11:02.417Z,33.52
2026-06-25T17:16:02.868Z,33.34
2026-06-25T17:21:02.657Z,33.11
2026-06-25T17:26:02.853Z,33.17
2026-06-25T17:31:02.369Z,33.31
2026-06-25T17:36:02.309Z,33.11
2026-06-25T17:41:02.412Z,32.94
2026-06-25T17:46:03.316Z,32.57
2026-06-25T17:51:02.881Z,32.43
2026-06-25T17:56:03.644Z,32.36
2026-06-25T18:01:03.371Z,32.25
2026-06-25T18:06:04.761Z,32.11
2026-06-25T18:11:02.37Z,31.64
2026-06-25T18:16:02.342Z,31.36
2026-06-25T18:21:02.73Z,31.19
2026-06-25T18:26:04.633Z,31.01
2026-06-25T18:31:03.141Z,30.99
2026-06-25T18:36:03.954Z,30.87
2026-06-25T18:41:02.522Z,30.81
2026-06-25T18:46:02.848Z,30.67
2026-06-25T18:51:02.552Z,30.64
2026-06-25T18:56:02.751Z,30.5
2026-06-25T19:01:03.486Z,30.35
2026-06-25T19:06:02.499Z,30.21
2026-06-25T19:11:02.703Z,29.98
2026-06-25T19:16:02.737Z,29.83
2026-06-25T19:21:02.631Z,29.6
2026-06-25T19:26:03.168Z,29.55
2026-06-25T19:31:04.911Z,29.46
2026-06-25T19:36:02.459Z,29.26
2026-06-25T19:41:03.626Z,29.0
2026-06-25T19:46:02.663Z,28.88
2026-06-25T19:51:02.576Z,28.85
2026-06-25T19:56:02.447Z,28.74
2026-06-25T20:01:02.747Z,28.65
2026-06-25T20:06:02.509Z,28.45
2026-06-25T20:11:02.454Z,28.39
2026-06-25T20:16:02.324Z,28.31
2026-06-25T20:21:02.813Z,28.08
2026-06-25T20:26:02.608Z,27.93
2026-06-25T20:31:04.428Z,27.85
2026-06-25T20:36:02.56Z,27.82
2026-06-25T20:41:02.711Z,27.79
2026-06-25T20:46:02.94Z,27.85
2026-06-25T20:51:03.099Z,27.64
2026-06-25T20:56:02.498Z,27.56
2026-06-25T21:01:05.229Z,27.48
2026-06-25T21:06:04.642Z,27.41
2026-06-25T21:11:04.426Z,27.36
2026-06-25T21:16:02.849Z,27.33
2026-06-25T21:21:03.616Z,27.22
2026-06-25T21:26:05.019Z,27.18
2026-06-25T21:31:02.763Z,27.07
2026-06-25T21:36:02.665Z,27.04
2026-06-25T21:41:02.77Z,27.01
2026-06-25T21:46:02.448Z,26.87
2026-06-25T21:51:03.626Z,26.78
2026-06-25T21:56:03.032Z,26.76
2026-06-25T22:01:03.455Z,26.73
2026-06-25T22:06:02.539Z,26.5
2026-06-25T22:11:02.825Z,26.46
2026-06-25T22:16:02.487Z,26.41
2026-06-25T22:21:02.738Z,26.44
2026-06-25T22:26:02.599Z,26.44
2026-06-25T22:31:04.294Z,26.29
2026-06-25T22:36:03.198Z,26.27
2026-06-25T22:41:02.429Z,26.29
2026-06-25T22:46:02.615Z,26.2
2026-06-25T22:51:02.452Z,26.2
2026-06-25T22:56:02.592Z,26.18
2026-06-25T23:01:02.413Z,26.12
2026-06-25T23:06:02.728Z,26.06
2026-06-25T23:11:02.629Z,26.12
2026-06-25T23:16:03.438Z,26.12
2026-06-25T23:21:04.422Z,26.18
2026-06-25T23:26:02.657Z,26.15
2026-06-25T23:31:02.734Z,26.18
2026-06-25T23:36:03.8Z,26.29
2026-06-25T23:41:02.314Z,26.2
2026-06-25T23:46:02.578Z,26.32
2026-06-25T23:51:03.159Z,26.24
2026-06-25T23:56:02.586Z,26.2
2026-06-26T00:01:03.74Z,26.18
2026-06-26T00:06:02.459Z,26.12
2026-06-26T00:11:02.807Z,26.12
2026-06-26T00:16:02.525Z,26.06
2026-06-26T00:21:02.727Z,26.06
2026-06-26T00:26:03.198Z,26.01
2026-06-26T00:31:02.713Z,25.97
2026-06-26T00:36:02.454Z,25.97
2026-06-26T00:41:02.601Z,25.89
2026-06-26T00:46:02.794Z,25.86
2026-06-26T00:51:04.619Z,25.78
2026-06-26T00:56:02.78Z,25.75
2026-06-26T01:01:02.678Z,25.66
2026-06-26T01:06:03.978Z,25.78
2026-06-26T01:11:02.408Z,25.69
2026-06-26T01:16:02.736Z,25.69
2026-06-26T01:21:02.585Z,25.69
2026-06-26T01:26:02.961Z,25.6
2026-06-26T01:31:03.298Z,25.6
2026-06-26T01:36:02.663Z,25.46
2026-06-26T01:41:03.465Z,25.49
2026-06-26T01:46:02.926Z,25.46
2026-06-26T01:51:04.02Z,25.37
2026-06-26T01:56:03.163Z,25.32
2026-06-26T02:01:02.758Z,25.23
2026-06-26T02:06:03.012Z,25.23
2026-06-26T02:11:02.527Z,25.14
2026-06-26T02:16:02.595Z,25.0
2026-06-26T02:21:02.348Z,24.94
2026-06-26T02:26:02.771Z,24.77
2026-06-26T02:31:02.915Z,24.8
2026-06-26T02:36:02.675Z,24.74
2026-06-26T02:41:04.291Z,24.68
2026-06-26T02:46:03.107Z,24.68
2026-06-26T02:51:02.512Z,24.6
2026-06-26T02:56:03.766Z,24.51
2026-06-26T03:01:03.569Z,24.48
2026-06-26T03:06:06.46Z,24.42
2026-06-26T03:11:06.757Z,24.34
2026-06-26T03:16:04.172Z,24.34
2026-06-26T03:21:03.037Z,24.34
2026-06-26T03:26:03.825Z,24.39
2026-06-26T03:31:04.554Z,24.37
2026-06-26T03:36:02.732Z,24.28
2026-06-26T03:41:03.174Z,24.34
2026-06-26T03:46:02.627Z,24.37
2026-06-26T03:51:02.885Z,24.45
2026-06-26T03:56:03.039Z,24.39
2026-06-26T04:01:03.047Z,24.42
2026-06-26T04:06:02.688Z,24.39
2026-06-26T04:11:02.342Z,24.31
2026-06-26T04:16:02.688Z,24.37
2026-06-26T04:21:02.384Z,24.25
2026-06-26T04:26:02.698Z,24.05
2026-06-26T04:31:02.799Z,23.96
2026-06-26T04:36:04.689Z,23.99
2026-06-26T04:41:02.418Z,23.93
2026-06-26T04:46:02.488Z,23.9
2026-06-26T04:51:02.747Z,23.88
2026-06-26T04:56:02.644Z,23.79
2026-06-26T05:01:02.846Z,23.88
2026-06-26T05:06:02.714Z,23.9
2026-06-26T05:11:04.357Z,23.82
2026-06-26T05:16:02.594Z,23.9
2026-06-26T05:21:02.45Z,23.73
2026-06-26T05:26:03.287Z,23.79
2026-06-26T05:31:02.608Z,23.73
2026-06-26T05:36:02.834Z,23.67
2026-06-26T05:41:02.548Z,23.79
2026-06-26T05:46:02.994Z,23.85
2026-06-26T05:51:02.68Z,23.9
2026-06-26T05:56:02.486Z,24.02
2026-06-26T06:01:04.984Z,24.13
2026-06-26T06:06:03.282Z,24.37
2026-06-26T06:11:02.878Z,24.6
2026-06-26T06:16:03.663Z,24.83
2026-06-26T06:21:03.448Z,25.0
2026-06-26T06:26:02.672Z,25.32
2026-06-26T06:31:02.656Z,25.55
2026-06-26T06:36:02.403Z,25.66
2026-06-26T06:41:02.81Z,25.86
2026-06-26T06:46:02.601Z,25.83
2026-06-26T06:51:02.845Z,26.2
2026-06-26T06:56:02.594Z,26.52
2026-06-26T07:01:02.814Z,26.9
2026-06-26T07:06:02.692Z,27.18
2026-06-26T07:11:03.468Z,27.16
2026-06-26T07:16:03.493Z,27.41
2026-06-26T07:21:02.614Z,27.64
2026-06-26T07:26:02.488Z,28.02
2026-06-26T07:31:04.317Z,28.16
2026-06-26T07:36:02.946Z,28.22
2026-06-26T07:41:02.397Z,28.42
2026-06-26T07:46:02.901Z,28.57
2026-06-26T07:51:02.637Z,28.62
2026-06-26T07:56:03.025Z,28.74
2026-06-26T08:01:03.224Z,28.88
2026-06-26T08:06:03.792Z,28.77
2026-06-26T08:11:02.681Z,28.94
2026-06-26T08:16:03.15Z,28.88
2026-06-26T08:21:02.361Z,29.06
2026-06-26T08:26:02.936Z,29.17
2026-06-26T08:31:03.096Z,29.52
2026-06-26T08:36:04.29Z,29.8
2026-06-26T08:41:03.397Z,29.86
2026-06-26T08:46:02.805Z,30.04
2026-06-26T08:51:03.64Z,30.15
2026-06-26T08:56:02.623Z,30.15
2026-06-26T09:01:02.471Z,30.38
2026-06-26T09:06:02.621Z,30.7
2026-06-26T09:11:03.902Z,30.61
2026-06-26T09:16:02.684Z,30.75
2026-06-26T09:21:02.764Z,31.1
2026-06-26T09:26:02.45Z,31.3
2026-06-26T09:31:04.908Z,31.47
2026-06-26T09:36:02.757Z,31.68
2026-06-26T09:41:04.536Z,31.87
2026-06-26T09:46:02.65Z,31.56
2026-06-26T09:51:04.004Z,31.53
2026-06-26T09:56:02.408Z,31.56
2026-06-26T10:01:03.567Z,31.73
2026-06-26T10:06:03.306Z,31.64
2026-06-26T10:11:03.517Z,31.87
2026-06-26T10:16:02.653Z,31.56
2026-06-26T10:21:02.456Z,31.59
2026-06-26T10:26:02.973Z,31.76
2026-06-26T10:31:03.658Z,32.11
2026-06-26T10:36:04.552Z,32.19
2026-06-26T10:41:02.988Z,32.34
2026-06-26T10:46:03.39Z,32.8
2026-06-26T10:51:03.466Z,33.2
2026-06-26T10:56:02.63Z,33.43
2026-06-26T11:01:02.368Z,33.49
2026-06-26T11:06:02.564Z,33.31
2026-06-26T11:11:02.375Z,33.4
2026-06-26T11:16:02.407Z,33.29
2026-06-26T11:21:02.347Z,33.46
2026-06-26T11:26:02.725Z,33.6
2026-06-26T11:31:02.662Z,33.89
2026-06-26T11:36:02.47Z,33.63
2026-06-26T11:41:02.527Z,33.66
2026-06-26T11:46:03.695Z,33.6
2026-06-26T11:51:02.675Z,33.69
2026-06-26T11:56:02.772Z,33.78
2026-06-26T12:01:05.552Z,33.6
2026-06-26T12:06:02.774Z,33.63
2026-06-26T12:11:02.736Z,33.72
2026-06-26T12:16:02.623Z,33.95
2026-06-26T12:21:02.362Z,34.06
2026-06-26T12:26:05.077Z,34.21
2026-06-26T12:31:02.768Z,34.35
2026-06-26T12:36:02.87Z,34.27
2026-06-26T12:41:02.806Z,34.32
2026-06-26T12:46:04.705Z,34.27
2026-06-26T12:51:04.37Z,34.21
2026-06-26T12:56:02.794Z,34.18
2026-06-26T13:01:02.682Z,34.35
2026-06-26T13:06:05.3Z,34.35
2026-06-26T13:11:02.368Z,34.01
2026-06-26T13:16:06.021Z,33.83
2026-06-26T13:21:03.033Z,34.03
2026-06-26T13:26:02.499Z,34.24
2026-06-26T13:31:02.807Z,34.12
2026-06-26T13:36:03.054Z,33.89
2026-06-26T13:41:06.773Z,34.06
2026-06-26T13:46:02.862Z,34.09
2026-06-26T13:51:03.613Z,33.89
2026-06-26T13:56:02.688Z,34.03
2026-06-26T14:01:02.583Z,34.44
2026-06-26T14:06:02.605Z,34.27
2026-06-26T14:11:02.464Z,34.44
2026-06-26T14:16:02.322Z,34.21
2026-06-26T14:21:03.716Z,34.21
2026-06-26T14:26:02.824Z,34.24
2026-06-26T14:31:02.735Z,34.29
2026-06-26T14:36:02.512Z,34.15
2026-06-26T14:41:02.473Z,34.38
2026-06-26T14:46:02.791Z,34.55
2026-06-26T14:51:02.837Z,34.35
2026-06-26T14:56:02.779Z,34.38
2026-06-26T15:01:04.631Z,34.06
2026-06-26T15:06:03.231Z,34.06
2026-06-26T15:11:02.508Z,34.06
2026-06-26T15:16:02.427Z,34.06
2026-06-26T15:21:02.485Z,34.09
2026-06-26T15:26:02.79Z,33.89
2026-06-26T15:31:02.594Z,33.75
2026-06-26T15:36:03.458Z,33.8
2026-06-26T15:41:03.256Z,33.98
2026-06-26T15:46:02.797Z,33.72
2026-06-26T15:51:03.369Z,33.72
2026-06-26T15:56:06.159Z,33.63
2026-06-26T16:01:03.394Z,33.4
2026-06-26T16:06:04.208Z,33.46
2026-06-26T16:11:02.633Z,33.29
2026-06-26T16:16:03.862Z,33.23
2026-06-26T16:21:02.613Z,33.2
2026-06-26T16:26:03.145Z,33.0
2026-06-26T16:31:03.102Z,32.68
2026-06-26T16:36:02.558Z,32.89
2026-06-26T16:41:02.424Z,32.89
2026-06-26T16:46:02.839Z,32.66
2026-06-26T16:51:04.413Z,32.82
2026-06-26T16:56:03.187Z,32.8
2026-06-26T17:01:04.857Z,32.59
2026-06-26T17:06:03.488Z,32.36
2026-06-26T17:11:02.815Z,32.08
2026-06-26T17:16:02.634Z,31.73
2026-06-26T17:21:02.763Z,31.59
2026-06-26T17:26:02.493Z,31.62
2026-06-26T17:31:03.443Z,31.76
2026-06-26T17:36:04.628Z,31.82
2026-06-26T17:41:06.506Z,31.68
2026-06-26T17:46:02.678Z,31.42
2026-06-26T17:51:02.746Z,31.24
2026-06-26T17:56:06.145Z,31.01
2026-06-26T18:01:02.88Z,30.87
2026-06-26T18:06:02.702Z,30.81
2026-06-26T18:11:02.458Z,30.47
2026-06-26T18:16:02.771Z,30.35
2026-06-26T18:21:02.902Z,30.21
2026-06-26T18:26:02.694Z,29.89
2026-06-26T18:31:02.748Z,29.78
2026-06-26T18:36:02.517Z,29.63
2026-06-26T18:41:02.472Z,29.52
2026-06-26T18:46:05.541Z,29.29
2026-06-26T18:51:03.563Z,29.06
2026-06-26T18:56:02.675Z,28.91
2026-06-26T19:01:02.976Z,28.85
2026-06-26T19:06:02.729Z,28.68
2026-06-26T19:11:03.223Z,28.65
2026-06-26T19:16:02.741Z,28.62
2026-06-26T19:21:02.375Z,28.48
2026-06-26T19:26:02.761Z,28.42
2026-06-26T19:31:02.844Z,28.19
2026-06-26T19:36:02.747Z,28.16
2026-06-26T19:41:03.728Z,28.08
2026-06-26T19:46:03.981Z,27.99
2026-06-26T19:51:04.081Z,27.93
2026-06-26T19:56:02.578Z,27.79
2026-06-26T20:01:02.453Z,27.59
2026-06-26T20:06:02.716Z,27.41
2026-06-26T20:11:02.747Z,27.3
2026-06-26T20:16:02.519Z,27.16
2026-06-26T20:21:02.329Z,27.16
2026-06-26T20:26:02.606Z,26.95
2026-06-26T20:31:02.74Z,26.78
2026-06-26T20:36:03.403Z,26.76
2026-06-26T20:41:02.841Z,26.64
2026-06-26T20:46:02.781Z,26.58
2026-06-26T20:51:02.904Z,26.46
2026-06-26T20:56:03.078Z,26.52
2026-06-26T21:01:03.436Z,26.35
2026-06-26T21:06:02.77Z,26.27
2026-06-26T21:11:05.422Z,26.24
2026-06-26T21:16:02.298Z,26.15
2026-06-26T21:21:02.751Z,26.09
2026-06-26T21:26:04.242Z,26.06
2026-06-26T21:31:02.584Z,25.95
2026-06-26T21:36:02.347Z,25.95
2026-06-26T21:41:02.67Z,25.95
2026-06-26T21:46:02.403Z,25.89
2026-06-26T21:51:02.457Z,25.86
2026-06-26T21:56:02.766Z,25.86
2026-06-26T22:01:02.637Z,25.69
2026-06-26T22:06:02.611Z,25.69
2026-06-26T22:11:02.796Z,25.63
2026-06-26T22:16:02.614Z,25.55
2026-06-26T22:21:02.746Z,25.52
2026-06-26T22:26:03.028Z,25.49
2026-06-26T22:31:02.793Z,25.49
2026-06-26T22:36:03.011Z,25.46
2026-06-26T22:41:02.805Z,25.4
2026-06-26T22:46:02.512Z,25.34
2026-06-26T22:51:02.528Z,25.34
2026-06-26T22:56:02.897Z,25.37
2026-06-26T23:01:02.744Z,25.17
2026-06-26T23:06:03.342Z,25.26
2026-06-26T23:11:02.652Z,25.17
2026-06-26T23:16:03.896Z,25.23
2026-06-26T23:21:02.59Z,25.11
2026-06-26T23:26:02.927Z,25.11
2026-06-26T23:31:03.149Z,25.2
2026-06-26T23:36:02.835Z,25.09
2026-06-26T23:41:02.612Z,25.03
2026-06-26T23:46:02.823Z,25.06
2026-06-26T23:51:03.625Z,24.97
2026-06-26T23:56:03.736Z,25.0
2026-06-27T00:01:02.555Z,25.06
2026-06-27T00:06:02.624Z,25.14
2026-06-27T00:11:04.462Z,25.29
2026-06-27T00:16:02.481Z,25.32
2026-06-27T00:21:02.607Z,25.37
2026-06-27T00:26:02.736Z,25.46
2026-06-27T00:31:03.503Z,25.49
2026-06-27T00:36:02.751Z,25.52
2026-06-27T00:41:02.772Z,25.52
2026-06-27T00:46:02.411Z,25.52
2026-06-27T00:51:02.706Z,25.49
2026-06-27T00:56:02.645Z,25.57
2026-06-27T01:01:02.626Z,25.57
2026-06-27T01:06:02.534Z,25.6
2026-06-27T01:11:02.81Z,25.57
2026-06-27T01:16:02.872Z,25.6
2026-06-27T01:21:03.751Z,25.6
2026-06-27T01:26:02.879Z,25.6
2026-06-27T01:31:02.698Z,25.57
2026-06-27T01:36:02.935Z,25.63
2026-06-27T01:41:02.524Z,25.69
2026-06-27T01:46:02.754Z,25.72
2026-06-27T01:51:02.56Z,25.66
2026-06-27T01:56:02.821Z,25.69
2026-06-27T02:01:03.976Z,25.72
2026-06-27T02:06:03.257Z,25.69
2026-06-27T02:11:04.886Z,25.72
2026-06-27T02:16:02.508Z,25.83
2026-06-27T02:21:02.92Z,25.78
2026-06-27T02:26:03.3Z,25.83
2026-06-27T02:31:02.501Z,25.75
2026-06-27T02:36:02.704Z,25.78
2026-06-27T02:41:02.424Z,25.83
2026-06-27T02:46:02.546Z,25.89
2026-06-27T02:51:02.706Z,25.86
2026-06-27T02:56:03.095Z,25.86
2026-06-27T03:01:03.519Z,25.86
2026-06-27T03:06:04.479Z,25.83
2026-06-27T03:11:03.613Z,25.8
2026-06-27T03:16:03.771Z,25.86
2026-06-27T03:21:02.558Z,25.92
2026-06-27T03:26:02.489Z,25.8
2026-06-27T03:31:02.582Z,25.78
2026-06-27T03:36:02.692Z,25.86
2026-06-27T03:41:05.676Z,25.86
2026-06-27T03:46:02.579Z,25.72
2026-06-27T03:51:02.665Z,25.8
2026-06-27T03:56:02.599Z,25.8
2026-06-27T04:01:02.899Z,25.78
2026-06-27T04:06:02.602Z,25.72
2026-06-27T04:11:04.654Z,25.75
2026-06-27T04:16:02.415Z,25.75
2026-06-27T04:21:03.288Z,25.75
2026-06-27T04:26:04.581Z,25.69
2026-06-27T04:31:02.702Z,25.69
2026-06-27T04:36:02.521Z,25.69
2026-06-27T04:41:02.966Z,25.63
2026-06-27T04:46:02.481Z,25.6
2026-06-27T04:51:02.665Z,25.63
2026-06-27T04:56:03.835Z,25.52
2026-06-27T05:01:03.243Z,25.49
2026-06-27T05:06:02.624Z,25.46
2026-06-27T05:11:02.395Z,25.34
2026-06-27T05:16:03.633Z,25.34
2026-06-27T05:21:03.831Z,25.4
2026-06-27T05:26:03.012Z,25.43
2026-06-27T05:31:02.773Z,25.46
2026-06-27T05:36:02.559Z,25.57
2026-06-27T05:41:02.576Z,25.66
2026-06-27T05:46:02.618Z,25.69
2026-06-27T05:51:04.177Z,25.78
2026-06-27T05:56:02.569Z,25.89
2026-06-27T06:01:03.795Z,26.04
2026-06-27T06:06:02.996Z,26.09
2026-06-27T06:11:05.21Z,26.27
2026-06-27T06:16:03.818Z,26.52
2026-06-27T06:21:03.068Z,26.52
2026-06-27T06:26:03.854Z,26.69
2026-06-27T06:31:02.75Z,26.61
2026-06-27T06:36:07.431Z,26.67
2026-06-27T06:41:02.626Z,26.84
2026-06-27T06:46:02.746Z,26.92
2026-06-27T06:51:02.638Z,26.99
2026-06-27T06:56:02.527Z,27.04
2026-06-27T07:01:03.164Z,27.41
2026-06-27T07:06:02.367Z,27.56
2026-06-27T07:11:02.834Z,27.3
2026-06-27T07:16:03.13Z,27.1
2026-06-27T07:21:03.016Z,27.27
2026-06-27T07:26:02.713Z,27.27
2026-06-27T07:31:02.658Z,27.3
2026-06-27T07:36:02.699Z,27.41
2026-06-27T07:41:03.264Z,27.53
2026-06-27T07:46:02.426Z,27.93
2026-06-27T07:51:03.125Z,28.05
2026-06-27T07:56:02.674Z,28.05
2026-06-27T08:01:03.034Z,27.97
2026-06-27T08:06:02.389Z,27.99
2026-06-27T08:11:03.046Z,28.28
2026-06-27T08:16:02.5Z,28.71
2026-06-27T08:21:02.8Z,28.83
2026-06-27T08:26:02.698Z,28.83
2026-06-27T08:31:03.255Z,29.11
2026-06-27T08:36:02.534Z,29.06
2026-06-27T08:41:03.12Z,29.37
2026-06-27T08:46:02.808Z,29.49
2026-06-27T08:51:02.762Z,29.6
2026-06-27T08:56:04.136Z,29.72
2026-06-27T09:01:02.542Z,30.27
2026-06-27T09:06:04.673Z,30.41
2026-06-27T09:11:02.518Z,30.5
2026-06-27T09:16:03.406Z,30.7
2026-06-27T09:21:03.932Z,30.52
2026-06-27T09:26:02.661Z,30.52
2026-06-27T09:31:02.519Z,30.78
2026-06-27T09:36:05.209Z,30.67
2026-06-27T09:41:03.221Z,31.01
2026-06-27T09:46:04.3Z,31.27
2026-06-27T09:51:02.583Z,31.42
2026-06-27T09:56:02.5Z,31.59
2026-06-27T10:01:04.659Z,31.64
2026-06-27T10:06:02.8Z,31.96
2026-06-27T10:11:02.906Z,32.31
2026-06-27T10:16:02.725Z,32.13
2026-06-27T10:21:02.886Z,32.02
2026-06-27T10:26:02.588Z,32.25
2026-06-27T10:31:02.732Z,32.51
2026-06-27T10:36:02.584Z,32.43
2026-06-27T10:41:02.69Z,32.36
2026-06-27T10:46:02.74Z,32.43
2026-06-27T10:51:04.678Z,32.48
2026-06-27T10:56:06.354Z,32.8
2026-06-27T11:01:03.63Z,32.91
2026-06-27T11:06:04.031Z,32.97
2026-06-27T11:11:02.431Z,32.91
2026-06-27T11:16:02.62Z,33.2
2026-06-27T11:21:03.108Z,33.34
2026-06-27T11:26:02.935Z,33.49
2026-06-27T11:31:02.779Z,33.52
2026-06-27T11:36:02.811Z,33.66
2026-06-27T11:41:02.906Z,33.8
2026-06-27T11:46:02.952Z,33.8
2026-06-27T11:51:02.811Z,33.78
2026-06-27T11:56:02.798Z,33.95
2026-06-27T12:01:02.567Z,33.98
2026-06-27T12:06:02.692Z,33.8
2026-06-27T12:11:02.889Z,33.86
2026-06-27T12:16:03.13Z,34.21
2026-06-27T12:21:02.615Z,34.29
2026-06-27T12:26:04.412Z,34.38
2026-06-27T12:31:02.593Z,34.06
2026-06-27T12:36:02.75Z,34.12
2026-06-27T12:41:02.86Z,34.38
2026-06-27T12:46:02.693Z,34.29
2026-06-27T12:51:03.438Z,34.41
2026-06-27T12:56:02.707Z,34.64
2026-06-27T13:01:03.067Z,34.75
2026-06-27T13:06:02.56Z,34.81
2026-06-27T13:11:02.386Z,34.78
2026-06-27T13:16:04.939Z,34.98
2026-06-27T13:21:02.687Z,34.98
2026-06-27T13:26:02.505Z,35.1
2026-06-27T13:31:02.533Z,35.04
2026-06-27T13:36:02.537Z,34.73
2026-06-27T13:41:04.72Z,34.9
2026-06-27T13:46:02.58Z,34.67
2026-06-27T13:51:03.998Z,34.87
2026-06-27T13:56:03.096Z,34.93
2026-06-27T14:01:02.622Z,34.78
2026-06-27T14:06:05.45Z,34.84
2026-06-27T14:11:02.421Z,34.96
2026-06-27T14:16:03.091Z,35.24
2026-06-27T14:21:03.402Z,35.16
2026-06-27T14:26:02.602Z,35.04
2026-06-27T14:31:02.86Z,35.13
2026-06-27T14:36:02.618Z,35.01
2026-06-27T14:41:02.489Z,34.93
2026-06-27T14:46:02.444Z,35.04
2026-06-27T14:51:03.808Z,35.01
2026-06-27T14:56:02.518Z,35.24
2026-06-27T15:01:04.14Z,35.16
2026-06-27T15:06:02.733Z,35.16
2026-06-27T15:11:02.355Z,34.96
2026-06-27T15:16:03.468Z,35.07
2026-06-27T15:21:03.829Z,34.96
2026-06-27T15:26:02.537Z,34.84
2026-06-27T15:31:02.932Z,35.1
2026-06-27T15:36:04.633Z,34.93
2026-06-27T15:41:02.891Z,34.98
2026-06-27T15:46:02.833Z,34.81
2026-06-27T15:51:02.726Z,34.73
2026-06-27T15:56:02.502Z,34.98
2026-06-27T16:01:02.479Z,34.7
2026-06-27T16:06:03.401Z,34.58
2026-06-27T16:11:03.85Z,34.38
2026-06-27T16:16:02.734Z,34.32
2026-06-27T16:21:02.767Z,34.44
2026-06-27T16:26:02.395Z,34.06
2026-06-27T16:31:03.299Z,33.95
2026-06-27T16:36:02.429Z,33.89
2026-06-27T16:41:05.216Z,33.8
2026-06-27T16:46:02.454Z,33.92
2026-06-27T16:51:02.408Z,33.75
2026-06-27T16:56:02.886Z,33.49
2026-06-27T17:01:02.607Z,33.29
2026-06-27T17:06:02.733Z,33.08
2026-06-27T17:11:05.872Z,33.15
2026-06-27T17:16:02.32Z,33.06
2026-06-27T17:21:02.679Z,33.15
2026-06-27T17:26:02.459Z,32.94
2026-06-27T17:31:02.587Z,32.68
2026-06-27T17:36:03.478Z,32.54
2026-06-27T17:41:03.213Z,32.4
2026-06-27T17:46:02.663Z,32.25
2026-06-27T17:51:02.792Z,32.11
2026-06-27T17:56:02.665Z,31.85
2026-06-27T18:01:03.051Z,31.56
2026-06-27T18:06:02.592Z,31.53
2026-06-27T18:11:04.257Z,31.36
2026-06-27T18:16:04.055Z,31.19
2026-06-27T18:21:02.489Z,30.81
2026-06-27T18:26:02.662Z,30.58
2026-06-27T18:31:03.578Z,30.38
2026-06-27T18:36:05.843Z,30.24
2026-06-27T18:41:02.424Z,30.12
2026-06-27T18:46:02.67Z,30.01
2026-06-27T18:51:02.833Z,29.78
2026-06-27T18:56:02.468Z,29.69
2026-06-27T19:01:02.857Z,29.6
2026-06-27T19:06:02.837Z,29.46
2026-06-27T19:11:02.595Z,29.37
2026-06-27T19:16:02.403Z,29.29
2026-06-27T19:21:03.591Z,29.17
2026-06-27T19:26:02.625Z,29.14
2026-06-27T19:31:03.481Z,29.08
2026-06-27T19:36:03.75Z,28.94
2026-06-27T19:41:02.358Z,28.88
2026-06-27T19:46:02.831Z,28.83
2026-06-27T19:51:02.706Z,28.74
2026-06-27T19:56:02.564Z,28.65
2026-06-27T20:01:03.177Z,28.6
2026-06-27T20:06:03.283Z,28.48
2026-06-27T20:11:04.45Z,28.31
2026-06-27T20:16:02.507Z,28.16
2026-06-27T20:21:02.818Z,28.08
2026-06-27T20:26:02.418Z,28.02
2026-06-27T20:31:02.776Z,27.97
2026-06-27T20:36:03.909Z,27.93
2026-06-27T20:41:02.708Z,27.73
2026-06-27T20:46:03.231Z,27.67
2026-06-27T20:51:02.514Z,27.53
2026-06-27T20:56:02.692Z,27.44
2026-06-27T21:01:04.531Z,27.48
2026-06-27T21:06:02.585Z,27.33
2026-06-27T21:11:02.658Z,27.3
2026-06-27T21:16:02.471Z,27.24
2026-06-27T21:21:03.366Z,27.16
2026-06-27T21:26:03.359Z,27.16
2026-06-27T21:31:02.926Z,27.07
2026-06-27T21:36:02.613Z,26.99
2026-06-27T21:41:05.364Z,27.01
2026-06-27T21:46:05.299Z,26.92
2026-06-27T21:51:02.735Z,26.92
2026-06-27T21:56:02.416Z,26.78
2026-06-27T22:01:03.825Z,26.73
2026-06-27T22:06:02.567Z,26.67
2026-06-27T22:11:02.782Z,26.64
2026-06-27T22:16:02.948Z,26.52
2026-06-27T22:21:02.773Z,26.46
2026-06-27T22:26:02.723Z,26.41
2026-06-27T22:31:02.667Z,26.41
2026-06-27T22:36:02.751Z,26.32
2026-06-27T22:41:02.705Z,26.32
2026-06-27T22:46:02.504Z,26.24
2026-06-27T22:51:03.082Z,26.09
2026-06-27T22:56:02.634Z,26.04
2026-06-27T23:01:04.063Z,26.01
2026-06-27T23:06:05.38Z,25.95
2026-06-27T23:11:03.885Z,25.97
2026-06-27T23:16:02.651Z,25.89
2026-06-27T23:21:02.719Z,25.83
2026-06-27T23:26:02.567Z,25.86
2026-06-27T23:31:02.625Z,25.72
2026-06-27T23:36:02.358Z,25.75
2026-06-27T23:41:02.426Z,25.69
2026-06-27T23:46:02.635Z,25.6
2026-06-27T23:51:02.982Z,25.52
2026-06-27T23:56:02.503Z,25.49
2026-06-28T00:01:04.502Z,25.37
2026-06-28T00:06:02.907Z,25.32
2026-06-28T00:11:02.53Z,25.32
2026-06-28T00:16:02.745Z,25.32
2026-06-28T00:21:02.509Z,25.37
2026-06-28T00:26:02.538Z,25.29
2026-06-28T00:31:02.653Z,25.23
2026-06-28T00:36:02.627Z,25.14
2026-06-28T00:41:02.619Z,25.23
2026-06-28T00:46:02.964Z,25.34
2026-06-28T00:51:02.596Z,25.29
2026-06-28T00:56:03.14Z,25.37
2026-06-28T01:01:02.465Z,25.4
2026-06-28T01:06:02.784Z,25.4
2026-06-28T01:11:02.391Z,25.29
2026-06-28T01:16:02.753Z,25.14
2026-06-28T01:21:02.408Z,25.17
2026-06-28T01:26:02.811Z,25.03
2026-06-28T01:31:02.597Z,24.91
2026-06-28T01:36:02.592Z,24.8
2026-06-28T01:41:02.433Z,24.8
2026-06-28T01:46:03.262Z,24.68
2026-06-28T01:51:02.725Z,24.6
2026-06-28T01:56:02.524Z,24.57
2026-06-28T02:01:02.788Z,24.54
2026-06-28T02:06:03.577Z,24.42
2026-06-28T02:11:02.679Z,24.54
2026-06-28T02:16:02.714Z,24.48
2026-06-28T02:21:02.425Z,24.51
2026-06-28T02:26:03.011Z,24.45
2026-06-28T02:31:02.666Z,24.42
2026-06-28T02:36:02.42Z,24.39
2026-06-28T02:41:02.623Z,24.34
2026-06-28T02:46:04.346Z,24.37
2026-06-28T02:51:02.598Z,24.25
2026-06-28T02:56:03.133Z,24.16
2026-06-28T03:01:04.986Z,24.11
2026-06-28T03:06:02.502Z,24.11
2026-06-28T03:11:02.87Z,24.02
2026-06-28T03:16:03.023Z,23.96
2026-06-28T03:21:02.426Z,23.99
2026-06-28T03:26:02.788Z,23.79
2026-06-28T03:31:02.861Z,23.62
2026-06-28T03:36:02.562Z,23.53
2026-06-28T03:41:02.73Z,23.5
2026-06-28T03:46:03.014Z,23.47
2026-06-28T03:51:03.207Z,23.5
2026-06-28T03:56:02.643Z,23.47
2026-06-28T04:01:02.932Z,23.44
2026-06-28T04:06:02.7Z,23.41
2026-06-28T04:11:03.368Z,23.44
2026-06-28T04:16:02.657Z,23.33
2026-06-28T04:21:03.299Z,23.39
2026-06-28T04:26:02.675Z,23.3
2026-06-28T04:31:02.551Z,23.27
2026-06-28T04:36:02.335Z,23.24
2026-06-28T04:41:02.575Z,23.18
2026-06-28T04:46:03.301Z,23.13
2026-06-28T04:51:02.381Z,23.24
2026-06-28T04:56:02.63Z,23.3
2026-06-28T05:01:02.486Z,23.41
2026-06-28T05:06:02.682Z,23.47
2026-06-28T05:11:04.362Z,23.53
2026-06-28T05:16:02.67Z,23.65
2026-06-28T05:21:02.659Z,23.67
2026-06-28T05:26:03.207Z,23.88
2026-06-28T05:31:02.385Z,23.99
2026-06-28T05:36:02.716Z,24.02
2026-06-28T05:41:02.508Z,24.05
2026-06-28T05:46:02.386Z,24.13
2026-06-28T05:51:04.117Z,24.16
2026-06-28T05:56:03.518Z,24.31
2026-06-28T06:01:02.658Z,24.45
2026-06-28T06:06:02.59Z,24.6
2026-06-28T06:11:02.733Z,24.83
2026-06-28T06:16:02.846Z,24.97
2026-06-28T06:21:03.106Z,25.2
2026-06-28T06:26:02.479Z,25.32
2026-06-28T06:31:02.519Z,25.43
2026-06-28T06:36:04.961Z,25.49
2026-06-28T06:41:02.578Z,25.6
2026-06-28T06:46:02.401Z,25.75
2026-06-28T06:51:02.717Z,25.89
2026-06-28T06:56:02.496Z,25.97
2026-06-28T07:01:03.94Z,26.01
2026-06-28T07:06:04.398Z,26.18
2026-06-28T07:11:02.577Z,26.29
2026-06-28T07:16:02.675Z,26.46
2026-06-28T07:21:02.477Z,26.76
2026-06-28T07:26:02.681Z,26.99
2026-06-28T07:31:02.705Z,27.1
2026-06-28T07:36:03.483Z,27.04
2026-06-28T07:41:02.515Z,27.36
2026-06-28T07:46:02.626Z,27.41
2026-06-28T07:51:02.589Z,27.5
2026-06-28T07:56:04.554Z,27.71
2026-06-28T08:01:02.649Z,27.93
2026-06-28T08:06:03.138Z,28.22
2026-06-28T08:11:02.494Z,28.39
2026-06-28T08:16:03.79Z,28.6
2026-06-28T08:21:02.412Z,28.62
2026-06-28T08:26:02.899Z,29.06
2026-06-28T08:31:02.896Z,29.46
2026-06-28T08:36:02.905Z,29.6
2026-06-28T08:41:02.76Z,29.29
2026-06-28T08:46:03.156Z,29.72
2026-06-28T08:51:02.991Z,30.04
2026-06-28T08:56:02.806Z,30.15
2026-06-28T09:01:02.553Z,30.06
2026-06-28T09:06:02.504Z,30.32
2026-06-28T09:11:04.409Z,30.38
2026-06-28T09:16:02.408Z,30.58
2026-06-28T09:21:02.715Z,30.67
2026-06-28T09:26:02.548Z,30.81
2026-06-28T09:31:02.393Z,30.9
2026-06-28T09:36:02.619Z,30.93
2026-06-28T09:41:03.012Z,31.13
2026-06-28T09:46:04.902Z,31.24
2026-06-28T09:51:02.763Z,31.45
2026-06-28T09:56:02.559Z,31.71
2026-06-28T10:01:02.868Z,31.99
2026-06-28T10:06:04.445Z,31.99
2026-06-28T10:11:04.027Z,32.19
2026-06-28T10:16:02.771Z,32.54
2026-06-28T10:21:02.995Z,32.43
2026-06-28T10:26:02.854Z,32.31
2026-06-28T10:31:02.835Z,32.43
2026-06-28T10:36:02.699Z,32.4
2026-06-28T10:41:02.819Z,32.54
2026-06-28T10:46:04.477Z,32.62
2026-06-28T10:51:02.5Z,32.71
2026-06-28T10:56:02.703Z,32.62
2026-06-28T11:01:02.836Z,32.89
2026-06-28T11:06:02.633Z,33.11
2026-06-28T11:11:05.642Z,32.91
2026-06-28T11:16:02.784Z,32.8
2026-06-28T11:21:02.608Z,32.8
2026-06-28T11:26:02.672Z,33.26
2026-06-28T11:31:02.583Z,33.46
2026-06-28T11:36:02.763Z,33.17
2026-06-28T11:41:02.973Z,33.23
2026-06-28T11:46:05.084Z,33.43
2026-06-28T11:51:04.308Z,33.49
2026-06-28T11:56:02.646Z,33.69
2026-06-28T12:01:02.699Z,33.83
2026-06-28T12:06:04.474Z,33.63
2026-06-28T12:11:02.614Z,34.01
2026-06-28T12:16:03.054Z,34.06
2026-06-28T12:21:02.816Z,33.78
2026-06-28T12:26:02.587Z,33.92
2026-06-28T12:31:03.575Z,34.18
2026-06-28T12:36:02.606Z,34.03
2026-06-28T12:41:05.2Z,34.18
2026-06-28T12:46:02.993Z,34.18
2026-06-28T12:51:03.232Z,34.41
2026-06-28T12:56:02.731Z,34.41
2026-06-28T13:01:03.876Z,34.24
2026-06-28T13:06:02.419Z,34.35
2026-06-28T13:11:02.699Z,34.18
2026-06-28T13:16:03.207Z,34.21
2026-06-28T13:21:02.944Z,34.09
2026-06-28T13:26:02.604Z,34.06
2026-06-28T13:31:02.762Z,34.06
2026-06-28T13:36:02.567Z,34.32
2026-06-28T13:41:02.993Z,34.73
2026-06-28T13:46:02.673Z,34.96
2026-06-28T13:51:02.619Z,34.73
2026-06-28T13:56:03.197Z,35.04
2026-06-28T14:01:02.693Z,35.3
2026-06-28T14:06:02.661Z,35.42
2026-06-28T14:11:02.553Z,35.24
2026-06-28T14:16:02.472Z,35.01
2026-06-28T14:21:02.543Z,34.75
2026-06-28T14:26:03.887Z,34.61
2026-06-28T14:31:02.809Z,34.73
2026-06-28T14:36:02.539Z,34.7
2026-06-28T14:41:02.427Z,34.96
2026-06-28T14:46:02.66Z,34.9
2026-06-28T14:51:02.97Z,35.07
2026-06-28T14:56:04.029Z,34.87
2026-06-28T15:01:02.55Z,34.55
2026-06-28T15:06:02.951Z,34.24
2026-06-28T15:11:02.752Z,34.01
2026-06-28T15:16:02.916Z,33.98
2026-06-28T15:21:03.153Z,33.8
2026-06-28T15:26:02.638Z,33.8
2026-06-28T15:31:02.59Z,33.86
2026-06-28T15:36:02.402Z,33.66
2026-06-28T15:41:02.942Z,33.57
2026-06-28T15:46:02.656Z,33.57
2026-06-28T15:51:02.898Z,33.46
2026-06-28T15:56:02.53Z,33.08
2026-06-28T16:01:03.47Z,32.85
2026-06-28T16:06:03.062Z,32.91
2026-06-28T16:11:02.639Z,32.74
2026-06-28T16:16:03.069Z,32.66
2026-06-28T16:21:03.067Z,32.43
2026-06-28T16:26:02.362Z,32.28
2026-06-28T16:31:03.008Z,32.08
2026-06-28T16:36:02.578Z,31.94
2026-06-28T16:41:02.398Z,31.64
2026-06-28T16:46:02.468Z,31.56
2026-06-28T16:51:02.504Z,31.39
2026-06-28T16:56:02.699Z,31.22
2026-06-28T17:01:04.227Z,31.13
2026-06-28T17:06:02.622Z,31.04
2026-06-28T17:11:02.977Z,30.96
2026-06-28T17:16:02.914Z,30.99
2026-06-28T17:21:02.623Z,30.93
2026-06-28T17:26:02.392Z,30.9
2026-06-28T17:31:02.856Z,30.84
2026-06-28T17:36:04.48Z,30.73
2026-06-28T17:41:02.368Z,30.78
2026-06-28T17:46:04.778Z,30.75
2026-06-28T17:51:03.169Z,30.5
2026-06-28T17:56:02.944Z,30.44
2026-06-28T18:01:02.415Z,30.35
2026-06-28T18:06:02.706Z,30.27
2026-06-28T18:11:02.777Z,30.21
2026-06-28T18:16:02.639Z,30.04
2026-06-28T18:21:02.529Z,29.83
2026-06-28T18:26:03.989Z,29.69
2026-06-28T18:31:03.544Z,29.63
2026-06-28T18:36:05.432Z,29.6
2026-06-28T18:41:04.371Z,29.57
2026-06-28T18:46:02.774Z,29.34
2026-06-28T18:51:02.432Z,29.23
2026-06-28T18:56:02.761Z,29.2
2026-06-28T19:01:02.904Z,29.06
2026-06-28T19:06:02.986Z,29.06
2026-06-28T19:11:02.865Z,29.03
2026-06-28T19:16:02.772Z,28.94
2026-06-28T19:21:02.583Z,28.91
2026-06-28T19:26:02.72Z,28.85
2026-06-28T19:31:02.549Z,28.71
2026-06-28T19:36:02.718Z,28.6
2026-06-28T19:41:02.618Z,28.48
2026-06-28T19:46:02.651Z,28.45
2026-06-28T19:51:04.572Z,28.31
2026-06-28T19:56:02.546Z,28.25
2026-06-28T20:01:03.582Z,28.19
2026-06-28T20:06:02.731Z,28.05
2026-06-28T20:11:03.318Z,28.02
2026-06-28T20:16:02.835Z,28.02
2026-06-28T20:21:02.58Z,27.93
2026-06-28T20:26:02.406Z,27.97
2026-06-28T20:31:02.689Z,27.97
2026-06-28T20:36:03.211Z,27.85
2026-06-28T20:41:04.064Z,27.82
2026-06-28T20:46:02.609Z,27.79
2026-06-28T20:51:02.483Z,27.76
2026-06-28T20:56:02.678Z,27.67
2026-06-28T21:01:02.51Z,27.59
2026-06-28T21:06:02.529Z,27.59
2026-06-28T21:11:03.139Z,27.5
2026-06-28T21:16:02.471Z,27.53
2026-06-28T21:21:02.675Z,27.56
2026-06-28T21:26:02.6Z,27.56
2026-06-28T21:31:02.57Z,27.44
2026-06-28T21:36:02.985Z,27.5
2026-06-28T21:41:02.857Z,27.36
2026-06-28T21:46:03.153Z,27.3
2026-06-28T21:51:02.481Z,27.3
2026-06-28T21:56:02.706Z,27.27
2026-06-28T22:01:02.556Z,27.27
2026-06-28T22:06:02.565Z,27.24
2026-06-28T22:11:02.746Z,27.27
2026-06-28T22:16:04.383Z,27.24
2026-06-28T22:21:02.736Z,27.18
2026-06-28T22:26:03.368Z,27.18
2026-06-28T22:31:02.684Z,27.22
2026-06-28T22:36:03.39Z,27.22
2026-06-28T22:41:02.595Z,27.18
2026-06-28T22:46:02.475Z,27.27
2026-06-28T22:51:02.983Z,27.24
2026-06-28T22:56:03.706Z,27.27
2026-06-28T23:01:02.8Z,27.24
2026-06-28T23:06:03.103Z,27.24
2026-06-28T23:11:04.973Z,27.22
2026-06-28T23:16:03.296Z,27.07
2026-06-28T23:21:05.122Z,27.18
2026-06-28T23:26:04.192Z,27.18
2026-06-28T23:31:02.807Z,27.3
2026-06-28T23:36:02.612Z,27.18
2026-06-28T23:41:02.653Z,27.24
2026-06-28T23:46:02.55Z,27.18
2026-06-28T23:51:02.772Z,27.13
2026-06-28T23:56:02.278Z,27.16
2026-06-29T00:01:02.949Z,27.1
2026-06-29T00:06:02.498Z,26.99
2026-06-29T00:11:02.579Z,26.95
2026-06-29T00:16:02.419Z,26.9
2026-06-29T00:21:02.616Z,26.9
2026-06-29T00:26:02.427Z,26.95
2026-06-29T00:31:02.745Z,26.78
2026-06-29T00:36:02.661Z,26.84
2026-06-29T00:41:03.681Z,26.92
2026-06-29T00:46:02.34Z,26.9
2026-06-29T00:51:02.814Z,26.87
2026-06-29T00:56:02.474Z,27.01
2026-06-29T01:01:02.716Z,26.9
2026-06-29T01:06:02.526Z,26.78
2026-06-29T01:11:02.68Z,26.69
2026-06-29T01:16:03.235Z,26.64
2026-06-29T01:21:02.692Z,26.73
2026-06-29T01:26:02.484Z,26.69
2026-06-29T01:31:03.866Z,26.73
2026-06-29T01:36:02.85Z,26.67
2026-06-29T01:41:02.915Z,26.61
2026-06-29T01:46:02.77Z,26.52
2026-06-29T01:51:02.518Z,26.52
2026-06-29T01:56:02.58Z,26.52
2026-06-29T02:01:02.958Z,26.67
2026-06-29T02:06:02.668Z,26.67
2026-06-29T02:11:02.394Z,26.69
2026-06-29T02:16:03.749Z,26.69
2026-06-29T02:21:04.72Z,26.64
2026-06-29T02:26:02.598Z,26.73
2026-06-29T02:31:02.659Z,26.61
2026-06-29T02:36:02.425Z,26.55
2026-06-29T02:41:02.89Z,26.61
2026-06-29T02:46:02.886Z,26.58
2026-06-29T02:51:02.764Z,26.52
2026-06-29T02:56:02.36Z,26.46
2026-06-29T03:01:02.925Z,26.46
2026-06-29T03:06:03.993Z,26.5
2026-06-29T03:11:02.508Z,26.46
2026-06-29T03:16:02.818Z,26.5
2026-06-29T03:21:02.833Z,26.44
2026-06-29T03:26:02.857Z,26.44
2026-06-29T03:31:02.355Z,26.41
2026-06-29T03:36:02.873Z,26.44
2026-06-29T03:41:02.453Z,26.35
2026-06-29T03:46:02.504Z,26.32
2026-06-29T03:51:02.701Z,26.2
2026-06-29T03:56:03.127Z,26.15
2026-06-29T04:01:03.326Z,26.12
2026-06-29T04:06:02.405Z,26.09
2026-06-29T04:11:02.689Z,26.12
2026-06-29T04:16:03.781Z,26.12
2026-06-29T04:21:03.277Z,26.06
2026-06-29T04:26:02.712Z,26.06
2026-06-29T04:31:04.658Z,26.01
2026-06-29T04:36:04.653Z,25.95
2026-06-29T04:41:02.63Z,26.01
2026-06-29T04:46:02.435Z,25.92
2026-06-29T04:51:03.524Z,25.86
2026-06-29T04:56:02.444Z,25.86
2026-06-29T05:01:02.637Z,25.83
2026-06-29T05:06:04.348Z,25.78
2026-06-29T05:11:03.781Z,25.83
2026-06-29T05:16:03.204Z,25.72
2026-06-29T05:21:02.601Z,25.69
2026-06-29T05:26:04.572Z,25.78
2026-06-29T05:31:02.371Z,25.75
2026-06-29T05:36:02.66Z,25.83
2026-06-29T05:41:04.421Z,26.01
2026-06-29T05:46:03.599Z,26.09
2026-06-29T05:51:04.54Z,26.2
2026-06-29T05:56:02.49Z,26.29
2026-06-29T06:01:02.668Z,26.46
2026-06-29T06:06:02.418Z,26.55
2026-06-29T06:11:02.778Z,26.69
2026-06-29T06:16:04.621Z,26.87
2026-06-29T06:21:02.856Z,26.99
2026-06-29T06:26:02.633Z,27.18
2026-06-29T06:31:04.838Z,27.16
2026-06-29T06:36:03.897Z,27.3
2026-06-29T06:41:02.684Z,27.5
2026-06-29T06:46:04.479Z,27.53
2026-06-29T06:51:02.557Z,27.62
2026-06-29T06:56:02.856Z,27.64
2026-06-29T07:01:02.764Z,27.76
2026-06-29T07:06:02.828Z,27.93
2026-06-29T07:11:04.878Z,28.11
2026-06-29T07:16:02.58Z,28.34
2026-06-29T07:21:03.772Z,28.62
2026-06-29T07:26:02.776Z,28.91
2026-06-29T07:31:04.621Z,29.03
2026-06-29T07:36:02.542Z,28.94
2026-06-29T07:41:03.066Z,28.85
2026-06-29T07:46:02.852Z,29.11
2026-06-29T07:51:02.908Z,29.55
2026-06-29T07:56:02.85Z,30.32
2026-06-29T08:01:04.412Z,30.93
2026-06-29T08:06:02.503Z,31.01
2026-06-29T08:11:05.1Z,31.07
2026-06-29T08:16:02.408Z,30.87
2026-06-29T08:21:02.418Z,30.58
2026-06-29T08:26:03.245Z,30.44
2026-06-29T08:31:03.217Z,30.27
2026-06-29T08:36:02.864Z,30.18
2026-06-29T08:41:02.814Z,30.38
2026-06-29T08:46:03.198Z,30.44
2026-06-29T08:51:04.837Z,30.61
2026-06-29T08:56:02.463Z,30.93
2026-06-29T09:01:02.595Z,30.93
2026-06-29T09:06:04.894Z,30.7
2026-06-29T09:11:04.359Z,30.55
2026-06-29T09:16:02.989Z,30.47
2026-06-29T09:21:02.958Z,30.52
2026-06-29T09:26:02.751Z,30.27
2026-06-29T09:31:04.514Z,30.58
2026-06-29T09:36:03.106Z,30.99
2026-06-29T09:41:02.839Z,31.42
2026-06-29T09:46:03.065Z,31.87
2026-06-29T09:51:05.381Z,32.45
2026-06-29T09:56:05.083Z,32.71
2026-06-29T10:01:02.593Z,32.85
2026-06-29T10:06:03.059Z,33.15
2026-06-29T10:11:03.075Z,33.2
2026-06-29T10:16:02.775Z,33.23
2026-06-29T10:21:02.547Z,33.26
2026-06-29T10:26:02.434Z,33.15
2026-06-29T10:31:02.481Z,33.15
2026-06-29T10:36:03.092Z,33.17
2026-06-29T10:41:02.916Z,33.66
2026-06-29T10:46:02.375Z,34.06
2026-06-29T10:51:07.91Z,34.21
2026-06-29T10:56:04.797Z,34.55
2026-06-29T11:01:02.636Z,34.61
2026-06-29T11:06:02.765Z,34.78
2026-06-29T11:11:02.529Z,34.98
2026-06-29T11:16:03.526Z,34.67
2026-06-29T11:21:03.102Z,34.93
2026-06-29T11:26:02.657Z,35.04
2026-06-29T11:31:04.906Z,34.96
2026-06-29T11:36:03.523Z,34.96
2026-06-29T11:41:02.492Z,35.13
2026-06-29T11:46:02.652Z,35.24
2026-06-29T11:51:02.576Z,35.27
2026-06-29T11:56:02.747Z,35.42
2026-06-29T12:01:02.485Z,35.39
2026-06-29T12:06:02.744Z,35.45
2026-06-29T12:11:02.675Z,35.47
2026-06-29T12:16:02.371Z,35.33
2026-06-29T12:21:02.867Z,35.27
2026-06-29T12:26:04.191Z,35.19
2026-06-29T12:31:02.729Z,35.36
2026-06-29T12:36:02.604Z,35.56
2026-06-29T12:41:02.462Z,35.73
2026-06-29T12:46:03.583Z,35.76
2026-06-29T12:51:02.747Z,35.39
2026-06-29T12:56:03.252Z,35.42
2026-06-29T13:01:02.655Z,35.19
2026-06-29T13:06:02.889Z,35.45
2026-06-29T13:11:04.652Z,35.39
2026-06-29T13:16:02.796Z,35.3
2026-06-29T13:21:03.312Z,35.36
2026-06-29T13:26:02.366Z,35.36
2026-06-29T13:31:03.054Z,35.33
2026-06-29T13:36:02.53Z,35.5
2026-06-29T13:41:02.851Z,35.42
2026-06-29T13:46:02.647Z,35.36
2026-06-29T13:51:05.037Z,34.98
2026-06-29T13:56:02.789Z,34.9
2026-06-29T14:01:03.43Z,35.13
2026-06-29T14:06:02.625Z,35.01
2026-06-29T14:11:03.417Z,35.24
2026-06-29T14:16:02.498Z,35.13
2026-06-29T14:21:02.77Z,35.01
2026-06-29T14:26:02.464Z,34.87
2026-06-29T14:31:02.722Z,34.78
2026-06-29T14:36:02.651Z,35.07
2026-06-29T14:41:02.55Z,35.01
2026-06-29T14:46:03.181Z,34.98
2026-06-29T14:51:02.803Z,34.98
2026-06-29T14:56:02.951Z,34.9
2026-06-29T15:01:02.447Z,34.98
2026-06-29T15:06:02.702Z,34.96
2026-06-29T15:11:02.675Z,34.96
2026-06-29T15:16:02.563Z,34.9
2026-06-29T15:21:02.43Z,34.93
2026-06-29T15:26:03.658Z,35.1
2026-06-29T15:31:02.539Z,35.07
2026-06-29T15:36:03.127Z,34.96
2026-06-29T15:41:02.76Z,35.01
2026-06-29T15:46:02.504Z,34.98
2026-06-29T15:51:02.672Z,35.07
2026-06-29T15:56:02.592Z,34.78
2026-06-29T16:01:02.753Z,34.9
2026-06-29T16:06:02.764Z,35.16
2026-06-29T16:11:03.135Z,34.78
2026-06-29T16:16:05.874Z,34.58
2026-06-29T16:21:04.105Z,34.35
2026-06-29T16:26:02.433Z,34.18
2026-06-29T16:31:03.531Z,34.15
2026-06-29T16:36:05.079Z,34.09
2026-06-29T16:41:02.701Z,33.89
2026-06-29T16:46:02.416Z,33.98
2026-06-29T16:51:02.358Z,33.83
2026-06-29T16:56:02.781Z,33.95
2026-06-29T17:01:02.757Z,34.01
2026-06-29T17:06:02.555Z,33.83
2026-06-29T17:11:02.619Z,33.63
2026-06-29T17:16:02.592Z,33.63
2026-06-29T17:21:04.479Z,33.46
2026-06-29T17:26:02.668Z,33.52
2026-06-29T17:31:02.278Z,33.52
2026-06-29T17:36:02.669Z,33.43
2026-06-29T17:41:02.746Z,33.4
2026-06-29T17:46:03.105Z,33.17
2026-06-29T17:51:02.552Z,33.23
2026-06-29T17:56:02.417Z,33.17
2026-06-29T18:01:03.514Z,32.94
2026-06-29T18:06:02.838Z,32.82
2026-06-29T18:11:03.563Z,32.77
2026-06-29T18:16:02.687Z,32.8
2026-06-29T18:21:02.583Z,32.62
2026-06-29T18:26:03.936Z,32.59
2026-06-29T18:31:02.34Z,32.68
2026-06-29T18:36:02.603Z,32.48
2026-06-29T18:41:02.673Z,32.13
2026-06-29T18:46:02.535Z,31.96
2026-06-29T18:51:02.678Z,31.87
2026-06-29T18:56:02.603Z,31.71
2026-06-29T19:01:03.956Z,31.56
2026-06-29T19:06:02.561Z,31.45
2026-06-29T19:11:02.562Z,31.42
2026-06-29T19:16:02.329Z,31.3
2026-06-29T19:21:02.77Z,31.22
2026-06-29T19:26:02.667Z,31.16
2026-06-29T19:31:02.572Z,31.07
2026-06-29T19:36:02.807Z,30.96
2026-06-29T19:41:02.703Z,30.87
2026-06-29T19:46:02.366Z,30.78
2026-06-29T19:51:02.435Z,30.67
2026-06-29T19:56:02.308Z,30.55
2026-06-29T20:01:02.615Z,30.44
2026-06-29T20:06:02.361Z,30.32
2026-06-29T20:11:02.753Z,30.15
2026-06-29T20:16:02.434Z,30.12
2026-06-29T20:21:02.751Z,30.04
2026-06-29T20:26:02.676Z,30.04
2026-06-29T20:31:03.091Z,29.95
2026-06-29T20:36:02.776Z,30.01
2026-06-29T20:41:02.638Z,29.83
2026-06-29T20:46:02.454Z,29.89
2026-06-29T20:51:03.98Z,29.72
2026-06-29T20:56:05.441Z,29.63
2026-06-29T21:01:02.353Z,29.6
2026-06-29T21:06:04.629Z,29.49
2026-06-29T21:11:03.2Z,29.34
2026-06-29T21:16:03.892Z,29.2
2026-06-29T21:21:02.508Z,28.97
2026-06-29T21:26:02.537Z,28.94
2026-06-29T21:31:03.271Z,28.77
2026-06-29T21:36:02.634Z,28.6
2026-06-29T21:41:02.523Z,28.31
2026-06-29T21:46:03.163Z,28.13
2026-06-29T21:51:02.696Z,28.05
2026-06-29T21:56:04.534Z,27.87
2026-06-29T22:01:03.678Z,27.79
2026-06-29T22:06:03.645Z,27.76
2026-06-29T22:11:03.781Z,27.67
2026-06-29T22:16:02.42Z,27.62
2026-06-29T22:21:02.607Z,27.44
2026-06-29T22:26:02.547Z,27.22
2026-06-29T22:31:02.765Z,27.24
2026-06-29T22:36:02.763Z,27.33
2026-06-29T22:41:05.267Z,27.44
2026-06-29T22:46:03.096Z,27.67
2026-06-29T22:51:02.593Z,27.73
2026-06-29T22:56:02.765Z,27.76
2026-06-29T23:01:02.45Z,27.76
2026-06-29T23:06:03.248Z,27.67
2026-06-29T23:11:02.496Z,27.48
2026-06-29T23:16:04.711Z,27.36
2026-06-29T23:21:02.482Z,27.22
2026-06-29T23:26:02.682Z,27.07
2026-06-29T23:31:04.433Z,26.9
2026-06-29T23:36:02.658Z,26.76
2026-06-29T23:41:02.697Z,26.78
2026-06-29T23:46:03.25Z,26.52
2026-06-29T23:51:03.363Z,26.44
2026-06-29T23:56:02.789Z,26.38
2026-06-30T00:01:04.418Z,26.32
2026-06-30T00:06:02.781Z,26.27
2026-06-30T00:11:03.031Z,26.15
2026-06-30T00:16:03.516Z,26.06
2026-06-30T00:21:03.796Z,26.18
2026-06-30T00:26:02.781Z,26.18
2026-06-30T00:31:03.136Z,26.27
2026-06-30T00:36:02.677Z,26.15
2026-06-30T00:41:03.037Z,26.18
2026-06-30T00:46:02.46Z,26.06
2026-06-30T00:51:04.848Z,25.89
2026-06-30T00:56:02.921Z,25.78
2026-06-30T01:01:02.748Z,25.72
2026-06-30T01:06:03.166Z,25.69
2026-06-30T01:11:02.643Z,25.55
2026-06-30T01:16:02.843Z,25.55
2026-06-30T01:21:02.852Z,25.66
2026-06-30T01:26:02.369Z,26.01
2026-06-30T01:31:02.545Z,26.24
2026-06-30T01:36:02.527Z,26.27
2026-06-30T01:41:02.699Z,26.24
2026-06-30T01:46:02.709Z,26.18
2026-06-30T01:51:02.444Z,26.18
2026-06-30T01:56:04.822Z,26.2
2026-06-30T02:01:03.597Z,26.18
2026-06-30T02:06:02.651Z,26.09
2026-06-30T02:11:04.812Z,26.15
2026-06-30T02:16:02.526Z,26.15
2026-06-30T02:21:02.644Z,26.06
2026-06-30T02:26:03.035Z,26.06
2026-06-30T02:31:02.86Z,26.04
2026-06-30T02:36:04.571Z,26.09
2026-06-30T02:41:02.621Z,26.01
2026-06-30T02:46:02.388Z,26.04
2026-06-30T02:51:03.124Z,25.97
2026-06-30T02:56:02.58Z,25.89
2026-06-30T03:01:02.754Z,25.86
2026-06-30T03:06:02.499Z,25.89
2026-06-30T03:11:02.787Z,25.72
2026-06-30T03:16:02.648Z,25.46
2026-06-30T03:21:02.876Z,25.32
2026-06-30T03:26:02.885Z,25.29
2026-06-30T03:31:02.797Z,25.2
2026-06-30T03:36:02.757Z,25.11
2026-06-30T03:41:02.855Z,25.17
2026-06-30T03:46:06.187Z,25.11
2026-06-30T03:51:03.223Z,25.06
2026-06-30T03:56:02.843Z,24.97
2026-06-30T04:01:02.958Z,25.06
2026-06-30T04:06:03.437Z,25.0
2026-06-30T04:11:03.286Z,24.85
2026-06-30T04:16:04.511Z,24.6
2026-06-30T04:21:02.391Z,24.54
2026-06-30T04:26:02.661Z,24.31
2026-06-30T04:31:02.735Z,24.31
2026-06-30T04:36:04.663Z,24.22
2026-06-30T04:41:02.805Z,24.19
2026-06-30T04:46:02.951Z,24.19
2026-06-30T04:51:04.78Z,24.16
2026-06-30T04:56:02.387Z,24.13
2026-06-30T05:01:04.102Z,24.02
2026-06-30T05:06:02.783Z,24.02
2026-06-30T05:11:05.501Z,23.93
2026-06-30T05:16:02.5Z,23.88
2026-06-30T05:21:02.34Z,23.82
2026-06-30T05:26:02.612Z,23.9
2026-06-30T05:31:05.126Z,24.08
2026-06-30T05:36:03.718Z,24.31
2026-06-30T05:41:02.591Z,24.51
2026-06-30T05:46:03.535Z,24.74
2026-06-30T05:51:02.542Z,24.94
2026-06-30T05:56:02.477Z,25.03
2026-06-30T06:01:04.042Z,25.26
2026-06-30T06:06:02.545Z,25.32
2026-06-30T06:11:03.206Z,25.66
2026-06-30T06:16:03.005Z,25.97
2026-06-30T06:21:02.536Z,26.29
2026-06-30T06:26:02.504Z,26.44
2026-06-30T06:31:03.549Z,26.64
2026-06-30T06:36:02.984Z,26.81
2026-06-30T06:41:02.609Z,27.07
2026-06-30T06:46:03.502Z,27.24
2026-06-30T06:51:03.5Z,27.41
2026-06-30T06:56:02.551Z,27.59
2026-06-30T07:01:06.069Z,27.82
2026-06-30T07:06:03.375Z,28.16
2026-06-30T07:11:02.838Z,28.39
2026-06-30T07:16:02.802Z,28.68
2026-06-30T07:21:02.707Z,29.03
2026-06-30T07:26:03.641Z,29.17
2026-06-30T07:31:02.721Z,29.32
2026-06-30T07:36:02.578Z,29.55
2026-06-30T07:41:03.436Z,29.86
2026-06-30T07:46:02.998Z,29.86
2026-06-30T07:51:03.328Z,29.89
2026-06-30T07:56:06.559Z,29.98
2026-06-30T08:01:03.424Z,30.04
2026-06-30T08:06:02.705Z,30.29
2026-06-30T08:11:02.533Z,30.47
2026-06-30T08:16:02.641Z,30.93
2026-06-30T08:21:06.082Z,31.36
2026-06-30T08:26:07.072Z,31.64
2026-06-30T08:31:02.823Z,31.79
2026-06-30T08:36:02.747Z,31.91
2026-06-30T08:41:02.805Z,31.99
2026-06-30T08:46:04.205Z,32.17
2026-06-30T08:51:02.94Z,32.54
2026-06-30T08:56:02.615Z,32.8
2026-06-30T09:01:02.591Z,32.71
2026-06-30T09:06:03.205Z,32.68
2026-06-30T09:11:03.167Z,32.57
2026-06-30T09:16:02.364Z,32.74
2026-06-30T09:21:05.177Z,32.94
2026-06-30T09:26:04.624Z,33.29
2026-06-30T09:31:02.474Z,33.57
2026-06-30T09:36:02.788Z,33.6
2026-06-30T09:41:03.602Z,33.6
2026-06-30T09:46:02.765Z,33.6
2026-06-30T09:51:02.569Z,33.89
2026-06-30T09:56:02.452Z,34.03
2026-06-30T10:01:02.992Z,33.95
2026-06-30T10:06:05.154Z,34.09
2026-06-30T10:11:03.417Z,34.21
2026-06-30T10:16:06.146Z,34.35
2026-06-30T10:21:03.235Z,34.21
2026-06-30T10:26:04.442Z,34.29
2026-06-30T10:31:04.433Z,34.61
2026-06-30T10:36:02.437Z,34.61
2026-06-30T10:41:03.507Z,34.87
2026-06-30T10:46:02.511Z,34.9
2026-06-30T10:51:04.794Z,35.19
2026-06-30T10:56:02.715Z,35.1
2026-06-30T11:01:02.463Z,35.1
2026-06-30T11:06:02.859Z,35.13
2026-06-30T11:11:03.064Z,35.33
2026-06-30T11:16:03.026Z,35.19
2026-06-30T11:21:03.861Z,35.3
2026-06-30T11:26:02.675Z,35.53
2026-06-30T11:31:04.57Z,35.7
2026-06-30T11:36:02.985Z,35.68
2026-06-30T11:41:02.638Z,35.68
2026-06-30T11:46:02.64Z,35.79
2026-06-30T11:51:02.578Z,35.76
2026-06-30T11:56:02.731Z,35.88
2026-06-30T12:01:02.955Z,35.82
2026-06-30T12:06:03.781Z,35.88
2026-06-30T12:11:02.843Z,35.96
2026-06-30T12:16:02.481Z,36.25
2026-06-30T12:21:02.788Z,36.4
2026-06-30T12:26:02.467Z,36.34
2026-06-30T12:31:02.744Z,36.08
2026-06-30T12:36:03.938Z,35.91
2026-06-30T12:41:04.746Z,35.96
2026-06-30T12:46:02.809Z,35.91
2026-06-30T12:51:04.509Z,35.99
2026-06-30T12:56:02.809Z,36.05
2026-06-30T13:01:03.156Z,36.22
2026-06-30T13:06:02.875Z,36.17
2026-06-30T13:11:02.693Z,36.28
2026-06-30T13:16:03.846Z,36.25
2026-06-30T13:21:03.537Z,36.51
2026-06-30T13:26:03.304Z,36.45
2026-06-30T13:31:02.787Z,36.37
2026-06-30T13:36:02.736Z,36.6
2026-06-30T13:41:03.611Z,36.48
2026-06-30T13:46:02.388Z,36.4
2026-06-30T13:51:02.861Z,36.25
2026-06-30T13:56:02.958Z,36.4
2026-06-30T14:01:02.719Z,36.42
2026-06-30T14:06:02.499Z,36.37
2026-06-30T14:11:02.559Z,36.51
2026-06-30T14:16:02.673Z,36.51
2026-06-30T14:21:02.402Z,36.37
2026-06-30T14:26:02.833Z,36.42
2026-06-30T14:31:02.841Z,36.48
2026-06-30T14:36:02.731Z,36.48
2026-06-30T14:41:03.373Z,36.57
2026-06-30T14:46:02.925Z,36.37
2026-06-30T14:51:02.355Z,36.63
2026-06-30T14:56:02.468Z,36.77
2026-06-30T15:01:02.738Z,36.8
2026-06-30T15:06:02.735Z,36.94
2026-06-30T15:11:02.566Z,36.77
2026-06-30T15:16:03.306Z,36.68
2026-06-30T15:21:02.612Z,36.83
2026-06-30T15:26:02.813Z,36.77
2026-06-30T15:31:04.322Z,36.57
2026-06-30T15:36:03.1Z,36.42
2026-06-30T15:41:02.809Z,36.22
2026-06-30T15:46:02.466Z,36.31
2026-06-30T15:51:02.583Z,36.51
2026-06-30T15:56:03.16Z,36.66
2026-06-30T16:01:02.408Z,36.42
2026-06-30T16:06:03.061Z,36.4
2026-06-30T16:11:02.797Z,36.17
2026-06-30T16:16:04.198Z,36.28
2026-06-30T16:21:04.625Z,36.17
2026-06-30T16:26:02.664Z,36.17
2026-06-30T16:31:02.651Z,35.94
2026-06-30T16:36:04.331Z,35.82
2026-06-30T16:41:02.556Z,35.73
2026-06-30T16:46:03.189Z,35.82
2026-06-30T16:51:03.519Z,35.65
2026-06-30T16:56:02.812Z,35.59
2026-06-30T17:01:02.443Z,35.7
2026-06-30T17:06:02.855Z,35.5
2026-06-30T17:11:03.26Z,35.16
2026-06-30T17:16:03.022Z,35.24
2026-06-30T17:21:02.873Z,35.13
2026-06-30T17:26:03.921Z,35.22
2026-06-30T17:31:02.424Z,35.24
2026-06-30T17:36:02.534Z,35.13
2026-06-30T17:41:03.178Z,35.16
2026-06-30T17:46:02.639Z,35.04
2026-06-30T17:51:03.471Z,34.84
2026-06-30T17:56:02.515Z,34.64
2026-06-30T18:01:02.567Z,34.47
2026-06-30T18:06:02.519Z,34.47
2026-06-30T18:11:04.439Z,34.41
2026-06-30T18:16:02.385Z,34.21
2026-06-30T18:21:03.487Z,34.18
2026-06-30T18:26:02.709Z,34.01
2026-06-30T18:31:02.666Z,33.75
2026-06-30T18:36:02.566Z,33.54
2026-06-30T18:41:03.622Z,33.57
2026-06-30T18:46:05.578Z,33.34
2026-06-30T18:51:02.76Z,33.06
2026-06-30T18:56:03.174Z,32.91
2026-06-30T19:01:03.589Z,32.66
2026-06-30T19:06:02.433Z,32.45
2026-06-30T19:11:02.983Z,32.13
2026-06-30T19:16:02.642Z,31.85
2026-06-30T19:21:02.489Z,31.64
2026-06-30T19:26:03.401Z,31.45
2026-06-30T19:31:02.549Z,31.27
2026-06-30T19:36:02.323Z,31.1
2026-06-30T19:41:02.622Z,30.99
2026-06-30T19:46:02.509Z,30.84
2026-06-30T19:51:06.553Z,30.81
2026-06-30T19:56:02.452Z,30.67
2026-06-30T20:01:03.367Z,30.5
2026-06-30T20:06:02.818Z,30.35
2026-06-30T20:11:04.424Z,30.15
2026-06-30T20:16:02.592Z,29.98
2026-06-30T20:21:02.464Z,29.83
2026-06-30T20:26:02.705Z,29.72
2026-06-30T20:31:02.64Z,29.6
2026-06-30T20:36:02.594Z,29.55
2026-06-30T20:41:02.711Z,29.49
2026-06-30T20:46:02.558Z,29.32
2026-06-30T20:51:03.629Z,29.26
2026-06-30T20:56:02.948Z,29.17
2026-06-30T21:01:02.479Z,29.14
2026-06-30T21:06:02.77Z,29.0
2026-06-30T21:11:02.959Z,28.85
2026-06-30T21:16:02.87Z,28.91
2026-06-30T21:21:02.621Z,28.77
2026-06-30T21:26:02.532Z,28.62
2026-06-30T21:31:02.613Z,28.57
2026-06-30T21:36:03.491Z,28.54
2026-06-30T21:41:02.814Z,28.39
2026-06-30T21:46:04.565Z,28.31
2026-06-30T21:51:02.406Z,28.22
2026-06-30T21:56:03.542Z,28.13
2026-06-30T22:01:03.06Z,28.02
2026-06-30T22:06:03.761Z,27.85
2026-06-30T22:11:02.866Z,27.73
2026-06-30T22:16:02.797Z,27.64
2026-06-30T22:21:02.563Z,27.59
2026-06-30T22:26:02.683Z,27.53
2026-06-30T22:31:02.71Z,27.44
2026-06-30T22:36:02.519Z,27.44
2026-06-30T22:41:02.4Z,27.36
2026-06-30T22:46:04.261Z,27.39
2026-06-30T22:51:02.589Z,27.36
2026-06-30T22:56:03.86Z,27.33
2026-06-30T23:01:02.588Z,27.27
2026-06-30T23:06:02.359Z,27.22
2026-06-30T23:11:02.664Z,27.24
2026-06-30T23:16:02.462Z,27.22
2026-06-30T23:21:02.962Z,27.13
2026-06-30T23:26:02.673Z,26.99
2026-06-30T23:31:02.58Z,27.01
2026-06-30T23:36:02.783Z,26.95
2026-06-30T23:41:02.672Z,26.9
2026-06-30T23:46:02.384Z,26.87
2026-06-30T23:51:02.692Z,26.81
2026-06-30T23:56:02.505Z,26.69
2026-07-01T00:01:02.37Z,26.69
2026-07-01T00:06:02.641Z,26.73
2026-07-01T00:11:03.949Z,26.73
2026-07-01T00:16:02.625Z,26.76
2026-07-01T00:21:02.43Z,26.73
2026-07-01T00:26:02.536Z,26.73
2026-07-01T00:31:02.426Z,26.69
2026-07-01T00:36:02.75Z,26.64
2026-07-01T00:41:04.842Z,26.61
2026-07-01T00:46:03.546Z,26.58
2026-07-01T00:51:02.721Z,26.61
2026-07-01T00:56:03.149Z,26.58
2026-07-01T01:01:02.78Z,26.61
2026-07-01T01:06:02.455Z,26.69
2026-07-01T01:11:02.564Z,26.61
2026-07-01T01:16:02.632Z,26.58
2026-07-01T01:21:02.909Z,26.46
2026-07-01T01:26:02.378Z,26.44
2026-07-01T01:31:02.662Z,26.35
2026-07-01T01:36:02.522Z,26.41
2026-07-01T01:41:02.764Z,26.38
2026-07-01T01:46:04.28Z,26.44
2026-07-01T01:51:02.577Z,26.2
2026-07-01T01:56:02.949Z,26.09
2026-07-01T02:01:02.702Z,26.06
2026-07-01T02:06:02.761Z,25.92
2026-07-01T02:11:02.628Z,25.8
2026-07-01T02:16:04.879Z,25.66
2026-07-01T02:21:03.693Z,25.6
2026-07-01T02:26:02.872Z,25.52
2026-07-01T02:31:02.574Z,25.46
2026-07-01T02:36:02.389Z,25.37
2026-07-01T02:41:02.759Z,25.29
2026-07-01T02:46:03.443Z,25.17
2026-07-01T02:51:04.673Z,25.2
2026-07-01T02:56:02.407Z,25.09
2026-07-01T03:01:02.733Z,25.06
2026-07-01T03:06:02.774Z,25.14
2026-07-01T03:11:02.365Z,25.09
2026-07-01T03:16:02.733Z,25.14
2026-07-01T03:21:02.647Z,25.11
2026-07-01T03:26:03.297Z,25.09
2026-07-01T03:31:03.107Z,24.97
2026-07-01T03:36:02.716Z,24.97
2026-07-01T03:41:04.517Z,24.88
2026-07-01T03:46:02.531Z,24.77
2026-07-01T03:51:02.868Z,24.74
2026-07-01T03:56:03.381Z,24.71
2026-07-01T04:01:02.412Z,24.62
2026-07-01T04:06:02.614Z,24.6
2026-07-01T04:11:02.522Z,24.54
2026-07-01T04:16:02.725Z,24.57
2026-07-01T04:21:02.377Z,24.6
2026-07-01T04:26:02.734Z,24.68
2026-07-01T04:31:02.575Z,24.85
2026-07-01T04:36:02.542Z,25.03
2026-07-01T04:41:02.845Z,25.03
2026-07-01T04:46:04.109Z,25.06
2026-07-01T04:51:02.503Z,25.11
2026-07-01T04:56:02.745Z,24.97
2026-07-01T05:01:04.842Z,25.0
2026-07-01T05:06:02.85Z,25.03
2026-07-01T05:11:02.616Z,25.0
2026-07-01T05:16:02.417Z,25.14
2026-07-01T05:21:03.195Z,25.2
2026-07-01T05:26:02.556Z,25.2
2026-07-01T05:31:03.049Z,25.26
2026-07-01T05:36:02.681Z,25.29
2026-07-01T05:41:04.216Z,25.29
2026-07-01T05:46:05.016Z,25.4
2026-07-01T05:51:05.229Z,25.4
2026-07-01T05:56:03.392Z,25.55
2026-07-01T06:01:02.722Z,25.75
2026-07-01T06:06:03.45Z,25.83
2026-07-01T06:11:02.768Z,25.95
2026-07-01T06:16:02.607Z,26.04
2026-07-01T06:21:02.466Z,26.15
2026-07-01T06:26:02.53Z,26.32
2026-07-01T06:31:03.418Z,26.46
2026-07-01T06:36:02.693Z,26.69
2026-07-01T06:41:02.535Z,27.01
2026-07-01T06:46:02.473Z,27.13
2026-07-01T06:51:02.626Z,27.27
2026-07-01T06:56:04.516Z,27.44
2026-07-01T07:01:03.343Z,27.71
2026-07-01T07:06:02.836Z,27.93
2026-07-01T07:11:02.533Z,28.28
2026-07-01T07:16:04.195Z,28.42
2026-07-01T07:21:03.847Z,28.57
2026-07-01T07:26:03.121Z,28.71
2026-07-01T07:31:02.698Z,28.88
2026-07-01T07:36:03.29Z,29.11
2026-07-01T07:41:02.439Z,29.37
2026-07-01T07:46:02.415Z,29.63
2026-07-01T07:51:02.831Z,29.95
2026-07-01T07:56:03.76Z,30.24
2026-07-01T08:01:02.821Z,30.61
2026-07-01T08:06:03.548Z,30.47
2026-07-01T08:11:02.428Z,30.78
2026-07-01T08:16:03.809Z,31.13
2026-07-01T08:21:04.751Z,31.19
2026-07-01T08:26:02.928Z,31.53
2026-07-01T08:31:02.894Z,31.68
2026-07-01T08:36:03.733Z,32.11
2026-07-01T08:41:02.737Z,32.34
2026-07-01T08:46:02.988Z,32.45
2026-07-01T08:51:02.645Z,32.54
2026-07-01T08:56:02.621Z,32.8
2026-07-01T09:01:02.562Z,32.74
2026-07-01T09:06:02.651Z,32.94
2026-07-01T09:11:02.527Z,32.97
2026-07-01T09:16:03.127Z,33.0
2026-07-01T09:21:02.671Z,33.26
2026-07-01T09:26:03.915Z,33.75
2026-07-01T09:31:03.086Z,34.15
2026-07-01T09:36:03.564Z,34.18
2026-07-01T09:41:02.442Z,34.32
2026-07-01T09:46:02.745Z,34.47
2026-07-01T09:51:03.083Z,34.58
2026-07-01T09:56:04.062Z,34.67
2026-07-01T10:01:02.662Z,34.5
2026-07-01T10:06:02.713Z,34.58
2026-07-01T10:11:02.795Z,34.78
2026-07-01T10:16:02.751Z,35.07
2026-07-01T10:21:03.182Z,35.33
2026-07-01T10:26:02.744Z,35.47
2026-07-01T10:31:02.729Z,35.53
2026-07-01T10:36:03.155Z,35.59
2026-07-01T10:41:02.817Z,35.7
2026-07-01T10:46:02.768Z,35.91
2026-07-01T10:51:02.694Z,36.17
2026-07-01T10:56:02.672Z,36.08
2026-07-01T11:01:04.287Z,36.22
2026-07-01T11:06:02.865Z,36.51
2026-07-01T11:11:04.238Z,36.74
2026-07-01T11:16:04.319Z,36.77
2026-07-01T11:21:03.756Z,36.94
2026-07-01T11:26:04.217Z,37.26
2026-07-01T11:31:02.658Z,37.2
2026-07-01T11:36:02.415Z,37.54
2026-07-01T11:41:02.694Z,37.52
2026-07-01T11:46:02.623Z,37.54
2026-07-01T11:51:02.604Z,37.66
2026-07-01T11:56:02.547Z,37.72
2026-07-01T12:01:02.342Z,37.75
2026-07-01T12:06:02.498Z,37.92
2026-07-01T12:11:02.428Z,38.03
2026-07-01T12:16:03.177Z,38.29
2026-07-01T12:21:04.673Z,38.33
2026-07-01T12:26:03.214Z,38.38
2026-07-01T12:31:05.939Z,38.56
2026-07-01T12:36:03.378Z,38.73
2026-07-01T12:41:02.743Z,38.67
2026-07-01T12:46:02.755Z,38.49
2026-07-01T12:51:02.744Z,38.41
2026-07-01T12:56:02.537Z,38.12
2026-07-01T13:01:04.665Z,38.12
2026-07-01T13:06:02.804Z,37.92
2026-07-01T13:11:02.44Z,37.75
2026-07-01T13:16:02.479Z,37.75
2026-07-01T13:21:03.395Z,37.77
2026-07-01T13:26:02.446Z,37.89
2026-07-01T13:31:02.528Z,37.69
2026-07-01T13:36:05.721Z,37.63
2026-07-01T13:41:02.608Z,37.66
2026-07-01T13:46:03.685Z,37.75
2026-07-01T13:51:02.51Z,37.77
2026-07-01T13:56:03.139Z,37.77
2026-07-01T14:01:02.616Z,37.58
2026-07-01T14:06:05.054Z,37.46
2026-07-01T14:11:02.583Z,37.4
2026-07-01T14:16:02.63Z,37.46
2026-07-01T14:21:03.931Z,37.46
2026-07-01T14:26:02.752Z,37.4
2026-07-01T14:31:02.615Z,37.2
2026-07-01T14:36:02.578Z,36.94
2026-07-01T14:41:02.385Z,37.12
2026-07-01T14:46:03.213Z,37.2
2026-07-01T14:51:02.639Z,37.26
2026-07-01T14:56:03.478Z,37.17
2026-07-01T15:01:02.814Z,37.12
2026-07-01T15:06:02.984Z,37.05
2026-07-01T15:11:03.191Z,37.09
2026-07-01T15:16:04.3Z,37.26
2026-07-01T15:21:02.736Z,37.31
2026-07-01T15:26:02.381Z,37.15
2026-07-01T15:31:02.661Z,37.05
2026-07-01T15:36:03.837Z,37.12
2026-07-01T15:41:02.421Z,37.29
2026-07-01T15:46:02.756Z,37.17
2026-07-01T15:51:03.026Z,36.89
2026-07-01T15:56:02.492Z,36.94
2026-07-01T16:01:03.184Z,37.09
2026-07-01T16:06:02.791Z,37.03
2026-07-01T16:11:02.799Z,36.8
2026-07-01T16:16:03.074Z,36.51
2026-07-01T16:21:02.701Z,36.34
2026-07-01T16:26:02.896Z,36.37
2026-07-01T16:31:02.641Z,36.34
2026-07-01T16:36:02.603Z,36.14
2026-07-01T16:41:02.696Z,35.94
2026-07-01T16:46:05.197Z,35.94
2026-07-01T16:51:03.666Z,35.85
2026-07-01T16:56:02.606Z,35.76
2026-07-01T17:01:02.89Z,35.82
2026-07-01T17:06:02.579Z,35.94
2026-07-01T17:11:02.593Z,35.88
2026-07-01T17:16:02.753Z,35.7
2026-07-01T17:21:02.526Z,35.7
2026-07-01T17:26:03.281Z,35.5
2026-07-01T17:31:02.954Z,35.62
2026-07-01T17:36:02.43Z,35.47
2026-07-01T17:41:02.315Z,35.33
2026-07-01T17:46:02.764Z,34.98
2026-07-01T17:51:02.357Z,34.96
2026-07-01T17:56:02.462Z,34.9
2026-07-01T18:01:02.438Z,34.75
2026-07-01T18:06:02.365Z,34.73
2026-07-01T18:11:06.376Z,34.61
2026-07-01T18:16:03.417Z,34.58
2026-07-01T18:21:02.698Z,34.52
2026-07-01T18:26:06.246Z,34.35
2026-07-01T18:31:02.794Z,34.32
2026-07-01T18:36:03.082Z,34.27
2026-07-01T18:41:02.665Z,34.18
2026-07-01T18:46:02.668Z,33.95
2026-07-01T18:51:02.878Z,33.8
2026-07-01T18:56:02.598Z,33.69
2026-07-01T19:01:02.532Z,33.46
2026-07-01T19:06:06.523Z,33.26
2026-07-01T19:11:04.47Z,33.08
2026-07-01T19:16:02.924Z,32.85
2026-07-01T19:21:02.759Z,32.8
2026-07-01T19:26:02.642Z,32.66
2026-07-01T19:31:02.622Z,32.59
2026-07-01T19:36:02.83Z,32.54
2026-07-01T19:41:02.738Z,32.51
2026-07-01T19:46:02.689Z,32.28
2026-07-01T19:51:02.94Z,32.13
2026-07-01T19:56:03.013Z,31.99
2026-07-01T20:01:02.806Z,31.82
2026-07-01T20:06:04.762Z,31.73
2026-07-01T20:11:05.729Z,31.59
2026-07-01T20:16:03.452Z,31.45
2026-07-01T20:21:02.498Z,31.36
2026-07-01T20:26:03.168Z,31.27
2026-07-01T20:31:05.195Z,31.19
2026-07-01T20:36:03.633Z,31.1
2026-07-01T20:41:02.778Z,30.9
2026-07-01T20:46:04.084Z,30.58
2026-07-01T20:51:02.655Z,30.35
2026-07-01T20:56:04.323Z,30.06
2026-07-01T21:01:02.464Z,29.8
2026-07-01T21:06:02.543Z,29.57
2026-07-01T21:11:03.052Z,29.37
2026-07-01T21:16:05.171Z,29.2
2026-07-01T21:21:03.55Z,29.06
2026-07-01T21:26:03.073Z,28.97
2026-07-01T21:31:02.384Z,28.88
2026-07-01T21:36:02.559Z,28.62
2026-07-01T21:41:02.709Z,28.62
2026-07-01T21:46:02.428Z,28.57
2026-07-01T21:51:03.499Z,28.42
2026-07-01T21:56:04.093Z,28.39
2026-07-01T22:01:04.93Z,28.31
2026-07-01T22:06:02.538Z,28.28
2026-07-01T22:11:02.653Z,28.19
2026-07-01T22:16:02.935Z,28.13
2026-07-01T22:21:04.376Z,28.05
2026-07-01T22:26:04.751Z,28.05
2026-07-01T22:31:02.716Z,28.05
2026-07-01T22:36:02.689Z,27.9
2026-07-01T22:41:02.471Z,27.87
2026-07-01T22:46:05.156Z,27.79
2026-07-01T22:51:02.56Z,27.62
2026-07-01T22:56:02.734Z,27.71
2026-07-01T23:01:02.576Z,27.59
2026-07-01T23:06:02.414Z,27.59
2026-07-01T23:11:02.797Z,27.44
2026-07-01T23:16:02.881Z,27.41
2026-07-01T23:21:02.612Z,27.39
2026-07-01T23:26:02.509Z,27.44
2026-07-01T23:31:02.541Z,27.48
2026-07-01T23:36:02.429Z,27.41
2026-07-01T23:41:03.635Z,27.41
2026-07-01T23:46:02.572Z,27.41
2026-07-01T23:51:02.684Z,27.39
2026-07-01T23:56:02.699Z,27.39
2026-07-02T00:01:03.182Z,27.39
2026-07-02T00:06:02.962Z,27.33
2026-07-02T00:11:02.591Z,27.27
2026-07-02T00:16:03.376Z,27.27
2026-07-02T00:21:03.3Z,27.24
2026-07-02T00:26:02.769Z,27.16
2026-07-02T00:31:02.742Z,27.16
2026-07-02T00:36:02.766Z,27.1
2026-07-02T00:41:02.461Z,27.04
2026-07-02T00:46:03.741Z,27.01
2026-07-02T00:51:02.529Z,27.01
2026-07-02T00:56:02.716Z,27.1
2026-07-02T01:01:02.588Z,26.99
2026-07-02T01:06:02.482Z,27.01
2026-07-02T01:11:02.455Z,26.9
2026-07-02T01:16:02.696Z,26.95
2026-07-02T01:21:02.711Z,26.87
2026-07-02T01:26:02.703Z,26.84
2026-07-02T01:31:02.512Z,26.84
2026-07-02T01:36:02.483Z,26.78
2026-07-02T01:41:03.003Z,26.69
2026-07-02T01:46:02.939Z,26.67
2026-07-02T01:51:02.963Z,26.67
2026-07-02T01:56:02.384Z,26.67
2026-07-02T02:01:03.223Z,26.61
2026-07-02T02:06:02.512Z,26.58
2026-07-02T02:11:02.901Z,26.52
2026-07-02T02:16:02.634Z,26.52
2026-07-02T02:21:02.845Z,26.44
2026-07-02T02:26:02.755Z,26.5
2026-07-02T02:31:02.511Z,26.41
2026-07-02T02:36:02.545Z,26.44
2026-07-02T02:41:02.619Z,26.46
2026-07-02T02:46:04.351Z,26.32
2026-07-02T02:51:02.366Z,26.38
2026-07-02T02:56:02.534Z,26.32
2026-07-02T03:01:03.581Z,26.32
2026-07-02T03:06:04.753Z,26.27
2026-07-02T03:11:02.597Z,26.32
2026-07-02T03:16:03.999Z,26.27
2026-07-02T03:21:03.652Z,26.29
2026-07-02T03:26:02.707Z,26.27
2026-07-02T03:31:02.524Z,26.27
2026-07-02T03:36:02.801Z,26.24
2026-07-02T03:41:02.619Z,26.24
2026-07-02T03:46:02.688Z,26.32
2026-07-02T03:51:02.738Z,26.29
2026-07-02T03:56:02.556Z,26.29
2026-07-02T04:01:02.942Z,26.32
2026-07-02T04:06:03.205Z,26.24
2026-07-02T04:11:02.348Z,26.29
2026-07-02T04:16:02.741Z,26.2
2026-07-02T04:21:03.077Z,26.27
2026-07-02T04:26:02.46Z,26.15
2026-07-02T04:31:02.6Z,26.09
2026-07-02T04:36:02.675Z,26.06
2026-07-02T04:41:02.568Z,26.06
2026-07-02T04:46:02.692Z,26.09
2026-07-02T04:51:02.663Z,26.06
2026-07-02T04:56:03.832Z,26.12
2026-07-02T05:01:03.083Z,26.09
2026-07-02T05:06:02.443Z,26.15
2026-07-02T05:11:02.709Z,26.18
2026-07-02T05:16:02.491Z,26.18
2026-07-02T05:21:03.808Z,26.27
2026-07-02T05:26:04.25Z,26.2
2026-07-02T05:31:02.378Z,26.29
2026-07-02T05:36:03.756Z,26.32
2026-07-02T05:41:03.333Z,26.44
2026-07-02T05:46:03.02Z,26.44
2026-07-02T05:51:02.413Z,26.46
2026-07-02T05:56:02.548Z,26.67
2026-07-02T06:01:03.36Z,26.73
2026-07-02T06:06:03.225Z,26.69
2026-07-02T06:11:02.765Z,26.84
2026-07-02T06:16:02.557Z,26.81
2026-07-02T06:21:02.696Z,26.99
2026-07-02T06:26:02.395Z,27.16
2026-07-02T06:31:02.775Z,27.27
2026-07-02T06:36:03.283Z,27.48
2026-07-02T06:41:03.518Z,27.59
2026-07-02T06:46:02.712Z,27.73
2026-07-02T06:51:02.51Z,27.79
2026-07-02T06:56:04.87Z,27.79
2026-07-02T07:01:02.463Z,28.11
2026-07-02T07:06:02.816Z,28.19
2026-07-02T07:11:02.519Z,28.34
2026-07-02T07:16:02.473Z,28.71
2026-07-02T07:21:04.546Z,28.71
2026-07-02T07:26:02.511Z,28.88
2026-07-02T07:31:02.446Z,28.85
2026-07-02T07:36:04.965Z,29.0
2026-07-02T07:41:03.375Z,29.14
2026-07-02T07:46:02.715Z,29.23
2026-07-02T07:51:02.521Z,29.14
2026-07-02T07:56:02.468Z,29.4
2026-07-02T08:01:03.528Z,29.46
2026-07-02T08:06:03.312Z,29.57
2026-07-02T08:11:02.938Z,29.95
2026-07-02T08:16:04.542Z,30.27
2026-07-02T08:21:02.884Z,30.55
2026-07-02T08:26:03.703Z,30.9
2026-07-02T08:31:02.633Z,30.64
2026-07-02T08:36:04.987Z,30.64
2026-07-02T08:41:02.913Z,30.64
2026-07-02T08:46:02.821Z,30.75
2026-07-02T08:51:03.057Z,30.96
2026-07-02T08:56:03.262Z,30.75
2026-07-02T09:01:02.89Z,30.84
2026-07-02T09:06:02.949Z,31.01
2026-07-02T09:11:02.937Z,31.42
2026-07-02T09:16:02.686Z,31.47
2026-07-02T09:21:02.594Z,31.56
2026-07-02T09:26:02.793Z,31.62
2026-07-02T09:31:03.825Z,31.73
2026-07-02T09:36:02.835Z,31.96
2026-07-02T09:41:02.69Z,32.36
2026-07-02T09:46:03.579Z,32.57
2026-07-02T09:51:03.041Z,32.66
2026-07-02T09:56:02.662Z,32.48
2026-07-02T10:01:03.024Z,32.51
2026-07-02T10:06:02.901Z,32.97
2026-07-02T10:11:02.58Z,32.8
2026-07-02T10:16:04.835Z,32.91
2026-07-02T10:21:02.53Z,33.23
2026-07-02T10:26:02.876Z,33.23
2026-07-02T10:31:02.689Z,33.06
2026-07-02T10:36:02.904Z,33.06
2026-07-02T10:41:02.844Z,33.08
2026-07-02T10:46:02.634Z,33.17
2026-07-02T10:51:02.331Z,33.29
2026-07-02T10:56:02.736Z,33.29
2026-07-02T11:01:05.317Z,33.46
2026-07-02T11:06:02.425Z,33.72
2026-07-02T11:11:02.956Z,33.57
2026-07-02T11:16:03.291Z,33.29
2026-07-02T11:21:03.281Z,33.43
2026-07-02T11:26:03.768Z,33.29
2026-07-02T11:31:02.954Z,33.34
2026-07-02T11:36:02.852Z,33.52
2026-07-02T11:41:02.644Z,33.8
2026-07-02T11:46:02.371Z,33.54
2026-07-02T11:51:02.813Z,33.86
2026-07-02T11:56:02.516Z,33.92
2026-07-02T12:01:03.468Z,34.06
2026-07-02T12:06:04.728Z,34.18
2026-07-02T12:11:05.361Z,34.09
2026-07-02T12:16:02.828Z,33.98
2026-07-02T12:21:03.16Z,34.41
2026-07-02T12:26:02.622Z,34.32
2026-07-02T12:31:03.413Z,34.41
2026-07-02T12:36:02.56Z,34.03
2026-07-02T12:41:02.641Z,34.24
2026-07-02T12:46:07.535Z,34.29
2026-07-02T12:51:02.915Z,33.89
2026-07-02T12:56:02.962Z,33.66
2026-07-02T13:01:02.445Z,33.83
2026-07-02T13:06:02.949Z,34.06
2026-07-02T13:11:02.575Z,34.01
2026-07-02T13:16:02.465Z,33.98
2026-07-02T13:21:02.915Z,33.75
2026-07-02T13:26:05.484Z,33.75
2026-07-02T13:31:03.158Z,33.92
2026-07-02T13:36:02.892Z,33.98
2026-07-02T13:41:04.688Z,34.29
2026-07-02T13:46:03.449Z,34.35
2026-07-02T13:51:02.806Z,34.55
2026-07-02T13:56:04.659Z,34.29
2026-07-02T14:01:02.922Z,34.21
2026-07-02T14:06:02.78Z,33.83
2026-07-02T14:11:03.526Z,34.06
2026-07-02T14:16:02.719Z,33.98
2026-07-02T14:21:02.583Z,34.21
2026-07-02T14:26:02.741Z,34.41
2026-07-02T14:31:02.821Z,34.38
2026-07-02T14:36:02.568Z,34.18
2026-07-02T14:41:02.627Z,33.98
2026-07-02T14:46:02.833Z,34.35
2026-07-02T14:51:02.548Z,34.18
2026-07-02T14:56:03.251Z,34.12
2026-07-02T15:01:02.624Z,34.03
2026-07-02T15:06:02.628Z,33.98
2026-07-02T15:11:03.833Z,33.66
2026-07-02T15:16:07.556Z,33.75
2026-07-02T15:21:02.821Z,33.46
2026-07-02T15:26:03.192Z,33.52
2026-07-02T15:31:02.361Z,33.52
2026-07-02T15:36:04.125Z,33.8
2026-07-02T15:41:02.609Z,33.66
2026-07-02T15:46:03.915Z,33.66
2026-07-02T15:51:02.879Z,33.49
2026-07-02T15:56:02.887Z,33.66
2026-07-02T16:01:03.14Z,33.69
2026-07-02T16:06:03.125Z,33.78
2026-07-02T16:11:03.493Z,33.75
2026-07-02T16:16:02.945Z,33.34
2026-07-02T16:21:02.997Z,33.08
2026-07-02T16:26:03.225Z,32.89
2026-07-02T16:31:02.827Z,32.94
2026-07-02T16:36:04.568Z,32.82
2026-07-02T16:41:02.474Z,32.71
2026-07-02T16:46:03.26Z,32.68
2026-07-02T16:51:03.509Z,32.97
2026-07-02T16:56:02.858Z,32.62
2026-07-02T17:01:03.621Z,32.54
2026-07-02T17:06:03.575Z,32.36
2026-07-02T17:11:02.389Z,32.36
2026-07-02T17:16:02.789Z,32.25
2026-07-02T17:21:04.821Z,31.99
2026-07-02T17:26:02.449Z,31.87
2026-07-02T17:31:03.033Z,32.05
2026-07-02T17:36:05.017Z,32.02
2026-07-02T17:41:03.36Z,32.11
2026-07-02T17:46:04.181Z,32.08
2026-07-02T17:51:05.299Z,31.91
2026-07-02T17:56:04.624Z,31.73
2026-07-02T18:01:02.894Z,31.76
2026-07-02T18:06:02.371Z,31.71
2026-07-02T18:11:02.847Z,31.82
2026-07-02T18:16:02.992Z,31.76
2026-07-02T18:21:02.621Z,31.62
2026-07-02T18:26:03.391Z,31.56
2026-07-02T18:31:02.517Z,31.3
2026-07-02T18:36:03.606Z,31.19
2026-07-02T18:41:02.677Z,31.01
2026-07-02T18:46:02.95Z,30.84
2026-07-02T18:51:02.72Z,30.61
2026-07-02T18:56:03.406Z,30.47
2026-07-02T19:01:03.792Z,30.32
2026-07-02T19:06:02.658Z,30.21
2026-07-02T19:11:02.547Z,29.95
2026-07-02T19:16:02.71Z,29.86
2026-07-02T19:21:02.577Z,29.72
2026-07-02T19:26:02.896Z,29.66
2026-07-02T19:31:02.428Z,29.43
2026-07-02T19:36:02.991Z,29.29
2026-07-02T19:41:02.754Z,29.11
2026-07-02T19:46:02.928Z,29.06
2026-07-02T19:51:02.434Z,29.0
2026-07-02T19:56:02.694Z,28.88
2026-07-02T20:01:03.355Z,28.8
2026-07-02T20:06:03.037Z,28.8
2026-07-02T20:11:03.307Z,28.8
2026-07-02T20:16:02.483Z,28.74
2026-07-02T20:21:02.669Z,28.71
2026-07-02T20:26:02.793Z,28.57
2026-07-02T20:31:04.666Z,28.48
2026-07-02T20:36:02.69Z,28.31
2026-07-02T20:41:02.55Z,28.34
2026-07-02T20:46:03.418Z,28.25
2026-07-02T20:51:02.8Z,28.28
2026-07-02T20:56:03.089Z,28.19
2026-07-02T21:01:02.645Z,28.13
2026-07-02T21:06:04.46Z,28.05
2026-07-02T21:11:02.614Z,28.02
2026-07-02T21:16:02.893Z,28.08
2026-07-02T21:21:02.54Z,27.97
2026-07-02T21:26:02.532Z,27.93
2026-07-02T21:31:03.236Z,27.87
2026-07-02T21:36:02.834Z,27.82
2026-07-02T21:41:02.442Z,27.73
2026-07-02T21:46:03.077Z,27.62
2026-07-02T21:51:04.872Z,27.62
2026-07-02T21:56:02.859Z,27.56
2026-07-02T22:01:02.44Z,27.56
2026-07-02T22:06:04.806Z,27.48
2026-07-02T22:11:02.41Z,27.39
2026-07-02T22:16:02.792Z,27.36
2026-07-02T22:21:04.679Z,27.3
2026-07-02T22:26:02.969Z,27.33
2026-07-02T22:31:02.68Z,27.16
2026-07-02T22:36:02.705Z,27.22
2026-07-02T22:41:02.385Z,27.1
2026-07-02T22:46:02.745Z,27.07
2026-07-02T22:51:02.584Z,27.01
2026-07-02T22:56:02.641Z,26.95
2026-07-02T23:01:02.294Z,26.95
2026-07-02T23:06:03.01Z,26.81
2026-07-02T23:11:02.804Z,26.87
2026-07-02T23:16:02.484Z,26.76
2026-07-02T23:21:03.339Z,26.73
2026-07-02T23:26:04.351Z,26.67
2026-07-02T23:31:02.628Z,26.73
2026-07-02T23:36:02.673Z,26.69
2026-07-02T23:41:02.604Z,26.58
2026-07-02T23:46:02.757Z,26.64
2026-07-02T23:51:02.616Z,26.52
2026-07-02T23:56:02.757Z,26.55
2026-07-03T00:01:02.577Z,26.44
2026-07-03T00:06:02.834Z,26.41
2026-07-03T00:11:03.177Z,26.35
2026-07-03T00:16:02.632Z,26.35
2026-07-03T00:21:02.412Z,26.24
2026-07-03T00:26:02.611Z,26.15
2026-07-03T00:31:02.701Z,26.09
2026-07-03T00:36:02.43Z,25.95
2026-07-03T00:41:02.656Z,25.86
2026-07-03T00:46:02.752Z,25.8
2026-07-03T00:51:02.614Z,25.69
2026-07-03T00:56:02.786Z,25.63
2026-07-03T01:01:04.542Z,25.57
2026-07-03T01:06:02.835Z,25.52
2026-07-03T01:11:05.071Z,25.57
2026-07-03T01:16:02.688Z,25.57
2026-07-03T01:21:03.061Z,25.55
2026-07-03T01:26:02.426Z,25.55
2026-07-03T01:31:03.159Z,25.57
2026-07-03T01:36:02.872Z,25.63
2026-07-03T01:41:02.674Z,25.72
2026-07-03T01:46:02.566Z,25.72
2026-07-03T01:51:02.663Z,25.6
2026-07-03T01:56:02.361Z,25.57
2026-07-03T02:01:02.724Z,25.6
2026-07-03T02:06:02.77Z,25.63
2026-07-03T02:11:02.778Z,25.75
2026-07-03T02:16:02.517Z,25.8
2026-07-03T02:21:02.572Z,25.89
2026-07-03T02:26:02.813Z,26.01
2026-07-03T02:31:02.499Z,26.06
2026-07-03T02:36:02.422Z,26.24
2026-07-03T02:41:02.696Z,26.29
2026-07-03T02:46:02.403Z,26.35
2026-07-03T02:51:02.582Z,26.35
2026-07-03T02:56:02.728Z,26.32
2026-07-03T03:01:05.954Z,26.29
2026-07-03T03:06:03.645Z,26.32
2026-07-03T03:14:28.711Z,26.24
2026-07-03T03:19:42.82Z,26.2
2026-07-03T03:22:40.498Z,26.15
2026-07-03T03:26:03.304Z,26.01
2026-07-03T03:31:03.365Z,26.09
2026-07-03T03:36:03.975Z,26.04
2026-07-03T03:41:09.521Z,26.01
2026-07-03T03:47:45.195Z,25.86
2026-07-03T03:52:41.321Z,25.63
2026-07-03T03:56:35.741Z,25.57
2026-07-03T04:01:02.678Z,25.4
2026-07-03T04:06:13.143Z,25.26
2026-07-03T04:11:03.511Z,25.11
2026-07-03T04:16:02.755Z,24.94
2026-07-03T04:21:04.116Z,24.71
2026-07-03T04:26:03.738Z,24.68
2026-07-03T04:31:10.438Z,24.65
2026-07-03T04:36:02.474Z,24.54
2026-07-03T04:41:02.478Z,24.45
2026-07-03T04:46:02.835Z,24.51
2026-07-03T04:51:02.513Z,24.48
2026-07-03T04:56:03.305Z,24.39
2026-07-03T05:01:02.967Z,24.48
2026-07-03T05:06:02.839Z,24.42
2026-07-03T05:11:02.694Z,24.42
2026-07-03T05:16:02.655Z,24.39
2026-07-03T05:21:04.849Z,24.39
2026-07-03T05:26:02.661Z,24.42
2026-07-03T05:31:03.626Z,24.48
2026-07-03T05:36:02.691Z,24.54
2026-07-03T05:41:02.41Z,24.71
2026-07-03T05:46:02.626Z,24.8
2026-07-03T05:51:02.47Z,24.91
2026-07-03T05:56:02.522Z,25.2
2026-07-03T06:01:03.889Z,25.55
2026-07-03T06:06:04.181Z,25.89
2026-07-03T06:11:02.728Z,26.04
2026-07-03T06:16:02.507Z,26.18
2026-07-03T06:21:02.486Z,26.27
2026-07-03T06:26:02.643Z,26.35
2026-07-03T06:31:06.393Z,26.67
2026-07-03T06:36:03.71Z,26.95
2026-07-03T06:41:03.103Z,27.22
2026-07-03T06:46:03.313Z,27.39
2026-07-03T06:51:02.986Z,27.53
2026-07-03T06:56:05.712Z,27.62
2026-07-03T07:01:02.701Z,27.76
2026-07-03T07:06:02.711Z,27.87
2026-07-03T07:11:02.722Z,27.76
2026-07-03T07:16:02.647Z,27.73
2026-07-03T07:21:02.461Z,27.79
2026-07-03T07:26:02.755Z,27.82
2026-07-03T07:31:02.593Z,27.85
2026-07-03T07:36:02.638Z,27.99
2026-07-03T07:41:02.373Z,28.28
2026-07-03T07:46:02.546Z,28.25
2026-07-03T07:51:02.961Z,28.57
2026-07-03T07:56:03.173Z,28.68
2026-07-03T08:01:02.644Z,28.74
2026-07-03T08:06:03.66Z,28.94
2026-07-03T08:11:04.772Z,29.06
2026-07-03T08:16:02.421Z,29.34
2026-07-03T08:21:02.441Z,29.57
2026-07-03T08:26:02.801Z,29.78
2026-07-03T08:31:02.898Z,30.18
2026-07-03T08:36:02.681Z,30.44
2026-07-03T08:41:04.49Z,30.58
2026-07-03T08:46:02.826Z,30.41
2026-07-03T08:51:02.771Z,30.5
2026-07-03T08:56:02.76Z,30.52
2026-07-03T09:01:03.221Z,30.75
2026-07-03T09:06:02.879Z,30.64
2026-07-03T09:11:04.576Z,30.75
2026-07-03T09:16:02.535Z,31.16
2026-07-03T09:21:02.49Z,31.62
2026-07-03T09:26:02.37Z,31.96
2026-07-03T09:31:02.885Z,32.28
2026-07-03T09:36:02.418Z,32.48
2026-07-03T09:41:02.599Z,32.48
2026-07-03T09:46:02.547Z,31.96
2026-07-03T09:51:02.754Z,32.25
2026-07-03T09:56:02.578Z,32.59
2026-07-03T10:01:02.616Z,32.71
2026-07-03T10:06:02.736Z,33.0
2026-07-03T10:11:04.962Z,33.15
2026-07-03T10:16:02.619Z,33.37
2026-07-03T10:21:02.59Z,33.46
2026-07-03T10:26:04.826Z,33.75
2026-07-03T10:31:08.952Z,33.92
2026-07-03T10:36:03.81Z,34.21
2026-07-03T10:41:04.875Z,34.27
2026-07-03T10:46:06.186Z,34.18
2026-07-03T10:51:02.744Z,34.5
2026-07-03T10:56:02.687Z,34.73
2026-07-03T11:01:04.862Z,34.87
2026-07-03T11:06:02.881Z,34.98
2026-07-03T11:11:03.099Z,34.73
2026-07-03T11:16:04.505Z,34.81
2026-07-03T11:21:05.729Z,34.96
2026-07-03T11:26:02.304Z,34.93
2026-07-03T11:31:02.803Z,34.98
2026-07-03T11:36:03.139Z,35.07
2026-07-03T11:41:02.699Z,35.33
2026-07-03T11:46:02.727Z,35.19
2026-07-03T11:51:02.694Z,34.96
2026-07-03T11:56:02.515Z,34.78
2026-07-03T12:01:04.812Z,34.84
2026-07-03T12:06:03.379Z,34.35
2026-07-03T12:11:04.731Z,34.64
2026-07-03T12:16:02.637Z,34.93
2026-07-03T12:21:02.876Z,35.24
2026-07-03T12:26:02.952Z,35.59
2026-07-03T12:31:02.59Z,35.56
2026-07-03T12:36:03.391Z,35.45
2026-07-03T12:41:02.631Z,35.45
2026-07-03T12:46:02.818Z,35.53
2026-07-03T12:51:02.495Z,35.73
2026-07-03T12:56:03.403Z,35.45
2026-07-03T13:01:04.097Z,35.3
2026-07-03T13:06:03.335Z,35.42
2026-07-03T13:11:02.734Z,35.53
2026-07-03T13:16:02.647Z,35.45
2026-07-03T13:21:02.517Z,35.56
2026-07-03T13:26:02.773Z,35.68
2026-07-03T13:31:03.158Z,35.76
2026-07-03T13:36:04.498Z,36.11
2026-07-03T13:41:02.985Z,35.96
2026-07-03T13:46:04.331Z,35.99
2026-07-03T13:51:03.325Z,36.08
2026-07-03T13:56:02.606Z,36.22
2026-07-03T14:01:02.564Z,36.25
2026-07-03T14:06:02.99Z,35.85
2026-07-03T14:11:02.673Z,35.68
2026-07-03T14:16:02.624Z,35.96
2026-07-03T14:21:02.375Z,35.88
2026-07-03T14:26:02.636Z,35.68
2026-07-03T14:31:04.01Z,35.56
2026-07-03T14:36:02.508Z,35.62
2026-07-03T14:41:04.726Z,35.82
2026-07-03T14:46:02.505Z,35.79
2026-07-03T14:51:02.832Z,35.59
2026-07-03T14:56:02.837Z,35.53
2026-07-03T15:01:02.436Z,35.53
2026-07-03T15:06:02.537Z,35.53
2026-07-03T15:11:02.949Z,35.53
2026-07-03T15:16:02.728Z,35.56
2026-07-03T15:21:02.877Z,35.5
2026-07-03T15:26:02.628Z,35.59
2026-07-03T15:31:02.587Z,35.62
2026-07-03T15:36:02.775Z,35.76
2026-07-03T15:41:02.634Z,35.73
2026-07-03T15:46:03.68Z,35.7
2026-07-03T15:51:03.869Z,35.56
2026-07-03T15:56:02.626Z,35.56
2026-07-03T16:01:03.48Z,35.56
2026-07-03T16:06:02.472Z,35.85
2026-07-03T16:11:02.794Z,35.68
2026-07-03T16:16:02.706Z,35.53
2026-07-03T16:21:02.501Z,35.53
2026-07-03T16:26:02.481Z,35.27
2026-07-03T16:31:02.861Z,35.16
2026-07-03T16:36:02.719Z,35.24
2026-07-03T16:41:02.539Z,35.27
2026-07-03T16:46:02.744Z,35.36
2026-07-03T16:51:02.804Z,35.36
2026-07-03T16:56:02.681Z,35.22
2026-07-03T17:01:02.675Z,34.93
2026-07-03T17:06:02.516Z,34.84
2026-07-03T17:11:03.919Z,34.81
2026-07-03T17:16:02.374Z,34.73
2026-07-03T17:21:02.466Z,34.7
2026-07-03T17:26:02.767Z,34.75
2026-07-03T17:31:02.624Z,34.73
2026-07-03T17:36:02.706Z,34.61
2026-07-03T17:41:02.802Z,34.58
2026-07-03T17:46:02.688Z,34.32
2026-07-03T17:51:02.567Z,34.24
2026-07-03T17:56:02.816Z,34.21
2026-07-03T18:01:05.064Z,34.03
2026-07-03T18:06:02.616Z,34.01
2026-07-03T18:11:02.388Z,33.92
2026-07-03T18:16:02.645Z,33.86
2026-07-03T18:21:03.253Z,33.49
2026-07-03T18:26:02.653Z,33.37
2026-07-03T18:31:02.805Z,33.06
2026-07-03T18:36:04.639Z,33.0
2026-07-03T18:41:02.485Z,32.97
2026-07-03T18:46:02.92Z,32.89
2026-07-03T18:51:02.501Z,32.74
2026-07-03T18:56:02.484Z,32.57
2026-07-03T19:01:05.129Z,32.28
2026-07-03T19:06:02.607Z,32.08
2026-07-03T19:11:02.547Z,31.91
2026-07-03T19:16:02.829Z,31.76
2026-07-03T19:21:02.755Z,31.62
2026-07-03T19:26:02.601Z,31.5
2026-07-03T19:31:02.42Z,31.24
2026-07-03T19:36:02.921Z,31.13
2026-07-03T19:41:02.997Z,30.99
2026-07-03T19:46:03.55Z,30.81
2026-07-03T19:51:02.748Z,30.61
2026-07-03T19:56:02.948Z,30.47
2026-07-03T20:01:02.436Z,30.27
2026-07-03T20:06:02.757Z,30.12
2026-07-03T20:11:02.86Z,29.86
2026-07-03T20:16:02.358Z,29.75
2026-07-03T20:21:02.6Z,29.55
2026-07-03T20:26:03.899Z,29.4
2026-07-03T20:31:03.504Z,29.32
2026-07-03T20:36:02.592Z,29.14
2026-07-03T20:41:02.628Z,29.03
2026-07-03T20:46:02.836Z,28.88
2026-07-03T20:51:03.321Z,28.6
2026-07-03T20:56:02.538Z,28.39
2026-07-03T21:01:02.893Z,28.13
2026-07-03T21:06:02.506Z,27.99
2026-07-03T21:11:02.827Z,27.82
2026-07-03T21:16:03.235Z,27.71
2026-07-03T21:21:02.385Z,27.59
2026-07-03T21:26:02.882Z,27.62
2026-07-03T21:31:03.56Z,27.9
2026-07-03T21:36:02.55Z,27.85
2026-07-03T21:41:02.969Z,27.73
2026-07-03T21:46:02.427Z,27.62
2026-07-03T21:51:03.658Z,27.62
2026-07-03T21:56:02.687Z,27.39
2026-07-03T22:01:03.667Z,27.24
2026-07-03T22:06:03.894Z,27.13
2026-07-03T22:11:02.775Z,27.13
2026-07-03T22:16:02.752Z,27.04
2026-07-03T22:21:02.336Z,26.87
2026-07-03T22:26:02.564Z,26.81
2026-07-03T22:31:02.67Z,26.69
2026-07-03T22:36:02.989Z,26.46
2026-07-03T22:41:02.682Z,26.24
2026-07-03T22:46:03.237Z,26.35
2026-07-03T22:51:02.998Z,26.2
2026-07-03T22:56:02.782Z,26.09
2026-07-03T23:01:03.133Z,26.01
2026-07-03T23:06:04.442Z,25.89
2026-07-03T23:11:02.737Z,25.95
2026-07-03T23:16:02.699Z,25.95
2026-07-03T23:21:02.385Z,25.97
2026-07-03T23:26:04.04Z,26.12
2026-07-03T23:31:03.157Z,26.29
2026-07-03T23:36:02.455Z,26.15
2026-07-03T23:41:02.694Z,26.09
2026-07-03T23:46:02.35Z,26.01
2026-07-03T23:51:02.624Z,26.01
2026-07-03T23:56:03.309Z,25.95
2026-07-04T00:01:03.765Z,25.89
2026-07-04T00:06:03.236Z,25.72
2026-07-04T00:11:05.231Z,25.57
2026-07-04T00:16:02.859Z,25.55
2026-07-04T00:21:02.93Z,25.34
2026-07-04T00:26:02.867Z,25.14
2026-07-04T00:31:02.41Z,25.06
2026-07-04T00:36:02.562Z,24.85
2026-07-04T00:41:02.738Z,24.77
2026-07-04T00:46:04.467Z,24.57
2026-07-04T00:51:02.714Z,24.48
2026-07-04T00:56:02.388Z,24.45
2026-07-04T01:01:03.115Z,24.31
2026-07-04T01:06:03.224Z,24.37
2026-07-04T01:11:02.702Z,24.34
2026-07-04T01:16:02.714Z,24.28
2026-07-04T01:21:02.431Z,24.19
2026-07-04T01:26:02.654Z,24.11
2026-07-04T01:31:02.911Z,23.99
2026-07-04T01:36:02.459Z,23.9
2026-07-04T01:41:02.535Z,23.85
2026-07-04T01:46:02.748Z,23.93
2026-07-04T01:51:02.778Z,24.08
2026-07-04T01:56:02.738Z,23.96
2026-07-04T02:01:02.361Z,23.96
2026-07-04T02:06:03.507Z,23.73
2026-07-04T02:11:04.274Z,23.67
2026-07-04T02:16:02.713Z,23.65
2026-07-04T02:21:02.436Z,23.53
2026-07-04T02:26:02.805Z,23.41
2026-07-04T02:31:02.68Z,23.36
2026-07-04T02:36:02.342Z,23.18
2026-07-04T02:41:02.644Z,23.1
2026-07-04T02:46:03.173Z,23.13
2026-07-04T02:51:02.732Z,23.21
2026-07-04T02:56:02.972Z,23.36
2026-07-04T03:01:07.591Z,23.41
2026-07-04T03:06:07.212Z,23.53
2026-07-04T03:11:03.548Z,23.53
2026-07-04T03:16:06.797Z,23.53
2026-07-04T03:21:15.929Z,23.5
2026-07-04T03:26:02.761Z,23.36
2026-07-04T03:31:04.216Z,23.16
2026-07-04T03:36:02.494Z,22.93
2026-07-04T03:41:02.754Z,22.84
2026-07-04T03:46:02.586Z,22.72
2026-07-04T03:51:02.546Z,22.61
2026-07-04T03:56:02.771Z,22.46
2026-07-04T04:01:02.475Z,22.35
2026-07-04T04:06:02.611Z,22.26
2026-07-04T04:11:04.197Z,22.15
2026-07-04T04:16:03.308Z,22.18
2026-07-04T04:21:02.6Z,22.18
2026-07-04T04:26:02.8Z,22.52
2026-07-04T04:31:02.556Z,22.78
2026-07-04T04:36:02.542Z,22.93
2026-07-04T04:41:02.612Z,22.9
2026-07-04T04:46:02.893Z,22.84
2026-07-04T04:51:02.513Z,22.78
2026-07-04T04:56:02.679Z,22.72
2026-07-04T05:01:04.521Z,22.69
2026-07-04T05:06:02.435Z,22.64
2026-07-04T05:11:03.751Z,22.67
2026-07-04T05:16:02.413Z,22.69
2026-07-04T05:21:02.777Z,22.84
2026-07-04T05:26:03.263Z,22.95
2026-07-04T05:31:03.362Z,23.18
2026-07-04T05:36:02.65Z,23.27
2026-07-04T05:41:02.468Z,23.47
2026-07-04T05:46:02.715Z,23.62
2026-07-04T05:51:03.229Z,23.85
2026-07-04T05:56:03.087Z,24.08
2026-07-04T06:01:02.663Z,24.28
2026-07-04T06:06:02.744Z,24.48
2026-07-04T06:11:02.588Z,24.74
2026-07-04T06:16:03.699Z,24.94
2026-07-04T06:21:02.545Z,25.23
2026-07-04T06:26:02.489Z,25.32
2026-07-04T06:31:02.67Z,25.52
2026-07-04T06:36:03.565Z,25.69
2026-07-04T06:41:04.582Z,25.92
2026-07-04T06:46:04.027Z,26.09
2026-07-04T06:51:02.728Z,26.2
2026-07-04T06:56:02.747Z,26.64
2026-07-04T07:01:04.547Z,26.92
2026-07-04T07:06:02.541Z,27.18
2026-07-04T07:11:03.081Z,27.41
2026-07-04T07:16:02.785Z,27.56
2026-07-04T07:21:02.573Z,27.82
2026-07-04T07:26:02.289Z,28.02
2026-07-04T07:31:02.754Z,28.51
2026-07-04T07:36:02.648Z,28.85
2026-07-04T07:41:02.746Z,28.85
2026-07-04T07:46:02.321Z,28.68
2026-07-04T07:51:04.021Z,28.88
2026-07-04T07:56:02.504Z,28.94
2026-07-04T08:01:02.481Z,29.08
2026-07-04T08:06:02.922Z,29.26
2026-07-04T08:11:02.976Z,29.29
2026-07-04T08:16:02.522Z,29.72
2026-07-04T08:21:02.418Z,30.12
2026-07-04T08:26:02.799Z,30.44
2026-07-04T08:31:02.767Z,30.52
2026-07-04T08:36:02.991Z,30.64
2026-07-04T08:41:02.517Z,30.47
2026-07-04T08:46:03.904Z,30.75
2026-07-04T08:51:02.525Z,31.04
2026-07-04T08:56:02.489Z,30.96
2026-07-04T09:01:02.878Z,31.22
2026-07-04T09:06:02.922Z,31.45
2026-07-04T09:11:03.2Z,31.59
2026-07-04T09:16:04.347Z,31.87
2026-07-04T09:21:04.193Z,32.02
2026-07-04T09:26:03.638Z,32.28
2026-07-04T09:31:03.189Z,32.43
2026-07-04T09:36:02.643Z,32.45
2026-07-04T09:41:02.486Z,32.57
2026-07-04T09:46:02.609Z,32.45
2026-07-04T09:51:04.371Z,32.71
2026-07-04T09:56:02.707Z,32.91
2026-07-04T10:01:05.025Z,33.11
2026-07-04T10:06:02.441Z,33.2
2026-07-04T10:11:02.474Z,33.17
2026-07-04T10:16:03.721Z,33.26
2026-07-04T10:21:03.023Z,33.34
2026-07-04T10:26:02.511Z,33.57
2026-07-04T10:31:02.791Z,33.66
2026-07-04T10:36:02.575Z,33.78
2026-07-04T10:41:02.884Z,34.12
2026-07-04T10:46:05.338Z,34.41
2026-07-04T10:51:02.527Z,34.09
2026-07-04T10:56:02.854Z,34.06
2026-07-04T11:01:02.638Z,34.27
2026-07-04T11:06:02.488Z,34.32
2026-07-04T11:11:02.79Z,34.29
2026-07-04T11:16:03.634Z,34.52
2026-07-04T11:21:02.685Z,34.7
2026-07-04T11:26:02.562Z,34.67
2026-07-04T11:31:02.505Z,34.96
2026-07-04T11:36:03.087Z,35.19
2026-07-04T11:41:02.721Z,35.01
2026-07-04T11:46:02.7Z,35.3
2026-07-04T11:51:02.479Z,35.33
2026-07-04T11:56:02.965Z,35.24
2026-07-04T12:01:03.113Z,35.3
2026-07-04T12:06:02.669Z,35.53
2026-07-04T12:11:02.816Z,35.85
2026-07-04T12:16:02.62Z,36.02
2026-07-04T12:21:04.366Z,35.85
2026-07-04T12:26:02.383Z,35.7
2026-07-04T12:31:03.637Z,35.56
2026-07-04T12:36:03.319Z,35.39
2026-07-04T12:41:04.695Z,35.5
2026-07-04T12:46:02.656Z,35.42
2026-07-04T12:51:02.593Z,35.47
2026-07-04T12:56:05.189Z,35.47
2026-07-04T13:01:03.277Z,35.88
2026-07-04T13:06:02.756Z,35.96
2026-07-04T13:11:02.733Z,35.91
2026-07-04T13:16:02.391Z,36.05
2026-07-04T13:21:02.693Z,36.08
2026-07-04T13:26:02.519Z,35.99
2026-07-04T13:31:03.654Z,35.94
2026-07-04T13:36:02.722Z,36.05
2026-07-04T13:41:02.84Z,36.31
2026-07-04T13:46:03.181Z,36.54
2026-07-04T13:51:02.509Z,36.31
2026-07-04T13:56:02.792Z,36.42
2026-07-04T14:01:03.219Z,36.68
2026-07-04T14:06:02.605Z,36.8
2026-07-04T14:11:02.837Z,36.91
2026-07-04T14:16:03.37Z,36.97
2026-07-04T14:21:02.579Z,36.74
2026-07-04T14:26:02.959Z,36.74
2026-07-04T14:31:02.435Z,36.48
2026-07-04T14:36:04.817Z,36.4
2026-07-04T14:41:02.62Z,36.11
2026-07-04T14:46:02.61Z,36.25
2026-07-04T14:51:02.762Z,36.19
2026-07-04T14:56:02.703Z,35.85
2026-07-04T15:01:02.715Z,35.82
2026-07-04T15:06:02.592Z,35.82
2026-07-04T15:11:02.643Z,35.88
2026-07-04T15:16:02.616Z,36.08
2026-07-04T15:21:02.832Z,35.79
2026-07-04T15:26:02.782Z,35.76
2026-07-04T15:31:03.028Z,35.59
2026-07-04T15:36:03.085Z,35.62
2026-07-04T15:41:02.627Z,35.73
2026-07-04T15:46:03.658Z,35.65
2026-07-04T15:51:02.487Z,35.56
2026-07-04T15:56:02.67Z,35.53
2026-07-04T16:01:02.968Z,35.56
2026-07-04T16:06:02.993Z,35.68
2026-07-04T16:11:04.068Z,35.5
2026-07-04T16:16:05.112Z,35.47
2026-07-04T16:21:03.476Z,35.47
2026-07-04T16:26:02.664Z,35.42
2026-07-04T16:31:04.268Z,35.36
2026-07-04T16:36:03.102Z,35.3
2026-07-04T16:41:02.834Z,35.04
2026-07-04T16:46:02.674Z,34.98
2026-07-04T16:51:03.675Z,34.9
2026-07-04T16:56:02.373Z,34.9
2026-07-04T17:01:02.871Z,34.96
2026-07-04T17:06:03.877Z,34.78
2026-07-04T17:11:02.627Z,34.61
2026-07-04T17:16:02.649Z,34.5
2026-07-04T17:21:02.631Z,34.55
2026-07-04T17:26:02.698Z,34.44
2026-07-04T17:31:02.723Z,34.35
2026-07-04T17:36:05.1Z,34.38
2026-07-04T17:41:04.651Z,34.38
2026-07-04T17:46:02.792Z,34.29
2026-07-04T17:51:03.486Z,34.24
2026-07-04T17:56:02.567Z,34.18
2026-07-04T18:01:02.514Z,34.06
2026-07-04T18:06:03.058Z,34.06
2026-07-04T18:11:02.647Z,33.92
2026-07-04T18:16:02.691Z,33.72
2026-07-04T18:21:02.487Z,33.54
2026-07-04T18:26:02.409Z,33.34
2026-07-04T18:31:02.672Z,33.17
2026-07-04T18:36:02.432Z,33.0
2026-07-04T18:41:02.439Z,32.8
2026-07-04T18:46:04.641Z,32.71
2026-07-04T18:51:02.555Z,32.54
2026-07-04T18:56:02.753Z,32.43
2026-07-04T19:01:04.25Z,32.13
2026-07-04T19:06:02.436Z,31.99
2026-07-04T19:11:02.548Z,31.76
2026-07-04T19:16:02.759Z,31.62
2026-07-04T19:21:04.553Z,31.53
2026-07-04T19:26:02.43Z,31.42
2026-07-04T19:31:02.64Z,31.24
2026-07-04T19:36:04.161Z,31.16
2026-07-04T19:41:02.44Z,30.93
2026-07-04T19:46:02.856Z,30.81
2026-07-04T19:51:03.51Z,30.64
2026-07-04T19:56:02.701Z,30.41
2026-07-04T20:01:02.738Z,30.15
2026-07-04T20:06:03.108Z,30.01
2026-07-04T20:11:04.383Z,29.89
2026-07-04T20:16:02.356Z,29.72
2026-07-04T20:21:02.576Z,29.66
2026-07-04T20:26:02.374Z,29.69
2026-07-04T20:31:02.622Z,29.63
2026-07-04T20:36:02.569Z,29.57
2026-07-04T20:41:03.264Z,29.43
2026-07-04T20:46:02.477Z,29.34
2026-07-04T20:51:02.667Z,29.08
2026-07-04T20:56:02.95Z,28.91
2026-07-04T21:01:02.547Z,28.68
2026-07-04T21:06:03.343Z,28.51
2026-07-04T21:11:04.047Z,28.34
2026-07-04T21:16:02.494Z,28.13
2026-07-04T21:21:03.502Z,27.97
2026-07-04T21:26:03.699Z,27.85
2026-07-04T21:31:02.776Z,27.79
2026-07-04T21:36:02.665Z,27.67
2026-07-04T21:41:03.628Z,27.53
2026-07-04T21:46:02.497Z,27.5
2026-07-04T21:51:02.832Z,27.44
2026-07-04T21:56:02.587Z,27.39
2026-07-04T22:01:02.878Z,27.33
2026-07-04T22:06:02.508Z,27.22
2026-07-04T22:11:03.484Z,27.22
2026-07-04T22:16:02.624Z,27.18
2026-07-04T22:21:02.85Z,27.01
2026-07-04T22:26:02.427Z,27.01
2026-07-04T22:31:02.654Z,26.92
2026-07-04T22:36:02.406Z,26.92
2026-07-04T22:41:02.591Z,26.87
2026-07-04T22:46:02.678Z,26.84
2026-07-04T22:51:03.887Z,26.76
2026-07-04T22:56:02.656Z,26.69
2026-07-04T23:01:02.423Z,26.67
2026-07-04T23:06:02.729Z,26.69
2026-07-04T23:11:02.482Z,26.55
2026-07-04T23:16:03.062Z,26.46
2026-07-04T23:21:02.351Z,26.44
2026-07-04T23:26:02.73Z,26.41
2026-07-04T23:31:02.832Z,26.38
2026-07-04T23:36:02.418Z,26.32
2026-07-04T23:41:02.653Z,26.29
2026-07-04T23:46:02.555Z,26.2
2026-07-04T23:51:02.565Z,26.15
2026-07-04T23:56:02.779Z,26.09
2026-07-05T00:01:02.566Z,26.09
2026-07-05T00:06:02.984Z,25.97
2026-07-05T00:11:02.545Z,25.8
2026-07-05T00:16:04.088Z,25.78
2026-07-05T00:21:02.448Z,25.66
2026-07-05T00:26:02.489Z,25.6
2026-07-05T00:31:02.83Z,25.63
2026-07-05T00:36:02.475Z,25.52
2026-07-05T00:41:03.092Z,25.49
2026-07-05T00:46:03.035Z,25.43
2026-07-05T00:51:02.692Z,25.37
2026-07-05T00:56:03.148Z,25.26
2026-07-05T01:01:02.792Z,25.29
2026-07-05T01:06:02.697Z,25.17
2026-07-05T01:11:02.697Z,25.2
2026-07-05T01:16:04.902Z,25.11
2026-07-05T01:21:02.591Z,25.06
2026-07-05T01:26:02.805Z,24.94
2026-07-05T01:31:02.635Z,24.91
2026-07-05T01:36:02.779Z,24.77
2026-07-05T01:41:02.656Z,24.71
2026-07-05T01:46:02.847Z,24.71
2026-07-05T01:51:02.847Z,24.62
2026-07-05T01:56:02.892Z,24.71
2026-07-05T02:01:02.614Z,24.77
2026-07-05T02:06:02.892Z,24.62
2026-07-05T02:11:02.58Z,24.57
2026-07-05T02:16:02.739Z,24.6
2026-07-05T02:21:02.885Z,24.48
2026-07-05T02:26:02.821Z,24.37
2026-07-05T02:31:03.721Z,24.28
2026-07-05T02:36:02.72Z,24.22
2026-07-05T02:41:02.53Z,24.13
2026-07-05T02:46:02.539Z,24.02
2026-07-05T02:51:02.896Z,24.02
2026-07-05T02:56:02.553Z,23.76
2026-07-05T03:01:04.89Z,23.73
2026-07-05T03:06:03.416Z,23.65
2026-07-05T03:11:03.059Z,23.53
2026-07-05T03:16:02.541Z,23.44
2026-07-05T03:21:02.641Z,23.36
2026-07-05T03:26:02.79Z,23.3
2026-07-05T03:31:04.526Z,23.47
2026-07-05T03:36:02.918Z,23.56
2026-07-05T03:41:02.48Z,23.7
2026-07-05T03:46:02.965Z,23.85
2026-07-05T03:51:03.055Z,23.9
2026-07-05T03:56:02.576Z,23.9
2026-07-05T04:01:03.509Z,23.93
2026-07-05T04:06:04.373Z,23.79
2026-07-05T04:11:02.564Z,23.7
2026-07-05T04:16:02.771Z,23.53
2026-07-05T04:21:02.996Z,23.56
2026-07-05T04:26:02.596Z,23.44
2026-07-05T04:31:02.417Z,23.41
2026-07-05T04:36:02.566Z,23.41
2026-07-05T04:41:02.86Z,23.53
2026-07-05T04:46:04.088Z,23.59
2026-07-05T04:51:02.594Z,23.56
2026-07-05T04:56:04.371Z,23.56
2026-07-05T05:01:02.561Z,23.65
2026-07-05T05:06:02.414Z,23.62
2026-07-05T05:11:02.78Z,23.65
2026-07-05T05:16:02.493Z,23.7
2026-07-05T05:21:02.879Z,23.67
2026-07-05T05:26:02.61Z,23.73
2026-07-05T05:31:02.336Z,23.79
2026-07-05T05:36:02.6Z,23.85
2026-07-05T05:41:02.389Z,23.9
2026-07-05T05:46:02.674Z,23.99
2026-07-05T05:51:03.272Z,23.96
2026-07-05T05:56:02.869Z,24.05
2026-07-05T06:01:02.693Z,24.13
2026-07-05T06:06:02.962Z,24.19
2026-07-05T06:11:03.088Z,24.31
2026-07-05T06:16:02.836Z,24.42
2026-07-05T06:21:03.545Z,24.48
2026-07-05T06:26:02.94Z,24.71
2026-07-05T06:31:02.897Z,24.83
2026-07-05T06:36:04.524Z,25.03
2026-07-05T06:41:02.375Z,25.26
2026-07-05T06:46:04.911Z,25.49
2026-07-05T06:51:03.09Z,25.89
2026-07-05T06:56:02.731Z,26.12
2026-07-05T07:01:05.01Z,26.29
2026-07-05T07:06:02.826Z,26.5
2026-07-05T07:11:02.578Z,26.64
2026-07-05T07:16:02.382Z,26.99
2026-07-05T07:21:02.828Z,27.16
2026-07-05T07:26:03.108Z,27.24
2026-07-05T07:31:02.331Z,27.62
2026-07-05T07:36:02.634Z,27.59
2026-07-05T07:41:02.849Z,27.79
2026-07-05T07:46:02.819Z,28.22
2026-07-05T07:51:02.659Z,28.31
2026-07-05T07:56:02.898Z,28.42
2026-07-05T08:01:05.31Z,28.68
2026-07-05T08:06:03.739Z,29.0
2026-07-05T08:11:02.552Z,29.26
2026-07-05T08:16:03.172Z,29.57
2026-07-05T08:21:04.581Z,29.86
2026-07-05T08:26:02.586Z,29.89
2026-07-05T08:31:03.552Z,29.8
2026-07-05T08:36:02.47Z,30.04
2026-07-05T08:41:02.491Z,29.92
2026-07-05T08:46:03.243Z,30.29
2026-07-05T08:51:02.931Z,30.7
2026-07-05T08:56:02.633Z,30.93
2026-07-05T09:01:02.739Z,31.5
2026-07-05T09:06:04.263Z,31.82
2026-07-05T09:11:02.556Z,32.11
2026-07-05T09:16:03.936Z,32.28
2026-07-05T09:21:02.588Z,32.62
2026-07-05T09:26:03.716Z,32.57
2026-07-05T09:31:02.917Z,32.85
2026-07-05T09:36:02.412Z,33.08
2026-07-05T09:41:04.543Z,33.26
2026-07-05T09:46:03.731Z,33.15
2026-07-05T09:51:02.488Z,33.23
2026-07-05T09:56:04.444Z,33.37
2026-07-05T10:01:02.792Z,33.46
2026-07-05T10:06:05.222Z,33.75
2026-07-05T10:11:02.608Z,34.03
2026-07-05T10:16:02.746Z,34.01
2026-07-05T10:21:02.724Z,33.72
2026-07-05T10:26:02.457Z,33.69
2026-07-05T10:31:03.377Z,33.8
2026-07-05T10:36:02.686Z,34.15
2026-07-05T10:41:02.751Z,34.27
2026-07-05T10:46:03.997Z,34.47
2026-07-05T10:51:02.638Z,34.7
2026-07-05T10:56:03.386Z,34.58
2026-07-05T11:01:03.524Z,34.55
2026-07-05T11:06:03.071Z,34.38
2026-07-05T11:11:03.379Z,34.61
2026-07-05T11:16:03.177Z,34.73
2026-07-05T11:21:04.443Z,34.93
2026-07-05T11:26:02.532Z,35.36
2026-07-05T11:31:02.76Z,35.42
2026-07-05T11:36:04.189Z,35.59
2026-07-05T11:41:02.857Z,35.73
2026-07-05T11:46:02.889Z,35.99
2026-07-05T11:51:02.65Z,36.19
2026-07-05T11:56:02.726Z,36.17
2026-07-05T12:01:02.548Z,36.34
2026-07-05T12:06:02.556Z,36.11
2026-07-05T12:11:02.822Z,36.19
2026-07-05T12:16:02.538Z,36.51
2026-07-05T12:21:02.854Z,36.51
2026-07-05T12:26:02.763Z,36.63
2026-07-05T12:31:02.571Z,36.86
2026-07-05T12:36:03.155Z,36.89
2026-07-05T12:41:03.028Z,36.89
2026-07-05T12:46:03.029Z,36.68
2026-07-05T12:51:02.791Z,36.51
2026-07-05T12:56:02.578Z,36.51
2026-07-05T13:01:02.603Z,36.54
2026-07-05T13:06:03.82Z,36.66
2026-07-05T13:11:02.621Z,36.66
2026-07-05T13:16:02.603Z,36.71
2026-07-05T13:21:03.303Z,36.74
2026-07-05T13:26:03.426Z,36.68
2026-07-05T13:31:02.576Z,36.77
2026-07-05T13:36:02.693Z,36.54
2026-07-05T13:41:02.731Z,36.48
2026-07-05T13:46:03.514Z,36.51
2026-07-05T13:51:02.351Z,36.54
2026-07-05T13:56:03.333Z,36.6
2026-07-05T14:01:02.808Z,36.6
2026-07-05T14:06:02.659Z,36.66
2026-07-05T14:11:04.603Z,36.74
2026-07-05T14:16:02.855Z,36.54
2026-07-05T14:21:02.795Z,36.63
2026-07-05T14:26:03.232Z,36.66
2026-07-05T14:31:02.73Z,36.63
2026-07-05T14:36:02.794Z,36.51
2026-07-05T14:41:02.709Z,36.57
2026-07-05T14:46:06.13Z,36.63
2026-07-05T14:51:02.582Z,36.42
2026-07-05T14:56:02.837Z,36.37
2026-07-05T15:01:02.64Z,36.4
2026-07-05T15:06:02.654Z,36.45
2026-07-05T15:11:02.751Z,36.25
2026-07-05T15:16:02.666Z,36.4
2026-07-05T15:21:04.203Z,36.42
2026-07-05T15:26:02.433Z,36.31
2026-07-05T15:31:02.77Z,36.42
2026-07-05T15:36:04.255Z,36.19
2026-07-05T15:41:02.798Z,36.05
2026-07-05T15:46:02.363Z,36.02
2026-07-05T15:51:02.695Z,36.28
2026-07-05T15:56:04.469Z,36.31
2026-07-05T16:01:03.098Z,36.4
2026-07-05T16:06:03.218Z,36.31
2026-07-05T16:11:02.524Z,36.14
2026-07-05T16:16:03.782Z,36.31
2026-07-05T16:21:02.578Z,36.25
2026-07-05T16:26:02.598Z,36.14
2026-07-05T16:31:03.488Z,36.02
2026-07-05T16:36:02.788Z,35.94
2026-07-05T16:41:02.478Z,35.73
2026-07-05T16:46:02.566Z,35.79
2026-07-05T16:51:02.75Z,35.99
2026-07-05T16:56:03.22Z,35.91
2026-07-05T17:01:02.975Z,35.88
2026-07-05T17:06:02.774Z,35.85
2026-07-05T17:11:03.493Z,35.91
2026-07-05T17:16:03.25Z,35.76
2026-07-05T17:21:02.595Z,35.42
2026-07-05T17:26:02.481Z,35.3
2026-07-05T17:31:02.719Z,35.33
2026-07-05T17:36:05.569Z,35.22
2026-07-05T17:41:02.458Z,35.13
2026-07-05T17:46:05.311Z,35.22
2026-07-05T17:51:03.06Z,35.1
2026-07-05T17:56:02.74Z,34.93
2026-07-05T18:01:02.693Z,34.78
2026-07-05T18:06:02.526Z,34.73
2026-07-05T18:11:02.643Z,34.55
2026-07-05T18:16:02.547Z,34.55
2026-07-05T18:21:04.606Z,34.38
2026-07-05T18:26:02.677Z,34.21
2026-07-05T18:31:02.437Z,34.12
2026-07-05T18:36:02.738Z,34.03
2026-07-05T18:41:02.651Z,33.75
2026-07-05T18:46:02.326Z,33.54
2026-07-05T18:51:04.522Z,33.37
2026-07-05T18:56:02.593Z,33.0
2026-07-05T19:01:02.955Z,32.77
2026-07-05T19:06:02.743Z,32.59
2026-07-05T19:11:04.333Z,32.4
2026-07-05T19:16:04.059Z,32.31
2026-07-05T19:21:02.701Z,32.11
2026-07-05T19:26:02.719Z,32.02
2026-07-05T19:31:02.558Z,31.91
2026-07-05T19:36:02.702Z,31.76
2026-07-05T19:41:02.563Z,31.56
2026-07-05T19:46:05.122Z,31.42
2026-07-05T19:51:02.597Z,31.24
2026-07-05T19:56:02.804Z,31.13
2026-07-05T20:01:02.671Z,31.04
2026-07-05T20:06:02.473Z,30.87
2026-07-05T20:11:02.655Z,30.7
2026-07-05T20:16:03.121Z,30.64
2026-07-05T20:21:02.785Z,30.47
2026-07-05T20:26:02.493Z,30.35
2026-07-05T20:31:02.69Z,30.15
2026-07-05T20:36:02.731Z,30.06
2026-07-05T20:41:02.484Z,29.98
2026-07-05T20:46:02.72Z,29.8
2026-07-05T20:51:02.46Z,29.55
2026-07-05T20:56:02.721Z,29.37
2026-07-05T21:01:02.554Z,29.23
2026-07-05T21:06:03.035Z,29.0
2026-07-05T21:11:02.774Z,28.8
2026-07-05T21:16:02.491Z,28.68
2026-07-05T21:21:02.662Z,28.57
2026-07-05T21:26:04.614Z,28.54
2026-07-05T21:31:02.803Z,28.42
2026-07-05T21:36:03.78Z,28.22
2026-07-05T21:41:02.846Z,28.28
2026-07-05T21:46:02.627Z,28.11
2026-07-05T21:51:02.583Z,27.97
2026-07-05T21:56:02.833Z,27.87
2026-07-05T22:01:02.565Z,27.71
2026-07-05T22:06:02.794Z,27.71
2026-07-05T22:11:02.601Z,27.62
2026-07-05T22:16:03.52Z,27.53
2026-07-05T22:21:02.667Z,27.39
2026-07-05T22:26:02.479Z,27.24
2026-07-05T22:31:02.613Z,27.18
2026-07-05T22:36:02.373Z,26.9
2026-07-05T22:41:02.594Z,26.87
2026-07-05T22:46:03.768Z,26.76
2026-07-05T22:51:02.722Z,26.64
2026-07-05T22:56:02.51Z,26.46
2026-07-05T23:01:02.579Z,26.38
2026-07-05T23:06:02.776Z,26.24
2026-07-05T23:11:02.573Z,26.06
2026-07-05T23:16:02.356Z,25.89
2026-07-05T23:21:02.856Z,25.8
2026-07-05T23:26:02.736Z,25.78
2026-07-05T23:31:02.948Z,25.78
2026-07-05T23:36:02.783Z,25.69
2026-07-05T23:41:04.15Z,25.72
2026-07-05T23:46:02.484Z,25.63
2026-07-05T23:51:02.547Z,25.66
2026-07-05T23:56:03.654Z,25.66
2026-07-06T00:01:02.643Z,25.6
2026-07-06T00:06:02.642Z,25.52
2026-07-06T00:11:02.557Z,25.49
2026-07-06T00:16:04.17Z,25.49
2026-07-06T00:21:02.558Z,25.34
2026-07-06T00:26:02.627Z,25.37
2026-07-06T00:31:02.354Z,25.29
2026-07-06T00:36:02.696Z,25.26
2026-07-06T00:41:02.503Z,25.17
2026-07-06T00:46:04.959Z,25.17
2026-07-06T00:51:05.04Z,25.14
2026-07-06T00:56:02.437Z,25.03
2026-07-06T01:01:02.656Z,25.0
2026-07-06T01:06:02.456Z,24.88
2026-07-06T01:11:03.075Z,24.77
2026-07-06T01:16:02.707Z,24.6
2026-07-06T01:21:02.467Z,24.48
2026-07-06T01:26:03.25Z,24.39
2026-07-06T01:31:02.524Z,24.39
2026-07-06T01:36:02.526Z,24.39
2026-07-06T01:41:02.642Z,24.57
2026-07-06T01:46:02.736Z,24.88
2026-07-06T01:51:02.493Z,24.8
2026-07-06T01:56:02.806Z,24.88
2026-07-06T02:01:03.853Z,24.91
2026-07-06T02:06:04.084Z,25.0
2026-07-06T02:11:03.903Z,24.97
2026-07-06T02:16:02.638Z,24.88
2026-07-06T02:21:02.416Z,24.83
2026-07-06T02:26:02.784Z,24.83
2026-07-06T02:31:02.498Z,24.8
2026-07-06T02:36:02.547Z,24.83
2026-07-06T02:41:02.815Z,25.0
2026-07-06T02:46:04.43Z,24.94
2026-07-06T02:51:02.74Z,24.94
2026-07-06T02:56:02.684Z,24.88
2026-07-06T03:01:03.781Z,24.85
2026-07-06T03:06:02.53Z,24.77
2026-07-06T03:11:02.698Z,24.71
2026-07-06T03:16:02.914Z,24.65
2026-07-06T03:21:02.901Z,24.65
2026-07-06T03:26:03.275Z,24.62
2026-07-06T03:31:02.879Z,24.54
2026-07-06T03:36:02.397Z,24.37
2026-07-06T03:41:02.69Z,24.19
2026-07-06T03:46:02.423Z,23.99
2026-07-06T03:51:02.693Z,23.79
2026-07-06T03:56:02.56Z,23.56
2026-07-06T04:01:02.595Z,23.3
2026-07-06T04:06:02.608Z,23.24
2026-07-06T04:11:02.833Z,23.07
2026-07-06T04:16:02.488Z,22.9
2026-07-06T04:21:02.825Z,22.75
2026-07-06T04:26:02.729Z,22.67
2026-07-06T04:31:02.514Z,22.55
2026-07-06T04:36:02.731Z,22.46
2026-07-06T04:41:02.663Z,22.61
2026-07-06T04:46:02.702Z,22.93
2026-07-06T04:51:02.432Z,23.04
2026-07-06T04:56:02.347Z,23.07
2026-07-06T05:01:02.577Z,23.04
2026-07-06T05:06:02.737Z,23.04
2026-07-06T05:11:02.661Z,23.01
2026-07-06T05:16:02.83Z,23.18
2026-07-06T05:21:02.41Z,23.18
2026-07-06T05:26:02.857Z,23.36
2026-07-06T05:31:02.557Z,23.39
2026-07-06T05:36:02.376Z,23.5
2026-07-06T05:41:02.694Z,23.7
2026-07-06T05:46:02.353Z,23.82
2026-07-06T05:51:02.705Z,24.05
2026-07-06T05:56:02.953Z,24.22
2026-07-06T06:01:06.177Z,24.39
2026-07-06T06:06:02.375Z,24.57
2026-07-06T06:11:02.373Z,24.71
2026-07-06T06:16:02.516Z,24.85
2026-07-06T06:21:02.506Z,25.06
2026-07-06T06:26:03.217Z,25.17
2026-07-06T06:31:02.708Z,25.26
2026-07-06T06:36:05.052Z,25.49
2026-07-06T06:41:02.584Z,25.66
2026-07-06T06:46:02.479Z,25.97
2026-07-06T06:51:02.677Z,26.2
2026-07-06T06:56:04.394Z,26.35
2026-07-06T07:01:02.694Z,26.64
2026-07-06T07:06:04.014Z,26.87
2026-07-06T07:11:02.553Z,27.18
2026-07-06T07:16:02.731Z,27.48
2026-07-06T07:21:02.738Z,27.73
2026-07-06T07:26:02.408Z,27.99
2026-07-06T07:31:02.911Z,28.34
2026-07-06T07:36:04.468Z,28.77
2026-07-06T07:41:02.802Z,28.94
2026-07-06T07:46:02.615Z,29.23
2026-07-06T07:51:02.826Z,29.46
2026-07-06T07:56:02.416Z,29.72
2026-07-06T08:01:02.724Z,29.8
2026-07-06T08:06:03.685Z,30.09
2026-07-06T08:11:02.87Z,30.41
2026-07-06T08:16:02.755Z,30.61
2026-07-06T08:21:02.81Z,30.81
2026-07-06T08:26:03.301Z,30.96
2026-07-06T08:31:03.058Z,31.22
2026-07-06T08:36:02.802Z,31.19
2026-07-06T08:41:02.812Z,31.5
2026-07-06T08:46:02.672Z,31.5
2026-07-06T08:51:03.538Z,31.59
2026-07-06T08:56:02.628Z,31.99
2026-07-06T09:01:02.741Z,32.57
2026-07-06T09:06:05.558Z,32.97
2026-07-06T09:11:03.102Z,33.17
2026-07-06T09:16:04.216Z,33.2
2026-07-06T09:21:02.495Z,33.57
2026-07-06T09:26:03.284Z,34.03
2026-07-06T09:31:03.457Z,34.41
2026-07-06T09:36:03.106Z,34.35
2026-07-06T09:41:03.273Z,34.41
2026-07-06T09:46:03.169Z,34.5
2026-07-06T09:51:03.245Z,34.5
2026-07-06T09:56:02.67Z,34.73
2026-07-06T10:01:02.361Z,34.87
2026-07-06T10:06:02.914Z,35.24
2026-07-06T10:11:02.678Z,35.53
2026-07-06T10:16:02.502Z,35.79
2026-07-06T10:21:02.534Z,36.11
2026-07-06T10:26:02.804Z,35.82
2026-07-06T10:31:02.671Z,35.88
2026-07-06T10:36:02.682Z,35.91
2026-07-06T10:41:02.574Z,36.14
2026-07-06T10:46:02.514Z,36.54
2026-07-06T10:51:04.5Z,36.54
2026-07-06T10:56:02.661Z,36.6
2026-07-06T11:01:06.322Z,36.51
2026-07-06T11:06:02.317Z,36.71
2026-07-06T11:11:02.48Z,36.97
2026-07-06T11:16:02.877Z,37.15
2026-07-06T11:21:02.858Z,37.0
2026-07-06T11:26:04.476Z,37.0
2026-07-06T11:31:03.7Z,37.29
2026-07-06T11:36:04.979Z,37.49
2026-07-06T11:41:02.89Z,37.72
2026-07-06T11:46:02.379Z,37.75
2026-07-06T11:51:02.422Z,37.54
2026-07-06T11:56:02.448Z,37.69
2026-07-06T12:01:02.494Z,37.8
2026-07-06T12:06:02.531Z,37.89
2026-07-06T12:11:02.558Z,38.12
2026-07-06T12:16:02.635Z,38.21
2026-07-06T12:21:05.457Z,38.41
2026-07-06T12:26:02.658Z,38.64
2026-07-06T12:31:03.23Z,38.78
2026-07-06T12:36:03.521Z,38.84
2026-07-06T12:41:02.366Z,38.96
2026-07-06T12:46:02.601Z,38.84
2026-07-06T12:51:05.383Z,38.96
2026-07-06T12:56:02.558Z,38.98
2026-07-06T13:01:02.513Z,38.82
2026-07-06T13:06:03.142Z,38.93
2026-07-06T13:11:05.618Z,39.13
2026-07-06T13:16:02.622Z,39.31
2026-07-06T13:21:02.672Z,39.1
2026-07-06T13:26:02.619Z,39.07
2026-07-06T13:31:02.728Z,39.07
2026-07-06T13:36:02.54Z,39.07
2026-07-06T13:41:05.102Z,39.22
2026-07-06T13:46:02.89Z,39.19
2026-07-06T13:51:03.075Z,39.39
2026-07-06T13:56:02.928Z,39.65
2026-07-06T14:01:02.475Z,39.79
2026-07-06T14:06:02.697Z,39.88
2026-07-06T14:11:02.418Z,39.53
2026-07-06T14:16:02.55Z,39.31
2026-07-06T14:21:03.017Z,39.45
2026-07-06T14:26:02.911Z,39.19
2026-07-06T14:31:04.186Z,39.27
2026-07-06T14:36:03.387Z,39.19
2026-07-06T14:41:02.682Z,39.33
2026-07-06T14:46:03.668Z,39.13
2026-07-06T14:51:02.592Z,39.04
2026-07-06T14:56:02.524Z,39.27
2026-07-06T15:01:02.513Z,39.19
2026-07-06T15:06:03.635Z,38.98
2026-07-06T15:11:03.425Z,38.73
2026-07-06T15:16:02.558Z,38.7
2026-07-06T15:21:02.538Z,38.7
2026-07-06T15:26:02.513Z,38.82
2026-07-06T15:31:02.459Z,38.93
2026-07-06T15:36:04.699Z,38.96
2026-07-06T15:41:02.874Z,38.75
2026-07-06T15:46:02.602Z,38.58
2026-07-06T15:51:02.599Z,38.56
2026-07-06T15:56:02.733Z,38.47
2026-07-06T16:01:02.599Z,38.47
2026-07-06T16:06:02.737Z,38.33
2026-07-06T16:11:02.759Z,38.33
2026-07-06T16:16:02.996Z,38.41
2026-07-06T16:21:03.113Z,38.44
2026-07-06T16:26:02.595Z,38.41
2026-07-06T16:31:02.68Z,38.1
2026-07-06T16:36:02.604Z,38.01
2026-07-06T16:41:02.646Z,37.86
2026-07-06T16:46:03.456Z,37.92
2026-07-06T16:51:02.706Z,37.95
2026-07-06T16:56:02.684Z,37.8
2026-07-06T17:01:02.875Z,37.77
2026-07-06T17:06:04.67Z,37.58
2026-07-06T17:11:04.528Z,37.61
2026-07-06T17:16:02.768Z,37.58
2026-07-06T17:21:02.887Z,37.49
2026-07-06T17:26:03.214Z,37.29
2026-07-06T17:31:03.782Z,37.05
2026-07-06T17:36:02.864Z,36.89
2026-07-06T17:41:02.32Z,36.83
2026-07-06T17:46:02.365Z,36.74
2026-07-06T17:51:02.507Z,36.71
2026-07-06T17:56:02.628Z,36.63
2026-07-06T18:01:05.272Z,36.42
2026-07-06T18:06:02.858Z,36.34
2026-07-06T18:11:02.434Z,36.25
2026-07-06T18:16:05.049Z,36.14
2026-07-06T18:21:02.471Z,36.11
2026-07-06T18:26:03.635Z,35.96
2026-07-06T18:31:04.658Z,35.65
2026-07-06T18:36:02.565Z,35.39
2026-07-06T18:41:03.874Z,35.27
2026-07-06T18:46:02.615Z,35.04
2026-07-06T18:51:02.922Z,34.75
2026-07-06T18:56:02.711Z,34.58
2026-07-06T19:01:03.499Z,34.35
2026-07-06T19:06:03.837Z,34.15
2026-07-06T19:11:02.514Z,33.95
2026-07-06T19:16:02.692Z,33.69
2026-07-06T19:21:03.662Z,33.49
2026-07-06T19:26:02.672Z,33.29
2026-07-06T19:31:02.815Z,33.03
2026-07-06T19:36:02.923Z,32.94
2026-07-06T19:41:02.955Z,32.74
2026-07-06T19:46:02.443Z,32.51
2026-07-06T19:51:02.572Z,32.22
2026-07-06T19:56:02.392Z,32.02
2026-07-06T20:01:03.212Z,31.71
2026-07-06T20:06:02.581Z,31.36
2026-07-06T20:11:02.625Z,31.07
2026-07-06T20:16:02.781Z,30.81
2026-07-06T20:21:02.56Z,30.61
2026-07-06T20:26:02.578Z,30.35
2026-07-06T20:31:02.574Z,30.09
2026-07-06T20:36:03.65Z,29.8
2026-07-06T20:41:02.692Z,29.69
2026-07-06T20:46:02.865Z,29.52
2026-07-06T20:51:02.789Z,29.63
2026-07-06T20:56:04.873Z,29.75
2026-07-06T21:01:02.545Z,29.66
2026-07-06T21:06:04.659Z,29.57
2026-07-06T21:11:02.649Z,29.37
2026-07-06T21:16:02.447Z,29.23
2026-07-06T21:21:02.78Z,29.11
2026-07-06T21:26:02.663Z,28.97
2026-07-06T21:31:02.416Z,28.94
2026-07-06T21:36:02.814Z,28.83
2026-07-06T21:41:02.559Z,28.65
2026-07-06T21:46:02.766Z,28.65
2026-07-06T21:51:03.635Z,28.51
2026-07-06T21:56:04.894Z,28.36
2026-07-06T22:01:03.103Z,28.19
2026-07-06T22:06:02.605Z,28.13
2026-07-06T22:11:02.702Z,28.08
2026-07-06T22:16:04.496Z,27.97
2026-07-06T22:21:02.85Z,27.87
2026-07-06T22:26:02.525Z,27.79
2026-07-06T22:31:03.004Z,27.76
2026-07-06T22:36:02.536Z,27.62
2026-07-06T22:41:02.851Z,27.62
2026-07-06T22:46:02.492Z,27.53
2026-07-06T22:51:04.649Z,27.39
2026-07-06T22:56:02.462Z,27.27
2026-07-06T23:01:02.734Z,27.1
2026-07-06T23:06:03.569Z,26.92
2026-07-06T23:11:02.989Z,26.81
2026-07-06T23:16:02.645Z,26.55
2026-07-06T23:21:02.608Z,26.46
2026-07-06T23:26:03.974Z,26.32
2026-07-06T23:31:03.524Z,26.18
2026-07-06T23:36:02.789Z,26.09
2026-07-06T23:41:02.748Z,25.89
2026-07-06T23:46:02.755Z,25.66
2026-07-06T23:51:02.413Z,25.63
2026-07-06T23:56:03.809Z,25.46
2026-07-07T00:01:02.599Z,25.4
2026-07-07T00:06:02.651Z,25.29
2026-07-07T00:11:03.008Z,25.37
2026-07-07T00:16:02.656Z,25.2
2026-07-07T00:21:02.427Z,25.23
2026-07-07T00:26:02.605Z,25.06
2026-07-07T00:31:02.806Z,25.17
2026-07-07T00:36:02.496Z,25.0
2026-07-07T00:41:03.559Z,25.0
2026-07-07T00:46:02.992Z,24.91
2026-07-07T00:51:03.114Z,24.85
2026-07-07T00:56:03.184Z,24.77
2026-07-07T01:01:03.1Z,24.77
2026-07-07T01:06:02.453Z,24.6
2026-07-07T01:11:03.516Z,24.51
2026-07-07T01:16:03.119Z,24.51
2026-07-07T01:21:02.496Z,24.45
2026-07-07T01:26:06.121Z,24.48
2026-07-07T01:31:02.493Z,24.37
2026-07-07T01:36:02.506Z,24.28
2026-07-07T01:41:02.828Z,24.39
2026-07-07T01:46:02.579Z,24.37
2026-07-07T01:51:04.392Z,24.54
2026-07-07T01:56:02.713Z,24.71
2026-07-07T02:01:02.41Z,24.6
2026-07-07T02:06:02.741Z,24.62
2026-07-07T02:11:02.411Z,24.48
2026-07-07T02:16:02.475Z,24.28
2026-07-07T02:21:02.699Z,24.13
2026-07-07T02:26:04.384Z,23.93
2026-07-07T02:31:02.575Z,23.82
2026-07-07T02:36:04.058Z,23.67
2026-07-07T02:41:04.331Z,23.53
2026-07-07T02:46:02.755Z,23.39
2026-07-07T02:51:02.445Z,23.27
2026-07-07T02:56:03.12Z,23.3
2026-07-07T03:01:03.038Z,23.04
2026-07-07T03:06:02.41Z,23.01
2026-07-07T03:11:02.609Z,23.24
2026-07-07T03:16:03.3Z,23.41
2026-07-07T03:21:02.52Z,23.56
2026-07-07T03:26:02.521Z,23.53
2026-07-07T03:31:02.721Z,23.7
2026-07-07T03:36:03.494Z,23.7
2026-07-07T03:41:02.857Z,23.7
2026-07-07T03:46:02.645Z,23.65
2026-07-07T03:51:02.401Z,23.73
2026-07-07T03:56:02.682Z,23.62
2026-07-07T04:01:02.586Z,23.56
2026-07-07T04:06:02.537Z,23.59
2026-07-07T04:11:02.435Z,23.41
2026-07-07T04:16:02.625Z,23.39
2026-07-07T04:21:02.75Z,23.47
2026-07-07T04:26:03.659Z,23.62
2026-07-07T04:31:03.314Z,23.56
2026-07-07T04:36:03.086Z,23.62
2026-07-07T04:41:02.979Z,23.41
2026-07-07T04:46:02.672Z,23.13
2026-07-07T04:51:02.94Z,22.95
2026-07-07T04:56:02.563Z,22.9
2026-07-07T05:01:02.678Z,22.93
2026-07-07T05:06:02.571Z,23.01
2026-07-07T05:11:02.784Z,22.95
2026-07-07T05:16:02.53Z,22.93
2026-07-07T05:21:02.669Z,23.04
2026-07-07T05:26:02.693Z,23.07
2026-07-07T05:31:03.477Z,22.95
2026-07-07T05:36:02.517Z,22.93
2026-07-07T05:41:02.638Z,23.04
2026-07-07T05:46:03.784Z,23.13
2026-07-07T05:51:03.325Z,23.1
2026-07-07T05:56:02.756Z,23.1
2026-07-07T06:01:06.021Z,23.1
2026-07-07T06:06:02.915Z,23.07
2026-07-07T06:11:02.683Z,23.18
2026-07-07T06:16:02.804Z,23.47
2026-07-07T06:21:03.73Z,23.65
2026-07-07T06:26:03.787Z,23.93
2026-07-07T06:31:02.705Z,24.22
2026-07-07T06:36:03.994Z,24.54
2026-07-07T06:41:05.106Z,24.71
2026-07-07T06:46:02.797Z,25.03
2026-07-07T06:51:02.731Z,25.34
2026-07-07T06:56:02.837Z,25.57
2026-07-07T07:01:05.047Z,25.86
2026-07-07T07:06:02.599Z,26.2
2026-07-07T07:11:02.739Z,26.61
2026-07-07T07:16:03.599Z,26.81
2026-07-07T07:21:02.676Z,27.16
2026-07-07T07:26:02.361Z,27.44
2026-07-07T07:31:02.409Z,27.76
2026-07-07T07:36:02.897Z,28.02
2026-07-07T07:41:02.735Z,28.31
2026-07-07T07:46:03.673Z,28.8
2026-07-07T07:51:02.714Z,28.91
2026-07-07T07:56:02.683Z,29.43
2026-07-07T08:01:04.393Z,29.63
2026-07-07T08:06:09.253Z,29.75
2026-07-07T08:11:03.937Z,29.98
2026-07-07T08:16:07.019Z,30.24
2026-07-07T08:21:02.892Z,30.32
2026-07-07T08:26:04.066Z,30.58
2026-07-07T08:31:02.825Z,30.84
2026-07-07T08:36:03.132Z,30.99
2026-07-07T08:41:02.717Z,31.42
2026-07-07T08:46:03.271Z,31.62
2026-07-07T08:51:02.534Z,31.99
2026-07-07T08:56:02.535Z,32.08
2026-07-07T09:01:02.946Z,32.13
2026-07-07T09:06:08.95Z,32.68
2026-07-07T09:11:04.843Z,33.08
2026-07-07T09:16:02.931Z,33.37
2026-07-07T09:21:03.564Z,33.34
2026-07-07T09:26:05.44Z,33.31
2026-07-07T09:31:03.379Z,33.63
2026-07-07T09:36:02.495Z,33.89
2026-07-07T09:41:03.402Z,34.35
2026-07-07T09:46:02.902Z,34.78
2026-07-07T09:51:02.896Z,34.81
2026-07-07T09:56:04.066Z,34.87
2026-07-07T10:01:04.624Z,34.78
2026-07-07T10:06:04.822Z,35.22
2026-07-07T10:11:05.651Z,35.56
2026-07-07T10:16:02.901Z,35.73
2026-07-07T10:21:04.012Z,36.05
2026-07-07T10:26:02.592Z,36.34
2026-07-07T10:31:02.849Z,36.45
2026-07-07T10:36:05.189Z,36.66
2026-07-07T10:41:03.044Z,36.83
2026-07-07T10:46:02.802Z,36.89
2026-07-07T10:51:03.771Z,36.97
2026-07-07T10:56:02.84Z,37.29
2026-07-07T11:01:03.292Z,37.54
2026-07-07T11:06:03.014Z,37.75
2026-07-07T11:11:02.737Z,37.98
2026-07-07T11:16:03.797Z,37.95
2026-07-07T11:21:02.867Z,38.21
2026-07-07T11:26:06.112Z,38.44
2026-07-07T11:31:02.793Z,38.58
2026-07-07T11:36:02.439Z,38.52
2026-07-07T11:41:02.616Z,38.73
2026-07-07T11:46:03.04Z,38.87
2026-07-07T11:51:02.482Z,38.98
2026-07-07T11:56:04.239Z,39.1
2026-07-07T12:01:02.692Z,39.22
2026-07-07T12:06:02.688Z,39.19
2026-07-07T12:11:02.799Z,39.27
2026-07-07T12:16:02.533Z,39.65
2026-07-07T12:21:02.474Z,39.88
2026-07-07T12:26:02.542Z,39.93
2026-07-07T12:31:02.388Z,40.14
2026-07-07T12:36:03.287Z,40.31
2026-07-07T12:41:02.642Z,40.17
2026-07-07T12:46:04.578Z,40.54
2026-07-07T12:51:02.908Z,40.68
2026-07-07T12:56:02.518Z,40.65
2026-07-07T13:01:02.723Z,40.57
2026-07-07T13:06:03.416Z,40.71
2026-07-07T13:11:04.256Z,40.65
2026-07-07T13:16:04.872Z,40.71
2026-07-07T13:21:02.617Z,40.8
2026-07-07T13:26:04.368Z,40.68
2026-07-07T13:31:06.239Z,40.74
2026-07-07T13:36:03.165Z,40.51
2026-07-07T13:41:02.905Z,40.74
2026-07-07T13:46:03.514Z,40.86
2026-07-07T13:51:03.085Z,40.74
2026-07-07T13:56:02.879Z,40.68
2026-07-07T14:01:02.545Z,40.83
2026-07-07T14:06:02.746Z,40.86
2026-07-07T14:11:02.703Z,40.8
2026-07-07T14:16:03.857Z,40.77
2026-07-07T14:21:02.745Z,40.89
2026-07-07T14:26:02.385Z,40.91
2026-07-07T14:31:03.246Z,40.83
2026-07-07T14:36:04.314Z,40.97
2026-07-07T14:41:02.821Z,41.09
2026-07-07T14:46:02.501Z,40.94
2026-07-07T14:51:04.619Z,40.97
2026-07-07T14:56:02.655Z,40.94
2026-07-07T15:01:03.956Z,40.83
2026-07-07T15:06:04.61Z,40.77
2026-07-07T15:11:02.645Z,40.77
2026-07-07T15:16:02.392Z,40.77
2026-07-07T15:21:02.827Z,40.8
2026-07-07T15:26:02.893Z,40.91
2026-07-07T15:31:02.695Z,40.6
2026-07-07T15:36:02.937Z,40.51
2026-07-07T15:41:02.751Z,40.4
2026-07-07T15:46:02.557Z,40.28
2026-07-07T15:51:02.668Z,40.11
2026-07-07T15:56:04.043Z,40.08
2026-07-07T16:01:03.022Z,40.05
2026-07-07T16:06:03.628Z,40.05
2026-07-07T16:11:03.202Z,39.96
2026-07-07T16:16:02.802Z,40.19
2026-07-07T16:21:02.86Z,40.11
2026-07-07T16:26:03.873Z,39.93
2026-07-07T16:31:02.638Z,39.82
2026-07-07T16:36:03.717Z,39.91
2026-07-07T16:41:04.824Z,39.93
2026-07-07T16:46:02.831Z,39.73
2026-07-07T16:51:02.593Z,39.65
2026-07-07T16:56:02.543Z,39.56
2026-07-07T17:01:03.201Z,39.53
2026-07-07T17:06:03.088Z,39.39
2026-07-07T17:11:02.851Z,39.31
2026-07-07T17:16:02.841Z,39.39
2026-07-07T17:21:03.744Z,39.22
2026-07-07T17:26:02.39Z,39.24
2026-07-07T17:31:02.616Z,39.13
2026-07-07T17:36:02.45Z,39.04
2026-07-07T17:41:02.742Z,38.93
2026-07-07T17:46:02.848Z,38.98
2026-07-07T17:51:03.983Z,38.93
2026-07-07T17:56:02.579Z,38.75
2026-07-07T18:01:02.613Z,38.61
2026-07-07T18:06:03.76Z,38.49
2026-07-07T18:11:02.391Z,38.38
2026-07-07T18:16:02.472Z,38.21
2026-07-07T18:21:02.501Z,37.98
2026-07-07T18:26:02.762Z,37.77
2026-07-07T18:31:02.789Z,37.52
2026-07-07T18:36:02.81Z,37.23
2026-07-07T18:41:02.793Z,37.15
2026-07-07T18:46:02.364Z,36.86
2026-07-07T18:51:02.515Z,36.68
2026-07-07T18:56:02.623Z,36.28
2026-07-07T19:01:02.687Z,35.96
2026-07-07T19:06:02.428Z,35.59
2026-07-07T19:11:03.058Z,35.3
2026-07-07T19:16:03.176Z,34.84
2026-07-07T19:21:03.094Z,34.44
2026-07-07T19:26:02.993Z,34.15
2026-07-07T19:31:04.422Z,33.89
2026-07-07T19:36:02.575Z,33.63
2026-07-07T19:41:02.685Z,33.26
2026-07-07T19:46:02.556Z,32.97
2026-07-07T19:51:02.788Z,32.8
2026-07-07T19:56:02.429Z,32.62
2026-07-07T20:01:02.868Z,32.36
2026-07-07T20:06:02.745Z,32.11
2026-07-07T20:11:02.794Z,31.96
2026-07-07T20:16:02.52Z,31.82
2026-07-07T20:21:03.649Z,31.56
2026-07-07T20:26:03.244Z,31.39
2026-07-07T20:31:02.915Z,31.22
2026-07-07T20:36:02.794Z,31.1
2026-07-07T20:41:02.661Z,30.87
2026-07-07T20:46:05.469Z,30.73
2026-07-07T20:51:02.827Z,30.55
2026-07-07T20:56:02.699Z,30.41
2026-07-07T21:01:03.145Z,30.29
2026-07-07T21:06:02.746Z,30.04
2026-07-07T21:11:02.551Z,29.89
2026-07-07T21:16:02.936Z,29.75
2026-07-07T21:21:04.306Z,29.52
2026-07-07T21:26:03.066Z,29.32
2026-07-07T21:31:02.357Z,29.2
2026-07-07T21:36:02.666Z,29.03
2026-07-07T21:41:02.59Z,28.91
2026-07-07T21:46:02.962Z,28.77
2026-07-07T21:51:04.647Z,28.71
2026-07-07T21:56:03.722Z,28.54
2026-07-07T22:01:02.633Z,28.42
2026-07-07T22:06:03.49Z,28.34
2026-07-07T22:11:04.215Z,28.34
2026-07-07T22:16:02.427Z,28.31
2026-07-07T22:21:05.431Z,28.13
2026-07-07T22:26:02.618Z,28.16
2026-07-07T22:31:02.703Z,28.02
2026-07-07T22:36:02.471Z,27.93
2026-07-07T22:41:04.675Z,27.9
2026-07-07T22:46:03.24Z,27.87
2026-07-07T22:51:02.855Z,27.82
2026-07-07T22:56:04.617Z,27.76
2026-07-07T23:01:03.093Z,27.76
2026-07-07T23:06:02.922Z,27.73
2026-07-07T23:11:03.102Z,27.73
2026-07-07T23:16:02.892Z,27.64
2026-07-07T23:21:02.482Z,27.48
2026-07-07T23:26:07.031Z,27.33
2026-07-07T23:31:02.333Z,27.27
2026-07-07T23:36:02.632Z,27.1
2026-07-07T23:41:02.852Z,26.99
2026-07-07T23:46:02.494Z,26.9
2026-07-07T23:51:02.561Z,26.81
2026-07-07T23:56:02.79Z,26.78
2026-07-08T00:01:03.175Z,26.76
2026-07-08T00:06:03.159Z,26.67
2026-07-08T00:11:02.413Z,26.61
2026-07-08T00:16:02.758Z,26.46
2026-07-08T00:21:02.434Z,26.29
2026-07-08T00:26:02.93Z,26.09
2026-07-08T00:31:02.564Z,26.01
2026-07-08T00:36:02.706Z,25.92
2026-07-08T00:41:02.445Z,25.75
2026-07-08T00:46:02.569Z,25.6
2026-07-08T00:51:03.118Z,25.46
2026-07-08T00:56:02.597Z,25.4
2026-07-08T01:01:03.125Z,25.34
2026-07-08T01:06:02.569Z,25.2
2026-07-08T01:11:02.68Z,25.11
2026-07-08T01:16:02.615Z,25.0
2026-07-08T01:21:02.489Z,25.0
2026-07-08T01:26:02.82Z,25.0
2026-07-08T01:31:02.472Z,24.88
2026-07-08T01:36:02.586Z,24.83
2026-07-08T01:41:02.751Z,25.17
2026-07-08T01:46:02.612Z,25.46
2026-07-08T01:51:02.973Z,25.52
2026-07-08T01:56:03.993Z,25.57
2026-07-08T02:01:02.858Z,25.49
2026-07-08T02:06:02.581Z,25.49
2026-07-08T02:11:04.279Z,25.57
2026-07-08T02:16:02.657Z,25.55
2026-07-08T02:21:02.735Z,25.6
2026-07-08T02:26:02.468Z,25.46
2026-07-08T02:31:02.762Z,25.46
2026-07-08T02:36:02.944Z,25.43
2026-07-08T02:41:02.865Z,25.43
2026-07-08T02:46:02.595Z,25.4
2026-07-08T02:51:02.596Z,25.37
2026-07-08T02:56:02.701Z,25.37
2026-07-08T03:01:02.485Z,25.26
2026-07-08T03:06:03.412Z,25.23
2026-07-08T03:11:02.306Z,25.03
2026-07-08T03:16:02.664Z,25.0
2026-07-08T03:21:03.857Z,24.94
2026-07-08T03:26:02.658Z,24.71
2026-07-08T03:31:02.909Z,24.68
2026-07-08T03:36:02.39Z,24.57
2026-07-08T03:41:03.995Z,24.39
2026-07-08T03:46:03.345Z,24.25
2026-07-08T03:51:02.659Z,24.08
2026-07-08T03:56:02.779Z,23.88
2026-07-08T04:01:02.783Z,23.79
2026-07-08T04:06:04.418Z,23.85
2026-07-08T04:11:03.469Z,23.93
2026-07-08T04:16:02.497Z,23.88
2026-07-08T04:21:02.797Z,23.88
2026-07-08T04:26:02.42Z,23.79
2026-07-08T04:31:02.523Z,23.62
2026-07-08T04:36:02.983Z,23.53
2026-07-08T04:41:03.293Z,23.33
2026-07-08T04:46:03.166Z,23.16
2026-07-08T04:51:02.672Z,22.98
2026-07-08T04:56:04.596Z,22.87
2026-07-08T05:01:02.609Z,22.75
2026-07-08T05:06:02.495Z,22.61
2026-07-08T05:11:02.703Z,22.64
2026-07-08T05:16:03.006Z,22.67
2026-07-08T05:21:02.643Z,22.58
2026-07-08T05:26:02.648Z,22.72
2026-07-08T05:31:02.688Z,22.78
2026-07-08T05:36:02.602Z,23.01
2026-07-08T05:41:02.727Z,23.53
2026-07-08T05:46:04.845Z,23.7
2026-07-08T05:51:03.408Z,24.05
2026-07-08T05:56:02.696Z,24.31
2026-07-08T06:01:02.787Z,24.54
2026-07-08T06:06:03.797Z,24.8
2026-07-08T06:11:02.726Z,25.09
2026-07-08T06:16:02.772Z,25.29
2026-07-08T06:21:03.37Z,25.55
2026-07-08T06:26:04.2Z,25.89
2026-07-08T06:31:03.764Z,26.06
2026-07-08T06:36:03.461Z,26.29
2026-07-08T06:41:02.538Z,26.46
2026-07-08T06:46:02.312Z,26.61
2026-07-08T06:51:02.68Z,26.73
2026-07-08T06:56:04.508Z,26.95
2026-07-08T07:01:02.609Z,27.22
2026-07-08T07:06:02.369Z,27.33
2026-07-08T07:11:02.941Z,27.73
2026-07-08T07:16:02.633Z,27.99
2026-07-08T07:21:02.404Z,28.22
2026-07-08T07:26:03.303Z,28.48
2026-07-08T07:31:02.439Z,28.71
2026-07-08T07:36:02.768Z,29.06
2026-07-08T07:41:02.826Z,29.11
2026-07-08T07:46:02.769Z,29.32
2026-07-08T07:51:02.709Z,29.43
2026-07-08T07:56:02.463Z,29.63
2026-07-08T08:01:03.324Z,29.78
2026-07-08T08:06:02.499Z,30.15
2026-07-08T08:11:02.743Z,30.41
2026-07-08T08:16:02.695Z,30.5
2026-07-08T08:21:02.61Z,30.64
2026-07-08T08:26:02.67Z,30.96
2026-07-08T08:31:05.726Z,31.19
2026-07-08T08:36:02.74Z,31.62
2026-07-08T08:41:02.382Z,31.73
2026-07-08T08:46:05.923Z,31.96
2026-07-08T08:51:02.657Z,32.4
2026-07-08T08:56:02.983Z,32.77
2026-07-08T09:01:05.872Z,33.08
2026-07-08T09:06:02.823Z,33.31
2026-07-08T09:11:03.205Z,33.75
2026-07-08T09:16:02.417Z,33.92
2026-07-08T09:21:03.992Z,34.12
2026-07-08T09:26:03.144Z,34.52
2026-07-08T09:31:02.681Z,34.9
2026-07-08T09:36:02.933Z,35.01
2026-07-08T09:41:02.764Z,35.24
2026-07-08T09:46:03.449Z,35.59
2026-07-08T09:51:02.505Z,36.17
2026-07-08T09:56:02.884Z,36.42
2026-07-08T10:01:02.686Z,36.83
2026-07-08T10:06:02.717Z,37.03
2026-07-08T10:11:02.696Z,37.2
2026-07-08T10:16:02.573Z,37.63
2026-07-08T10:21:03.401Z,37.86
2026-07-08T10:26:02.609Z,38.18
2026-07-08T10:31:04.584Z,38.29
2026-07-08T10:36:04.392Z,38.61
2026-07-08T10:41:02.525Z,38.75
2026-07-08T10:46:02.817Z,38.84
2026-07-08T10:51:04.52Z,39.04
2026-07-08T10:56:03.3Z,39.5
2026-07-08T11:01:03.021Z,39.73
2026-07-08T11:06:02.639Z,39.99
2026-07-08T11:11:02.764Z,40.25
2026-07-08T11:16:05.486Z,40.19
2026-07-08T11:21:02.749Z,40.31
2026-07-08T11:26:02.783Z,40.4
2026-07-08T11:31:02.622Z,40.51
2026-07-08T11:36:06.158Z,40.6
2026-07-08T11:41:03.033Z,40.86
2026-07-08T11:46:02.62Z,41.03
2026-07-08T11:51:02.664Z,41.09
2026-07-08T11:56:02.483Z,40.94
2026-07-08T12:01:02.727Z,41.12
2026-07-08T12:06:02.856Z,41.03
2026-07-08T12:11:02.631Z,41.35
2026-07-08T12:16:02.534Z,41.58
2026-07-08T12:21:02.425Z,41.72
2026-07-08T12:26:02.519Z,42.1
2026-07-08T12:31:02.673Z,42.18
2026-07-08T12:36:02.631Z,42.01
2026-07-08T12:41:02.519Z,42.27
2026-07-08T12:46:04.958Z,42.5
2026-07-08T12:51:04.34Z,42.47
2026-07-08T12:56:02.472Z,42.67
2026-07-08T13:01:03.357Z,42.87
2026-07-08T13:06:02.829Z,42.96
2026-07-08T13:11:03.013Z,42.98
2026-07-08T13:16:04.034Z,43.13
2026-07-08T13:21:03.003Z,42.98
2026-07-08T13:26:02.565Z,43.05
2026-07-08T13:31:02.487Z,43.19
2026-07-08T13:36:03.395Z,43.3
2026-07-08T13:41:02.985Z,43.1
2026-07-08T13:46:06.243Z,43.1
2026-07-08T13:51:05.242Z,42.98
2026-07-08T13:56:02.68Z,42.96
2026-07-08T14:01:02.699Z,43.07
2026-07-08T14:06:02.893Z,43.21
2026-07-08T14:11:02.547Z,43.25
2026-07-08T14:16:03.75Z,43.13
2026-07-08T14:21:02.541Z,43.36
2026-07-08T14:26:02.765Z,43.51
2026-07-08T14:31:02.99Z,43.36
2026-07-08T14:36:02.528Z,43.28
2026-07-08T14:41:02.688Z,43.3
2026-07-08T14:46:03.031Z,43.39
2026-07-08T14:51:02.674Z,43.39
2026-07-08T14:56:02.684Z,43.19
2026-07-08T15:01:02.903Z,43.07
2026-07-08T15:06:02.792Z,42.93
2026-07-08T15:11:02.82Z,43.02
2026-07-08T15:16:02.444Z,43.07
2026-07-08T15:21:03.756Z,43.07
2026-07-08T15:26:03.947Z,43.02
2026-07-08T15:31:02.628Z,43.05
2026-07-08T15:36:02.451Z,42.98
2026-07-08T15:41:02.678Z,42.9
2026-07-08T15:46:02.89Z,42.93
2026-07-08T15:51:03.297Z,42.98
2026-07-08T15:56:02.941Z,42.7
2026-07-08T16:01:02.575Z,42.53
2026-07-08T16:06:02.686Z,42.53
2026-07-08T16:11:02.5Z,42.61
2026-07-08T16:16:03.725Z,42.44
2026-07-08T16:21:03.055Z,42.38
2026-07-08T16:26:02.833Z,42.44
2026-07-08T16:31:02.473Z,42.35
2026-07-08T16:36:04.463Z,42.07
2026-07-08T16:41:02.713Z,41.92
2026-07-08T16:46:02.428Z,41.81
2026-07-08T16:51:03.557Z,41.75
2026-07-08T16:56:02.651Z,41.66
2026-07-08T17:01:04.65Z,41.63
2026-07-08T17:06:02.365Z,41.52
2026-07-08T17:11:02.618Z,41.52
2026-07-08T17:16:03.537Z,41.58
2026-07-08T17:21:02.664Z,41.35
2026-07-08T17:26:04.791Z,41.2
2026-07-08T17:31:04.377Z,41.14
2026-07-08T17:36:02.596Z,41.14
2026-07-08T17:41:03.604Z,41.03
2026-07-08T17:46:02.726Z,40.86
2026-07-08T17:51:02.843Z,40.68
2026-07-08T17:56:04.278Z,40.63
2026-07-08T18:01:02.41Z,40.4
2026-07-08T18:06:03.08Z,40.42
2026-07-08T18:11:04.585Z,40.28
2026-07-08T18:16:02.673Z,39.91
2026-07-08T18:21:02.543Z,39.68
2026-07-08T18:26:02.874Z,39.62
2026-07-08T18:31:03.136Z,39.42
2026-07-08T18:36:03.045Z,39.1
2026-07-08T18:41:02.664Z,38.84
2026-07-08T18:46:02.57Z,38.61
2026-07-08T18:51:04.592Z,38.26
2026-07-08T18:56:02.644Z,38.03
2026-07-08T19:01:03.427Z,37.77
2026-07-08T19:06:03.078Z,37.54
2026-07-08T19:11:03.267Z,37.26
2026-07-08T19:16:04.205Z,37.15
2026-07-08T19:21:04.498Z,37.03
2026-07-08T19:26:04.519Z,36.74
2026-07-08T19:31:06.154Z,36.51
2026-07-08T19:36:02.629Z,36.22
2026-07-08T19:41:02.797Z,35.94
2026-07-08T19:46:02.556Z,35.53
2026-07-08T19:51:02.672Z,34.98
2026-07-08T19:56:05.608Z,34.58
2026-07-08T20:01:02.402Z,34.06
2026-07-08T20:06:02.852Z,33.69
2026-07-08T20:11:02.573Z,33.29
2026-07-08T20:16:04.059Z,32.97
2026-07-08T20:21:03.203Z,32.71
2026-07-08T20:26:02.542Z,32.59
2026-07-08T20:31:02.507Z,32.45
2026-07-08T20:36:02.844Z,32.19
2026-07-08T20:41:02.726Z,32.11
2026-07-08T20:46:03.086Z,31.85
2026-07-08T20:51:04.087Z,31.71
2026-07-08T20:56:02.666Z,31.64
2026-07-08T21:01:02.747Z,31.42
2026-07-08T21:06:04.864Z,31.27
2026-07-08T21:11:02.777Z,31.16
2026-07-08T21:16:03.365Z,30.84
2026-07-08T21:21:02.689Z,30.67
2026-07-08T21:26:02.775Z,30.47
2026-07-08T21:31:03.112Z,30.32
2026-07-08T21:36:02.539Z,30.18
2026-07-08T21:41:04.694Z,30.04
2026-07-08T21:46:02.548Z,29.89
2026-07-08T21:51:02.756Z,29.78
2026-07-08T21:56:04.829Z,29.69
2026-07-08T22:01:02.54Z,29.55
2026-07-08T22:06:03.955Z,29.4
2026-07-08T22:11:02.687Z,29.49
2026-07-08T22:16:02.59Z,29.52
2026-07-08T22:21:03.585Z,29.72
2026-07-08T22:26:02.637Z,29.95
2026-07-08T22:31:06.773Z,29.86
2026-07-08T22:36:03.031Z,29.63
2026-07-08T22:41:03.395Z,29.37
2026-07-08T22:46:03.546Z,29.43
2026-07-08T22:51:03.19Z,29.43
2026-07-08T22:56:02.608Z,29.26
2026-07-08T23:01:02.614Z,29.0
2026-07-08T23:06:02.699Z,28.77
2026-07-08T23:11:02.481Z,28.54
2026-07-08T23:16:03.205Z,28.45
2026-07-08T23:21:02.519Z,28.31
2026-07-08T23:26:03.922Z,28.05
2026-07-08T23:31:03.838Z,27.9
2026-07-08T23:36:02.558Z,27.73
2026-07-08T23:41:02.797Z,27.71
2026-07-08T23:46:02.605Z,27.53
2026-07-08T23:51:02.742Z,27.39
2026-07-08T23:56:04.72Z,27.27
2026-07-09T00:01:02.708Z,27.3
2026-07-09T00:06:02.868Z,27.13
2026-07-09T00:11:03.131Z,26.99
2026-07-09T00:16:03.963Z,26.87
2026-07-09T00:21:02.699Z,26.81
2026-07-09T00:26:02.77Z,26.64
2026-07-09T00:31:02.739Z,26.44
2026-07-09T00:36:02.498Z,26.44
2026-07-09T00:41:02.741Z,26.44
2026-07-09T00:46:04.276Z,26.76
2026-07-09T00:51:02.63Z,26.73
2026-07-09T00:56:02.483Z,26.67
2026-07-09T01:01:02.683Z,26.95
2026-07-09T01:06:04.579Z,26.87
2026-07-09T01:11:02.998Z,26.76
2026-07-09T01:16:02.923Z,26.52
2026-07-09T01:21:02.642Z,26.38
2026-07-09T01:26:02.508Z,26.18
2026-07-09T01:31:02.674Z,26.06
2026-07-09T01:36:02.562Z,25.89
2026-07-09T01:41:02.706Z,25.92
2026-07-09T01:46:02.87Z,26.04
2026-07-09T01:51:02.792Z,26.01
2026-07-09T01:56:02.643Z,25.97
2026-07-09T02:01:02.602Z,25.83
2026-07-09T02:06:02.642Z,25.95
2026-07-09T02:11:02.483Z,25.89
2026-07-09T02:16:02.552Z,25.78
2026-07-09T02:21:02.868Z,25.69
2026-07-09T02:26:03.844Z,25.57
2026-07-09T02:31:02.759Z,25.46
2026-07-09T02:36:02.495Z,25.4
2026-07-09T02:41:02.81Z,25.34
2026-07-09T02:46:02.723Z,25.17
2026-07-09T02:51:04.406Z,25.14
2026-07-09T02:56:02.666Z,25.23
2026-07-09T03:01:02.597Z,25.23
2026-07-09T03:06:03.297Z,25.46
2026-07-09T03:11:03.414Z,25.75
2026-07-09T03:16:02.728Z,26.01
2026-07-09T03:21:02.462Z,26.04
2026-07-09T03:26:02.664Z,25.75
2026-07-09T03:31:03.71Z,25.49
2026-07-09T03:36:02.991Z,25.4
2026-07-09T03:41:02.646Z,25.23
2026-07-09T03:46:02.477Z,24.94
2026-07-09T03:51:03.112Z,24.77
2026-07-09T03:56:03.053Z,24.6
2026-07-09T04:01:02.421Z,24.54
2026-07-09T04:06:02.712Z,24.39
2026-07-09T04:11:03.113Z,24.16
2026-07-09T04:16:02.945Z,23.93
2026-07-09T04:21:03.477Z,23.7
2026-07-09T04:26:02.86Z,23.7
2026-07-09T04:31:02.753Z,23.96
2026-07-09T04:36:02.743Z,24.28
2026-07-09T04:41:02.413Z,24.51
2026-07-09T04:46:02.612Z,24.74
2026-07-09T04:51:05.356Z,24.91
2026-07-09T04:56:03.349Z,25.17
2026-07-09T05:01:03.079Z,25.26
2026-07-09T05:06:02.87Z,25.32
2026-07-09T05:11:02.61Z,25.2
2026-07-09T05:16:02.462Z,25.11
2026-07-09T05:21:02.714Z,25.29
2026-07-09T05:26:02.574Z,25.63
2026-07-09T05:31:03.522Z,25.78
2026-07-09T05:36:02.726Z,25.86
2026-07-09T05:41:02.864Z,25.89
2026-07-09T05:46:04.76Z,25.8
2026-07-09T05:51:04.372Z,25.66
2026-07-09T05:56:02.763Z,25.55
2026-07-09T06:01:05.58Z,25.55
2026-07-09T06:06:02.781Z,25.6
2026-07-09T06:11:02.808Z,25.89
2026-07-09T06:16:03.721Z,26.2
2026-07-09T06:21:02.639Z,26.58
2026-07-09T06:26:02.458Z,26.99
2026-07-09T06:31:02.693Z,27.33
2026-07-09T06:36:02.399Z,27.82
2026-07-09T06:41:02.9Z,27.97
2026-07-09T06:46:03.175Z,27.93
2026-07-09T06:51:02.82Z,27.9
2026-07-09T06:56:02.504Z,27.97
2026-07-09T07:01:02.498Z,28.13
2026-07-09T07:06:03.398Z,28.54
2026-07-09T07:11:02.722Z,28.8
2026-07-09T07:16:02.437Z,29.06
2026-07-09T07:21:02.933Z,29.32
2026-07-09T07:26:02.537Z,29.69
2026-07-09T07:31:02.7Z,29.92
2026-07-09T07:36:02.838Z,30.06
2026-07-09T07:41:02.617Z,30.12
2026-07-09T07:46:02.729Z,29.95
2026-07-09T07:51:03.37Z,29.95
2026-07-09T07:56:02.611Z,29.8
2026-07-09T08:01:02.772Z,29.86
2026-07-09T08:06:02.764Z,29.89
2026-07-09T08:11:04.317Z,30.09
2026-07-09T08:16:04.635Z,30.41
2026-07-09T08:21:02.772Z,30.38
2026-07-09T08:26:02.672Z,30.35
2026-07-09T08:31:02.604Z,30.67
2026-07-09T08:36:04.565Z,31.33
2026-07-09T08:41:05.711Z,31.76
2026-07-09T08:46:03.529Z,32.31
2026-07-09T08:51:04.434Z,32.89
2026-07-09T08:56:03.27Z,33.43
2026-07-09T09:01:03.572Z,33.95
2026-07-09T09:06:02.555Z,34.41
2026-07-09T09:11:02.914Z,34.78
2026-07-09T09:16:03.654Z,35.13
2026-07-09T09:21:03.008Z,35.36
2026-07-09T09:26:03.373Z,35.36
2026-07-09T09:31:04.342Z,35.47
2026-07-09T09:36:02.444Z,35.56
2026-07-09T09:41:02.901Z,35.62
2026-07-09T09:46:04.91Z,35.76
2026-07-09T09:51:02.839Z,35.94
2026-07-09T09:56:02.736Z,36.14
2026-07-09T10:01:02.735Z,36.4
2026-07-09T10:06:02.906Z,36.91
2026-07-09T10:11:04.206Z,37.2
2026-07-09T10:16:04.27Z,37.38
2026-07-09T10:21:02.665Z,37.8
2026-07-09T10:26:02.816Z,38.12
2026-07-09T10:31:02.64Z,38.49
2026-07-09T10:36:03.487Z,38.73
2026-07-09T10:41:02.572Z,38.52
2026-07-09T10:46:02.678Z,38.7
2026-07-09T10:51:02.704Z,38.93
2026-07-09T10:56:03.698Z,39.13
2026-07-09T11:01:02.774Z,39.31
2026-07-09T11:06:02.784Z,39.42
2026-07-09T11:11:04.332Z,39.65
2026-07-09T11:16:02.859Z,39.7
2026-07-09T11:21:02.5Z,39.82
2026-07-09T11:26:02.728Z,40.08
2026-07-09T11:31:02.833Z,40.22
2026-07-09T11:36:02.457Z,40.42
2026-07-09T11:41:02.966Z,40.51
2026-07-09T11:46:03.71Z,40.65
2026-07-09T11:51:07.154Z,40.31
2026-07-09T11:56:02.443Z,40.37
2026-07-09T12:01:02.445Z,40.65
2026-07-09T12:06:02.733Z,40.77
2026-07-09T12:11:04.838Z,41.12
2026-07-09T12:16:02.521Z,41.32
2026-07-09T12:21:02.892Z,41.58
2026-07-09T12:26:02.717Z,41.66
2026-07-09T12:31:02.692Z,41.72
2026-07-09T12:36:02.5Z,41.75
2026-07-09T12:41:04.771Z,41.75
2026-07-09T12:46:02.671Z,41.89
2026-07-09T12:51:02.697Z,41.89
2026-07-09T12:56:02.864Z,41.89
2026-07-09T13:01:02.566Z,42.01
2026-07-09T13:06:02.45Z,42.35
2026-07-09T13:11:04.975Z,42.18
2026-07-09T13:16:02.379Z,42.3
2026-07-09T13:21:02.833Z,42.24
2026-07-09T13:26:05.359Z,42.27
2026-07-09T13:31:02.728Z,42.41
2026-07-09T13:36:02.722Z,42.7
2026-07-09T13:41:02.908Z,42.72
2026-07-09T13:46:06.259Z,42.53
2026-07-09T13:51:04.775Z,42.64
2026-07-09T13:56:02.823Z,42.44
2026-07-09T14:01:02.739Z,42.56
2026-07-09T14:06:02.867Z,42.56
2026-07-09T14:11:03.199Z,42.41
2026-07-09T14:16:02.776Z,42.44
2026-07-09T14:21:02.771Z,42.53
2026-07-09T14:26:04.021Z,42.47
2026-07-09T14:31:02.539Z,42.35
2026-07-09T14:36:02.681Z,42.21
2026-07-09T14:41:02.769Z,42.27
2026-07-09T14:46:02.828Z,42.35
2026-07-09T14:51:02.757Z,42.07
2026-07-09T14:56:05.244Z,42.04
2026-07-09T15:01:02.708Z,42.12
2026-07-09T15:06:02.938Z,42.18
2026-07-09T15:11:02.558Z,42.18
2026-07-09T15:16:02.838Z,41.86
2026-07-09T15:21:02.751Z,41.63
2026-07-09T15:26:04.819Z,41.43
2026-07-09T15:31:02.392Z,41.12
2026-07-09T15:36:02.883Z,41.06
2026-07-09T15:41:02.586Z,40.91
2026-07-09T15:46:02.933Z,40.74
2026-07-09T15:51:04.927Z,40.6
2026-07-09T15:56:02.575Z,40.57
2026-07-09T16:01:02.579Z,40.63
2026-07-09T16:06:02.894Z,40.57
2026-07-09T16:11:02.9Z,40.8
2026-07-09T16:16:03.339Z,41.14
2026-07-09T16:21:04.539Z,41.37
2026-07-09T16:26:04.727Z,41.32
2026-07-09T16:31:04.689Z,41.12
2026-07-09T16:36:02.84Z,41.03
2026-07-09T16:41:02.476Z,40.91
2026-07-09T16:46:02.544Z,41.0
2026-07-09T16:51:05.305Z,40.89
2026-07-09T16:56:02.749Z,40.77
2026-07-09T17:01:04.191Z,40.89
2026-07-09T17:06:02.86Z,40.65
2026-07-09T17:11:05.454Z,40.57
2026-07-09T17:16:03.841Z,40.42
2026-07-09T17:21:02.859Z,40.37
2026-07-09T17:26:02.84Z,40.17
2026-07-09T17:31:06.33Z,40.08
2026-07-09T17:36:03.504Z,39.99
2026-07-09T17:41:04.782Z,39.99
2026-07-09T17:46:02.624Z,39.93
2026-07-09T17:51:02.529Z,39.73
2026-07-09T17:56:02.593Z,39.62
2026-07-09T18:01:05.993Z,39.53
2026-07-09T18:06:03.039Z,39.24
2026-07-09T18:11:02.652Z,39.04
2026-07-09T18:16:02.701Z,38.96
2026-07-09T18:21:02.765Z,38.75
2026-07-09T18:26:02.684Z,38.47
2026-07-09T18:31:02.675Z,38.21
2026-07-09T18:36:02.519Z,37.77
2026-07-09T18:41:02.419Z,37.61
2026-07-09T18:46:03.445Z,37.43
2026-07-09T18:51:03.698Z,37.2
2026-07-09T18:56:02.693Z,36.86
2026-07-09T19:01:03.545Z,36.57
2026-07-09T19:06:02.407Z,36.25
2026-07-09T19:11:03.626Z,36.22
2026-07-09T19:16:02.794Z,36.14
2026-07-09T19:21:04.484Z,35.88
2026-07-09T19:26:03.793Z,35.7
2026-07-09T19:31:04.852Z,35.3
2026-07-09T19:36:02.54Z,34.75
2026-07-09T19:41:04.657Z,34.29
2026-07-09T19:46:02.845Z,34.01
2026-07-09T19:51:03.378Z,33.69
2026-07-09T19:56:04.459Z,33.4
2026-07-09T20:01:02.819Z,33.06
2026-07-09T20:06:03.624Z,32.66
2026-07-09T20:11:02.61Z,32.43
2026-07-09T20:16:02.819Z,32.19
2026-07-09T20:21:02.736Z,31.87
2026-07-09T20:26:02.501Z,31.68
2026-07-09T20:31:04.712Z,31.42
2026-07-09T20:36:03.837Z,31.33
2026-07-09T20:41:02.454Z,31.1
2026-07-09T20:46:02.904Z,30.93
2026-07-09T20:51:02.484Z,30.7
2026-07-09T20:56:02.885Z,30.61
2026-07-09T21:01:02.647Z,30.32
2026-07-09T21:06:02.52Z,30.15
2026-07-09T21:11:03.227Z,30.09
2026-07-09T21:16:02.504Z,29.86
2026-07-09T21:21:02.751Z,29.66
2026-07-09T21:26:03.044Z,29.49
2026-07-09T21:31:02.443Z,29.32
2026-07-09T21:36:02.629Z,29.2
2026-07-09T21:41:02.372Z,29.0
2026-07-09T21:46:02.627Z,28.74
2026-07-09T21:51:02.425Z,28.62
2026-07-09T21:56:05.046Z,28.48
2026-07-09T22:01:02.49Z,28.36
2026-07-09T22:06:03.382Z,28.31
2026-07-09T22:11:02.756Z,28.13
2026-07-09T22:16:02.597Z,28.11
2026-07-09T22:21:02.698Z,27.97
2026-07-09T22:26:02.621Z,27.87
2026-07-09T22:31:02.48Z,27.79
2026-07-09T22:36:02.396Z,27.76
2026-07-09T22:41:02.702Z,27.64
2026-07-09T22:46:02.551Z,27.64
2026-07-09T22:51:02.757Z,27.53
2026-07-09T22:56:02.655Z,27.5
2026-07-09T23:01:04.491Z,27.48
2026-07-09T23:06:02.8Z,27.41
2026-07-09T23:11:02.416Z,27.41
2026-07-09T23:16:02.612Z,27.33
2026-07-09T23:21:02.508Z,27.39
2026-07-09T23:26:03.244Z,27.24
2026-07-09T23:31:02.664Z,27.24
2026-07-09T23:36:04.859Z,27.13
2026-07-09T23:41:02.85Z,27.04
2026-07-09T23:46:02.581Z,26.95
2026-07-09T23:51:02.771Z,26.81
2026-07-09T23:56:02.776Z,26.73
2026-07-10T00:01:02.442Z,26.55
2026-07-10T00:06:03.15Z,26.52
2026-07-10T00:11:02.484Z,26.46
2026-07-10T00:16:02.6Z,26.44
2026-07-10T00:21:04.76Z,26.35
2026-07-10T00:26:03.068Z,26.27
2026-07-10T00:31:02.96Z,26.27
2026-07-10T00:36:02.617Z,26.27
2026-07-10T00:41:02.567Z,26.24
2026-07-10T00:46:02.932Z,26.24
2026-07-10T00:51:02.637Z,26.27
2026-07-10T00:56:02.977Z,26.32
2026-07-10T01:01:03.118Z,26.32
2026-07-10T01:06:03.407Z,26.24
2026-07-10T01:11:05.166Z,26.18
2026-07-10T01:16:03.027Z,26.18
2026-07-10T01:21:02.705Z,26.24
2026-07-10T01:26:02.546Z,26.15
2026-07-10T01:31:03.627Z,26.2
2026-07-10T01:36:05.089Z,26.09
2026-07-10T01:41:04.055Z,26.09
2026-07-10T01:46:02.815Z,26.09
2026-07-10T01:51:03.524Z,26.06
2026-07-10T01:56:02.486Z,26.09
2026-07-10T02:01:02.865Z,26.06
2026-07-10T02:06:02.973Z,26.12
2026-07-10T02:11:03.108Z,26.12
2026-07-10T02:16:03.314Z,26.12
2026-07-10T02:21:02.931Z,26.04
2026-07-10T02:26:02.677Z,26.01
2026-07-10T02:31:02.623Z,26.01
2026-07-10T02:36:03.321Z,25.97
2026-07-10T02:41:02.92Z,25.89
2026-07-10T02:46:02.652Z,25.95
2026-07-10T02:51:02.797Z,25.92
2026-07-10T02:56:03.164Z,26.01
2026-07-10T03:01:02.712Z,25.92
2026-07-10T03:06:02.603Z,25.78
2026-07-10T03:11:02.965Z,25.75
2026-07-10T03:16:02.954Z,25.69
2026-07-10T03:21:02.565Z,25.63
2026-07-10T03:26:02.844Z,25.43
2026-07-10T03:31:02.543Z,25.4
2026-07-10T03:36:04.716Z,25.32
2026-07-10T03:41:02.435Z,25.34
2026-07-10T03:46:02.729Z,25.32
2026-07-10T03:51:03.852Z,25.26
2026-07-10T03:56:02.443Z,25.2
2026-07-10T04:01:02.596Z,25.29
2026-07-10T04:06:02.609Z,25.29
2026-07-10T04:11:03.05Z,25.2
2026-07-10T04:16:02.551Z,25.14
2026-07-10T04:21:02.811Z,25.14
2026-07-10T04:26:05.115Z,25.11
2026-07-10T04:31:02.477Z,25.06
2026-07-10T04:36:03.377Z,24.94
2026-07-10T04:41:03.066Z,24.8
2026-07-10T04:46:02.698Z,24.71
2026-07-10T04:51:02.495Z,24.62
2026-07-10T04:56:02.724Z,24.62
2026-07-10T05:01:02.62Z,24.6
2026-07-10T05:06:04.062Z,24.6
2026-07-10T05:11:02.709Z,24.6
2026-07-10T05:16:02.543Z,24.57
2026-07-10T05:21:02.735Z,24.62
2026-07-10T05:26:02.715Z,24.6
2026-07-10T05:31:02.781Z,24.65
2026-07-10T05:36:05.095Z,24.77
2026-07-10T05:41:02.697Z,24.85
2026-07-10T05:46:02.885Z,25.03
2026-07-10T05:51:02.408Z,25.09
2026-07-10T05:56:02.475Z,25.2
2026-07-10T06:01:02.838Z,25.14
2026-07-10T06:06:04.504Z,25.29
2026-07-10T06:11:05.014Z,25.37
2026-07-10T06:16:02.653Z,25.55
2026-07-10T06:21:02.774Z,25.72
2026-07-10T06:26:02.503Z,25.89
2026-07-10T06:31:02.887Z,26.06
2026-07-10T06:36:02.91Z,26.24
2026-07-10T06:41:02.641Z,26.46
2026-07-10T06:46:02.432Z,26.46
2026-07-10T06:51:03.559Z,26.73
2026-07-10T06:56:02.675Z,26.84
2026-07-10T07:01:02.624Z,26.95
2026-07-10T07:06:02.638Z,27.36
2026-07-10T07:11:02.525Z,27.82
2026-07-10T07:16:02.88Z,28.31
2026-07-10T07:21:02.5Z,28.57
2026-07-10T07:26:02.892Z,28.8
2026-07-10T07:31:02.35Z,29.08
2026-07-10T07:36:02.521Z,29.14
2026-07-10T07:41:03.111Z,29.23
2026-07-10T07:46:02.473Z,29.43
2026-07-10T07:51:02.678Z,29.34
2026-07-10T07:56:02.457Z,29.34
2026-07-10T08:01:02.717Z,29.78
2026-07-10T08:06:06.535Z,29.86
2026-07-10T08:11:03.122Z,29.83
2026-07-10T08:16:02.868Z,30.24
2026-07-10T08:21:02.638Z,30.41
2026-07-10T08:26:02.606Z,30.7
2026-07-10T08:31:03.132Z,30.99
2026-07-10T08:36:02.732Z,31.3
2026-07-10T08:41:03.18Z,31.33
2026-07-10T08:46:04.588Z,31.56
2026-07-10T08:51:02.474Z,31.91
2026-07-10T08:56:02.773Z,31.99
2026-07-10T09:01:03.399Z,32.22
2026-07-10T09:06:02.68Z,32.4
2026-07-10T09:11:02.66Z,32.57
2026-07-10T09:16:02.641Z,32.68
2026-07-10T09:21:02.8Z,32.77
2026-07-10T09:26:02.735Z,32.68
2026-07-10T09:31:02.877Z,32.89
2026-07-10T09:36:02.785Z,33.23
2026-07-10T09:41:02.777Z,33.29
2026-07-10T09:46:02.892Z,33.26
2026-07-10T09:51:02.741Z,33.29
2026-07-10T09:56:02.908Z,33.54
2026-07-10T10:01:02.732Z,33.63
2026-07-10T10:06:02.681Z,33.95
2026-07-10T10:11:02.543Z,34.38
2026-07-10T10:16:02.391Z,34.61
2026-07-10T10:21:03.694Z,34.55
2026-07-10T10:26:03.13Z,34.84
2026-07-10T10:31:02.598Z,34.9
2026-07-10T10:36:04.4Z,35.04
2026-07-10T10:41:03.244Z,35.19
2026-07-10T10:46:02.716Z,35.24
2026-07-10T10:51:05.605Z,35.42
2026-07-10T10:56:03.498Z,35.36
2026-07-10T11:01:03.172Z,35.45
2026-07-10T11:06:02.845Z,35.73
2026-07-10T11:11:03.832Z,35.91
2026-07-10T11:16:04.168Z,36.34
2026-07-10T11:21:02.973Z,36.42
2026-07-10T11:26:02.93Z,36.63
2026-07-10T11:31:05.074Z,37.0
2026-07-10T11:36:02.886Z,37.03
2026-07-10T11:41:02.708Z,37.17
2026-07-10T11:46:02.72Z,37.23
2026-07-10T11:51:02.961Z,37.46
2026-07-10T11:56:02.52Z,37.63
2026-07-10T12:01:02.706Z,37.75
2026-07-10T12:06:02.832Z,37.77
2026-07-10T12:11:02.698Z,37.8
2026-07-10T12:16:04.961Z,38.12
2026-07-10T12:21:03.072Z,38.29
2026-07-10T12:26:02.779Z,38.52
2026-07-10T12:31:06.021Z,38.82
2026-07-10T12:36:02.457Z,39.04
2026-07-10T12:41:03.612Z,38.98
2026-07-10T12:46:02.91Z,39.04
2026-07-10T12:51:04.219Z,39.01
2026-07-10T12:56:02.568Z,39.27
2026-07-10T13:01:04.154Z,39.36
2026-07-10T13:06:03.447Z,39.47
2026-07-10T13:11:02.849Z,39.62
2026-07-10T13:16:02.553Z,39.62
2026-07-10T13:21:02.813Z,39.56
2026-07-10T13:26:05.292Z,39.19
2026-07-10T13:31:02.683Z,39.07
2026-07-10T13:36:02.543Z,38.98
2026-07-10T13:41:02.387Z,39.07
2026-07-10T13:46:02.833Z,38.96
2026-07-10T13:51:04.648Z,39.1
2026-07-10T13:56:02.823Z,38.75
2026-07-10T14:01:02.573Z,38.78
2026-07-10T14:06:02.488Z,38.75
2026-07-10T14:11:02.598Z,38.87
2026-07-10T14:16:02.659Z,38.96
2026-07-10T14:21:02.667Z,38.93
2026-07-10T14:26:02.581Z,38.98
2026-07-10T14:31:02.847Z,39.04
2026-07-10T14:36:02.548Z,39.04
2026-07-10T14:41:02.664Z,38.96
2026-07-10T14:46:04.895Z,39.04
2026-07-10T14:51:02.44Z,39.22
2026-07-10T14:56:02.621Z,39.39
2026-07-10T15:01:02.676Z,39.27
2026-07-10T15:06:02.808Z,39.22
2026-07-10T15:11:03.99Z,39.16
2026-07-10T15:16:02.906Z,39.19
2026-07-10T15:21:02.654Z,39.22
2026-07-10T15:26:02.598Z,39.07
2026-07-10T15:31:02.684Z,38.93
2026-07-10T15:36:03.056Z,39.13
2026-07-10T15:41:02.47Z,39.13
2026-07-10T15:46:02.616Z,39.27
2026-07-10T15:51:06.342Z,38.96
2026-07-10T15:56:02.386Z,38.9
2026-07-10T16:01:02.482Z,38.96
2026-07-10T16:06:04.883Z,39.07
2026-07-10T16:11:04.352Z,39.16
2026-07-10T16:16:02.487Z,39.19
2026-07-10T16:21:03.761Z,39.31
2026-07-10T16:26:04.095Z,39.22
2026-07-10T16:31:06.501Z,39.24
2026-07-10T16:36:02.71Z,39.16
2026-07-10T16:41:02.584Z,39.19
2026-07-10T16:46:02.701Z,39.24
2026-07-10T16:51:02.392Z,39.36
2026-07-10T16:56:02.497Z,39.24
2026-07-10T17:01:03.167Z,39.24
2026-07-10T17:06:02.695Z,39.24
2026-07-10T17:11:03.398Z,39.07
2026-07-10T17:16:02.489Z,38.96
2026-07-10T17:21:02.7Z,38.75
2026-07-10T17:26:03.096Z,38.56
2026-07-10T17:31:03.419Z,38.47
2026-07-10T17:36:02.8Z,38.44
2026-07-10T17:41:03.683Z,38.35
2026-07-10T17:46:03.355Z,38.26
2026-07-10T17:51:02.567Z,38.01
2026-07-10T17:56:02.538Z,37.8
2026-07-10T18:01:02.431Z,37.72
2026-07-10T18:06:04.22Z,37.52
2026-07-10T18:11:02.781Z,37.26
2026-07-10T18:16:02.386Z,37.05
2026-07-10T18:21:02.761Z,36.83
2026-07-10T18:26:02.604Z,36.77
2026-07-10T18:31:02.375Z,36.57
2026-07-10T18:36:02.917Z,36.63
2026-07-10T18:41:03.208Z,36.45
2026-07-10T18:46:02.573Z,35.94
2026-07-10T18:51:03.048Z,35.07
2026-07-10T18:56:02.528Z,34.29
2026-07-10T19:01:02.42Z,33.63
2026-07-10T19:06:06.055Z,33.08
2026-07-10T19:11:02.616Z,32.59
2026-07-10T19:16:02.843Z,32.25
2026-07-10T19:21:02.703Z,31.79
2026-07-10T19:26:05.152Z,31.36
2026-07-10T19:31:02.654Z,30.96
2026-07-10T19:36:02.329Z,30.78
2026-07-10T19:41:02.56Z,30.52
2026-07-10T19:46:02.47Z,30.29
2026-07-10T19:51:02.816Z,30.12
2026-07-10T19:56:03.111Z,29.89
2026-07-10T20:01:03.023Z,29.75
2026-07-10T20:06:02.662Z,29.52
2026-07-10T20:11:04.728Z,29.4
2026-07-10T20:16:04.237Z,29.23
2026-07-10T20:21:02.697Z,29.14
2026-07-10T20:26:03.156Z,29.08
2026-07-10T20:31:02.827Z,28.91
2026-07-10T20:36:02.587Z,28.85
2026-07-10T20:41:04.273Z,28.74
2026-07-10T20:46:02.68Z,28.77
2026-07-10T20:51:02.452Z,28.62
2026-07-10T20:56:02.726Z,28.62
2026-07-10T21:01:02.737Z,28.54
2026-07-10T21:06:04.444Z,28.42
2026-07-10T21:11:02.669Z,28.36
2026-07-10T21:16:02.456Z,28.31
2026-07-10T21:21:02.64Z,28.39
2026-07-10T21:26:03.369Z,28.36
2026-07-10T21:31:02.429Z,28.31
2026-07-10T21:36:02.868Z,28.22
2026-07-10T21:41:02.335Z,28.16
2026-07-10T21:46:02.764Z,28.05
2026-07-10T21:51:02.769Z,27.97
2026-07-10T21:56:04.787Z,27.93
2026-07-10T22:01:02.479Z,27.85
2026-07-10T22:06:04.033Z,27.82
2026-07-10T22:11:02.758Z,27.71
2026-07-10T22:16:02.4Z,27.71
2026-07-10T22:21:04.022Z,27.67
2026-07-10T22:26:02.525Z,27.64
2026-07-10T22:31:02.644Z,27.62
2026-07-10T22:36:02.486Z,27.59
2026-07-10T22:41:02.701Z,27.56
2026-07-10T22:46:02.473Z,27.5
2026-07-10T22:51:02.943Z,27.48
2026-07-10T22:56:02.458Z,27.41
2026-07-10T23:01:04.046Z,27.36
2026-07-10T23:06:04.519Z,27.24
2026-07-10T23:11:02.593Z,27.22
2026-07-10T23:16:02.943Z,27.16
2026-07-10T23:21:03.182Z,27.24
2026-07-10T23:26:02.677Z,27.13
2026-07-10T23:31:02.677Z,27.16
2026-07-10T23:36:02.772Z,27.13
2026-07-10T23:41:04.31Z,27.07
2026-07-10T23:46:02.474Z,27.07
2026-07-10T23:51:03.041Z,27.01
2026-07-10T23:56:02.514Z,27.1
2026-07-11T00:01:03.295Z,27.16
2026-07-11T00:06:02.543Z,27.16
2026-07-11T00:11:03.385Z,27.18
2026-07-11T00:16:02.559Z,27.22
2026-07-11T00:21:03.553Z,27.16
2026-07-11T00:26:02.564Z,27.24
2026-07-11T00:31:02.31Z,27.16
2026-07-11T00:36:02.916Z,27.18
2026-07-11T00:41:03.859Z,27.1
2026-07-11T00:46:02.622Z,27.13
2026-07-11T00:51:02.366Z,27.01
2026-07-11T00:56:02.722Z,26.84
2026-07-11T01:01:02.923Z,26.81
2026-07-11T01:06:02.575Z,26.73
2026-07-11T01:11:03.96Z,26.73
2026-07-11T01:16:03.236Z,26.78
2026-07-11T01:21:04.947Z,26.76
2026-07-11T01:26:05.419Z,26.76
2026-07-11T01:31:03.951Z,26.76
2026-07-11T01:36:03.414Z,26.73
2026-07-11T01:41:02.665Z,26.61
2026-07-11T01:46:02.346Z,26.64
2026-07-11T01:51:03.402Z,26.58
2026-07-11T01:56:02.445Z,26.64
2026-07-11T02:01:02.468Z,26.64
2026-07-11T02:06:02.636Z,26.67
2026-07-11T02:11:03.17Z,26.64
2026-07-11T02:16:03.103Z,26.61
2026-07-11T02:21:02.853Z,26.58
2026-07-11T02:26:02.658Z,26.61
2026-07-11T02:31:02.968Z,26.52
2026-07-11T02:36:02.727Z,26.64
2026-07-11T02:41:02.67Z,26.58
2026-07-11T02:46:02.748Z,26.52
2026-07-11T02:51:02.669Z,26.5
2026-07-11T02:56:02.909Z,26.5
2026-07-11T03:01:03.435Z,26.52
2026-07-11T03:06:02.719Z,26.38
2026-07-11T03:11:02.501Z,26.24
2026-07-11T03:16:02.735Z,26.2
2026-07-11T03:21:04.762Z,26.15
2026-07-11T03:26:03.859Z,26.15
2026-07-11T03:31:03.455Z,26.2
2026-07-11T03:36:02.972Z,26.27
2026-07-11T03:41:02.647Z,26.27
2026-07-11T03:46:02.484Z,26.32
2026-07-11T03:51:03.271Z,26.27
2026-07-11T03:56:02.397Z,26.27
2026-07-11T04:01:02.692Z,26.24
2026-07-11T04:06:03.139Z,26.27
2026-07-11T04:11:03.6Z,26.29
2026-07-11T04:16:02.614Z,26.29
2026-07-11T04:21:02.432Z,26.24
2026-07-11T04:26:02.6Z,26.2
2026-07-11T04:31:02.448Z,26.2
2026-07-11T04:36:02.81Z,26.2
2026-07-11T04:41:02.628Z,26.18
2026-07-11T04:46:04.8Z,26.15
2026-07-11T04:51:02.678Z,26.12
2026-07-11T04:56:04.059Z,26.15
2026-07-11T05:01:02.609Z,26.18
2026-07-11T05:06:02.737Z,26.18
2026-07-11T05:11:03.087Z,26.18
2026-07-11T05:16:03.594Z,26.09
2026-07-11T05:21:02.748Z,26.2
2026-07-11T05:26:02.685Z,26.2
2026-07-11T05:31:02.5Z,26.2
2026-07-11T05:36:02.789Z,26.27
2026-07-11T05:41:03.82Z,26.2
2026-07-11T05:46:02.648Z,26.18
2026-07-11T05:51:02.766Z,26.15
2026-07-11T05:56:05.683Z,26.15
2026-07-11T06:01:02.514Z,26.18
2026-07-11T06:06:02.944Z,26.27
2026-07-11T06:11:04.537Z,26.32
2026-07-11T06:16:02.449Z,26.44
2026-07-11T06:21:02.685Z,26.52
2026-07-11T06:26:03.74Z,26.58
2026-07-11T06:31:02.951Z,26.61
2026-07-11T06:36:02.722Z,26.73
2026-07-11T06:41:02.702Z,26.64
2026-07-11T06:46:02.781Z,26.69
2026-07-11T06:51:02.641Z,26.76
2026-07-11T06:56:06.62Z,26.95
2026-07-11T07:01:02.381Z,27.04
2026-07-11T07:06:03.079Z,27.27
2026-07-11T07:11:04.951Z,27.59
2026-07-11T07:16:02.782Z,27.87
2026-07-11T07:21:03.059Z,28.25
2026-07-11T07:26:02.471Z,28.28
2026-07-11T07:31:06.11Z,28.45
2026-07-11T07:36:02.486Z,28.77
2026-07-11T07:41:02.983Z,29.03
2026-07-11T07:46:02.867Z,29.11
2026-07-11T07:51:04.502Z,29.2
2026-07-11T07:56:05.379Z,29.57
2026-07-11T08:01:03.819Z,29.6
2026-07-11T08:06:03.069Z,29.72
2026-07-11T08:11:02.924Z,29.52
2026-07-11T08:16:02.377Z,29.86
2026-07-11T08:21:05.279Z,30.09
2026-07-11T08:26:02.75Z,30.5
2026-07-11T08:31:02.611Z,30.84
2026-07-11T08:36:02.43Z,30.96
2026-07-11T08:41:02.615Z,31.1
2026-07-11T08:46:02.483Z,31.3
2026-07-11T08:51:02.601Z,31.39
2026-07-11T08:56:02.975Z,31.3
2026-07-11T09:01:02.631Z,31.42
2026-07-11T09:06:02.673Z,31.56
2026-07-11T09:11:02.892Z,31.62
2026-07-11T09:16:04.878Z,31.91
2026-07-11T09:21:02.782Z,32.08
2026-07-11T09:26:02.448Z,32.11
2026-07-11T09:31:08.787Z,31.85
2026-07-11T09:36:02.613Z,32.05
2026-07-11T09:41:02.515Z,31.68
2026-07-11T09:46:04.4Z,31.59
2026-07-11T09:51:02.515Z,31.85
2026-07-11T09:56:02.502Z,32.59
2026-07-11T10:01:05.56Z,32.85
2026-07-11T10:06:02.64Z,33.11
2026-07-11T10:11:02.474Z,33.29
2026-07-11T10:16:03.278Z,33.46
2026-07-11T10:21:02.468Z,33.26
2026-07-11T10:26:02.593Z,32.8
2026-07-11T10:31:02.689Z,33.37
2026-07-11T10:36:04.587Z,33.95
2026-07-11T10:41:02.542Z,34.15
2026-07-11T10:46:02.325Z,34.29
2026-07-11T10:51:03.465Z,34.32
2026-07-11T10:56:04.757Z,34.7
2026-07-11T11:01:06.012Z,34.81
2026-07-11T11:06:02.748Z,34.87
2026-07-11T11:11:02.917Z,35.01
2026-07-11T11:16:02.96Z,35.19
2026-07-11T11:21:03.344Z,35.24
2026-07-11T11:26:04.342Z,35.36
2026-07-11T11:31:03.211Z,35.33
2026-07-11T11:36:02.516Z,35.42
2026-07-11T11:41:03.004Z,35.62
2026-07-11T11:46:03.104Z,35.82
2026-07-11T11:51:02.727Z,35.5
2026-07-11T11:56:02.574Z,35.53
2026-07-11T12:01:04.606Z,35.53
2026-07-11T12:06:04.769Z,35.56
2026-07-11T12:11:02.427Z,35.59
2026-07-11T12:16:02.996Z,35.7
2026-07-11T12:21:03.661Z,35.7
2026-07-11T12:26:02.629Z,35.91
2026-07-11T12:31:02.664Z,35.85
2026-07-11T12:36:02.777Z,35.76
2026-07-11T12:41:02.96Z,35.88
2026-07-11T12:46:02.649Z,35.96
2026-07-11T12:51:02.428Z,36.02
2026-07-11T12:56:02.739Z,36.28
2026-07-11T13:01:02.902Z,36.17
2026-07-11T13:06:02.905Z,36.22
2026-07-11T13:11:02.439Z,36.11
2026-07-11T13:16:02.365Z,36.25
2026-07-11T13:21:02.716Z,36.14
2026-07-11T13:26:03.047Z,35.99
2026-07-11T13:31:03.078Z,35.82
2026-07-11T13:36:03.313Z,35.56
2026-07-11T13:41:04.813Z,35.13
2026-07-11T13:46:02.879Z,35.1
2026-07-11T13:51:04.899Z,35.47
2026-07-11T13:56:03.337Z,35.7
2026-07-11T14:01:03.429Z,35.7
2026-07-11T14:06:02.988Z,35.53
2026-07-11T14:11:02.479Z,35.36
2026-07-11T14:16:03.656Z,35.1
2026-07-11T14:21:02.848Z,35.3
2026-07-11T14:26:02.691Z,35.42
2026-07-11T14:31:02.642Z,35.33
2026-07-11T14:36:02.483Z,34.9
2026-07-11T14:41:03.182Z,34.81
2026-07-11T14:46:02.817Z,34.81
2026-07-11T14:51:04.85Z,34.78
2026-07-11T14:56:02.434Z,34.73
2026-07-11T15:01:04.056Z,34.75
2026-07-11T15:06:02.847Z,34.27
2026-07-11T15:11:02.812Z,34.06
2026-07-11T15:16:02.842Z,34.01
2026-07-11T15:21:03.326Z,33.95
2026-07-11T15:26:02.793Z,33.89
2026-07-11T15:31:03.521Z,33.72
2026-07-11T15:36:02.754Z,33.52
2026-07-11T15:41:02.499Z,33.29
2026-07-11T15:46:03.709Z,33.26
2026-07-11T15:51:02.602Z,33.17
2026-07-11T15:56:02.818Z,32.94
2026-07-11T16:01:02.712Z,32.85
2026-07-11T16:06:02.777Z,32.97
2026-07-11T16:11:05.928Z,33.0
2026-07-11T16:16:04.82Z,33.08
2026-07-11T16:21:02.774Z,32.85
2026-07-11T16:26:02.622Z,32.89
2026-07-11T16:31:03.622Z,32.71
2026-07-11T16:36:02.741Z,32.71
2026-07-11T16:41:02.721Z,32.62
2026-07-11T16:46:03.327Z,32.8
2026-07-11T16:51:02.736Z,32.82
2026-07-11T16:56:04.039Z,33.29
2026-07-11T17:01:02.943Z,33.37
2026-07-11T17:06:02.636Z,33.11
2026-07-11T17:11:02.666Z,32.94
2026-07-11T17:16:03.794Z,32.77
2026-07-11T17:21:03.031Z,32.57
2026-07-11T17:26:02.817Z,32.43
2026-07-11T17:31:02.745Z,32.28
2026-07-11T17:36:02.73Z,32.11
2026-07-11T17:41:02.45Z,32.08
2026-07-11T17:46:06.718Z,32.02
2026-07-11T17:51:02.928Z,31.91
2026-07-11T17:56:03.614Z,31.82
2026-07-11T18:01:02.704Z,31.76
2026-07-11T18:06:02.775Z,31.62
2026-07-11T18:11:02.33Z,31.45
2026-07-11T18:16:02.847Z,31.16
2026-07-11T18:21:02.518Z,30.93
2026-07-11T18:26:02.64Z,30.81
2026-07-11T18:31:02.492Z,30.64
2026-07-11T18:36:02.432Z,30.41
2026-07-11T18:41:02.638Z,30.38
2026-07-11T18:46:03.481Z,30.29
2026-07-11T18:51:02.695Z,30.15
2026-07-11T18:56:02.694Z,30.01
2026-07-11T19:01:02.829Z,29.86
2026-07-11T19:06:02.917Z,29.72
2026-07-11T19:11:02.746Z,29.57
2026-07-11T19:16:02.73Z,29.46
2026-07-11T19:21:05.403Z,29.37
2026-07-11T19:26:02.667Z,29.29
2026-07-11T19:31:03.011Z,29.23
2026-07-11T19:36:04.465Z,29.14
2026-07-11T19:41:02.626Z,29.14
2026-07-11T19:46:02.582Z,28.97
2026-07-11T19:51:03.993Z,28.91
2026-07-11T19:56:05.715Z,28.88
2026-07-11T20:01:02.454Z,28.94
2026-07-11T20:06:02.765Z,28.85
2026-07-11T20:11:04.475Z,28.85
2026-07-11T20:16:02.985Z,28.83
2026-07-11T20:21:02.518Z,28.74
2026-07-11T20:26:05.215Z,28.74
2026-07-11T20:31:02.746Z,28.65
2026-07-11T20:36:02.794Z,28.65
2026-07-11T20:41:03.008Z,28.68
2026-07-11T20:46:04.315Z,28.57
2026-07-11T20:51:02.753Z,28.42
2026-07-11T20:56:02.58Z,28.45
2026-07-11T21:01:04.269Z,28.42
2026-07-11T21:06:02.546Z,28.42
2026-07-11T21:11:02.976Z,28.31
2026-07-11T21:16:03.336Z,28.34
2026-07-11T21:21:02.839Z,28.28
2026-07-11T21:26:02.726Z,28.22
2026-07-11T21:31:03.257Z,28.22
2026-07-11T21:36:04.824Z,28.13
2026-07-11T21:41:02.479Z,28.11
2026-07-11T21:46:02.703Z,28.11
2026-07-11T21:51:02.652Z,28.11
2026-07-11T21:56:02.793Z,28.05
2026-07-11T22:01:02.73Z,28.05
2026-07-11T22:06:02.612Z,28.05
2026-07-11T22:11:04.383Z,27.97
2026-07-11T22:16:02.767Z,27.99
2026-07-11T22:21:02.951Z,27.97
2026-07-11T22:26:03.896Z,27.93
2026-07-11T22:31:02.659Z,27.9
2026-07-11T22:36:03.978Z,27.9
2026-07-11T22:41:02.772Z,27.87
2026-07-11T22:46:02.533Z,27.82
2026-07-11T22:51:02.871Z,27.82
2026-07-11T22:56:04.085Z,27.79
2026-07-11T23:01:02.763Z,27.82
2026-07-11T23:06:02.425Z,27.71
2026-07-11T23:11:02.661Z,27.62
2026-07-11T23:16:02.501Z,27.67
2026-07-11T23:21:02.688Z,27.62
2026-07-11T23:26:02.721Z,27.44
2026-07-11T23:31:02.85Z,27.39
2026-07-11T23:36:02.427Z,27.24
2026-07-11T23:41:06.489Z,27.27
2026-07-11T23:46:02.395Z,27.18
2026-07-11T23:51:02.74Z,27.27
2026-07-11T23:56:02.536Z,27.24
2026-07-12T00:01:02.626Z,27.24
2026-07-12T00:06:04.3Z,27.24
2026-07-12T00:11:02.823Z,27.27
2026-07-12T00:16:03.027Z,27.24
2026-07-12T00:21:02.822Z,27.27
2026-07-12T00:26:02.845Z,27.22
2026-07-12T00:31:02.778Z,27.22
2026-07-12T00:36:02.631Z,27.1
2026-07-12T00:41:04.654Z,27.1
2026-07-12T00:46:02.763Z,27.13
2026-07-12T00:51:02.737Z,27.04
2026-07-12T00:56:02.7Z,27.04
2026-07-12T01:01:02.835Z,26.95
2026-07-12T01:06:02.643Z,26.9
2026-07-12T01:11:02.345Z,26.87
2026-07-12T01:16:03.471Z,26.9
2026-07-12T01:21:02.534Z,26.84
2026-07-12T01:26:02.736Z,26.78
2026-07-12T01:31:02.421Z,26.73
2026-07-12T01:36:02.662Z,26.64
2026-07-12T01:41:02.514Z,26.55
2026-07-12T01:46:05.701Z,26.46
2026-07-12T01:51:04.876Z,26.44
2026-07-12T01:56:02.776Z,26.41
2026-07-12T02:01:04.973Z,26.24
2026-07-12T02:06:02.81Z,26.2
2026-07-12T02:11:02.826Z,26.18
2026-07-12T02:16:02.665Z,26.18
2026-07-12T02:21:02.908Z,26.15
2026-07-12T02:26:02.699Z,26.12
2026-07-12T02:31:04.686Z,26.12
2026-07-12T02:36:02.741Z,26.06
2026-07-12T02:41:02.664Z,26.09
2026-07-12T02:46:02.908Z,26.04
2026-07-12T02:51:02.739Z,26.06
2026-07-12T02:56:04.165Z,25.97
2026-07-12T03:01:02.728Z,26.06
2026-07-12T03:06:02.847Z,26.06
2026-07-12T03:11:02.516Z,26.04
2026-07-12T03:16:02.695Z,26.06
2026-07-12T03:21:02.389Z,26.06
2026-07-12T03:26:03.307Z,26.12
2026-07-12T03:31:02.615Z,26.15
2026-07-12T03:36:02.891Z,26.15
2026-07-12T03:41:02.403Z,26.15
2026-07-12T03:46:06.445Z,26.09
2026-07-12T03:51:05.017Z,26.04
2026-07-12T03:56:03.969Z,25.92
2026-07-12T04:01:03.377Z,25.78
2026-07-12T04:06:03.615Z,25.75
2026-07-12T04:11:08.698Z,25.72
2026-07-12T04:16:09.602Z,25.57
2026-07-12T04:21:11.118Z,25.49
2026-07-12T04:26:17.503Z,25.4
2026-07-12T04:31:16.236Z,25.4
2026-07-12T04:36:10.02Z,25.37
2026-07-12T04:41:38.813Z,25.29
2026-07-12T04:46:41.122Z,25.34
2026-07-12T04:58:45.281Z,25.34
2026-07-12T05:11:54.832Z,25.37
2026-07-12T05:15:11.441Z,25.4
2026-07-12T05:18:23.323Z,25.55
2026-07-12T05:21:35.716Z,25.6
2026-07-12T05:24:50.195Z,25.63
2026-07-12T05:28:07.142Z,25.72
2026-07-12T05:31:36.425Z,25.72
2026-07-12T05:33:59.853Z,25.89
2026-07-12T05:36:02.382Z,25.97
2026-07-12T05:41:02.73Z,26.09
2026-07-12T05:46:02.869Z,26.18
2026-07-12T05:51:04.12Z,26.29
2026-07-12T05:56:02.525Z,26.38
2026-07-12T06:01:03.097Z,26.46
2026-07-12T06:06:02.647Z,26.64
2026-07-12T06:11:02.6Z,26.87
2026-07-12T06:16:02.483Z,27.04
2026-07-12T06:21:02.791Z,27.24
2026-07-12T06:26:02.539Z,27.41
2026-07-12T06:31:02.779Z,27.59
2026-07-12T06:36:02.491Z,27.85
2026-07-12T06:41:02.704Z,27.99
2026-07-12T06:46:03.588Z,27.99
2026-07-12T06:51:02.595Z,27.85
2026-07-12T06:56:02.767Z,27.99
2026-07-12T07:01:03.398Z,28.28
2026-07-12T07:06:02.503Z,28.6
2026-07-12T07:11:03.031Z,28.8
2026-07-12T07:16:02.593Z,29.11
2026-07-12T07:21:02.92Z,29.34
2026-07-12T07:26:02.597Z,29.55
2026-07-12T07:31:03.318Z,29.63
2026-07-12T07:36:02.77Z,29.6
2026-07-12T07:41:02.72Z,29.57
2026-07-12T07:46:02.344Z,29.78
2026-07-12T07:51:05.143Z,29.98
2026-07-12T07:56:02.642Z,30.06
2026-07-12T08:01:07.204Z,30.35
2026-07-12T08:06:02.802Z,30.61
2026-07-12T08:11:02.801Z,30.47
2026-07-12T08:16:02.83Z,30.24
2026-07-12T08:21:02.547Z,30.24
2026-07-12T08:26:02.528Z,30.35
2026-07-12T08:31:02.503Z,30.47
2026-07-12T08:36:04.01Z,30.29
2026-07-12T08:41:05.055Z,30.32
2026-07-12T08:46:03.943Z,30.58
2026-07-12T08:51:02.752Z,30.99
2026-07-12T08:56:02.397Z,31.39
2026-07-12T09:01:07.072Z,31.94
2026-07-12T09:06:03.326Z,32.48
2026-07-12T09:11:03.144Z,32.66
2026-07-12T09:16:02.813Z,32.54
2026-07-12T09:21:02.801Z,32.34
2026-07-12T09:26:03.985Z,32.22
2026-07-12T09:31:02.812Z,31.87
2026-07-12T09:36:02.678Z,31.79
2026-07-12T09:41:02.709Z,31.85
2026-07-12T09:46:03.98Z,32.11
2026-07-12T09:51:02.454Z,32.68
2026-07-12T09:56:02.721Z,33.06
2026-07-12T10:01:02.795Z,32.91
2026-07-12T10:06:03.839Z,33.23
2026-07-12T10:11:02.778Z,33.46
2026-07-12T10:16:05.898Z,33.29
2026-07-12T10:21:03.077Z,33.49
2026-07-12T10:26:06.557Z,33.26
2026-07-12T10:31:03.464Z,33.17
2026-07-12T10:36:06.212Z,33.4
2026-07-12T10:41:02.76Z,33.11
2026-07-12T10:46:02.72Z,33.26
2026-07-12T10:51:02.539Z,33.63
2026-07-12T10:56:02.657Z,33.78
2026-07-12T11:01:03.926Z,34.03
2026-07-12T11:06:03.244Z,34.09
2026-07-12T11:11:03.521Z,34.35
2026-07-12T11:16:02.401Z,34.47
2026-07-12T11:21:03.189Z,34.67
2026-07-12T11:26:02.867Z,34.52
2026-07-12T11:31:02.782Z,34.96
2026-07-12T11:36:02.533Z,34.93
2026-07-12T11:41:02.46Z,34.87
2026-07-12T11:46:02.632Z,34.81
2026-07-12T11:51:02.748Z,35.01
2026-07-12T11:56:02.572Z,34.87
2026-07-12T12:01:04.446Z,34.7
2026-07-12T12:06:02.435Z,34.75
2026-07-12T12:11:02.827Z,35.16
2026-07-12T12:16:02.647Z,35.39
2026-07-12T12:21:02.614Z,35.07
2026-07-12T12:26:03.577Z,35.24
2026-07-12T12:31:03.857Z,35.47
2026-07-12T12:36:02.794Z,35.36
2026-07-12T12:41:02.812Z,35.3
2026-07-12T12:46:02.74Z,35.01
2026-07-12T12:51:02.81Z,34.96
2026-07-12T12:56:02.653Z,35.01
2026-07-12T13:01:02.518Z,35.19
2026-07-12T13:06:03.409Z,35.45
2026-07-12T13:11:02.592Z,35.76
2026-07-12T13:16:03.689Z,35.91
2026-07-12T13:21:03.208Z,35.7
2026-07-12T13:26:04.413Z,35.42
2026-07-12T13:31:02.54Z,35.59
2026-07-12T13:36:02.549Z,35.73
2026-07-12T13:41:02.84Z,35.79
2026-07-12T13:46:02.409Z,35.5
2026-07-12T13:51:02.672Z,35.19
2026-07-12T13:56:02.607Z,35.1
2026-07-12T14:01:02.478Z,35.04
2026-07-12T14:06:02.411Z,35.13
2026-07-12T14:11:02.701Z,34.96
2026-07-12T14:16:02.438Z,34.93
2026-07-12T14:21:03.123Z,34.75
2026-07-12T14:26:02.475Z,34.5
2026-07-12T14:31:03.525Z,34.78
2026-07-12T14:36:02.81Z,35.07
2026-07-12T14:41:02.571Z,35.19
2026-07-12T14:46:02.625Z,35.19
2026-07-12T14:51:02.813Z,35.01
2026-07-12T14:56:04.004Z,34.96
2026-07-12T15:01:02.529Z,34.67
2026-07-12T15:06:02.398Z,34.7
2026-07-12T15:11:02.764Z,34.81
2026-07-12T15:16:02.704Z,34.64
2026-07-12T15:21:02.871Z,34.81
2026-07-12T15:26:03.468Z,34.55
2026-07-12T15:31:02.804Z,34.58
2026-07-12T15:36:02.806Z,34.55
2026-07-12T15:41:04.442Z,34.78
2026-07-12T15:46:02.795Z,34.84
2026-07-12T15:51:02.528Z,34.61
2026-07-12T15:56:02.521Z,34.58
2026-07-12T16:01:07.335Z,34.58
2026-07-12T16:06:03.105Z,34.47
2026-07-12T16:11:02.91Z,34.38
2026-07-12T16:16:04.596Z,34.52
2026-07-12T16:21:03.113Z,34.44
2026-07-12T16:26:03.812Z,34.35
2026-07-12T16:31:03.044Z,34.09
2026-07-12T16:36:02.783Z,34.09
2026-07-12T16:41:03.988Z,33.92
2026-07-12T16:46:02.661Z,33.86
2026-07-12T16:51:02.428Z,33.72
2026-07-12T16:56:02.643Z,33.69
2026-07-12T17:01:02.83Z,33.63
2026-07-12T17:06:02.66Z,33.43
2026-07-12T17:11:03.891Z,33.29
2026-07-12T17:16:05.15Z,33.34
2026-07-12T17:21:02.533Z,33.08
2026-07-12T17:26:02.806Z,33.0
2026-07-12T17:31:02.829Z,32.94
2026-07-12T17:36:03.581Z,32.82
2026-07-12T17:41:05.369Z,32.59
2026-07-12T17:46:02.397Z,32.43
2026-07-12T17:51:02.62Z,32.36
2026-07-12T17:56:02.553Z,32.45
2026-07-12T18:01:02.567Z,32.34
2026-07-12T18:06:02.749Z,32.19
2026-07-12T18:11:02.996Z,31.96
2026-07-12T18:16:02.488Z,31.96
2026-07-12T18:21:02.838Z,31.99
2026-07-12T18:26:03.459Z,32.05
2026-07-12T18:31:04.348Z,32.02
2026-07-12T18:36:02.98Z,31.73
2026-07-12T18:41:02.554Z,31.64
2026-07-12T18:46:03.167Z,31.62
2026-07-12T18:51:02.884Z,31.42
2026-07-12T18:56:02.714Z,31.33
2026-07-12T19:01:03.021Z,31.24
2026-07-12T19:06:04.65Z,30.99
2026-07-12T19:11:03.298Z,30.93
2026-07-12T19:16:02.393Z,30.93
2026-07-12T19:21:02.599Z,30.81
2026-07-12T19:26:02.889Z,30.7
2026-07-12T19:31:03.449Z,30.52
2026-07-12T19:36:02.61Z,30.47
2026-07-12T19:41:02.371Z,30.38
2026-07-12T19:46:02.671Z,30.38
2026-07-12T19:51:02.471Z,30.44
2026-07-12T19:56:03.628Z,30.35
2026-07-12T20:01:02.626Z,30.21
2026-07-12T20:06:02.636Z,30.15
2026-07-12T20:11:02.77Z,30.12
2026-07-12T20:16:02.458Z,30.09
2026-07-12T20:21:02.702Z,30.01
2026-07-12T20:26:02.608Z,29.95
2026-07-12T20:31:05.369Z,29.92
2026-07-12T20:36:02.748Z,29.86
2026-07-12T20:41:02.469Z,29.78
2026-07-12T20:46:03.386Z,29.83
2026-07-12T20:51:02.476Z,29.72
2026-07-12T20:56:02.702Z,29.69
2026-07-12T21:01:02.528Z,29.66
2026-07-12T21:06:03.588Z,29.63
2026-07-12T21:11:02.845Z,29.57
2026-07-12T21:16:04.182Z,29.55
2026-07-12T21:21:03.128Z,29.49
2026-07-12T21:26:02.902Z,29.4
2026-07-12T21:31:02.751Z,29.4
2026-07-12T21:36:02.708Z,29.29
2026-07-12T21:41:02.541Z,29.26
2026-07-12T21:46:02.784Z,29.26
2026-07-12T21:51:02.639Z,29.29
2026-07-12T21:56:03.278Z,29.2
2026-07-12T22:01:03.161Z,29.2
2026-07-12T22:06:02.36Z,29.23
2026-07-12T22:11:03.608Z,29.11
2026-07-12T22:16:02.802Z,29.11
2026-07-12T22:21:02.389Z,29.03
2026-07-12T22:26:02.556Z,29.0
2026-07-12T22:31:04.856Z,29.03
2026-07-12T22:36:02.71Z,29.0
2026-07-12T22:41:02.668Z,28.94
2026-07-12T22:46:02.773Z,29.0
2026-07-12T22:51:02.589Z,28.85
2026-07-12T22:56:02.39Z,28.85
2026-07-12T23:01:02.775Z,28.71
2026-07-12T23:06:02.417Z,28.8
2026-07-12T23:11:02.62Z,28.68
2026-07-12T23:16:02.476Z,28.65
2026-07-12T23:21:02.617Z,28.62
2026-07-12T23:26:02.766Z,28.57
2026-07-12T23:31:02.771Z,28.42
2026-07-12T23:36:02.669Z,28.39
2026-07-12T23:41:02.85Z,28.36
2026-07-12T23:46:02.74Z,28.36
2026-07-12T23:51:02.693Z,28.45
2026-07-12T23:56:03.066Z,28.39
2026-07-13T00:01:02.612Z,28.34
2026-07-13T00:06:02.898Z,28.31
2026-07-13T00:11:04.937Z,28.28
2026-07-13T00:16:02.894Z,28.36
2026-07-13T00:21:02.742Z,28.25
2026-07-13T00:26:04.302Z,28.22
2026-07-13T00:31:02.906Z,28.13
2026-07-13T00:36:02.513Z,27.97
2026-07-13T00:41:02.8Z,27.9
2026-07-13T00:46:02.827Z,27.87
2026-07-13T00:51:02.53Z,27.93
2026-07-13T00:56:02.69Z,27.97
2026-07-13T01:01:02.979Z,27.9
2026-07-13T01:06:02.49Z,27.85
2026-07-13T01:11:03.143Z,27.76
2026-07-13T01:16:03.148Z,27.73
2026-07-13T01:21:02.683Z,27.67
2026-07-13T01:26:02.372Z,27.53
2026-07-13T01:31:03.644Z,27.53
2026-07-13T01:36:06.321Z,27.5
2026-07-13T01:41:03.674Z,27.44
2026-07-13T01:46:04.194Z,27.48
2026-07-13T01:51:03.049Z,27.39
2026-07-13T01:56:02.457Z,27.27
2026-07-13T02:01:03.465Z,27.27
2026-07-13T02:06:02.856Z,27.33
2026-07-13T02:11:02.442Z,27.24
2026-07-13T02:16:02.665Z,27.13
2026-07-13T02:21:02.481Z,27.1
2026-07-13T02:26:02.497Z,27.13
2026-07-13T02:31:02.682Z,27.04
2026-07-13T02:36:02.76Z,26.99
2026-07-13T02:41:03.153Z,27.01
2026-07-13T02:46:02.328Z,26.92
2026-07-13T02:51:02.457Z,27.01
2026-07-13T02:56:02.779Z,26.95
2026-07-13T03:01:02.674Z,26.9
2026-07-13T03:06:02.337Z,26.87
2026-07-13T03:11:02.575Z,26.95
2026-07-13T03:16:05.465Z,26.92
2026-07-13T03:21:02.382Z,26.9
2026-07-13T03:26:02.491Z,26.81
2026-07-13T03:31:03.316Z,26.76
2026-07-13T03:36:03.07Z,26.78
2026-07-13T03:41:03.165Z,26.69
2026-07-13T03:46:02.714Z,26.78
2026-07-13T03:51:02.44Z,26.81
2026-07-13T03:56:02.691Z,26.81
2026-07-13T04:01:04.261Z,26.84
2026-07-13T04:06:02.629Z,26.9
2026-07-13T04:11:02.584Z,26.9
2026-07-13T04:16:04.078Z,27.01
2026-07-13T04:21:03.984Z,27.16
2026-07-13T04:26:04.438Z,27.16
2026-07-13T04:31:02.615Z,27.27
2026-07-13T04:36:02.49Z,27.27
2026-07-13T04:41:04.145Z,27.39
2026-07-13T04:46:02.814Z,27.53
2026-07-13T04:51:02.742Z,27.64
2026-07-13T04:56:02.632Z,27.64
2026-07-13T05:01:02.831Z,27.67
2026-07-13T05:06:04.495Z,27.64
2026-07-13T05:11:02.55Z,27.67
2026-07-13T05:16:02.64Z,27.71
2026-07-13T05:21:02.58Z,27.67
2026-07-13T05:26:02.826Z,27.59
2026-07-13T05:31:02.636Z,27.56
2026-07-13T05:36:02.856Z,27.53
2026-07-13T05:41:02.64Z,27.56
2026-07-13T05:46:03.104Z,27.67
2026-07-13T05:51:05.651Z,27.73
2026-07-13T05:56:05.287Z,27.71
2026-07-13T06:01:06.671Z,27.9
2026-07-13T06:06:03.435Z,28.02
2026-07-13T06:11:04.029Z,28.13
2026-07-13T06:17:05.016Z,28.22
2026-07-13T06:23:10.827Z,28.31
2026-07-13T06:26:21.824Z,28.36
2026-07-13T06:31:02.48Z,28.51
2026-07-13T06:36:02.713Z,28.65
2026-07-13T06:41:02.639Z,28.71
2026-07-13T06:46:02.38Z,28.91
2026-07-13T06:51:02.785Z,29.11
2026-07-13T06:56:02.51Z,29.26
2026-07-13T07:01:03.506Z,29.37
2026-07-13T07:06:04.652Z,29.43
2026-07-13T07:11:03.777Z,29.57
2026-07-13T07:16:02.647Z,29.69
2026-07-13T07:21:04.476Z,29.8
2026-07-13T07:26:03.475Z,29.92
2026-07-13T07:31:04.146Z,30.18
2026-07-13T07:36:02.806Z,30.52
2026-07-13T07:41:02.665Z,30.78
2026-07-13T07:46:02.611Z,30.96
2026-07-13T07:51:02.688Z,31.01
2026-07-13T07:56:03.726Z,31.16
2026-07-13T08:01:03.314Z,31.04
2026-07-13T08:06:03.439Z,30.9
2026-07-13T08:11:03.116Z,30.75
2026-07-13T08:16:02.638Z,30.73
2026-07-13T08:21:03.904Z,31.01
2026-07-13T08:26:03.914Z,31.22
2026-07-13T08:31:03.947Z,30.96
2026-07-13T08:36:02.822Z,31.27
2026-07-13T08:41:02.741Z,31.73
2026-07-13T08:46:02.755Z,32.02
2026-07-13T08:51:02.454Z,32.57
2026-07-13T08:56:02.851Z,32.45
2026-07-13T09:01:02.72Z,32.85
2026-07-13T09:06:02.648Z,32.82
2026-07-13T09:11:02.842Z,32.74
2026-07-13T09:16:02.402Z,32.74
2026-07-13T09:21:07.141Z,32.82
2026-07-13T09:26:02.383Z,33.2
2026-07-13T09:31:02.925Z,32.94
2026-07-13T09:36:03.899Z,32.97
2026-07-13T09:41:02.538Z,33.4
2026-07-13T09:46:02.862Z,33.6
2026-07-13T09:51:03.592Z,33.83
2026-07-13T09:56:02.748Z,34.03
2026-07-13T10:01:02.454Z,34.15
2026-07-13T10:06:03.208Z,34.32
2026-07-13T10:11:02.706Z,34.35
2026-07-13T10:16:03.279Z,34.73
2026-07-13T10:21:03.203Z,34.93
2026-07-13T10:26:02.643Z,34.98
2026-07-13T10:31:02.752Z,34.87
2026-07-13T10:36:02.637Z,34.9
2026-07-13T10:41:03.032Z,34.81
2026-07-13T10:46:02.868Z,34.96
2026-07-13T10:51:03.189Z,35.1
2026-07-13T10:56:05.62Z,35.3
2026-07-13T11:01:06.517Z,35.56
2026-07-13T11:06:04.643Z,35.85
2026-07-13T11:11:02.882Z,36.08
2026-07-13T11:16:03.826Z,35.56
2026-07-13T11:21:03.336Z,35.5
2026-07-13T11:26:03.349Z,35.65
2026-07-13T11:31:02.583Z,35.68
2026-07-13T11:36:03.144Z,35.85
2026-07-13T11:41:02.759Z,35.85
2026-07-13T11:46:04.704Z,35.91
2026-07-13T11:51:02.744Z,36.05
2026-07-13T11:56:02.642Z,36.28
2026-07-13T12:01:04.054Z,36.45
2026-07-13T12:06:02.654Z,36.51
2026-07-13T12:11:03.358Z,36.77
2026-07-13T12:16:02.468Z,36.89
2026-07-13T12:21:04.903Z,37.0
2026-07-13T12:26:03.034Z,37.4
2026-07-13T12:31:02.527Z,37.77
2026-07-13T12:36:02.883Z,37.8
2026-07-13T12:41:02.942Z,37.77
2026-07-13T12:46:02.922Z,37.86
2026-07-13T12:51:03.472Z,37.54
2026-07-13T12:56:02.572Z,37.72
2026-07-13T13:01:02.467Z,37.75
2026-07-13T13:06:05.84Z,37.72
2026-07-13T13:11:03.885Z,37.77
2026-07-13T13:16:02.871Z,38.03
2026-07-13T13:21:04.634Z,37.89
2026-07-13T13:26:02.85Z,37.77
2026-07-13T13:31:04.305Z,37.61
2026-07-13T13:36:03.356Z,37.49
2026-07-13T13:41:05.998Z,37.66
2026-07-13T13:46:03.717Z,37.72
2026-07-13T13:51:02.86Z,37.95
2026-07-13T13:56:03.49Z,38.12
2026-07-13T14:01:02.862Z,37.95
2026-07-13T14:06:02.671Z,37.84
2026-07-13T14:11:02.53Z,37.86
2026-07-13T14:16:02.532Z,37.98
2026-07-13T14:21:04.653Z,37.98
2026-07-13T14:26:02.305Z,37.98
2026-07-13T14:31:02.739Z,38.01
2026-07-13T14:36:02.777Z,37.95
2026-07-13T14:41:02.547Z,38.03
2026-07-13T14:46:02.414Z,38.18
2026-07-13T14:51:02.421Z,37.69
2026-07-13T14:56:02.44Z,37.61
2026-07-13T15:01:02.898Z,37.58
2026-07-13T15:06:02.705Z,37.61
2026-07-13T15:11:02.455Z,37.66
2026-07-13T15:16:02.461Z,37.54
2026-07-13T15:21:03.308Z,37.75
2026-07-13T15:26:02.873Z,37.98
2026-07-13T15:31:02.747Z,37.8
2026-07-13T15:36:02.739Z,37.8
2026-07-13T15:41:02.426Z,37.77
2026-07-13T15:46:02.854Z,37.84
2026-07-13T15:51:03.981Z,37.77
2026-07-13T15:56:02.991Z,37.8
2026-07-13T16:01:06.701Z,37.77
2026-07-13T16:06:03.109Z,37.84
2026-07-13T16:11:03.624Z,37.46
2026-07-13T16:16:02.627Z,37.46
2026-07-13T16:21:04.118Z,37.72
2026-07-13T16:26:04.271Z,37.63
2026-07-13T16:31:02.664Z,37.58
2026-07-13T16:36:03.318Z,37.46
2026-07-13T16:41:02.73Z,37.17
2026-07-13T16:46:05.189Z,36.77
2026-07-13T16:51:02.698Z,36.86
2026-07-13T16:56:06.145Z,36.8
2026-07-13T17:01:02.91Z,36.74
2026-07-13T17:06:05.02Z,36.37
2026-07-13T17:11:04.736Z,36.19
2026-07-13T17:16:02.648Z,36.28
2026-07-13T17:21:02.747Z,36.05
2026-07-13T17:26:06.376Z,35.96
2026-07-13T17:31:02.537Z,35.94
2026-07-13T17:36:02.722Z,35.88
2026-07-13T17:41:07.26Z,35.76
2026-07-13T17:46:04.664Z,35.59
2026-07-13T17:51:02.552Z,35.27
2026-07-13T17:56:02.842Z,35.36
2026-07-13T18:01:03.546Z,35.19
2026-07-13T18:06:02.863Z,34.87
2026-07-13T18:11:02.713Z,34.75
2026-07-13T18:16:03.641Z,34.78
2026-07-13T18:21:02.442Z,34.5
2026-07-13T18:26:02.975Z,34.32
2026-07-13T18:31:02.778Z,34.27
2026-07-13T18:36:04.585Z,34.27
2026-07-13T18:41:03.462Z,34.12
2026-07-13T18:46:03.715Z,33.95
2026-07-13T18:51:04.536Z,33.89
2026-07-13T18:56:02.595Z,33.69
2026-07-13T19:01:03.155Z,33.43
2026-07-13T19:06:02.319Z,33.23
2026-07-13T19:11:02.609Z,33.08
2026-07-13T19:16:02.466Z,32.82
2026-07-13T19:21:02.643Z,32.66
2026-07-13T19:26:02.808Z,32.57
2026-07-13T19:31:02.693Z,32.36
2026-07-13T19:36:02.709Z,32.19
2026-07-13T19:41:03.399Z,32.11
2026-07-13T19:46:02.445Z,31.96
2026-07-13T19:51:02.923Z,31.73
2026-07-13T19:56:02.657Z,31.59
2026-07-13T20:01:02.933Z,31.39
2026-07-13T20:06:04.894Z,31.24
2026-07-13T20:11:07.413Z,31.13
2026-07-13T20:16:02.74Z,30.96
2026-07-13T20:21:04.45Z,30.78
2026-07-13T20:26:02.69Z,30.61
2026-07-13T20:31:02.413Z,30.5
2026-07-13T20:36:02.832Z,30.41
2026-07-13T20:41:03.286Z,30.41
2026-07-13T20:46:03.643Z,30.35
2026-07-13T20:51:02.906Z,30.29
2026-07-13T20:56:03.897Z,30.15
2026-07-13T21:01:03.402Z,30.04
2026-07-13T21:06:02.519Z,29.98
2026-07-13T21:11:02.665Z,29.83
2026-07-13T21:16:03.183Z,29.69
2026-07-13T21:21:02.726Z,29.46
2026-07-13T21:26:03.394Z,29.34
2026-07-13T21:31:02.795Z,29.2
2026-07-13T21:36:02.718Z,29.14
2026-07-13T21:41:02.496Z,29.0
2026-07-13T21:46:04.341Z,28.83
2026-07-13T21:51:02.542Z,28.74
2026-07-13T21:56:02.465Z,28.62
2026-07-13T22:01:03.046Z,28.57
2026-07-13T22:06:02.542Z,28.51
2026-07-13T22:11:02.687Z,28.42
2026-07-13T22:16:03.03Z,28.39
2026-07-13T22:21:02.687Z,28.39
2026-07-13T22:26:02.495Z,28.28
2026-07-13T22:31:02.682Z,28.31
2026-07-13T22:36:04.682Z,28.19
2026-07-13T22:41:03.323Z,28.13
2026-07-13T22:46:03.016Z,28.08
2026-07-13T22:51:02.348Z,28.05
2026-07-13T22:56:02.687Z,28.02
